{
    "title": "Pemilihan umum Bupati Nunukan 2024",
    "region": "Nunukan",
    "level": "KABUPATEN",
    "candidates": [
        {
            "name": "Hanafiah",
            "title": "Calon Bupati",
            "description": null,
            "profilePic": "",
            "communityID": "848a6c2d-03ac-441a-ba53-313ce1e000ab",
            "sites": null
        },
        {
            "name": "Andi Muhammad Akbar",
            "title": "Calon Bupati",
            "description": null,
            "profilePic": "",
            "communityID": "848a6c2d-03ac-441a-ba53-313ce1e000ab",
            "sites": null
        },
        {
            "name": "Andi Hamzah.",
            "title": "Calon Bupati",
            "description": null,
            "profilePic": "",
            "communityID": "848a6c2d-03ac-441a-ba53-313ce1e000ab",
            "sites": null
        },
        {
            "name": "Muhammad Nasir.",
            "title": "Calon Bupati",
            "description": null,
            "profilePic": "",
            "communityID": "848a6c2d-03ac-441a-ba53-313ce1e000ab",
            "sites": null
        },
        {
            "name": "Irwan Sabri",
            "title": "Calon Bupati",
            "description": "H. Irwan Sabri, S.E. (lahir 7 Desember 1988) adalah seorang politikus asal Indonesia yang pernah menduduki kursi sebagai salah satu pimpinan Dewan Perwakilan Rakyat Daerah Kabupaten Nunukan untuk masa jabatan 2019\u20132024. Pada September 2020, ia mengajukan pengunduran diri sebagai anggota legislatif dan mencalonkan diri sebagai calon Wakil Gubernur Kalimantan Utara memdampingi Irianto Lambrie. Alhasil, Irwan dikalahkan oleh pasangan calon Zainal Arifin Paliwang dan Yansen Tipa Padan.",
            "profilePic": "https://upload.wikimedia.org/wikipedia/commons/thumb/2/2a/Arrow_right_pictogram_01.png/5px-Arrow_right_pictogram_01.png",
            "communityID": "848a6c2d-03ac-441a-ba53-313ce1e000ab",
            "sites": {
                "name": "Wikipedia",
                "url": "https://id.wikipedia.org/wiki/Irwan_Sabri"
            }
        },
        {
            "name": "Danni Iskandar",
            "title": "Calon Bupati",
            "description": null,
            "profilePic": "",
            "communityID": "848a6c2d-03ac-441a-ba53-313ce1e000ab",
            "sites": null
        },
        {
            "name": "Burhanuddin",
            "title": "Calon Bupati",
            "description": "AKBP. Burhanuddin, S.H., S.I.K., M.H. (lahir 1 Juli 1980) adalah seorang perwira menengah Polri yang sejak 19 Desember 2023 mengemban amanat sebagai Wakapolres Metro Jakarta Timur.",
            "profilePic": "https://upload.wikimedia.org/wikipedia/commons/thumb/9/9f/Flag_of_Indonesia.svg/23px-Flag_of_Indonesia.svg.png",
            "communityID": "848a6c2d-03ac-441a-ba53-313ce1e000ab",
            "sites": {
                "name": "Wikipedia",
                "url": "https://id.wikipedia.org/wiki/Burhanuddin"
            }
        },
        {
            "name": "Kasman Karim",
            "title": "Calon Bupati",
            "description": null,
            "profilePic": "",
            "communityID": "848a6c2d-03ac-441a-ba53-313ce1e000ab",
            "sites": null
        },
        {
            "name": "Asni Hafid",
            "title": "Calon Bupati",
            "description": null,
            "profilePic": "",
            "communityID": "848a6c2d-03ac-441a-ba53-313ce1e000ab",
            "sites": null
        },
        {
            "name": "Basri.",
            "title": "Calon Bupati",
            "description": null,
            "profilePic": "",
            "communityID": "848a6c2d-03ac-441a-ba53-313ce1e000ab",
            "sites": null
        }
    ],
    "source": "https://id.wikipedia.org/wiki/Pemilihan_umum_Bupati_Nunukan_2024",
    "path": "kabupaten-nunukan"
}