{
    "title": "Pemilihan umum Bupati Samosir 2024",
    "region": "Samosir",
    "level": "KABUPATEN",
    "candidates": [
        {
            "name": "Vandiko Gultom",
            "title": "Calon Bupati",
            "description": "Vandiko Timotius Gultom, S.T. (lahir 16 Februari 1992) adalah seorang politikus muda yang menjabat sebagai Bupati Samosir sejak 26 April 2021. Ia terpilih sebagai Bupati Samosir Periode 2021-2024 melalui Pemilihan Umum Bupati Samosir 2020. Ia mengalahkan calon petahana Rapidin Simbolon dan calon independen Marhuale Simbolon.",
            "profilePic": "https://upload.wikimedia.org/wikipedia/commons/thumb/2/22/Vandiko_Gultom_2021.jpg/220px-Vandiko_Gultom_2021.jpg",
            "communityID": "2d414801-67b9-4fa9-a912-b6e0e2b27182",
            "sites": {
                "name": "Wikipedia",
                "url": "https://id.wikipedia.org/wiki/Vandiko_Gultom"
            }
        },
        {
            "name": "Rapidin Simbolon",
            "title": "Calon Bupati",
            "description": "Drs. Rapidin Simbolon, S.E., MM. (lahir 11 Oktober 1967) adalah seorang politisi partai PDI Perjuangan yang menjabat sebagai Ketua DPD Partai Demokrasi Indonesia Perjuangan Provinsi Sumatera Utara. Ia pernah menjabat sebagai Bupati Samosir dari tahun 2016 hingga 2021. Sebelum menjadi bupati, ia adalah Wakil Bupati Samosir dari tahun 2014 hingga 2015.",
            "profilePic": "https://upload.wikimedia.org/wikipedia/commons/thumb/e/e7/KPU_Rapidin_Simbolon.jpg/220px-KPU_Rapidin_Simbolon.jpg",
            "communityID": "2d414801-67b9-4fa9-a912-b6e0e2b27182",
            "sites": {
                "name": "Wikipedia",
                "url": "https://id.wikipedia.org/wiki/Rapidin_Simbolon"
            }
        },
        {
            "name": "Sorta Ertaty Siahaan",
            "title": "Calon Bupati",
            "description": null,
            "profilePic": "",
            "communityID": "2d414801-67b9-4fa9-a912-b6e0e2b27182",
            "sites": null
        },
        {
            "name": "Rismawati Simarmata",
            "title": "Calon Bupati",
            "description": null,
            "profilePic": "",
            "communityID": "2d414801-67b9-4fa9-a912-b6e0e2b27182",
            "sites": null
        },
        {
            "name": "Saut Martua Tamba",
            "title": "Calon Bupati",
            "description": null,
            "profilePic": "",
            "communityID": "2d414801-67b9-4fa9-a912-b6e0e2b27182",
            "sites": null
        },
        {
            "name": "Nasip Simbolon",
            "title": "Calon Bupati",
            "description": null,
            "profilePic": "",
            "communityID": "2d414801-67b9-4fa9-a912-b6e0e2b27182",
            "sites": null
        },
        {
            "name": "Mulana MP Samosir",
            "title": "Calon Bupati",
            "description": null,
            "profilePic": "",
            "communityID": "2d414801-67b9-4fa9-a912-b6e0e2b27182",
            "sites": null
        },
        {
            "name": "Wilmar Eliaser Simanjorang",
            "title": "Calon Bupati",
            "description": null,
            "profilePic": "https://upload.wikimedia.org/wikipedia/commons/thumb/a/a0/Fairytale_bookmark_silver.svg/20px-Fairytale_bookmark_silver.svg.png",
            "communityID": "2d414801-67b9-4fa9-a912-b6e0e2b27182",
            "sites": {
                "name": "Wikipedia",
                "url": "https://id.wikipedia.org/wiki/Wilmar_Eliaser_Simanjorang"
            }
        },
        {
            "name": "Effendi Simbolon",
            "title": "Calon Bupati",
            "description": "Dr. Effendi Muara Sakti Simbolon, M.I.Pol. (lahir 1 Desember 1964) adalah politikus Partai Demokrasi Indonesia Perjuangan (PDI-P) yang menjabat anggota Dewan Perwakilan Rakyat Republik Indonesia (DPR-RI) empat periode sejak 2004. Di DPR-RI sendiri, Effendi menjabat sebagai wakil ketua komisi VII yang fokus pada bidang permasalahan Energi Sumber Daya Mineral, Riset, Teknologi dan Lingkungan Hidup hingga 2013. Sejak 2019, ia merupakan anggota Komisi I DPR RI.",
            "profilePic": "https://upload.wikimedia.org/wikipedia/commons/thumb/7/72/Effendi_Simbolon_received_a_visit_from_the_French_Parliament_Delegation%2C_November_2018.jpg/220px-Effendi_Simbolon_received_a_visit_from_the_French_Parliament_Delegation%2C_November_2018.jpg",
            "communityID": "2d414801-67b9-4fa9-a912-b6e0e2b27182",
            "sites": {
                "name": "Wikipedia",
                "url": "https://id.wikipedia.org/wiki/Effendi_Simbolon"
            }
        }
    ],
    "source": "https://id.wikipedia.org/wiki/Pemilihan_umum_Bupati_Samosir_2024",
    "path": "kabupaten-samosir"
}