{
    "title": "Pemilihan umum Bupati Gayo Lues 2024",
    "region": "Gayo Lues",
    "level": "KABUPATEN",
    "path": "kabupaten-gayo-lues",
    "source": "https://id.wikipedia.org/wiki/Pemilihan_umum_Bupati_Gayo_Lues_2024",
    "communityID": "3494f114-a572-445a-bcfe-f6662f13e044",
    "candidates": [
        {
            "name": "Muhammad Amru",
            "description": "H. Muhammad Amru, M.S.P. (lahir 25 Mei 1965) adalah Bupati Gayo Lues periode 2017\u20142022.\n",
            "profilePic": "https://upload.wikimedia.org/wikipedia/commons/b/bc/Bupati_Gayo_Lues_Muhammad_Amru.png",
            "title": "Mantan Bupati Gayo Lues",
            "sites": {
                "name": "Wikipedia",
                "url": "https://id.wikipedia.org/wiki/Muhammad_Amru"
            },
            "communityID": "3494f114-a572-445a-bcfe-f6662f13e044"
        },
        {
            "name": "Said Sani",
            "description": "",
            "profilePic": "",
            "title": "Mantan Wakil Bupati Gayo Lues",
            "sites": {},
            "communityID": "3494f114-a572-445a-bcfe-f6662f13e044"
        },
        {
            "name": "Jafar (Ama Uwe)",
            "description": "",
            "profilePic": "",
            "title": "Ketua KPA/PA Gayo Lues",
            "sites": {},
            "communityID": "3494f114-a572-445a-bcfe-f6662f13e044"
        },
        {
            "name": "H. Idris Arlem",
            "description": "",
            "profilePic": "",
            "title": null,
            "sites": {},
            "communityID": "3494f114-a572-445a-bcfe-f6662f13e044"
        }
    ]
}