{
    "title": "Pemilihan umum Bupati Labuhanbatu 2024",
    "region": "Labuhanbatu",
    "level": "KABUPATEN",
    "path": "kabupaten-labuhanbatu",
    "source": "https://id.wikipedia.org/wiki/Pemilihan_umum_Bupati_Labuhanbatu_2024",
    "communityID": "02a4f69b-fc47-4d83-b9b2-e3d5ecb4c6f8",
    "candidates": [
        {
            "name": "Ellya Rosa Siregar",
            "description": "Hj. Ellya Rosa Siregar, S.Pd., M.M. (lahir 5 Desember 1959) adalah Wakil Bupati Labuhanbatu periode 2021\u20132024. Ia menjabat sejak 13 September 2021 setelah dilantik Gubernur Sumatera Utara, Edy Rahmayadi di Rumah Dinas Gubernur Sumatera Utara, Medan.[1]\n",
            "profilePic": "",
            "title": "Wakil Bupati Labuhanbatu",
            "sites": {
                "name": "Wikipedia",
                "url": "https://id.wikipedia.org/wiki/Ellya_Rosa_Siregar"
            },
            "communityID": "02a4f69b-fc47-4d83-b9b2-e3d5ecb4c6f8"
        },
        {
            "name": "Andi Suhaimi Dalimunthe",
            "description": "H. Andi Suhaimi Dalimunthe, S.T., M.T. (lahir 19 Mei 1972) adalah Mantan Bupati Labuhanbatu sejak 20 September 2019 hingga 31 Maret 2021. Andi Suhaimi pernah menjabat sebagai Wakil Bupati Labuhanbatu periode 2016\u20132018.[1]\n",
            "profilePic": "",
            "title": "Mantan Bupati Labuhanbatu",
            "sites": {
                "name": "Wikipedia",
                "url": "https://id.wikipedia.org/wiki/Andi_Suhaimi_Dalimunthe"
            },
            "communityID": "02a4f69b-fc47-4d83-b9b2-e3d5ecb4c6f8"
        },
        {
            "name": "Ari Wibowo",
            "description": "",
            "profilePic": "",
            "title": "Ketua Fraksi Gerindra DPRD Sumatera Utara",
            "sites": {},
            "communityID": "02a4f69b-fc47-4d83-b9b2-e3d5ecb4c6f8"
        },
        {
            "name": "Meika Riyanti Siregar",
            "description": "",
            "profilePic": "",
            "title": "Ketua DPRD Labuhanbatu",
            "sites": {},
            "communityID": "02a4f69b-fc47-4d83-b9b2-e3d5ecb4c6f8"
        },
        {
            "name": "Abdul Karim Hasibuan",
            "description": "",
            "profilePic": "",
            "title": "Wakil Ketua DPRD Labuhanbatu",
            "sites": {},
            "communityID": "02a4f69b-fc47-4d83-b9b2-e3d5ecb4c6f8"
        },
        {
            "name": "Ade Parlaungan Nasution",
            "description": "Assoc. Prof. Ade Parlaungan Nasution, SE, MS.i, Ph.D. (lahir 06 Agustus 1968) merupakan akademisi Indonesia yang saat ini menjabat sebagai Rektor Universitas Labuhanbatu periode 2019-2024.[1][2][3][4] Sebelum menjabat Rektor, beliau pernah menjabat sebagai Wakil Rektor I Bidang Akademik di Universitas Riau Kepulauan di Kota Batam.[5] Ade Parlaungan juga merupakan penerima penghargaan Anugerah Batam Madani dari Pemerintah Kota Batam sebagai Tokoh Pendidikan Kota Batam pada Puncak peringatan Hari Jadi Kota Batam ke-187 Tahun 2016.[6][7]\n",
            "profilePic": "https://upload.wikimedia.org/wikipedia/commons/f/fd/Adenasutionbatak.jpg",
            "title": "Rektor Universitas Labuhanbatu",
            "sites": {
                "name": "Wikipedia",
                "url": "https://id.wikipedia.org/wiki/Ade_Parlaungan_Nasution"
            },
            "communityID": "02a4f69b-fc47-4d83-b9b2-e3d5ecb4c6f8"
        },
        {
            "name": "Pemilihan umum Bupati Labuhanbatu 2020",
            "description": "Partai Demokrasi Indonesia Perjuangan\n",
            "profilePic": "https://upload.wikimedia.org/wikipedia/commons/thumb/5/5c/Lokasi_Sumatra_Utara_Kabupaten_Labuhanbatu.svg/1200px-Lokasi_Sumatra_Utara_Kabupaten_Labuhanbatu.svg.png",
            "title": "Mantan Plt. Kepala Dinas PMPTSP",
            "sites": {
                "name": "Wikipedia",
                "url": "https://id.wikipedia.org/wiki/Faisal_Amri_Siregar"
            },
            "communityID": "02a4f69b-fc47-4d83-b9b2-e3d5ecb4c6f8"
        },
        {
            "name": "Tigor Panusunan Siregar",
            "description": "dr. H. Tigor Panusunan Siregar, Sp.PD. (lahir 22 Oktober 1956) adalah bupati kabupaten Labuhanbatu yang menjabat pada periode 2010-2015\n",
            "profilePic": "https://upload.wikimedia.org/wikipedia/commons/thumb/7/74/Bupati_Labuhan_Batu.JPG/1200px-Bupati_Labuhan_Batu.JPG",
            "title": "Mantan Bupati Labuhanbatu",
            "sites": {
                "name": "Wikipedia",
                "url": "https://id.wikipedia.org/wiki/Tigor_Panusunan_Siregar"
            },
            "communityID": "02a4f69b-fc47-4d83-b9b2-e3d5ecb4c6f8"
        },
        {
            "name": "Pemilihan umum Bupati Labuhanbatu 2020",
            "description": "Partai Demokrasi Indonesia Perjuangan\n",
            "profilePic": "https://upload.wikimedia.org/wikipedia/commons/thumb/5/5c/Lokasi_Sumatra_Utara_Kabupaten_Labuhanbatu.svg/1200px-Lokasi_Sumatra_Utara_Kabupaten_Labuhanbatu.svg.png",
            "title": "Mantan Wakil Bupati Labuhanbatu",
            "sites": {
                "name": "Wikipedia",
                "url": "https://id.wikipedia.org/wiki/Suhari_Pane"
            },
            "communityID": "02a4f69b-fc47-4d83-b9b2-e3d5ecb4c6f8"
        },
        {
            "name": "Muniruddin S,Ag",
            "description": "",
            "profilePic": "",
            "title": "Ag",
            "sites": {},
            "communityID": "02a4f69b-fc47-4d83-b9b2-e3d5ecb4c6f8"
        },
        {
            "name": "Baikandi Ladomi Harahap",
            "description": "",
            "profilePic": "",
            "title": "Bakal Calon Gubernur",
            "sites": {},
            "communityID": "02a4f69b-fc47-4d83-b9b2-e3d5ecb4c6f8"
        }
    ]
}