{
    "title": "Pemilihan umum Bupati Nias Selatan 2024",
    "region": "Nias Selatan",
    "level": "KABUPATEN",
    "candidates": [
        {
            "name": "Idealisman Dachi",
            "title": "Calon Bupati",
            "description": "Idealisman Dachi (lahir 27 April 1972) adalah politikus Indonesia yang menjabat sebagai Bupati Nias Selatan periode 2011\u20132016.",
            "profilePic": "https://upload.wikimedia.org/wikipedia/commons/thumb/5/52/Acap.svg/36px-Acap.svg.png",
            "communityID": "9ba396d2-1e56-4b1b-9f42-b3d500457efc",
            "sites": {
                "name": "Wikipedia",
                "url": "https://id.wikipedia.org/wiki/Idealisman_Dachi"
            }
        },
        {
            "name": "Anton Anotona Zagoto",
            "title": "Calon Bupati",
            "description": null,
            "profilePic": "",
            "communityID": "9ba396d2-1e56-4b1b-9f42-b3d500457efc",
            "sites": null
        }
    ],
    "source": "https://id.wikipedia.org/wiki/Pemilihan_umum_Bupati_Nias_Selatan_2024",
    "path": "kabupaten-nias-selatan"
}