{
    "title": "Pemilihan umum Bupati Padang Lawas Utara 2024",
    "region": "Padang Lawas Utara",
    "level": "KABUPATEN",
    "candidates": [
        {
            "name": "Reski Basyah Harahap",
            "title": "Calon Bupati",
            "description": null,
            "profilePic": "",
            "communityID": "be1b91ec-05fc-442d-8595-d69b79166e5f",
            "sites": null
        },
        {
            "name": "Sunggul Lelo Siregar",
            "title": "Calon Bupati",
            "description": null,
            "profilePic": "",
            "communityID": "be1b91ec-05fc-442d-8595-d69b79166e5f",
            "sites": null
        },
        {
            "name": "Syahrul Harahap",
            "title": "Calon Bupati",
            "description": null,
            "profilePic": "",
            "communityID": "be1b91ec-05fc-442d-8595-d69b79166e5f",
            "sites": null
        },
        {
            "name": "Riskon Hasibuan",
            "title": "Calon Bupati",
            "description": null,
            "profilePic": "",
            "communityID": "be1b91ec-05fc-442d-8595-d69b79166e5f",
            "sites": null
        },
        {
            "name": "Marasamin Ritonga",
            "title": "Calon Bupati",
            "description": null,
            "profilePic": "",
            "communityID": "be1b91ec-05fc-442d-8595-d69b79166e5f",
            "sites": null
        },
        {
            "name": "Abdul Gafur Simanjuntak",
            "title": "Calon Bupati",
            "description": null,
            "profilePic": "",
            "communityID": "be1b91ec-05fc-442d-8595-d69b79166e5f",
            "sites": null
        },
        {
            "name": "Mukhlis Harahap",
            "title": "Calon Bupati",
            "description": null,
            "profilePic": "",
            "communityID": "be1b91ec-05fc-442d-8595-d69b79166e5f",
            "sites": null
        },
        {
            "name": "Abdullah Harahap.",
            "title": "Calon Bupati",
            "description": null,
            "profilePic": "",
            "communityID": "be1b91ec-05fc-442d-8595-d69b79166e5f",
            "sites": null
        },
        {
            "name": "Samsul Bahri Daulay",
            "title": "Calon Bupati",
            "description": null,
            "profilePic": "",
            "communityID": "be1b91ec-05fc-442d-8595-d69b79166e5f",
            "sites": null
        },
        {
            "name": "Hamsiruddin Siregar",
            "title": "Calon Bupati",
            "description": null,
            "profilePic": "",
            "communityID": "be1b91ec-05fc-442d-8595-d69b79166e5f",
            "sites": null
        },
        {
            "name": "Marwan Dasopang",
            "title": "Calon Bupati",
            "description": "Marwan Dasopang (lahir 12 Juni 1962) adalah Politikus Indonesia. Ia terpilih menjadi Anggota DPR-RI periode 2014-2019 mewakili daerah pemilihan Sumatera Utara II dari Partai Kebangkitan Bangsa dengan perolehan 59.657 suara. Ia menjabat di Komisi IX yang membidangi Ketenagakerjaan.",
            "profilePic": "https://upload.wikimedia.org/wikipedia/id/thumb/5/51/Marwan_Dasopang1333.webp/220px-Marwan_Dasopang1333.webp.png",
            "communityID": "be1b91ec-05fc-442d-8595-d69b79166e5f",
            "sites": {
                "name": "Wikipedia",
                "url": "https://id.wikipedia.org/wiki/Marwan_Dasopang"
            }
        },
        {
            "name": "Parlinsyah Harahap",
            "title": "Calon Bupati",
            "description": null,
            "profilePic": "",
            "communityID": "be1b91ec-05fc-442d-8595-d69b79166e5f",
            "sites": null
        },
        {
            "name": "Patikan Kan Harahap",
            "title": "Calon Bupati",
            "description": null,
            "profilePic": "",
            "communityID": "be1b91ec-05fc-442d-8595-d69b79166e5f",
            "sites": null
        }
    ],
    "source": "https://id.wikipedia.org/wiki/Pemilihan_umum_Bupati_Padang_Lawas_Utara_2024",
    "path": "kabupaten-padang-lawas-utara"
}