{
    "title": "Pemilihan umum Bupati Sambas 2024",
    "region": "Sambas",
    "level": "KABUPATEN",
    "path": "kabupaten-sambas",
    "source": "https://id.wikipedia.org/wiki/Pemilihan_umum_Bupati_Sambas_2024",
    "communityID": "b66c903d-b612-4a06-b39d-75ac2e07475a",
    "candidates": [
        {
            "name": "Satono (bupati)",
            "description": "H. Satono, S.Sos.I., M.H., (lahir 24 April 1980) adalah Bupati Sambas petahana yang menjabat sejak 14 Juni 2021.[1] Ia terpilih dalam Pilbup Sambas 2020 bersama Fahrur Rofi melalui Partai Gerindra dan PAN.[2] Satono-Rofi berhasil mengungguli tiga pasangan calon lainnya, termasuk petahana.[3][4] Satono merupakan bupati keturunan Tionghoa dan mualaf pertama yang memimpin Kabupaten Sambas.[5] Ayahnya bernama Thong Kim Kui. Sebelum menjadi bupati, Satono merupakan birokrat dengan jabatan terakhir sebagai Sekretaris BPBD Kabupaten Sambas.[6][7][8]\n",
            "profilePic": "https://upload.wikimedia.org/wikipedia/commons/6/6c/SATONO_2020.jpg",
            "title": "Bupati Sambas",
            "sites": {
                "name": "Wikipedia",
                "url": "https://id.wikipedia.org/wiki/Satono_(bupati)"
            },
            "communityID": "b66c903d-b612-4a06-b39d-75ac2e07475a"
        }
    ]
}