{
    "title": "Pemilihan umum Bupati Landak 2024",
    "region": "Landak",
    "level": "KABUPATEN",
    "candidates": [
        {
            "name": "Karolin Margret Natasa",
            "title": "Calon Bupati",
            "description": "dr. Karolin Margret Natasa (lahir 12 Maret 1982) adalah politikus Partai Demokrasi Indonesia Perjuangan, mantan anggota DPR RI periode 2009\u20132014 dan 2014\u20132019 dari daerah pemilihan Kalimantan Barat, mantan Bupati kabupaten Landak periode 2017\u20132022. Dia menjadi perempuan pertama yang menjabat sebagai Ketua Umum dalam organisasi Orang Muda Katolik.",
            "profilePic": "https://upload.wikimedia.org/wikipedia/commons/thumb/6/6d/Karolin_Margret_Natasa_bupati_landak.jpg/220px-Karolin_Margret_Natasa_bupati_landak.jpg",
            "communityID": "1346cfdd-0f51-467d-adee-d8d117752bff",
            "sites": {
                "name": "Wikipedia",
                "url": "https://id.wikipedia.org/wiki/Karolin_Margret_Natasa"
            }
        }
    ],
    "source": "https://id.wikipedia.org/wiki/Pemilihan_umum_Bupati_Landak_2024",
    "path": "kabupaten-landak"
}