{
    "title": "Pemilihan umum Bupati Karawang 2024",
    "region": "Karawang",
    "level": "KABUPATEN",
    "path": "kabupaten-karawang",
    "source": "https://id.wikipedia.org/wiki/Pemilihan_umum_Bupati_Karawang_2024",
    "communityID": "4769a045-bdb0-4556-9576-8f78b820316a",
    "candidates": [
        {
            "name": "Aep Syaepuloh",
            "description": "H. Aep Syaepuloh, S.E. (lahir 7 Oktober 1978) memiliki latar belakang sebagai pengusaha yang terjun ke dunia politik. Saat ini, dia menjabat sebagai Bupati Karawang sejak 4 Desember 2023 menggantikan Cellica Nurrachadiana yang mengundurkan diri dari jabatan Bupati Karawang. Sebelumnya, ia merupakan Wakil Bupati Karawang periode 2021\u20132023 bersama dr. Hj. Cellica Nurrachadiana dalam Pilbup Karawang 2020.\n",
            "profilePic": "https://upload.wikimedia.org/wikipedia/commons/0/03/Bupati_Karawang_Aep_Syaepuloh.jpg",
            "title": "Bupati Karawang sisa masa jabatan periode 2021\u20132024 pada tahun 2023\u20132024",
            "sites": {
                "name": "Wikipedia",
                "url": "https://id.wikipedia.org/wiki/Aep_Syaepuloh"
            },
            "communityID": "4769a045-bdb0-4556-9576-8f78b820316a"
        },
        {
            "name": "Sukur Mulyono",
            "description": "",
            "profilePic": "",
            "title": "Ketua DPD Partai Golkar Kabupaten Karawang",
            "sites": {},
            "communityID": "4769a045-bdb0-4556-9576-8f78b820316a"
        },
        {
            "name": "Fitri Meilinda",
            "description": "",
            "profilePic": "",
            "title": "Anggota DPRD Kabupaten Karawang",
            "sites": {},
            "communityID": "4769a045-bdb0-4556-9576-8f78b820316a"
        },
        {
            "name": "Ajang Sopandi",
            "description": "",
            "profilePic": "",
            "title": "Ketua DPC Gerindra Kabupaten Karawang",
            "sites": {},
            "communityID": "4769a045-bdb0-4556-9576-8f78b820316a"
        },
        {
            "name": "Gina Fadlia Swara",
            "description": "",
            "profilePic": "",
            "title": "Anggota DPRD Provinsi Jawa Barat",
            "sites": {},
            "communityID": "4769a045-bdb0-4556-9576-8f78b820316a"
        },
        {
            "name": "Pipik Taufik Ismail",
            "description": "",
            "profilePic": "",
            "title": "Ketua DPC PDIP Kabupaten Karawang",
            "sites": {},
            "communityID": "4769a045-bdb0-4556-9576-8f78b820316a"
        },
        {
            "name": "Budiwanto",
            "description": "",
            "profilePic": "",
            "title": "Ketua DPD PKS Kabupaten Karawang",
            "sites": {},
            "communityID": "4769a045-bdb0-4556-9576-8f78b820316a"
        },
        {
            "name": "Rahmat Hidayat Djati",
            "description": "Rahmat Hidayat Djati (lahir 7 April 1979), atau lebih dikenal dengan sapaan Kang Toleng adalah politikus kebangsaan Indonesia, Ketua Dewan Pimpinan Cabang (DPC) Partai Kebangkitan Bangsa (PKB) Karawang, Ketua Komisi 2 Dewan Perwakilan Rakyat Daerah (DPRD) Jawa Barat, dan Ketua Pemuda Panca Marga (PPM) Jawa Barat.\n",
            "profilePic": "https://upload.wikimedia.org/wikipedia/commons/d/d4/KPU_Rahmat_Hidayat_Djati.png",
            "title": "Ketua DPC PKB Kabupaten Karawang",
            "sites": {
                "name": "Wikipedia",
                "url": "https://id.wikipedia.org/wiki/Rahmat_Hidayat_Djati"
            },
            "communityID": "4769a045-bdb0-4556-9576-8f78b820316a"
        },
        {
            "name": "Muhamad Sayegi Dewa",
            "description": "",
            "profilePic": "",
            "title": "Ketua Umum DPP GMPI",
            "sites": {},
            "communityID": "4769a045-bdb0-4556-9576-8f78b820316a"
        }
    ]
}