{
    "title": "Pemilihan umum Bupati Sinjai 2024",
    "region": "Sinjai",
    "level": "KABUPATEN",
    "candidates": [
        {
            "name": "Andi Mahyanto Massarappi",
            "title": "Calon Bupati",
            "description": null,
            "profilePic": "",
            "communityID": "416972d4-91b0-4be8-a27d-65460ccc8b78",
            "sites": null
        },
        {
            "name": "Mizar Roem",
            "title": "Calon Bupati",
            "description": null,
            "profilePic": "",
            "communityID": "416972d4-91b0-4be8-a27d-65460ccc8b78",
            "sites": null
        },
        {
            "name": "Takyuddin Masse",
            "title": "Calon Bupati",
            "description": null,
            "profilePic": "",
            "communityID": "416972d4-91b0-4be8-a27d-65460ccc8b78",
            "sites": null
        },
        {
            "name": "Andi Kartini Ottong",
            "title": "Calon Bupati",
            "description": "Hj. Andi Kartini Ottong, S.P., M.Sp.  (lahir 20 Juli 1971) adalah Wakil ketua DPRD Sinjai periode 2009 - 2018 dan Wakil Bupati Sinjai Periode 2018-2023.",
            "profilePic": "https://upload.wikimedia.org/wikipedia/commons/thumb/a/aa/Andi_Kartini_Ottong_Wakil_Bupati_Sinjai.jpg/200px-Andi_Kartini_Ottong_Wakil_Bupati_Sinjai.jpg",
            "communityID": "416972d4-91b0-4be8-a27d-65460ccc8b78",
            "sites": {
                "name": "Wikipedia",
                "url": "https://id.wikipedia.org/wiki/Andi_Kartini_Ottong"
            }
        },
        {
            "name": "Andi Seto Gadhista Asapa",
            "title": "Calon Bupati",
            "description": "Andi Seto Gadhista Asapa, S.H., LL.M. (lahir 20 November 1983) di Kotamadya Ujung Pandang, Sulawesi Selatan, Indonesia adalah Bupati Kabupaten Sinjai periode 2018-2023.",
            "profilePic": "https://upload.wikimedia.org/wikipedia/commons/thumb/7/7f/Andi_Seto_Gadhista_Asapa_Bupati_Sinjai.jpg/220px-Andi_Seto_Gadhista_Asapa_Bupati_Sinjai.jpg",
            "communityID": "416972d4-91b0-4be8-a27d-65460ccc8b78",
            "sites": {
                "name": "Wikipedia",
                "url": "https://id.wikipedia.org/wiki/Andi_Seto_Gadhista_Asapa"
            }
        }
    ],
    "source": "https://id.wikipedia.org/wiki/Pemilihan_umum_Bupati_Sinjai_2024",
    "path": "kabupaten-sinjai"
}