{
    "title": "Pemilihan umum Bupati Konawe Selatan 2024",
    "region": "Konawe Selatan",
    "level": "KABUPATEN",
    "candidates": [
        {
            "name": "Rasyid",
            "title": "Calon Bupati",
            "description": "Rasyid adalah seorang politikus Indonesia. Pada Pemilihan umum Bupati Konawe Selatan 2020, ia terpilih menjadi Wakil Bupati Konawe Selatan mendampingi Surunuddin Dangga selaku Bupati Konawe Selatan. Ia tergabung dalam Partai Keadilan Sejahtera (PKS). Ia merupakan anggota Dewan Perwakilan Rakyat Daerah (DPRD) Provinsi Sulawesi Tenggara dari 2004 sampai 2024 dan berada di Komisi II PKS.",
            "profilePic": "https://upload.wikimedia.org/wikipedia/commons/thumb/c/c3/Wakil_Bupati_Kabupaten_Konawe_Selatan_Rasyid.png/220px-Wakil_Bupati_Kabupaten_Konawe_Selatan_Rasyid.png",
            "communityID": "0f68f0d3-22e2-46a9-9f5e-d4e790bcfcf5",
            "sites": {
                "name": "Wikipedia",
                "url": "https://id.wikipedia.org/wiki/Rasyid"
            }
        },
        {
            "name": "Muhammad Endang",
            "title": "Calon Bupati",
            "description": null,
            "profilePic": "",
            "communityID": "0f68f0d3-22e2-46a9-9f5e-d4e790bcfcf5",
            "sites": null
        },
        {
            "name": "Nurlin Surunuddin",
            "title": "Calon Bupati",
            "description": null,
            "profilePic": "",
            "communityID": "0f68f0d3-22e2-46a9-9f5e-d4e790bcfcf5",
            "sites": null
        },
        {
            "name": "Wahyu Ade Pratama Imran",
            "title": "Calon Bupati",
            "description": null,
            "profilePic": "",
            "communityID": "0f68f0d3-22e2-46a9-9f5e-d4e790bcfcf5",
            "sites": null
        },
        {
            "name": "Mahar Buburanda Imran",
            "title": "Calon Bupati",
            "description": null,
            "profilePic": "",
            "communityID": "0f68f0d3-22e2-46a9-9f5e-d4e790bcfcf5",
            "sites": null
        },
        {
            "name": "Leni Andriani",
            "title": "Calon Bupati",
            "description": null,
            "profilePic": "",
            "communityID": "0f68f0d3-22e2-46a9-9f5e-d4e790bcfcf5",
            "sites": null
        },
        {
            "name": "Irham Kalenggo",
            "title": "Calon Bupati",
            "description": null,
            "profilePic": "",
            "communityID": "0f68f0d3-22e2-46a9-9f5e-d4e790bcfcf5",
            "sites": null
        },
        {
            "name": "Nadira",
            "title": "Calon Bupati",
            "description": null,
            "profilePic": "",
            "communityID": "0f68f0d3-22e2-46a9-9f5e-d4e790bcfcf5",
            "sites": null
        },
        {
            "name": "Radhan Nur Alam",
            "title": "Calon Bupati",
            "description": null,
            "profilePic": "",
            "communityID": "0f68f0d3-22e2-46a9-9f5e-d4e790bcfcf5",
            "sites": null
        },
        {
            "name": "Adi Jaya Putra",
            "title": "Calon Bupati",
            "description": null,
            "profilePic": "",
            "communityID": "0f68f0d3-22e2-46a9-9f5e-d4e790bcfcf5",
            "sites": null
        },
        {
            "name": "Armal",
            "title": "Calon Bupati",
            "description": null,
            "profilePic": "",
            "communityID": "0f68f0d3-22e2-46a9-9f5e-d4e790bcfcf5",
            "sites": null
        }
    ],
    "source": "https://id.wikipedia.org/wiki/Pemilihan_umum_Bupati_Konawe_Selatan_2024",
    "path": "kabupaten-konawe-selatan"
}