{
    "title": "Pemilihan umum Bupati Nunukan 2024",
    "region": "Nunukan",
    "level": "KABUPATEN",
    "path": "kabupaten-nunukan",
    "source": "https://id.wikipedia.org/wiki/Pemilihan_umum_Bupati_Nunukan_2024",
    "communityID": "848a6c2d-03ac-441a-ba53-313ce1e000ab",
    "candidates": [
        {
            "name": "Hanafiah",
            "description": "",
            "profilePic": "",
            "title": "Wakil Bupati Nunukan",
            "sites": {},
            "communityID": "848a6c2d-03ac-441a-ba53-313ce1e000ab"
        },
        {
            "name": "Andi Muhammad Akbar",
            "description": "",
            "profilePic": "",
            "title": "Wakil Ketua II DPRD Kaltara",
            "sites": {},
            "communityID": "848a6c2d-03ac-441a-ba53-313ce1e000ab"
        },
        {
            "name": "Andi Hamzah.",
            "description": "",
            "profilePic": "",
            "title": "Wakil Ketua I DPRD Kaltara",
            "sites": {},
            "communityID": "848a6c2d-03ac-441a-ba53-313ce1e000ab"
        },
        {
            "name": "Muhammad Nasir.",
            "description": "",
            "profilePic": "",
            "title": "Anggota DPRD Kaltara",
            "sites": {},
            "communityID": "848a6c2d-03ac-441a-ba53-313ce1e000ab"
        },
        {
            "name": "Irwan Sabri",
            "description": "H. Irwan Sabri, S.E. (lahir 7 Desember 1988) adalah seorang politikus asal Indonesia yang pernah menduduki kursi sebagai salah satu pimpinan Dewan Perwakilan Rakyat Daerah Kabupaten Nunukan untuk masa jabatan 2019\u20132024.[2] Pada September 2020, ia mengajukan pengunduran diri sebagai anggota legislatif dan mencalonkan diri sebagai calon Wakil Gubernur Kalimantan Utara memdampingi Irianto Lambrie. Alhasil, Irwan dikalahkan oleh pasangan calon Zainal Arifin Paliwang dan Yansen Tipa Padan.[3]\n",
            "profilePic": "",
            "title": "Mantan Wakil Ketua I DPRD Nunukan",
            "sites": {
                "name": "Wikipedia",
                "url": "https://id.wikipedia.org/wiki/Irwan_Sabri"
            },
            "communityID": "848a6c2d-03ac-441a-ba53-313ce1e000ab"
        },
        {
            "name": "Danni Iskandar",
            "description": "",
            "profilePic": "",
            "title": "Anggota DPRD Nunukan",
            "sites": {},
            "communityID": "848a6c2d-03ac-441a-ba53-313ce1e000ab"
        },
        {
            "name": "Burhanuddin",
            "description": "AKBP. Burhanuddin, S.H., S.I.K., M.H. (lahir 1 Juli 1980) adalah seorang perwira menengah Polri yang sejak 19 Desember 2023 mengemban amanat sebagai Wakapolres Metro Jakarta Timur.\n",
            "profilePic": "",
            "title": "Wakil Ketua III DPRD Nunukan",
            "sites": {
                "name": "Wikipedia",
                "url": "https://id.wikipedia.org/wiki/Burhanuddin"
            },
            "communityID": "848a6c2d-03ac-441a-ba53-313ce1e000ab"
        },
        {
            "name": "Kasman Karim",
            "description": "",
            "profilePic": "",
            "title": "Kader PKS",
            "sites": {},
            "communityID": "848a6c2d-03ac-441a-ba53-313ce1e000ab"
        },
        {
            "name": "Asni Hafid",
            "description": "",
            "profilePic": "",
            "title": "Anggota DPD RI",
            "sites": {},
            "communityID": "848a6c2d-03ac-441a-ba53-313ce1e000ab"
        },
        {
            "name": "Basri.",
            "description": "",
            "profilePic": "",
            "title": "Ketua DPD PAN Nunukan",
            "sites": {},
            "communityID": "848a6c2d-03ac-441a-ba53-313ce1e000ab"
        }
    ]
}