{
    "title": "Pemilihan umum Bupati Maluku Tengah 2024",
    "region": "Maluku Tengah",
    "level": "KABUPATEN",
    "candidates": [
        {
            "name": "Imanuel Seipalla",
            "title": "Calon Bupati",
            "description": null,
            "profilePic": "",
            "communityID": "b80c436b-04a6-49ca-9db5-12613b53702d",
            "sites": null
        },
        {
            "name": "Marlatu Laurence Leleury",
            "title": "Calon Bupati",
            "description": null,
            "profilePic": "",
            "communityID": "b80c436b-04a6-49ca-9db5-12613b53702d",
            "sites": null
        },
        {
            "name": "Jusuf Latuconsina",
            "title": "Calon Bupati",
            "description": null,
            "profilePic": "",
            "communityID": "b80c436b-04a6-49ca-9db5-12613b53702d",
            "sites": null
        },
        {
            "name": "Hamzah Sangadji",
            "title": "Calon Bupati",
            "description": null,
            "profilePic": "",
            "communityID": "b80c436b-04a6-49ca-9db5-12613b53702d",
            "sites": null
        },
        {
            "name": "Mozes Rudi Frans Timisela",
            "title": "Calon Bupati",
            "description": null,
            "profilePic": "",
            "communityID": "b80c436b-04a6-49ca-9db5-12613b53702d",
            "sites": null
        },
        {
            "name": "Lucky Wattimury",
            "title": "Calon Bupati",
            "description": "Lucky Wattimury (lahir 21 Juli 1960) adalah politikus PDI Perjuangan yang berasal dari Maluku. Ia menjabat sebagai Ketua DPRD Maluku sejak 25 Oktober 2019. Lucky berhasil menjadi anggota DPRD Maluku pada Pemilu 2019 setelah berhasil mengumpulkan 6.650 suara di Daerah Pemilihan (Dapil) Maluku 1 yang meliputi Kota Ambon.",
            "profilePic": "https://upload.wikimedia.org/wikipedia/commons/thumb/7/76/KPU_Lucky_Wattimury.jpg/180px-KPU_Lucky_Wattimury.jpg",
            "communityID": "b80c436b-04a6-49ca-9db5-12613b53702d",
            "sites": {
                "name": "Wikipedia",
                "url": "https://id.wikipedia.org/wiki/Lucky_Wattimury"
            }
        }
    ],
    "source": "https://id.wikipedia.org/wiki/Pemilihan_umum_Bupati_Maluku_Tengah_2024",
    "path": "kabupaten-maluku-tengah"
}