{
    "title": "Pemilihan umum Bupati Pelalawan 2024",
    "region": "Pelalawan",
    "level": "KABUPATEN",
    "candidates": [
        {
            "name": "Zukri Misran",
            "title": "Calon Bupati",
            "description": "H. Zukri (lahir 3 April 1979) adalah seorang politikus dan mantan Wakil Ketua Dewan Perwakilan Rakyat Daerah Provinsi Riau periode 2019-2020 yang sekarang menjabat sebagai Bupati Pelalawan periode 2021-2024. Ia maju sebagai calon bupati Kabupaten Pelalawan diusung oleh partai PDIP,PKB dan Partai Persatuan Pembangunan. Sebelum menjadi Wakil Ketua DPRD, ia terpilih sebagai anggota DPRD Provinsi Riau selama 3 periode yaitu 2009-2014-2019 melalui Partai Demokrasi Indonesia Perjuangan. Ia juga dipercaya oleh Megawati Soekarnoputri untuk  memimpin DPD Partai Demokrasi Indonesia Perjuangan (PDIP) Provinsi Riau. Pada tanggal 26 April 2021 Gubernur Riau Syamsuar melantik Zukri-Nasar sebagai Bupati & Wakil Bupati Kabupaten Pelalawan periode 2021-2024 di Balai Pelangi Kediaman Gubernur Riau. ia menikahi Sella Pitaloka yang Merupakan Dara Pelalawan Tahun 2012.",
            "profilePic": "https://upload.wikimedia.org/wikipedia/commons/thumb/c/cd/H._Zukri%2C_Bupati_Pelalawan.jpg/220px-H._Zukri%2C_Bupati_Pelalawan.jpg",
            "communityID": "f5f11f68-85bf-47f0-afc9-df4a07edfea8",
            "sites": {
                "name": "Wikipedia",
                "url": "https://id.wikipedia.org/wiki/Zukri_Misran"
            }
        },
        {
            "name": "H. Nasarudin",
            "title": "Calon Bupati",
            "description": null,
            "profilePic": "",
            "communityID": "f5f11f68-85bf-47f0-afc9-df4a07edfea8",
            "sites": null
        },
        {
            "name": "Adi Sukemi",
            "title": "Calon Bupati",
            "description": "Adi Sukemi, S.T., M.M. (lahir 24 Mei 1977) adalah politisi Partai Golkar yang sempat menjabat sebagai Ketua DPRD Kabupaten Pelalawan sejak 23 September 2019 sampai akhirnya mengundurkan diri pada 5 Oktober 2020 dikarenakan maju dalam Pilkada Pelalawan 2020.",
            "profilePic": "https://upload.wikimedia.org/wikipedia/commons/thumb/7/71/KPU_Adi_Sukemi.jpg/220px-KPU_Adi_Sukemi.jpg",
            "communityID": "f5f11f68-85bf-47f0-afc9-df4a07edfea8",
            "sites": {
                "name": "Wikipedia",
                "url": "https://id.wikipedia.org/wiki/Adi_Sukemi"
            }
        },
        {
            "name": "Baharudin",
            "title": "Calon Bupati",
            "description": null,
            "profilePic": "",
            "communityID": "f5f11f68-85bf-47f0-afc9-df4a07edfea8",
            "sites": null
        },
        {
            "name": "Indra Kampe",
            "title": "Calon Bupati",
            "description": null,
            "profilePic": "",
            "communityID": "f5f11f68-85bf-47f0-afc9-df4a07edfea8",
            "sites": null
        },
        {
            "name": "H. Ramli",
            "title": "Calon Bupati",
            "description": null,
            "profilePic": "",
            "communityID": "f5f11f68-85bf-47f0-afc9-df4a07edfea8",
            "sites": null
        }
    ],
    "source": "https://id.wikipedia.org/wiki/Pemilihan_umum_Bupati_Pelalawan_2024",
    "path": "kabupaten-pelalawan"
}