{
    "title": "Pemilihan umum Bupati Gorontalo Utara 2024",
    "region": "Gorontalo Utara",
    "level": "KABUPATEN",
    "path": "kabupaten-gorontalo-utara",
    "source": "https://id.wikipedia.org/wiki/Pemilihan_umum_Bupati_Gorontalo_Utara_2024",
    "communityID": "ba27516d-c9ea-4e43-9591-01ee6c3e85ad",
    "candidates": [
        {
            "name": "Thariq Modanggu",
            "description": "Thariq Modanggu, S.Ag., M.PdI. (lahir 17 Desember 1970) adalah Bupati Gorontalo Utara Definitif  sisa masa jabatan 2022\u20132023. Thariq Modanggu diangkat sebagai Bupati[1] Gorontalo Utara dan diberhentikan dengan hormat sebagai Wakil Bupati melalui Surat Keputusan Menteri Dalam Negeri Nomor 131.75-1343 Tahun 2022. Ia menggantikan Bupati Indra Yasin yang wafat pada 3 Maret 2022 lalu. Sebelumnya, ia menjabat sebagai Wakil Bupati Gorontalo Utara. Ia ditetapkan sebagai wakil bupati terpilih untuk masa jabatan 2018\u20132023 mendampingi Indra Yasin. Pasangan ini didukung oleh Partai Keadilan Sejahtera, Partai Demokrasi Indonesia Perjuangan Indonesia, Partai Persatuan Pembangunan, Partai Amanat Nasional, dan Partai Nasional Demokrat. Sebelum menjadi Wakil Bupati, pria yang akrab dipanggil \"Oki\" ini memiliki karier sebagai seorang aktifis, penulis merangkap dosen di IAIN Sultan Amai Gorontalo. Ia dan Indra Yasin dilantik pada 6 Desember 2018 oleh Gubernur Gorontalo Rusli Habibie.[2]\n",
            "profilePic": "https://upload.wikimedia.org/wikipedia/commons/d/d5/Thariq_Modanggu.jpg",
            "title": "Bupati Gorontalo Utara sisa masa jabatan periode 2018\u20132023 pada tahun 2022\u20132023",
            "sites": {
                "name": "Wikipedia",
                "url": "https://id.wikipedia.org/wiki/Thariq_Modanggu"
            },
            "communityID": "ba27516d-c9ea-4e43-9591-01ee6c3e85ad"
        },
        {
            "name": "Ridwan Riko Arbie",
            "description": "",
            "profilePic": "",
            "title": "Anggota DPRD Kabupaten Gorontalo Utara",
            "sites": {},
            "communityID": "ba27516d-c9ea-4e43-9591-01ee6c3e85ad"
        },
        {
            "name": "Zulfikar Usira",
            "description": "",
            "profilePic": "",
            "title": "Pengusaha",
            "sites": {},
            "communityID": "ba27516d-c9ea-4e43-9591-01ee6c3e85ad"
        },
        {
            "name": "Muhammad Nasir Majid",
            "description": "Muhammad Nasir Majid, S.Ip., M. H. atau Nasir adalah Anggota DPRD Provinsi Gorontalo[1] periode 2019-2024 dari Partai Gerakan Indonesia Raya[2]dari daerah Pemilihan Kabupaten Gorontalo Utara[3]\n",
            "profilePic": "https://upload.wikimedia.org/wikipedia/commons/thumb/5/51/Nasirmajid.jpg/1200px-Nasirmajid.jpg",
            "title": "Anggota DPRD Provinsi Gorontalo",
            "sites": {
                "name": "Wikipedia",
                "url": "https://id.wikipedia.org/wiki/Nasir_majid"
            },
            "communityID": "ba27516d-c9ea-4e43-9591-01ee6c3e85ad"
        },
        {
            "name": "Rina Polapa",
            "description": "",
            "profilePic": "",
            "title": "Anggota DPRD Kabupaten Gorontalo Utara",
            "sites": {},
            "communityID": "ba27516d-c9ea-4e43-9591-01ee6c3e85ad"
        },
        {
            "name": "Ridwan Yasin",
            "description": "",
            "profilePic": "",
            "title": "Mantan Sekretaris Daerah Kabupaten Gorontalo Utara",
            "sites": {},
            "communityID": "ba27516d-c9ea-4e43-9591-01ee6c3e85ad"
        }
    ]
}