{
    "title": "Pemilihan umum Bupati Sumenep 2024",
    "region": "Sumenep",
    "level": "KABUPATEN",
    "candidates": [
        {
            "name": "Achmad Fauzi",
            "title": "Calon Bupati",
            "description": "Achmad Fauzi, S.H., M.H. (lahir 21 Mei 1979) adalah Bupati Sumenep periode 2021-2024 dan merupakan politisi PDI Perjuangan. Fauzi juga menjabat sebagai Ketua DPC PDI Perjuangan Kabupaten Sumenep periode 2019-2024.",
            "profilePic": "https://upload.wikimedia.org/wikipedia/commons/thumb/9/9d/Bupati_Sumenep_Achmad_Fauzi.jpg/220px-Bupati_Sumenep_Achmad_Fauzi.jpg",
            "communityID": "05fc87bd-49af-45b3-9a66-d5d237fd58fe",
            "sites": {
                "name": "Wikipedia",
                "url": "https://id.wikipedia.org/wiki/Achmad_Fauzi_(politisi)"
            }
        },
        {
            "name": "Raden Bagus Fattah Jasin",
            "title": "Calon Bupati",
            "description": "Dr. Ir. Raden Bagus Fattah Jasin M.S (lahir di Sumenep, Jawa Timur, 25 April 1962; umur 58 tahun) adalah Wakil Bupati Pamekasan, Sebelumnya menjabat Kepala Bakorwil Pamekasan selama 9 bulan (Des 2019 - purna tugas per September 2020) yang sebelumnya menjabat sebagai Kepala Dinas Perhubungan Provinsi Jawa Timur selama 10 bulan (Feb 2019 - Des 2019) pada kepemimpinan Khofifah Indar Parawansa.",
            "profilePic": "https://upload.wikimedia.org/wikipedia/commons/thumb/7/70/Fattah_Jasin.jpg/220px-Fattah_Jasin.jpg",
            "communityID": "05fc87bd-49af-45b3-9a66-d5d237fd58fe",
            "sites": {
                "name": "Wikipedia",
                "url": "https://id.wikipedia.org/wiki/Fattah_Jasin"
            }
        },
        {
            "name": "Dewi Khalifah",
            "title": "Calon Bupati",
            "description": "Dewi Khalifah atau Nyi Eva (lahir 30 Maret 1971) adalah seorang politikus Indonesia. Ia menjabat selaku Wakil Bupati Sumenep periode 2021-2024. Ia juga menjabat sebagai Ketua Muslimat Nahdlatul Ulama (NU) Kabupaten Sumenep dan pengasuh Pondok Pesantren Aqidah Usmuni.",
            "profilePic": "https://upload.wikimedia.org/wikipedia/commons/thumb/d/dc/Wakil_Bupati_Sumenep_Dewi_Khalifah.jpg/220px-Wakil_Bupati_Sumenep_Dewi_Khalifah.jpg",
            "communityID": "05fc87bd-49af-45b3-9a66-d5d237fd58fe",
            "sites": {
                "name": "Wikipedia",
                "url": "https://id.wikipedia.org/wiki/Dewi_Khalifah"
            }
        },
        {
            "name": "Edi Humaidi",
            "title": "Calon Bupati",
            "description": null,
            "profilePic": "",
            "communityID": "05fc87bd-49af-45b3-9a66-d5d237fd58fe",
            "sites": null
        },
        {
            "name": "Nur Fitriana Busyro",
            "title": "Calon Bupati",
            "description": null,
            "profilePic": "",
            "communityID": "05fc87bd-49af-45b3-9a66-d5d237fd58fe",
            "sites": null
        },
        {
            "name": "Caesar Putra Said Abdullah",
            "title": "Calon Bupati",
            "description": null,
            "profilePic": "",
            "communityID": "05fc87bd-49af-45b3-9a66-d5d237fd58fe",
            "sites": null
        },
        {
            "name": "Edy Rasyadi",
            "title": "Calon Bupati",
            "description": null,
            "profilePic": "",
            "communityID": "05fc87bd-49af-45b3-9a66-d5d237fd58fe",
            "sites": null
        },
        {
            "name": "KH. Mohammad Shalahuddin A Warist",
            "title": "Calon Bupati",
            "description": null,
            "profilePic": "",
            "communityID": "05fc87bd-49af-45b3-9a66-d5d237fd58fe",
            "sites": null
        },
        {
            "name": "Ilyasi Siraj",
            "title": "Calon Bupati",
            "description": null,
            "profilePic": "",
            "communityID": "05fc87bd-49af-45b3-9a66-d5d237fd58fe",
            "sites": null
        },
        {
            "name": "Nia Kurnia Fauzi",
            "title": "Calon Bupati",
            "description": null,
            "profilePic": "",
            "communityID": "05fc87bd-49af-45b3-9a66-d5d237fd58fe",
            "sites": null
        },
        {
            "name": "KH. Unais Ali Hisyam",
            "title": "Calon Bupati",
            "description": "Muhammad Unais Ali Hisyam (lahir 14 Desember 1973) adalah seorang politikus Indonesia. Berawal dari sebuah tawaran dari salah satu tokoh nadhliyin untuk menjadi anggota DPRD, pada tahun 1999, ia akhirnya mendaftarkan diri sebagai anggota DPRD  dan tanpa diduga terpilih sekaligus ditunjuk menjadi Ketua Komisi E DPRD Kabupaten Sumenep yang saat itu menangani bagian agama dan pendidikan di usianya yang cukup muda, 26 tahun. Berlanjut menjadi anggota Komisi B yang membawahi bidang perekonomian pada tahun 2004-2009.",
            "profilePic": "https://upload.wikimedia.org/wikipedia/commons/thumb/c/c5/Soekarno.jpg/20px-Soekarno.jpg",
            "communityID": "05fc87bd-49af-45b3-9a66-d5d237fd58fe",
            "sites": {
                "name": "Wikipedia",
                "url": "https://id.wikipedia.org/wiki/Muhammad_Unais_Ali_Hisyam"
            }
        },
        {
            "name": "Malik Efendi",
            "title": "Calon Bupati",
            "description": null,
            "profilePic": "",
            "communityID": "05fc87bd-49af-45b3-9a66-d5d237fd58fe",
            "sites": null
        },
        {
            "name": "Miskun Legiono",
            "title": "Calon Bupati",
            "description": null,
            "profilePic": "",
            "communityID": "05fc87bd-49af-45b3-9a66-d5d237fd58fe",
            "sites": null
        }
    ],
    "source": "https://id.wikipedia.org/wiki/Pemilihan_umum_Bupati_Sumenep_2024",
    "path": "kabupaten-sumenep"
}