{
    "title": "Pemilihan umum Bupati Bondowoso 2024",
    "region": "Bondowoso",
    "level": "KABUPATEN",
    "candidates": [
        {
            "name": "Salwa Arifin",
            "title": "Calon Bupati",
            "description": "2.Miftahus Surur, SE.Sy.MH",
            "profilePic": "",
            "communityID": "9aa058c4-db19-48a8-9504-14cc430ffcf0",
            "sites": {
                "name": "Wikipedia",
                "url": "https://id.wikipedia.org/wiki/Salwa_Arifin"
            }
        },
        {
            "name": "Irwan Bachtiar Rachmat",
            "title": "Calon Bupati",
            "description": "H. Irwan Bachtiar Rachmat, S.E., M.Si. (lahir 15 Juni 1967) adalah politisi PDI Perjuangan yang menjabat sebagai Wakil Bupati Bondowoso periode 2018-2023. Irwan juga menjabat sebagai Ketua DPC PDI Perjuangan Kabupaten Bondowoso periode 2019-sekarang dan merupakan periode keempatnya.",
            "profilePic": "",
            "communityID": "9aa058c4-db19-48a8-9504-14cc430ffcf0",
            "sites": {
                "name": "Wikipedia",
                "url": "https://id.wikipedia.org/wiki/Irwan_Bachtiar_Rachmat"
            }
        },
        {
            "name": "RKH. Abdul Hamid Wahid",
            "title": "Calon Bupati",
            "description": "R. K.H. Datuk Guru. Abdul Hamid Wahid, M.Ag,. Atau biasa dipanggil Gus atau Lora Hamid. (Lahir 04 September 1971) terlahir dari pasangan KH. Abd. Wahid Zaini, S.H. (Alm.) dan Ny. Hj. Zubaidiyah Thoha. dari keluarga Pondok Pesantren Nurul Jadid, Karanganyar, Paiton, Probolinggo, Jawa Timur. Sejak kecil beliau telah menempuh pendidikan formal yang religius, hingga kemudian melanjutkan karier sebagai tenaga pengajar masih di bidang keagamaan. beliau adalah anggota DPR RI periode 2004-2009 dan 2009-2014 dari Partai Kebangkitan Bangsa mewakili Jawa Timur. Ia ditempatkan di Komisi X yang menangani Pendidikan, Olahraga, Pariwisata, Kesenian dan Kebudayaan. saat ini beliau menjabat sebagai Kepala Pondok Pesantren Nurul Jadid dan Rektor Universitas Nurul Jadid Paiton Probolinggo Jawa Timur Indonesia.",
            "profilePic": "https://upload.wikimedia.org/wikipedia/commons/thumb/4/41/Lorahamid.jpg/220px-Lorahamid.jpg",
            "communityID": "9aa058c4-db19-48a8-9504-14cc430ffcf0",
            "sites": {
                "name": "Wikipedia",
                "url": "https://id.wikipedia.org/wiki/Abdul_Hamid_Wahid"
            }
        },
        {
            "name": "Ahmad Dhafir",
            "title": "Calon Bupati",
            "description": null,
            "profilePic": "",
            "communityID": "9aa058c4-db19-48a8-9504-14cc430ffcf0",
            "sites": null
        },
        {
            "name": "Ubaidillah",
            "title": "Calon Bupati",
            "description": null,
            "profilePic": "",
            "communityID": "9aa058c4-db19-48a8-9504-14cc430ffcf0",
            "sites": null
        },
        {
            "name": "H. Tohari",
            "title": "Calon Bupati",
            "description": null,
            "profilePic": "",
            "communityID": "9aa058c4-db19-48a8-9504-14cc430ffcf0",
            "sites": null
        },
        {
            "name": "KH. Abdul Malik Sanusi",
            "title": "Calon Bupati",
            "description": null,
            "profilePic": "",
            "communityID": "9aa058c4-db19-48a8-9504-14cc430ffcf0",
            "sites": null
        },
        {
            "name": "H. Eko Mardyanto, M.Pd, C.Ht - Profesional dan Konsultan",
            "title": "Calon Bupati",
            "description": null,
            "profilePic": "",
            "communityID": "9aa058c4-db19-48a8-9504-14cc430ffcf0",
            "sites": null
        },
        {
            "name": "Irwan Setiawan",
            "title": "Calon Bupati",
            "description": null,
            "profilePic": "",
            "communityID": "9aa058c4-db19-48a8-9504-14cc430ffcf0",
            "sites": null
        },
        {
            "name": "Fauzi Cahyo Purnomo",
            "title": "Calon Bupati",
            "description": null,
            "profilePic": "",
            "communityID": "9aa058c4-db19-48a8-9504-14cc430ffcf0",
            "sites": null
        }
    ],
    "source": "https://id.wikipedia.org/wiki/Pemilihan_umum_Bupati_Bondowoso_2024",
    "path": "kabupaten-bondowoso"
}