{
    "title": "Pemilihan umum Bupati Serang 2024",
    "region": "Serang",
    "level": "KABUPATEN",
    "candidates": [
        {
            "name": "Andika Hazrumy",
            "title": "Calon Bupati",
            "description": "Dr. H. Andika Hazrumy, S.Sos., M.A.P. (lahir 16 Desember 1985) adalah seorang politikus Indonesia. Ia menjabat sebagai Wakil Gubernur Banten dari 2017 hingga 2022. Sebelumnya ia menjabat sebagai Anggota DPR-RI dari 2014 hingga 2016 mewakili daerah pemilihan Banten I dan Anggota DPD-RI dari 2009 hingga 2014.",
            "profilePic": "https://upload.wikimedia.org/wikipedia/commons/thumb/1/1e/Wakil_Gubernur_Banten_Andika_Hazrumy.jpg/200px-Wakil_Gubernur_Banten_Andika_Hazrumy.jpg",
            "communityID": "10f86fb3-6ada-4ae2-8dfe-205a31bad6c0",
            "sites": {
                "name": "Wikipedia",
                "url": "https://id.wikipedia.org/wiki/Andika_Hazrumy"
            }
        },
        {
            "name": "Ananda Trianh Salichan",
            "title": "Calon Bupati",
            "description": "Ananda Trianh Salichan, S.H. (lahir 15 September 1997) adalah seorang pengusaha muda Indonesia. Ia terpilih menjadi Ketua Umum BPD HIPMI Banten periode 2021\u20132024.",
            "profilePic": "https://upload.wikimedia.org/wikipedia/commons/thumb/d/d1/KPU_Ananda_Trianh_Salichan.jpg/220px-KPU_Ananda_Trianh_Salichan.jpg",
            "communityID": "10f86fb3-6ada-4ae2-8dfe-205a31bad6c0",
            "sites": {
                "name": "Wikipedia",
                "url": "https://id.wikipedia.org/wiki/Ananda_Trianh_Salichan"
            }
        },
        {
            "name": "Wahyu Papat Juni Romadonia",
            "title": "Calon Bupati",
            "description": "",
            "profilePic": "https://upload.wikimedia.org/wikipedia/commons/thumb/5/5e/KPU_Wahyu_Papat_Juni_Romadonia.jpg/220px-KPU_Wahyu_Papat_Juni_Romadonia.jpg",
            "communityID": "10f86fb3-6ada-4ae2-8dfe-205a31bad6c0",
            "sites": {
                "name": "Wikipedia",
                "url": "https://id.wikipedia.org/wiki/Wahyu_Papat_Juni_Romadonia"
            }
        },
        {
            "name": "Ranta Soeharta",
            "title": "Calon Bupati",
            "description": null,
            "profilePic": "",
            "communityID": "10f86fb3-6ada-4ae2-8dfe-205a31bad6c0",
            "sites": null
        },
        {
            "name": "Subarkah Purbo Asmoro",
            "title": "Calon Bupati",
            "description": null,
            "profilePic": "",
            "communityID": "10f86fb3-6ada-4ae2-8dfe-205a31bad6c0",
            "sites": null
        },
        {
            "name": "Najib Hamas",
            "title": "Calon Bupati",
            "description": null,
            "profilePic": "",
            "communityID": "10f86fb3-6ada-4ae2-8dfe-205a31bad6c0",
            "sites": null
        },
        {
            "name": "Nasrul Ulum",
            "title": "Calon Bupati",
            "description": null,
            "profilePic": "",
            "communityID": "10f86fb3-6ada-4ae2-8dfe-205a31bad6c0",
            "sites": null
        },
        {
            "name": "Badri Sutyadi",
            "title": "Calon Bupati",
            "description": null,
            "profilePic": "",
            "communityID": "10f86fb3-6ada-4ae2-8dfe-205a31bad6c0",
            "sites": null
        },
        {
            "name": "Agus Wahyudiono",
            "title": "Calon Bupati",
            "description": null,
            "profilePic": "",
            "communityID": "10f86fb3-6ada-4ae2-8dfe-205a31bad6c0",
            "sites": null
        },
        {
            "name": "Mansur",
            "title": "Calon Bupati",
            "description": null,
            "profilePic": "",
            "communityID": "10f86fb3-6ada-4ae2-8dfe-205a31bad6c0",
            "sites": null
        },
        {
            "name": "Sopwan",
            "title": "Calon Bupati",
            "description": null,
            "profilePic": "",
            "communityID": "10f86fb3-6ada-4ae2-8dfe-205a31bad6c0",
            "sites": null
        },
        {
            "name": "Daddy Hartadi",
            "title": "Calon Bupati",
            "description": null,
            "profilePic": "",
            "communityID": "10f86fb3-6ada-4ae2-8dfe-205a31bad6c0",
            "sites": null
        }
    ],
    "source": "https://id.wikipedia.org/wiki/Pemilihan_umum_Bupati_Serang_2024",
    "path": "kabupaten-serang"
}