{
    "title": "Pemilihan umum Bupati Mandailing Natal 2024",
    "region": "Mandailing Natal",
    "level": "KABUPATEN",
    "candidates": [
        {
            "name": "Jafar Sukhairi Nasution",
            "title": "Calon Bupati",
            "description": "H. Muhammad Jafar Sukhairi Nasution (lahir 11 Desember 1971) adalah seorang Politisi yang saat ini menjabat sebagai Bupati Mandailing Natal periode 2021-2024. Sebelumnya ia menjabat sebagai Wakil Bupati Mandailing Natal periode 2016-2021 mendampingi Dahlan Hasan Nasution.",
            "profilePic": "https://upload.wikimedia.org/wikipedia/commons/thumb/b/b3/Bupati_Mandailing_Natal_Muhammad_Jafar_Sukhairi_Nst.png/220px-Bupati_Mandailing_Natal_Muhammad_Jafar_Sukhairi_Nst.png",
            "communityID": "54ae6d55-ed01-4492-8369-da5a6945bfbe",
            "sites": {
                "name": "Wikipedia",
                "url": "https://id.wikipedia.org/wiki/Jafar_Sukhairi_Nasution"
            }
        },
        {
            "name": "Atika Azmi Utammi",
            "title": "Calon Bupati",
            "description": "Atika Azmi Utammi Nasution, B.App.Fin, M.Fin (lahir 1 Desember 1993) adalah seorang politikus milenial yang saat ini menjabat sebagai Wakil Bupati Mandailing Natal. Ia merupakan wakil bupati perempuan termuda di Indonesia. Ia adalah anak dari tokoh Mandailing Natal (wilayah Mandailing Julu), Khoiruddin Nasution dan Hamidah Lubis. Ia juga anak ke delapan dari sembilan bersaudara.",
            "profilePic": "https://upload.wikimedia.org/wikipedia/commons/thumb/b/be/Wakil_Bupati_Mandailing_Natal_Atika_Azmi_Utammi_Nasution.jpg/220px-Wakil_Bupati_Mandailing_Natal_Atika_Azmi_Utammi_Nasution.jpg",
            "communityID": "54ae6d55-ed01-4492-8369-da5a6945bfbe",
            "sites": {
                "name": "Wikipedia",
                "url": "https://id.wikipedia.org/wiki/Atika_Azmi_Utammi"
            }
        },
        {
            "name": "Dahlan Hasan Nasution",
            "title": "Calon Bupati",
            "description": "Drs. H. Dahlan Hasan Nasution (lahir 11 Mei 1958) adalah politikus dan mantan birokrat Indonesia yang pernah menjabat Bupati Mandailing Natal periode 2016\u20142021. Ia sebelumnya menjadi Bupati periode 2014\u20142016 menggantikan Hidayat Batubara yang tersandung kasus korupsi. Ia pernah menjabat sebagai Wakil Bupati Mandailing Natal periode 2011\u20142014.",
            "profilePic": "https://upload.wikimedia.org/wikipedia/id/thumb/4/4e/Dahlan_Hasan_Nasution.jpeg/170px-Dahlan_Hasan_Nasution.jpeg",
            "communityID": "54ae6d55-ed01-4492-8369-da5a6945bfbe",
            "sites": {
                "name": "Wikipedia",
                "url": "https://id.wikipedia.org/wiki/Dahlan_Hasan_Nasution"
            }
        },
        {
            "name": "Neil Iskandar Daulay",
            "title": "Calon Bupati",
            "description": "Neil Iskandar Daulay (lahir 27 Juli 1969) adalah seorang Politikus dan Pengusaha Indonesia.\nIa merupakan anggota DPR-RI 2009-2014 dari Golkar mewakili daerah pemilihan Sumatera Utara 2. Ia merupakan anak dari Amru Daulay, Bupati Mandailing Natal pertama.",
            "profilePic": "https://upload.wikimedia.org/wikipedia/commons/thumb/f/f2/Edit-clear.svg/40px-Edit-clear.svg.png",
            "communityID": "54ae6d55-ed01-4492-8369-da5a6945bfbe",
            "sites": {
                "name": "Wikipedia",
                "url": "https://id.wikipedia.org/wiki/Neil_Iskandar_Daulay"
            }
        },
        {
            "name": "Erwin Efendi Nasution",
            "title": "Calon Bupati",
            "description": null,
            "profilePic": "",
            "communityID": "54ae6d55-ed01-4492-8369-da5a6945bfbe",
            "sites": null
        },
        {
            "name": "Erwin Efendi Lubis",
            "title": "Calon Bupati",
            "description": null,
            "profilePic": "",
            "communityID": "54ae6d55-ed01-4492-8369-da5a6945bfbe",
            "sites": null
        },
        {
            "name": "M. Zuhri Musthafa Nasution",
            "title": "Calon Bupati",
            "description": null,
            "profilePic": "",
            "communityID": "54ae6d55-ed01-4492-8369-da5a6945bfbe",
            "sites": null
        },
        {
            "name": "Wahiddin Arjun Rambe",
            "title": "Calon Bupati",
            "description": null,
            "profilePic": "",
            "communityID": "54ae6d55-ed01-4492-8369-da5a6945bfbe",
            "sites": null
        },
        {
            "name": "Harminsyah Batubara",
            "title": "Calon Bupati",
            "description": null,
            "profilePic": "",
            "communityID": "54ae6d55-ed01-4492-8369-da5a6945bfbe",
            "sites": null
        },
        {
            "name": "Fahrizal Efendi Nasution",
            "title": "Calon Bupati",
            "description": null,
            "profilePic": "",
            "communityID": "54ae6d55-ed01-4492-8369-da5a6945bfbe",
            "sites": null
        },
        {
            "name": "Burhanuddin Siregar",
            "title": "Calon Bupati",
            "description": null,
            "profilePic": "",
            "communityID": "54ae6d55-ed01-4492-8369-da5a6945bfbe",
            "sites": null
        },
        {
            "name": "H. Aswin Parinduri",
            "title": "Calon Bupati",
            "description": null,
            "profilePic": "",
            "communityID": "54ae6d55-ed01-4492-8369-da5a6945bfbe",
            "sites": null
        },
        {
            "name": "Saparuddin Haji Lubis",
            "title": "Calon Bupati",
            "description": null,
            "profilePic": "",
            "communityID": "54ae6d55-ed01-4492-8369-da5a6945bfbe",
            "sites": null
        },
        {
            "name": "Bahran Daulay",
            "title": "Calon Bupati",
            "description": null,
            "profilePic": "",
            "communityID": "54ae6d55-ed01-4492-8369-da5a6945bfbe",
            "sites": null
        },
        {
            "name": "Sobir Lubis",
            "title": "Calon Bupati",
            "description": null,
            "profilePic": "",
            "communityID": "54ae6d55-ed01-4492-8369-da5a6945bfbe",
            "sites": null
        }
    ],
    "source": "https://id.wikipedia.org/wiki/Pemilihan_umum_Bupati_Mandailing_Natal_2024",
    "path": "kabupaten-mandailing-natal"
}