{
    "title": "Pemilihan umum Bupati Grobogan 2024",
    "region": "Grobogan",
    "level": "KABUPATEN",
    "candidates": [
        {
            "name": "Bambang Pudjiyanto",
            "title": "Calon Bupati",
            "description": null,
            "profilePic": "",
            "communityID": "4ad61a54-7843-4421-9907-6ec9dc833491",
            "sites": null
        },
        {
            "name": "Icek Baskoro",
            "title": "Calon Bupati",
            "description": null,
            "profilePic": "",
            "communityID": "4ad61a54-7843-4421-9907-6ec9dc833491",
            "sites": null
        },
        {
            "name": "Edy Wuryanto",
            "title": "Calon Bupati",
            "description": "Dr. H. Edy Wuryanto, S.KP., M.Kep. (lahir 15 Agustus 1968) adalah politikus Indonesia yang menjabat sebagai anggota DPR-RI periode 2019\u20132024. Ia mewakili daerah pemilihan Jawa Tengah III, yang meliputi Kabupaten Grobogan, Kabupaten Blora, Kabupaten Rembang, dan Kabupaten Pati. Edy merupakan kader Partai Demokrasi Indonesia Perjuangan. Saat ini, ia bertugas di Komisi IX.",
            "profilePic": "https://upload.wikimedia.org/wikipedia/commons/thumb/4/45/Edy_Wuryanto.jpg/220px-Edy_Wuryanto.jpg",
            "communityID": "4ad61a54-7843-4421-9907-6ec9dc833491",
            "sites": {
                "name": "Wikipedia",
                "url": "https://id.wikipedia.org/wiki/Edy_Wuryanto"
            }
        },
        {
            "name": "A. Baginda Muhammad Mahfuz H.",
            "title": "Calon Bupati",
            "description": null,
            "profilePic": "",
            "communityID": "4ad61a54-7843-4421-9907-6ec9dc833491",
            "sites": null
        },
        {
            "name": "Sardjono.",
            "title": "Calon Bupati",
            "description": null,
            "profilePic": "",
            "communityID": "4ad61a54-7843-4421-9907-6ec9dc833491",
            "sites": null
        },
        {
            "name": "Mukhlisin",
            "title": "Calon Bupati",
            "description": null,
            "profilePic": "",
            "communityID": "4ad61a54-7843-4421-9907-6ec9dc833491",
            "sites": null
        },
        {
            "name": "Agus Siswanto",
            "title": "Calon Bupati",
            "description": null,
            "profilePic": "",
            "communityID": "4ad61a54-7843-4421-9907-6ec9dc833491",
            "sites": null
        },
        {
            "name": "Setiawan Djoko Purwanto",
            "title": "Calon Bupati",
            "description": null,
            "profilePic": "",
            "communityID": "4ad61a54-7843-4421-9907-6ec9dc833491",
            "sites": null
        },
        {
            "name": "Mochammad Fatah",
            "title": "Calon Bupati",
            "description": null,
            "profilePic": "",
            "communityID": "4ad61a54-7843-4421-9907-6ec9dc833491",
            "sites": null
        },
        {
            "name": "Sugeng Prasetyo",
            "title": "Calon Bupati",
            "description": null,
            "profilePic": "",
            "communityID": "4ad61a54-7843-4421-9907-6ec9dc833491",
            "sites": null
        }
    ],
    "source": "https://id.wikipedia.org/wiki/Pemilihan_umum_Bupati_Grobogan_2024",
    "path": "kabupaten-grobogan"
}