{
    "title": "Pemilihan umum Bupati Sorong 2024",
    "region": "Sorong",
    "level": "KABUPATEN",
    "path": "kabupaten-sorong",
    "source": "https://id.wikipedia.org/wiki/Pemilihan_umum_Bupati_Sorong_2024",
    "communityID": "7805f4e4-2e71-470b-b9c0-23d84b7e02bb",
    "candidates": [
        {
            "name": "Johny Kamuru",
            "description": "Dr. Johny Kamuru, S.H., M.Si, (lahir 24 Juni 1970), adalah politikus Partai Golongan Karya yang menjabat sebagai Bupati Sorong sejak 22 Mei 2017. Ia terpilih sebagai Bupati Sorong dalam Pilbup Sorong 2017. Sebelum menjadi bupati, pria yang biasa dipanggi John ini merupakan pegawai negeri sipil di Pemerintah Kabupaten Sorong dengan jabatan terakhir Kepala Badan Pengelola Keuangan dan Aset Daerah (BPKAD).[1]\n",
            "profilePic": "https://upload.wikimedia.org/wikipedia/commons/thumb/2/25/Bupati_Sorong_Johny_Kamuru.png/1200px-Bupati_Sorong_Johny_Kamuru.png",
            "title": "Mantan Bupati Sorong",
            "sites": {
                "name": "Wikipedia",
                "url": "https://id.wikipedia.org/wiki/Johny_Kamuru"
            },
            "communityID": "7805f4e4-2e71-470b-b9c0-23d84b7e02bb"
        },
        {
            "name": "Ishak Kambuaya",
            "description": "",
            "profilePic": "",
            "title": "Mantan Asisten I Sosial Pemerintahan Kabupaten Sorong",
            "sites": {},
            "communityID": "7805f4e4-2e71-470b-b9c0-23d84b7e02bb"
        },
        {
            "name": "Frans bothor Malak",
            "description": "",
            "profilePic": "",
            "title": "Kader Golkar",
            "sites": {},
            "communityID": "7805f4e4-2e71-470b-b9c0-23d84b7e02bb"
        }
    ]
}