{
    "title": "Pemilihan umum Bupati Dharmasraya 2024",
    "region": "Dharmasraya",
    "level": "KABUPATEN",
    "candidates": [
        {
            "name": "Adi Gunawan",
            "title": "Calon Bupati",
            "description": "Ir. H. Adi Gunawan, M.M. (lahir 4 Oktober 1965) adalah politikus Indonesia. Ia adalah Wakil Ketua DPRD Dharmasraya untuk tiga periode yakni 2004\u20132009, 2009\u20132010, dan 2019\u20132024. Ia pernah menjabat sebagai Bupati Dharmasraya periode 2010\u20132015.",
            "profilePic": "https://upload.wikimedia.org/wikipedia/commons/thumb/e/ea/KPU_Adi_Gunawan.jpg/220px-KPU_Adi_Gunawan.jpg",
            "communityID": "f237cf8b-00bd-431c-bce7-f4523a6e9ecd",
            "sites": {
                "name": "Wikipedia",
                "url": "https://id.wikipedia.org/wiki/Adi_Gunawan"
            }
        },
        {
            "name": "Elviana",
            "title": "Calon Bupati",
            "description": "Elviana (lahir 10 November 1966) adalah seorang politikus yang menjabat sebagai Anggota Dewan Perwakilan Daerah Republik Indonesia periode 2019\u20132024 dan 2009\u20132014 serta Anggota Dewan Perwakilan Rakyat periode 2004\u20132009 dan 2014\u20132019 untuk Jambi.",
            "profilePic": "https://upload.wikimedia.org/wikipedia/commons/thumb/f/f1/Dra._Hj._Elviana.jpg/220px-Dra._Hj._Elviana.jpg",
            "communityID": "f237cf8b-00bd-431c-bce7-f4523a6e9ecd",
            "sites": {
                "name": "Wikipedia",
                "url": "https://id.wikipedia.org/wiki/Elviana"
            }
        },
        {
            "name": "Rosandi Sanjaya Putra",
            "title": "Calon Bupati",
            "description": null,
            "profilePic": "",
            "communityID": "f237cf8b-00bd-431c-bce7-f4523a6e9ecd",
            "sites": null
        },
        {
            "name": "Deded Mawi",
            "title": "Calon Bupati",
            "description": null,
            "profilePic": "",
            "communityID": "f237cf8b-00bd-431c-bce7-f4523a6e9ecd",
            "sites": null
        },
        {
            "name": "Amrizal Datuk Rajo Medan",
            "title": "Calon Bupati",
            "description": null,
            "profilePic": "",
            "communityID": "f237cf8b-00bd-431c-bce7-f4523a6e9ecd",
            "sites": null
        },
        {
            "name": "Leli Arni",
            "title": "Calon Bupati",
            "description": null,
            "profilePic": "",
            "communityID": "f237cf8b-00bd-431c-bce7-f4523a6e9ecd",
            "sites": null
        },
        {
            "name": "Widayatmo",
            "title": "Calon Bupati",
            "description": null,
            "profilePic": "",
            "communityID": "f237cf8b-00bd-431c-bce7-f4523a6e9ecd",
            "sites": null
        },
        {
            "name": "Yosrisal",
            "title": "Calon Bupati",
            "description": "PDI-P",
            "profilePic": "https://upload.wikimedia.org/wikipedia/commons/thumb/f/f9/Lambang_Kabupaten_Dharmasraya.png/50px-Lambang_Kabupaten_Dharmasraya.png",
            "communityID": "f237cf8b-00bd-431c-bce7-f4523a6e9ecd",
            "sites": {
                "name": "Wikipedia",
                "url": "https://id.wikipedia.org/wiki/Yosrisal"
            }
        },
        {
            "name": "AMRIZAL, SH",
            "title": "Calon Bupati",
            "description": null,
            "profilePic": "",
            "communityID": "f237cf8b-00bd-431c-bce7-f4523a6e9ecd",
            "sites": null
        },
        {
            "name": "Asrul Syukur",
            "title": "Calon Bupati",
            "description": null,
            "profilePic": "",
            "communityID": "f237cf8b-00bd-431c-bce7-f4523a6e9ecd",
            "sites": null
        }
    ],
    "source": "https://id.wikipedia.org/wiki/Pemilihan_umum_Bupati_Dharmasraya_2024",
    "path": "kabupaten-dharmasraya"
}