{
    "title": "Pemilihan umum Bupati Mempawah 2024",
    "region": "Mempawah",
    "level": "KABUPATEN",
    "path": "kabupaten-mempawah",
    "source": "https://id.wikipedia.org/wiki/Pemilihan_umum_Bupati_Mempawah_2024",
    "communityID": "0f078014-82b7-40b1-aadf-23ea23ac4c53",
    "candidates": [
        {
            "name": "Erlina (politikus, lahir 1970)",
            "description": "Hj. Erlina Ria Norsan, S.H., M.H. (lahir 14 April 1970) adalah politikus Indonesia yang menjabat sebagai bupati Mempawah sejak 14 April 2019.[1]\n",
            "profilePic": "https://upload.wikimedia.org/wikipedia/commons/a/ae/Erlina_Ria_Norsan.jpg",
            "title": "Bupati Mempawah",
            "sites": {
                "name": "Wikipedia",
                "url": "https://id.wikipedia.org/wiki/Erlina_(politikus,_lahir_1970)"
            },
            "communityID": "0f078014-82b7-40b1-aadf-23ea23ac4c53"
        },
        {
            "name": "Muhammad Pagi",
            "description": "Muhammad Pagi (17 Mei 1968\u00a0\u2013\u00a020 Januari 2024) adalah seorang politikus Indonesia kelahiran Desa Sungai Purun Besar, Kecamatan Segedong, Kabupaten Mempawah. Pada pemilihan umum Bupati Mempawah 2018, ia terpilih menjadi Wakil Bupati Mempawah mendampingi Erlina Ria Norsan selaku Bupati Mempawah. Ia meninggal di Rumah Sakit KPJ Kuching, Sarawak, Malaysia.[1]\n",
            "profilePic": "https://upload.wikimedia.org/wikipedia/commons/8/81/Muhammad_Pagi.jpg",
            "title": "Wakil Bupati Mempawah",
            "sites": {
                "name": "Wikipedia",
                "url": "https://id.wikipedia.org/wiki/Muhammad_Pagi"
            },
            "communityID": "0f078014-82b7-40b1-aadf-23ea23ac4c53"
        },
        {
            "name": "Ermin Elviani",
            "description": "",
            "profilePic": "",
            "title": "Anggota DPRD Kalbar",
            "sites": {},
            "communityID": "0f078014-82b7-40b1-aadf-23ea23ac4c53"
        },
        {
            "name": "Ria Mulyadi",
            "description": "",
            "profilePic": "",
            "title": "Ketua DPRD Kab. Mempawah",
            "sites": {},
            "communityID": "0f078014-82b7-40b1-aadf-23ea23ac4c53"
        },
        {
            "name": "Sayuti",
            "description": "",
            "profilePic": "",
            "title": "Wakil Ketua I DPRD Kab. Mempawah",
            "sites": {},
            "communityID": "0f078014-82b7-40b1-aadf-23ea23ac4c53"
        },
        {
            "name": "Abdul Mutolib",
            "description": "",
            "profilePic": "",
            "title": "Anggota DPRD Kab. Mempawah",
            "sites": {},
            "communityID": "0f078014-82b7-40b1-aadf-23ea23ac4c53"
        },
        {
            "name": "Rahmad Satria",
            "description": "",
            "profilePic": "",
            "title": "Mantan Ketua DPRD Kab. Mempawah",
            "sites": {},
            "communityID": "0f078014-82b7-40b1-aadf-23ea23ac4c53"
        },
        {
            "name": "Mardan Adijaya Kesuma Ibrahim",
            "description": "",
            "profilePic": "",
            "title": "Raja XIII Mempawah Pangeran Ratu Mulawangsa",
            "sites": {},
            "communityID": "0f078014-82b7-40b1-aadf-23ea23ac4c53"
        },
        {
            "name": "Ismail",
            "description": "\n",
            "profilePic": "https://upload.wikimedia.org/wikipedia/commons/thumb/e/ec/Prophet_Ismail_Name.svg/1200px-Prophet_Ismail_Name.svg.png",
            "title": "Sekretaris Daerah Kabupaten Mempawah",
            "sites": {
                "name": "Wikipedia",
                "url": "https://id.wikipedia.org/wiki/Ismail"
            },
            "communityID": "0f078014-82b7-40b1-aadf-23ea23ac4c53"
        },
        {
            "name": "Rusli Abdullah",
            "description": "",
            "profilePic": "",
            "title": "Ketua DPC PDIP Kabupaten Mempawah",
            "sites": {},
            "communityID": "0f078014-82b7-40b1-aadf-23ea23ac4c53"
        }
    ]
}