{
    "title": "Pemilihan umum Bupati Mandailing Natal 2024",
    "region": "Mandailing Natal",
    "level": "KABUPATEN",
    "path": "kabupaten-mandailing-natal",
    "source": "https://id.wikipedia.org/wiki/Pemilihan_umum_Bupati_Mandailing_Natal_2024",
    "communityID": "54ae6d55-ed01-4492-8369-da5a6945bfbe",
    "candidates": [
        {
            "name": "Jafar Sukhairi Nasution",
            "description": "H. Muhammad Jafar Sukhairi Nasution (lahir 11 Desember 1971) adalah seorang Politisi yang saat ini menjabat sebagai Bupati Mandailing Natal periode 2021-2024.[1] Sebelumnya ia menjabat sebagai Wakil Bupati Mandailing Natal periode 2016-2021 mendampingi Dahlan Hasan Nasution.\n",
            "profilePic": "https://upload.wikimedia.org/wikipedia/commons/b/b3/Bupati_Mandailing_Natal_Muhammad_Jafar_Sukhairi_Nst.png",
            "title": "Bupati Mandailing Natal",
            "sites": {
                "name": "Wikipedia",
                "url": "https://id.wikipedia.org/wiki/Jafar_Sukhairi_Nasution"
            },
            "communityID": "54ae6d55-ed01-4492-8369-da5a6945bfbe"
        },
        {
            "name": "Atika Azmi Utammi",
            "description": "Atika Azmi Utammi Nasution, B.App.Fin, M.Fin[1] (lahir 1 Desember 1993) adalah seorang politikus milenial yang saat ini menjabat sebagai Wakil Bupati Mandailing Natal. Ia merupakan wakil bupati perempuan termuda di Indonesia. Ia adalah anak dari tokoh Mandailing Natal (wilayah Mandailing Julu), Khoiruddin Nasution dan Hamidah Lubis. Ia juga anak ke delapan dari sembilan bersaudara.[2]\n",
            "profilePic": "https://upload.wikimedia.org/wikipedia/commons/b/be/Wakil_Bupati_Mandailing_Natal_Atika_Azmi_Utammi_Nasution.jpg",
            "title": "Wakil Bupati Mandailing Natal",
            "sites": {
                "name": "Wikipedia",
                "url": "https://id.wikipedia.org/wiki/Atika_Azmi_Utammi"
            },
            "communityID": "54ae6d55-ed01-4492-8369-da5a6945bfbe"
        },
        {
            "name": "Dahlan Hasan Nasution",
            "description": "Drs. H. Dahlan Hasan Nasution (lahir 11 Mei 1958) adalah politikus dan mantan birokrat Indonesia yang pernah menjabat Bupati Mandailing Natal periode 2016\u20142021. Ia sebelumnya menjadi Bupati periode 2014\u20142016 menggantikan Hidayat Batubara yang tersandung kasus korupsi. Ia pernah menjabat sebagai Wakil Bupati Mandailing Natal periode 2011\u20142014.\n",
            "profilePic": "https://upload.wikimedia.org/wikipedia/id/4/4e/Dahlan_Hasan_Nasution.jpeg",
            "title": "Mantan Bupati Mandailing Natal",
            "sites": {
                "name": "Wikipedia",
                "url": "https://id.wikipedia.org/wiki/Dahlan_Hasan_Nasution"
            },
            "communityID": "54ae6d55-ed01-4492-8369-da5a6945bfbe"
        },
        {
            "name": "Neil Iskandar Daulay",
            "description": "Neil Iskandar Daulay (lahir 27 Juli 1969) adalah seorang Politikus dan Pengusaha Indonesia.\nIa merupakan anggota DPR-RI 2009-2014 dari Golkar mewakili daerah pemilihan Sumatera Utara 2.[1] Ia merupakan anak dari Amru Daulay, Bupati Mandailing Natal pertama.\n",
            "profilePic": "",
            "title": "Mantan Anggota DPR RI 2009-14",
            "sites": {
                "name": "Wikipedia",
                "url": "https://id.wikipedia.org/wiki/Neil_Iskandar_Daulay"
            },
            "communityID": "54ae6d55-ed01-4492-8369-da5a6945bfbe"
        },
        {
            "name": "Erwin Efendi Nasution",
            "description": "",
            "profilePic": "",
            "title": "Wakil Ketua II DPRD Mandailing Natal",
            "sites": {},
            "communityID": "54ae6d55-ed01-4492-8369-da5a6945bfbe"
        },
        {
            "name": "Erwin Efendi Lubis",
            "description": "",
            "profilePic": "",
            "title": "Ketua DPRD Mandailing Natal",
            "sites": {},
            "communityID": "54ae6d55-ed01-4492-8369-da5a6945bfbe"
        },
        {
            "name": "M. Zuhri Musthafa Nasution",
            "description": "",
            "profilePic": "",
            "title": "Cucu Syeikh Musthafa Husein Al-Mandili",
            "sites": {},
            "communityID": "54ae6d55-ed01-4492-8369-da5a6945bfbe"
        },
        {
            "name": "Wahiddin Arjun Rambe",
            "description": "",
            "profilePic": "",
            "title": "Ketua DPD PKS Mandailing Natal",
            "sites": {},
            "communityID": "54ae6d55-ed01-4492-8369-da5a6945bfbe"
        },
        {
            "name": "Harminsyah Batubara",
            "description": "",
            "profilePic": "",
            "title": "Wakil Ketua I DPRD Mandailing Natal",
            "sites": {},
            "communityID": "54ae6d55-ed01-4492-8369-da5a6945bfbe"
        },
        {
            "name": "Fahrizal Efendi Nasution",
            "description": "",
            "profilePic": "",
            "title": "Anggota DPRD Sumut",
            "sites": {},
            "communityID": "54ae6d55-ed01-4492-8369-da5a6945bfbe"
        },
        {
            "name": "Burhanuddin Siregar",
            "description": "",
            "profilePic": "",
            "title": "Wakil Bendahara DPD Partai Demokrat Sumut",
            "sites": {},
            "communityID": "54ae6d55-ed01-4492-8369-da5a6945bfbe"
        },
        {
            "name": "H. Aswin Parinduri",
            "description": "",
            "profilePic": "",
            "title": "Ketua DPD Golkar Mandailing Natal",
            "sites": {},
            "communityID": "54ae6d55-ed01-4492-8369-da5a6945bfbe"
        },
        {
            "name": "Saparuddin Haji Lubis",
            "description": "",
            "profilePic": "",
            "title": "Mantan Cabup Madina 2015",
            "sites": {},
            "communityID": "54ae6d55-ed01-4492-8369-da5a6945bfbe"
        },
        {
            "name": "Bahran Daulay",
            "description": "",
            "profilePic": "",
            "title": "Ketua Kadin Madina",
            "sites": {},
            "communityID": "54ae6d55-ed01-4492-8369-da5a6945bfbe"
        },
        {
            "name": "Sobir Lubis",
            "description": "",
            "profilePic": "",
            "title": "Ketua AMPG Madina",
            "sites": {},
            "communityID": "54ae6d55-ed01-4492-8369-da5a6945bfbe"
        }
    ]
}