{
    "title": "Pemilihan umum Bupati Tabalong 2024",
    "region": "Tabalong",
    "level": "KABUPATEN",
    "candidates": [
        {
            "name": "Mawardi.",
            "title": "Calon Bupati",
            "description": null,
            "profilePic": "",
            "communityID": "c42c213c-b2b1-4c9a-996b-03a4d45b30bb",
            "sites": null
        },
        {
            "name": "Zony Alfianoor",
            "title": "Calon Bupati",
            "description": "H. Zony Alfianoor, SE, Akt, MM (lahir 13 Desember 1968) adalah wakil bupati Tabalong yang menjabat saat ini untuk masa periode 2014\u20132019. Ia menjabat sebagai wakil bupati Tabalong berpasangan dengan bupati Anang Syakhfiani dilantik oleh Gubernur Kalsel Rudy Ariffin pada 17 Maret 2014 di halaman Gedung DPRD Tabalong.",
            "profilePic": "https://upload.wikimedia.org/wikipedia/commons/thumb/c/c5/Soekarno.jpg/20px-Soekarno.jpg",
            "communityID": "c42c213c-b2b1-4c9a-996b-03a4d45b30bb",
            "sites": {
                "name": "Wikipedia",
                "url": "https://id.wikipedia.org/wiki/Zony_Alfianoor"
            }
        },
        {
            "name": "Norhasani",
            "title": "Calon Bupati",
            "description": null,
            "profilePic": "",
            "communityID": "c42c213c-b2b1-4c9a-996b-03a4d45b30bb",
            "sites": null
        },
        {
            "name": "Hj Noor Farida",
            "title": "Calon Bupati",
            "description": null,
            "profilePic": "",
            "communityID": "c42c213c-b2b1-4c9a-996b-03a4d45b30bb",
            "sites": null
        },
        {
            "name": "Noor Rifani",
            "title": "Calon Bupati",
            "description": null,
            "profilePic": "",
            "communityID": "c42c213c-b2b1-4c9a-996b-03a4d45b30bb",
            "sites": null
        },
        {
            "name": "Mustafa.",
            "title": "Calon Bupati",
            "description": null,
            "profilePic": "",
            "communityID": "c42c213c-b2b1-4c9a-996b-03a4d45b30bb",
            "sites": null
        },
        {
            "name": "Habib Muhammad Taufani Alkaf",
            "title": "Calon Bupati",
            "description": null,
            "profilePic": "",
            "communityID": "c42c213c-b2b1-4c9a-996b-03a4d45b30bb",
            "sites": null
        },
        {
            "name": "Hj. Sumiati",
            "title": "Calon Bupati",
            "description": null,
            "profilePic": "",
            "communityID": "c42c213c-b2b1-4c9a-996b-03a4d45b30bb",
            "sites": null
        },
        {
            "name": "Firman Yusi",
            "title": "Calon Bupati",
            "description": null,
            "profilePic": "",
            "communityID": "c42c213c-b2b1-4c9a-996b-03a4d45b30bb",
            "sites": null
        },
        {
            "name": "Erwan Mardani",
            "title": "Calon Bupati",
            "description": null,
            "profilePic": "",
            "communityID": "c42c213c-b2b1-4c9a-996b-03a4d45b30bb",
            "sites": null
        }
    ],
    "source": "https://id.wikipedia.org/wiki/Pemilihan_umum_Bupati_Tabalong_2024",
    "path": "kabupaten-tabalong"
}