{
    "title": "Pemilihan umum Bupati Magetan 2024",
    "region": "Magetan",
    "level": "KABUPATEN",
    "candidates": [
        {
            "name": "Suprawoto",
            "title": "Calon Bupati",
            "description": "Dr. Drs. Suprawoto, S.H., M.Si. (lahir 3 Februari 1956) adalah mantan birokrat yang menjabat sebagai Bupati Magetan periode 2018-2023. Suprawoto juga pernah menjabat sebagai Sekretaris Jenderal Kemenkominfo periode 2014-2016.",
            "profilePic": "https://upload.wikimedia.org/wikipedia/commons/thumb/c/cc/Official_Portrait_of_Suprawoto%2C_Regent_of_Magetan.png/200px-Official_Portrait_of_Suprawoto%2C_Regent_of_Magetan.png",
            "communityID": "ef331957-759a-4600-af25-d2dcee195074",
            "sites": {
                "name": "Wikipedia",
                "url": "https://id.wikipedia.org/wiki/Suprawoto"
            }
        },
        {
            "name": "Nanik Endang Rusminarti",
            "title": "Calon Bupati",
            "description": null,
            "profilePic": "",
            "communityID": "ef331957-759a-4600-af25-d2dcee195074",
            "sites": null
        },
        {
            "name": "Suyatni Priasmoro",
            "title": "Calon Bupati",
            "description": null,
            "profilePic": "",
            "communityID": "ef331957-759a-4600-af25-d2dcee195074",
            "sites": null
        },
        {
            "name": "Nanik Karsini",
            "title": "Calon Bupati",
            "description": null,
            "profilePic": "",
            "communityID": "ef331957-759a-4600-af25-d2dcee195074",
            "sites": null
        },
        {
            "name": "Sujatno",
            "title": "Calon Bupati",
            "description": null,
            "profilePic": "",
            "communityID": "ef331957-759a-4600-af25-d2dcee195074",
            "sites": null
        },
        {
            "name": "Nur Wahid",
            "title": "Calon Bupati",
            "description": null,
            "profilePic": "",
            "communityID": "ef331957-759a-4600-af25-d2dcee195074",
            "sites": null
        },
        {
            "name": "Suratman",
            "title": "Calon Bupati",
            "description": null,
            "profilePic": "",
            "communityID": "ef331957-759a-4600-af25-d2dcee195074",
            "sites": null
        },
        {
            "name": "Mohyar",
            "title": "Calon Bupati",
            "description": null,
            "profilePic": "",
            "communityID": "ef331957-759a-4600-af25-d2dcee195074",
            "sites": null
        },
        {
            "name": "Arief Rahman",
            "title": "Calon Bupati",
            "description": null,
            "profilePic": "",
            "communityID": "ef331957-759a-4600-af25-d2dcee195074",
            "sites": null
        },
        {
            "name": "Agus Rahardjo",
            "title": "Calon Bupati",
            "description": "Ir. Agus Rahardjo, M.S.M. (lahir 1 Agustus 1956) adalah Ketua Komisi Pemberantasan Korupsi (KPK) Republik Indonesia periode 2015-2019. Pengangkatan pimpinan KPK didasarkan pada Keputusan Presiden Nomor 133/P/2015 tentang Pengangkatan Pimpinan KPK masa bakti 2015\u20132019.",
            "profilePic": "https://upload.wikimedia.org/wikipedia/commons/thumb/f/f2/Edit-clear.svg/40px-Edit-clear.svg.png",
            "communityID": "ef331957-759a-4600-af25-d2dcee195074",
            "sites": {
                "name": "Wikipedia",
                "url": "https://id.wikipedia.org/wiki/Agus_Rahardjo"
            }
        }
    ],
    "source": "https://id.wikipedia.org/wiki/Pemilihan_umum_Bupati_Magetan_2024",
    "path": "kabupaten-magetan"
}