{
    "title": "Pemilihan umum Bupati Sumba Barat Daya 2024",
    "region": "Sumba Barat Daya",
    "level": "KABUPATEN",
    "candidates": [
        {
            "name": "Marthen Christian Taka",
            "title": "Calon Bupati",
            "description": null,
            "profilePic": "",
            "communityID": "30df71d6-511a-4904-a3c2-23429681babb",
            "sites": null
        },
        {
            "name": "Soleman Lende Dappa",
            "title": "Calon Bupati",
            "description": null,
            "profilePic": "",
            "communityID": "30df71d6-511a-4904-a3c2-23429681babb",
            "sites": null
        },
        {
            "name": "Dominggus Dama",
            "title": "Calon Bupati",
            "description": null,
            "profilePic": "",
            "communityID": "30df71d6-511a-4904-a3c2-23429681babb",
            "sites": null
        }
    ],
    "source": "https://id.wikipedia.org/wiki/Pemilihan_umum_Bupati_Sumba_Barat_Daya_2024",
    "path": "kabupaten-sumba-barat-daya"
}