{
    "title": "Pemilihan umum Bupati Nagekeo 2024",
    "region": "Nagekeo",
    "level": "KABUPATEN",
    "candidates": [
        {
            "name": "Johanes Don Bosco Do",
            "title": "Calon Bupati",
            "description": "Johanes Don Bosco Do (lahir 14 April 1957) adalah seorang birokrat Indonesia. Ia lahir di Watu Api, Desa Totomala. Yohanes Don Bosco Do mendaftarkan diri sebagai calon bupati Kabupaten Nagekeo melalui Partai Golkar. Golkar merupakan partai politik keempat yang dilamar Don Bosco Do, setelah sebelumnya sempat mendaftar ke Partai Demokrasi Indonesia Perjuangan (PDIP), Partai Hati Nurani Rakyat (Hanura), dan Partai Kebangkitan Bangsa (PKB).",
            "profilePic": "https://upload.wikimedia.org/wikipedia/id/3/36/Johanes_Don_Bosco_Do_Bupati_Nagekeo.png",
            "communityID": "d15acdd4-db2f-4ecb-8cb0-d55b090fd1ca",
            "sites": {
                "name": "Wikipedia",
                "url": "https://id.wikipedia.org/wiki/Johanes_Don_Bosco_Do"
            }
        },
        {
            "name": "Servatius Podhi",
            "title": "Calon Bupati",
            "description": null,
            "profilePic": "",
            "communityID": "d15acdd4-db2f-4ecb-8cb0-d55b090fd1ca",
            "sites": null
        },
        {
            "name": "Gonzalo Muga Sada",
            "title": "Calon Bupati",
            "description": null,
            "profilePic": "",
            "communityID": "d15acdd4-db2f-4ecb-8cb0-d55b090fd1ca",
            "sites": null
        },
        {
            "name": "Nikolaus Edestut",
            "title": "Calon Bupati",
            "description": null,
            "profilePic": "",
            "communityID": "d15acdd4-db2f-4ecb-8cb0-d55b090fd1ca",
            "sites": null
        },
        {
            "name": "Kristianus Du\u2019a Wea",
            "title": "Calon Bupati",
            "description": null,
            "profilePic": "",
            "communityID": "d15acdd4-db2f-4ecb-8cb0-d55b090fd1ca",
            "sites": null
        },
        {
            "name": "Marselinus Ado Wawo",
            "title": "Calon Bupati",
            "description": null,
            "profilePic": "",
            "communityID": "d15acdd4-db2f-4ecb-8cb0-d55b090fd1ca",
            "sites": null
        },
        {
            "name": "Marsianus Jawa",
            "title": "Calon Bupati",
            "description": "Drs. Marsianus Jawa, M.Si (lahir 08 Agustus 1965) adalah seorang birokrat dari Provinsi Nusa Tenggara Timur dan sekarang menjabat sebagai Penjabat Bupati Kabupaten Lembata sejak 22 Mei 2022.",
            "profilePic": "https://upload.wikimedia.org/wikipedia/commons/thumb/9/98/Marsianus_Jawa_-_Penjabat_Bupati_Lembata_Tahun_2022.png/200px-Marsianus_Jawa_-_Penjabat_Bupati_Lembata_Tahun_2022.png",
            "communityID": "d15acdd4-db2f-4ecb-8cb0-d55b090fd1ca",
            "sites": {
                "name": "Wikipedia",
                "url": "https://id.wikipedia.org/wiki/Marsianus_Jawa"
            }
        },
        {
            "name": "Shafar Laga Rema",
            "title": "Calon Bupati",
            "description": null,
            "profilePic": "",
            "communityID": "d15acdd4-db2f-4ecb-8cb0-d55b090fd1ca",
            "sites": null
        }
    ],
    "source": "https://id.wikipedia.org/wiki/Pemilihan_umum_Bupati_Nagekeo_2024",
    "path": "kabupaten-nagekeo"
}