{
    "title": "Pemilihan umum Bupati Nduga 2024",
    "region": "Nduga",
    "level": "KABUPATEN",
    "candidates": [
        {
            "name": "Edison Nggwijangge",
            "title": "Calon Bupati",
            "description": "Edison Nggwijangge adalah seorang birokrat Indonesia. Ia sempat menjabat sebagai ketua Palang Merah Indonesia (PMI) Kabupaten Nduga. Ia juga sempat menjabat sebagai Asisten III Setda Provinsi Papua Pegunungan. Pada 5 Juni 2023, ia diangkat menjadi pelaksana jabatan Bupati Nduga.",
            "profilePic": "https://upload.wikimedia.org/wikipedia/commons/thumb/c/c5/Soekarno.jpg/20px-Soekarno.jpg",
            "communityID": "d1d1180b-5900-4c7b-9a81-e8fbd0c63b1b",
            "sites": {
                "name": "Wikipedia",
                "url": "https://id.wikipedia.org/wiki/Edison_Nggwijangge"
            }
        }
    ],
    "source": "https://id.wikipedia.org/wiki/Pemilihan_umum_Bupati_Nduga_2024",
    "path": "kabupaten-nduga"
}