{
    "title": "Pemilihan umum Bupati Ogan Ilir 2024",
    "region": "Ogan Ilir",
    "level": "KABUPATEN",
    "path": "kabupaten-ogan-ilir",
    "source": "https://id.wikipedia.org/wiki/Pemilihan_umum_Bupati_Ogan_Ilir_2024",
    "communityID": "86a3956f-01f8-4e46-969c-c8cf4f157d7e",
    "candidates": [
        {
            "name": "Panca Wijaya Akbar",
            "description": "Panca Wijaya Akbar, S.H. (lahir 19 Desember 1991) adalah pengusaha asal Sumatera Selatan yang terpilih sebagai Bupati Ogan Ilir pada periode 2021-2026.\n",
            "profilePic": "https://upload.wikimedia.org/wikipedia/commons/thumb/0/08/Panca_Wijaya_Akbar.jpg/1200px-Panca_Wijaya_Akbar.jpg",
            "title": "Bupati Ogan Ilir",
            "sites": {
                "name": "Wikipedia",
                "url": "https://id.wikipedia.org/wiki/Panca_Wijaya_Akbar"
            },
            "communityID": "86a3956f-01f8-4e46-969c-c8cf4f157d7e"
        },
        {
            "name": "Ardani",
            "description": "",
            "profilePic": "",
            "title": "Wakil Bupati Ogan Ilir",
            "sites": {},
            "communityID": "86a3956f-01f8-4e46-969c-c8cf4f157d7e"
        },
        {
            "name": "Ilyas Panji Alam",
            "description": "H. M. Ilyas Panji Alam, S.E., S.H., M.M. (lahir 15 Juli 1966) adalah Bupati Ogan Ilir sejak 7 Agustus 2017. Ia pernah menjabat sebagai Wakil Bupati Ogan Ilir sejak 17 Februari 2016 hingga 7 Agustus 2017.\n",
            "profilePic": "https://upload.wikimedia.org/wikipedia/id/thumb/b/ba/Ilyas_Panji_Alam.jpg/1200px-Ilyas_Panji_Alam.jpg",
            "title": "Mantan Bupati Ogan Ilir",
            "sites": {
                "name": "Wikipedia",
                "url": "https://id.wikipedia.org/wiki/Ilyas_Panji_Alam"
            },
            "communityID": "86a3956f-01f8-4e46-969c-c8cf4f157d7e"
        },
        {
            "name": "Husin Yazid",
            "description": "",
            "profilePic": "",
            "title": "Direktur Riset Indomatrik",
            "sites": {},
            "communityID": "86a3956f-01f8-4e46-969c-c8cf4f157d7e"
        },
        {
            "name": "Helmy Yahya",
            "description": "\n",
            "profilePic": "https://upload.wikimedia.org/wikipedia/commons/9/96/KPU_Helmy_Yahya.jpg",
            "title": "Pembawa acara televisi",
            "sites": {
                "name": "Wikipedia",
                "url": "https://id.wikipedia.org/wiki/Helmy_Yahya"
            },
            "communityID": "86a3956f-01f8-4e46-969c-c8cf4f157d7e"
        },
        {
            "name": "Suharto H.S",
            "description": "",
            "profilePic": "",
            "title": "Ketua DPRD Ogan Ilir",
            "sites": {},
            "communityID": "86a3956f-01f8-4e46-969c-c8cf4f157d7e"
        },
        {
            "name": "Ahmad Syafe'i",
            "description": "",
            "profilePic": "",
            "title": "Wakil Ketua DPRD Ogan Ilir",
            "sites": {},
            "communityID": "86a3956f-01f8-4e46-969c-c8cf4f157d7e"
        },
        {
            "name": "Rusdi Tahar",
            "description": "",
            "profilePic": "",
            "title": "Mantan Anggota DPRD Sumsel",
            "sites": {},
            "communityID": "86a3956f-01f8-4e46-969c-c8cf4f157d7e"
        },
        {
            "name": "M. Kanoviyandri",
            "description": "",
            "profilePic": "",
            "title": "Anggota DPRD Sumsel",
            "sites": {},
            "communityID": "86a3956f-01f8-4e46-969c-c8cf4f157d7e"
        },
        {
            "name": "Mohammad Iqbal Romzi",
            "description": "Mohammad Iqbal Romzi (lahir 05 November 1960) adalah salah satu anggota Dewan Perwakilan Rakyat Republik Indonesia (DPR RI) terpilih pada pemilihan umum legislatif Indonesia untuk periode tahun 2014-2019 dari Fraksi PKS (Partai Keadilan Sejahtera) melalui Daerah pemilihan Sumatera Selatan II yang meliputi Ogan Komering Ulu, Ogan Komering Ilir, Muara Enim, Lahat, Oku Timur, Oku Selatan, Ogan Ilir, Empat Lawang, Kota Pagar Alam, dan Kota Prabumulih. Ia bertugas di Komisi VIII yang membidangi agama, sosial, dan pemberdayaan perempuan.\n",
            "profilePic": "https://upload.wikimedia.org/wikipedia/commons/thumb/f/f1/KPU_Mohammad_Iqbal_Romzi.jpg/1200px-KPU_Mohammad_Iqbal_Romzi.jpg",
            "title": "Mantan Anggota DPR RI",
            "sites": {
                "name": "Wikipedia",
                "url": "https://id.wikipedia.org/wiki/Mohammad_Iqbal_Romzi"
            },
            "communityID": "86a3956f-01f8-4e46-969c-c8cf4f157d7e"
        },
        {
            "name": "Muchendi Mahzareki",
            "description": "",
            "profilePic": "",
            "title": "Wakil Ketua DPRD Sumsel",
            "sites": {},
            "communityID": "86a3956f-01f8-4e46-969c-c8cf4f157d7e"
        }
    ]
}