{
    "title": "Pemilihan umum Bupati Aceh Barat Daya 2024",
    "region": "Aceh Barat Daya",
    "level": "KABUPATEN",
    "candidates": [
        {
            "name": "Jufri Hasanuddin",
            "title": "Calon Bupati",
            "description": "Ir. Jufri Hasanuddin, M.M. (lahir 5 Oktober 1967) adalah Bupati Aceh Barat Daya periode 2012\u20142017.",
            "profilePic": "",
            "communityID": "3ef8616f-78cb-48ab-8ca5-fdbe9f983e0a",
            "sites": {
                "name": "Wikipedia",
                "url": "https://id.wikipedia.org/wiki/Jufri_Hasanuddin"
            }
        },
        {
            "name": "Muslizar",
            "title": "Calon Bupati",
            "description": null,
            "profilePic": "",
            "communityID": "3ef8616f-78cb-48ab-8ca5-fdbe9f983e0a",
            "sites": null
        },
        {
            "name": "Abdurrahman Ubit",
            "title": "Calon Bupati",
            "description": null,
            "profilePic": "",
            "communityID": "3ef8616f-78cb-48ab-8ca5-fdbe9f983e0a",
            "sites": null
        },
        {
            "name": "Syarifuddin",
            "title": "Calon Bupati",
            "description": null,
            "profilePic": "",
            "communityID": "3ef8616f-78cb-48ab-8ca5-fdbe9f983e0a",
            "sites": null
        },
        {
            "name": "Romi Syah Putra",
            "title": "Calon Bupati",
            "description": null,
            "profilePic": "",
            "communityID": "3ef8616f-78cb-48ab-8ca5-fdbe9f983e0a",
            "sites": null
        },
        {
            "name": "Safaruddin",
            "title": "Calon Bupati",
            "description": "Dr. Safaruddin, S.Sos., M.S.P. (lahir 17 Maret 1983) adalah politikus Partai Gerindra yang menjabat sebagai Wakil Ketua Dewan Perwakilan Rakyat Aceh periode 2019-2024.",
            "profilePic": "https://upload.wikimedia.org/wikipedia/commons/thumb/f/f2/Edit-clear.svg/40px-Edit-clear.svg.png",
            "communityID": "3ef8616f-78cb-48ab-8ca5-fdbe9f983e0a",
            "sites": {
                "name": "Wikipedia",
                "url": "https://id.wikipedia.org/wiki/Safaruddin_(politikus)"
            }
        },
        {
            "name": "Muhammad Qudusi",
            "title": "Calon Bupati",
            "description": null,
            "profilePic": "",
            "communityID": "3ef8616f-78cb-48ab-8ca5-fdbe9f983e0a",
            "sites": null
        },
        {
            "name": "Herry Sunanda",
            "title": "Calon Bupati",
            "description": null,
            "profilePic": "",
            "communityID": "3ef8616f-78cb-48ab-8ca5-fdbe9f983e0a",
            "sites": null
        },
        {
            "name": "Maidisal Diwa",
            "title": "Calon Bupati",
            "description": null,
            "profilePic": "",
            "communityID": "3ef8616f-78cb-48ab-8ca5-fdbe9f983e0a",
            "sites": null
        },
        {
            "name": "Mukhlis Muhdi",
            "title": "Calon Bupati",
            "description": null,
            "profilePic": "",
            "communityID": "3ef8616f-78cb-48ab-8ca5-fdbe9f983e0a",
            "sites": null
        },
        {
            "name": "Said Syamsul Bahri",
            "title": "Calon Bupati",
            "description": null,
            "profilePic": "",
            "communityID": "3ef8616f-78cb-48ab-8ca5-fdbe9f983e0a",
            "sites": null
        },
        {
            "name": "Erwanto",
            "title": "Calon Bupati",
            "description": null,
            "profilePic": "",
            "communityID": "3ef8616f-78cb-48ab-8ca5-fdbe9f983e0a",
            "sites": null
        },
        {
            "name": "Zulkarnain",
            "title": "Calon Bupati",
            "description": null,
            "profilePic": "",
            "communityID": "3ef8616f-78cb-48ab-8ca5-fdbe9f983e0a",
            "sites": null
        }
    ],
    "source": "https://id.wikipedia.org/wiki/Pemilihan_umum_Bupati_Aceh_Barat_Daya_2024",
    "path": "kabupaten-aceh-barat-daya"
}