{
    "title": "Pemilihan umum Bupati Banggai Kepulauan 2024",
    "region": "Banggai Kepulauan",
    "level": "KABUPATEN",
    "candidates": [
        {
            "name": "Rais D. Adam",
            "title": "Calon Bupati",
            "description": "Kombes Pol (Purn) H. Rais D. Adam (lahir 24 April 1958) adalah Purnawirawan Kepolisian Republik Indonesia yang terakhir menjabat sebagai Kabag Pamsan DIT IPP di Kepolisian Daerah Sulawesi Tengah pada tahun 2001. Rais Adam sebelumnya menjabat sebagai wakil bupati pada periode 2017-2022 mendampingi bupati Zainal Mus. Dia menjabat sebagai \nBupati Banggai Kepulauan periode 2020-2022.",
            "profilePic": "https://upload.wikimedia.org/wikipedia/commons/thumb/9/9f/Bupati_Banggai_Kepulauan_ke-5.jpg/220px-Bupati_Banggai_Kepulauan_ke-5.jpg",
            "communityID": "be6e722f-f2a1-42a7-9f65-7d4e1c6bced4",
            "sites": {
                "name": "Wikipedia",
                "url": "https://id.wikipedia.org/wiki/Rais_D._Adam"
            }
        },
        {
            "name": "Sugianto Tamoreka",
            "title": "Calon Bupati",
            "description": null,
            "profilePic": "",
            "communityID": "be6e722f-f2a1-42a7-9f65-7d4e1c6bced4",
            "sites": null
        },
        {
            "name": "Irianto Malinggong",
            "title": "Calon Bupati",
            "description": null,
            "profilePic": "",
            "communityID": "be6e722f-f2a1-42a7-9f65-7d4e1c6bced4",
            "sites": null
        },
        {
            "name": "Lania Laosa",
            "title": "Calon Bupati",
            "description": "Lania Laosa, S.E.  adalah politikus asal Indonesia yang pernah menjabat sebagai Bupati Banggai Kepulauan pada masa jabatan 2011\u20132016.",
            "profilePic": "",
            "communityID": "be6e722f-f2a1-42a7-9f65-7d4e1c6bced4",
            "sites": {
                "name": "Wikipedia",
                "url": "https://id.wikipedia.org/wiki/Lania_Laosa"
            }
        },
        {
            "name": "Salim J. Tanasa",
            "title": "Calon Bupati",
            "description": null,
            "profilePic": "",
            "communityID": "be6e722f-f2a1-42a7-9f65-7d4e1c6bced4",
            "sites": null
        },
        {
            "name": "Eko Wahyudi",
            "title": "Calon Bupati",
            "description": null,
            "profilePic": "",
            "communityID": "be6e722f-f2a1-42a7-9f65-7d4e1c6bced4",
            "sites": null
        },
        {
            "name": "Ronald Gulla",
            "title": "Calon Bupati",
            "description": null,
            "profilePic": "",
            "communityID": "be6e722f-f2a1-42a7-9f65-7d4e1c6bced4",
            "sites": null
        },
        {
            "name": "Ihsan Basir",
            "title": "Calon Bupati",
            "description": null,
            "profilePic": "",
            "communityID": "be6e722f-f2a1-42a7-9f65-7d4e1c6bced4",
            "sites": null
        },
        {
            "name": "Rusli Moidady",
            "title": "Calon Bupati",
            "description": null,
            "profilePic": "",
            "communityID": "be6e722f-f2a1-42a7-9f65-7d4e1c6bced4",
            "sites": null
        },
        {
            "name": "Rahmad Labou",
            "title": "Calon Bupati",
            "description": null,
            "profilePic": "",
            "communityID": "be6e722f-f2a1-42a7-9f65-7d4e1c6bced4",
            "sites": null
        },
        {
            "name": "Nancy Dunda",
            "title": "Calon Bupati",
            "description": null,
            "profilePic": "",
            "communityID": "be6e722f-f2a1-42a7-9f65-7d4e1c6bced4",
            "sites": null
        },
        {
            "name": "Sulaiman Husen",
            "title": "Calon Bupati",
            "description": null,
            "profilePic": "",
            "communityID": "be6e722f-f2a1-42a7-9f65-7d4e1c6bced4",
            "sites": null
        }
    ],
    "source": "https://id.wikipedia.org/wiki/Pemilihan_umum_Bupati_Banggai_Kepulauan_2024",
    "path": "kabupaten-banggai-kepulauan"
}