{
    "title": "Pemilihan umum Bupati Humbang Hasundutan 2024",
    "region": "Humbang Hasundutan",
    "level": "KABUPATEN",
    "path": "kabupaten-humbang-hasundutan",
    "source": "https://id.wikipedia.org/wiki/Pemilihan_umum_Bupati_Humbang_Hasundutan_2024",
    "communityID": "82623637-5d13-49b9-bc55-0e81fd60281e",
    "candidates": [
        {
            "name": "Oloan Paniaran Nababan",
            "description": "Oloan Paniaran Nababan, S.H., M.H. (lahir 14 November 1974) adalah Wakil Bupati Humbang Hasundutan periode 2021\u20142024. Ia adalah wakil dari Bupati Humbang Hasundutan, Dosmar Banjarnahor.\n",
            "profilePic": "https://upload.wikimedia.org/wikipedia/commons/5/58/BUPATI_WAKIL_BUPATI_6.jpg",
            "title": "Wakil Bupati Humbang Hasundutan",
            "sites": {
                "name": "Wikipedia",
                "url": "https://id.wikipedia.org/wiki/Oloan_Paniaran_Nababan"
            },
            "communityID": "82623637-5d13-49b9-bc55-0e81fd60281e"
        },
        {
            "name": "Saut Parlindungan Simamora",
            "description": "Saut Parlindungan Simamora (lahir 9 September 1954) adalah Wakil Bupati Kabupaten Humbang Hasundutan, Sumatera Utara periode 2016\u20142021. Ia adalah wakil dari Bupati Humbang Hasundutan, Dosmar Banjarnahor.\n",
            "profilePic": "https://upload.wikimedia.org/wikipedia/commons/thumb/8/80/Wakil_Bupati_Humbang_Hasundutan_Saut_Parlindungan_Simamora.jpg/1200px-Wakil_Bupati_Humbang_Hasundutan_Saut_Parlindungan_Simamora.jpg",
            "title": "Mantan Wakil Bupati Humbang Hasundutan",
            "sites": {
                "name": "Wikipedia",
                "url": "https://id.wikipedia.org/wiki/Saut_Parlindungan_Simamora"
            },
            "communityID": "82623637-5d13-49b9-bc55-0e81fd60281e"
        },
        {
            "name": "Marganti Manullang",
            "description": "Drs. Marganti Manullang (lahir 24 Januari 1955)  adalah Wakil Bupati Humbang Hasundutan yang menjabat dua periode yakni 2005-2010 dan 2010-2015 mendamping Bupati Maddin Sihombing.[1]\n",
            "profilePic": "https://upload.wikimedia.org/wikipedia/id/7/70/Marganti-manullang-bio-235x300.jpg",
            "title": "Mantan Wakil Bupati Humbang Hasundutan",
            "sites": {
                "name": "Wikipedia",
                "url": "https://id.wikipedia.org/wiki/Marganti_Manullang"
            },
            "communityID": "82623637-5d13-49b9-bc55-0e81fd60281e"
        },
        {
            "name": "Tiarsen Buaton",
            "description": "Brigadir Jenderal TNI (Purn.) Dr. Tiarsen Buaton, S.H., LL.M. (lahir 15 Agustus 1963) adalah seorang purnawirawan TNI-AD yang terakhir kali menjabat sebagai Tua STHM Ditkumad.[1]\n",
            "profilePic": "",
            "title": null,
            "sites": {
                "name": "Wikipedia",
                "url": "https://id.wikipedia.org/wiki/Tiarsen_Buaton"
            },
            "communityID": "82623637-5d13-49b9-bc55-0e81fd60281e"
        },
        {
            "name": "Lamhot Sinaga",
            "description": "Ir. Lamhot Sinaga (lahir 8 Februari 1973) adalah politikus Indonesia yang menjabat sebagai anggota DPR-RI periode 2019\u20132024. Ia mewakili daerah pemilihan Sumatera Utara II. Lamhot merupakan kader Partai Golongan Karya dan sekarang bertugas sebagai anggota Komisi VII DPR RI.\n",
            "profilePic": "https://upload.wikimedia.org/wikipedia/commons/thumb/0/07/Ir._LAMHOT_SINAGA.jpg/1200px-Ir._LAMHOT_SINAGA.jpg",
            "title": "Anggota DPR RI",
            "sites": {
                "name": "Wikipedia",
                "url": "https://id.wikipedia.org/wiki/Lamhot_Sinaga"
            },
            "communityID": "82623637-5d13-49b9-bc55-0e81fd60281e"
        },
        {
            "name": "Ramses Lumban Gaol",
            "description": "",
            "profilePic": "",
            "title": "Ketua DPRD Kab. Humbang Hasundutan",
            "sites": {},
            "communityID": "82623637-5d13-49b9-bc55-0e81fd60281e"
        },
        {
            "name": "Manuel Simbolon",
            "description": "",
            "profilePic": "",
            "title": "Vice-Chairperson of World Student Christian Federation",
            "sites": {},
            "communityID": "82623637-5d13-49b9-bc55-0e81fd60281e"
        },
        {
            "name": "Daniel Banjarnahor",
            "description": "",
            "profilePic": "",
            "title": "Anggota DPRD Kab. Humbang Hasundutan",
            "sites": {},
            "communityID": "82623637-5d13-49b9-bc55-0e81fd60281e"
        },
        {
            "name": "Marolop Manik",
            "description": "",
            "profilePic": "",
            "title": "Wakil Ketua DPRD Kab. Humbang Hasundutan",
            "sites": {},
            "communityID": "82623637-5d13-49b9-bc55-0e81fd60281e"
        },
        {
            "name": "Marsono Simamora",
            "description": "",
            "profilePic": "",
            "title": "Anggota DPRD Kab. Humbang Hasundutan",
            "sites": {},
            "communityID": "82623637-5d13-49b9-bc55-0e81fd60281e"
        },
        {
            "name": "Mombang Sihite",
            "description": "",
            "profilePic": "",
            "title": "CEO PT Azbil Berca Indonesia",
            "sites": {},
            "communityID": "82623637-5d13-49b9-bc55-0e81fd60281e"
        },
        {
            "name": "Harry Marbun",
            "description": "",
            "profilePic": "",
            "title": "Ketua DPD Golkar Humbahas",
            "sites": {},
            "communityID": "82623637-5d13-49b9-bc55-0e81fd60281e"
        },
        {
            "name": "Nahot Simanullang SH, SM, CLAP",
            "description": "",
            "profilePic": "",
            "title": "SM",
            "sites": {},
            "communityID": "82623637-5d13-49b9-bc55-0e81fd60281e"
        }
    ]
}