{
    "title": "Pemilihan umum Bupati Aceh Besar 2024",
    "region": "Aceh Besar",
    "level": "KABUPATEN",
    "path": "kabupaten-aceh-besar",
    "source": "https://id.wikipedia.org/wiki/Pemilihan_umum_Bupati_Aceh_Besar_2024",
    "communityID": "81e72ae6-d5f2-4a9a-99fb-8ffeda206ec2",
    "candidates": [
        {
            "name": "dr. Mahfudhdinsyah",
            "description": "",
            "profilePic": "",
            "title": "Instagram @mahfudozil; Aktivis Sosial Media Nasional",
            "sites": {},
            "communityID": "81e72ae6-d5f2-4a9a-99fb-8ffeda206ec2"
        }
    ]
}