{
    "title": "Pemilihan umum Bupati Mamuju Tengah 2024",
    "region": "Mamuju Tengah",
    "level": "KABUPATEN",
    "candidates": [
        {
            "name": "Muhammad Amin Jasa",
            "title": "Calon Bupati",
            "description": null,
            "profilePic": "",
            "communityID": "ac17b9dd-f40c-4faa-9323-3ade9e9a69c4",
            "sites": null
        },
        {
            "name": "Arsal Aras",
            "title": "Calon Bupati",
            "description": null,
            "profilePic": "",
            "communityID": "ac17b9dd-f40c-4faa-9323-3ade9e9a69c4",
            "sites": null
        },
        {
            "name": "Yulius Sanusi",
            "title": "Calon Bupati",
            "description": null,
            "profilePic": "",
            "communityID": "ac17b9dd-f40c-4faa-9323-3ade9e9a69c4",
            "sites": null
        },
        {
            "name": "Arwan M. Aras Tammauni",
            "title": "Calon Bupati",
            "description": "Arwan M. Aras Tammauni (lahir 8 September 1984) adalah seorang politikus Indonesia. Saat ini ia menjabat sebagai Anggota DPR RI mewakili daerah pemilihan Sulawesi Barat dari Partai Demokrasi Indonesia Perjuangan (PDI-P).",
            "profilePic": "https://upload.wikimedia.org/wikipedia/commons/thumb/a/a1/Arwan_M._Aras_Tammauni.jpg/220px-Arwan_M._Aras_Tammauni.jpg",
            "communityID": "ac17b9dd-f40c-4faa-9323-3ade9e9a69c4",
            "sites": {
                "name": "Wikipedia",
                "url": "https://id.wikipedia.org/wiki/Arwan_M._Aras_Tammauni"
            }
        },
        {
            "name": "Askary Anwar",
            "title": "Calon Bupati",
            "description": null,
            "profilePic": "",
            "communityID": "ac17b9dd-f40c-4faa-9323-3ade9e9a69c4",
            "sites": null
        },
        {
            "name": "Sahrul Sukardi",
            "title": "Calon Bupati",
            "description": null,
            "profilePic": "",
            "communityID": "ac17b9dd-f40c-4faa-9323-3ade9e9a69c4",
            "sites": null
        },
        {
            "name": "Safaruddin Sanusi DM",
            "title": "Calon Bupati",
            "description": null,
            "profilePic": "",
            "communityID": "ac17b9dd-f40c-4faa-9323-3ade9e9a69c4",
            "sites": null
        },
        {
            "name": "Mansyur",
            "title": "Calon Bupati",
            "description": "Mayor Jenderal TNI (Purn). Ir. H. Mansyur (11 Juli 1942\u00a0\u2013\u00a023 Juli 2017) adalah seorang Purnawirawan perwira tinggi TNI Angkatan Darat, yang merupakan lulusan Akademi Militer Nasional tahun 1965. Ia pernah menjabat sebagai Aspers Kasum ABRI (1992), setelah pensiun dari dinas kemiliteran, kemudian Mansyur menjadi anggota Dewan Perwakilan Rakyat (DPR) hingga tahun 1999. Pada tahun 2010 Mansyur mendirikan Yayasan dan Panti Sosial Asuhan Anak Daarul Hasanah di daerah kelahirannya Karawang, Jawa Barat. Selain aktif dalam pengelolaan Yayasan dan Panti Daarul Hasanah, ia juga terlibat di Yayasan Pembina Perguruan Tinggi Pangkal Perjuangan (YPPTPP) - Universitas Singaperbangsa (Unsika) Karawang, dan Universitas Buana Perjuangan (UBP) Karawang.",
            "profilePic": "https://upload.wikimedia.org/wikipedia/commons/thumb/6/63/Ir.H._Mansyur.jpg/220px-Ir.H._Mansyur.jpg",
            "communityID": "ac17b9dd-f40c-4faa-9323-3ade9e9a69c4",
            "sites": {
                "name": "Wikipedia",
                "url": "https://id.wikipedia.org/wiki/Mansyur"
            }
        },
        {
            "name": "Siti Suraidah Suhardi",
            "title": "Calon Bupati",
            "description": "Sitti Suraidah Suhardi (lahir 30 Juli 1986) adalah seorang politikus Indonesia. Lahir di Mamuju, ia adalah anak kedua dari tujuh bersaudara dari pasangan Suhardi Duka, dan adik dari Sitti Sutinah Suhardi (Bupati Mamuju). Ia bergabung di Partai Demokrat pada tahun 2006 dan menjadi sebagai Bendahara partai tersebut pada tahun 2007.",
            "profilePic": "https://upload.wikimedia.org/wikipedia/commons/thumb/3/3c/Suraidah_Tokoh_Mandar.jpg/200px-Suraidah_Tokoh_Mandar.jpg",
            "communityID": "ac17b9dd-f40c-4faa-9323-3ade9e9a69c4",
            "sites": {
                "name": "Wikipedia",
                "url": "https://id.wikipedia.org/wiki/Siti_Suraidah_Suhardi"
            }
        },
        {
            "name": "Haris Sindring",
            "title": "Calon Bupati",
            "description": null,
            "profilePic": "",
            "communityID": "ac17b9dd-f40c-4faa-9323-3ade9e9a69c4",
            "sites": null
        },
        {
            "name": "Fathahuddin Al Gafiqhi",
            "title": "Calon Bupati",
            "description": null,
            "profilePic": "",
            "communityID": "ac17b9dd-f40c-4faa-9323-3ade9e9a69c4",
            "sites": null
        },
        {
            "name": "Safaruddin Sanusi",
            "title": "Calon Bupati",
            "description": null,
            "profilePic": "",
            "communityID": "ac17b9dd-f40c-4faa-9323-3ade9e9a69c4",
            "sites": null
        }
    ],
    "source": "https://id.wikipedia.org/wiki/Pemilihan_umum_Bupati_Mamuju_Tengah_2024",
    "path": "kabupaten-mamuju-tengah"
}