{
    "title": "Pemilihan umum Bupati Halmahera Utara 2024",
    "region": "Halmahera Utara",
    "level": "KABUPATEN",
    "candidates": [
        {
            "name": "Muchlis Tapi Tapi",
            "title": "Calon Bupati",
            "description": "Muchlis Tapi Tapi adalah seorang politikus Indonesia. Ia menjabat sebagai Wakil Bupati Halmahera Utara selama dua periode. Ia didorong oleh Partai Nasdem untuk maju dalam pemilihan umum Bupati Halmahera Utara 2024.",
            "profilePic": "https://upload.wikimedia.org/wikipedia/commons/thumb/f/fc/Muchlis_Tapi_Tapi.jpg/220px-Muchlis_Tapi_Tapi.jpg",
            "communityID": "946e9e16-fe1b-4e18-8a5e-5c6685097d13",
            "sites": {
                "name": "Wikipedia",
                "url": "https://id.wikipedia.org/wiki/Muchlis_Tapi_Tapi"
            }
        },
        {
            "name": "Joel B. Wagono",
            "title": "Calon Bupati",
            "description": null,
            "profilePic": "",
            "communityID": "946e9e16-fe1b-4e18-8a5e-5c6685097d13",
            "sites": null
        },
        {
            "name": "Johan Josias Manery",
            "title": "Calon Bupati",
            "description": null,
            "profilePic": "",
            "communityID": "946e9e16-fe1b-4e18-8a5e-5c6685097d13",
            "sites": null
        }
    ],
    "source": "https://id.wikipedia.org/wiki/Pemilihan_umum_Bupati_Halmahera_Utara_2024",
    "path": "kabupaten-halmahera-utara"
}