{
    "title": "Pemilihan umum Bupati Sampang 2024",
    "region": "Sampang",
    "level": "KABUPATEN",
    "candidates": [
        {
            "name": "Slamet Junaidi",
            "title": "Calon Bupati",
            "description": "H. Slamet Junaidi, S.IP (lahir 17 Agustus 1972) adalah politisi Partai NasDem yang menjabat sebagai Bupati Sampang periode 2019-2024.",
            "profilePic": "https://upload.wikimedia.org/wikipedia/commons/thumb/2/20/H._Slamet_Junaidi.jpg/150px-H._Slamet_Junaidi.jpg",
            "communityID": "4e5d2003-e0c2-4076-b8fe-c16bbec099fc",
            "sites": {
                "name": "Wikipedia",
                "url": "https://id.wikipedia.org/wiki/Slamet_Junaidi"
            }
        },
        {
            "name": "Abdullah Hidayat",
            "title": "Calon Bupati",
            "description": "Abdullah Hidayat (lahir 10 Oktober 1984) adalah seorang politikus Indonesia kelahiran Sampang. Ia menikah dengan Vanny Dariyani. Ia menyelesaikan studi magister (S2) dan wisuda bersama istrinya di STIE Mahardhika Surabaya. Ia menjadi kepala desa di Desa Bringin Nonggal, Kecamatan Torjun, Kabupaten Sampang dari 2013 sampai 2018. Ia menjadi ketua umum asosiasi kepala desa se-Kabupaten Sampang dari 2016 sampai 2019. Ia juga merangkap menjadi ketua umum Persesa Sampang dari 2015. Dari 30 Januari 2019, ia menjabat sebagai Wakil Bupati Sampang mendampingi Slamet Junaidi selaku Bupati Sampang.",
            "profilePic": "https://upload.wikimedia.org/wikipedia/commons/thumb/c/c4/Wakil_Bupati_Abdullah_Hidayat.jpg/220px-Wakil_Bupati_Abdullah_Hidayat.jpg",
            "communityID": "4e5d2003-e0c2-4076-b8fe-c16bbec099fc",
            "sites": {
                "name": "Wikipedia",
                "url": "https://id.wikipedia.org/wiki/Abdullah_Hidayat"
            }
        },
        {
            "name": "Hermanto Subaidi",
            "title": "Calon Bupati",
            "description": null,
            "profilePic": "",
            "communityID": "4e5d2003-e0c2-4076-b8fe-c16bbec099fc",
            "sites": null
        },
        {
            "name": "Slamet Ariyadi",
            "title": "Calon Bupati",
            "description": "Slamet Ariyadi, S.Psi. (lahir 30 September 1990) adalah politikus Indonesia yang menjabat sebagai anggota DPR-RI periode 2019\u20132024. Ia mewakili daerah pemilihan Jawa Timur XI, yang meliputi Kabupaten Bangkalan, Kabupaten Pamekasan, Kabupaten Sampang, dan Kabupaten Sumenep. Slamet merupakan kader Partai Amanat Nasional, ia bertugas di Komisi IV.",
            "profilePic": "https://upload.wikimedia.org/wikipedia/commons/thumb/3/38/Anggota_DPR_Slamet_Ariyadi.jpg/220px-Anggota_DPR_Slamet_Ariyadi.jpg",
            "communityID": "4e5d2003-e0c2-4076-b8fe-c16bbec099fc",
            "sites": {
                "name": "Wikipedia",
                "url": "https://id.wikipedia.org/wiki/Slamet_Ariyadi"
            }
        },
        {
            "name": "Hadi Sumitro",
            "title": "Calon Bupati",
            "description": null,
            "profilePic": "",
            "communityID": "4e5d2003-e0c2-4076-b8fe-c16bbec099fc",
            "sites": null
        },
        {
            "name": "Muhammad Bin Muafi Zaini",
            "title": "Calon Bupati",
            "description": null,
            "profilePic": "",
            "communityID": "4e5d2003-e0c2-4076-b8fe-c16bbec099fc",
            "sites": null
        },
        {
            "name": "Mohammad Ashari",
            "title": "Calon Bupati",
            "description": null,
            "profilePic": "",
            "communityID": "4e5d2003-e0c2-4076-b8fe-c16bbec099fc",
            "sites": null
        },
        {
            "name": "Masfufah",
            "title": "Calon Bupati",
            "description": null,
            "profilePic": "",
            "communityID": "4e5d2003-e0c2-4076-b8fe-c16bbec099fc",
            "sites": null
        },
        {
            "name": "Mohammad Faruk",
            "title": "Calon Bupati",
            "description": null,
            "profilePic": "",
            "communityID": "4e5d2003-e0c2-4076-b8fe-c16bbec099fc",
            "sites": null
        },
        {
            "name": "Toipul Minan",
            "title": "Calon Bupati",
            "description": null,
            "profilePic": "",
            "communityID": "4e5d2003-e0c2-4076-b8fe-c16bbec099fc",
            "sites": null
        },
        {
            "name": "Fadol",
            "title": "Calon Bupati",
            "description": null,
            "profilePic": "",
            "communityID": "4e5d2003-e0c2-4076-b8fe-c16bbec099fc",
            "sites": null
        },
        {
            "name": "Itqom Bushiri",
            "title": "Calon Bupati",
            "description": null,
            "profilePic": "",
            "communityID": "4e5d2003-e0c2-4076-b8fe-c16bbec099fc",
            "sites": null
        },
        {
            "name": "Pardi",
            "title": "Calon Bupati",
            "description": null,
            "profilePic": "",
            "communityID": "4e5d2003-e0c2-4076-b8fe-c16bbec099fc",
            "sites": null
        },
        {
            "name": "Gus Khoiron Zaini",
            "title": "Calon Bupati",
            "description": null,
            "profilePic": "",
            "communityID": "4e5d2003-e0c2-4076-b8fe-c16bbec099fc",
            "sites": null
        }
    ],
    "source": "https://id.wikipedia.org/wiki/Pemilihan_umum_Bupati_Sampang_2024",
    "path": "kabupaten-sampang"
}