{
    "title": "Pemilihan umum Bupati Lombok Timur 2024",
    "region": "Lombok Timur",
    "level": "KABUPATEN",
    "path": "kabupaten-lombok-timur",
    "source": "https://id.wikipedia.org/wiki/Pemilihan_umum_Bupati_Lombok_Timur_2024",
    "communityID": "e268ce02-d342-4bbe-a821-82d81710fe68",
    "candidates": [
        {
            "name": "Rumaksi",
            "description": "Rumaksi Sj(lahir 22 Juli 1951) adalah Wakil Bupati Lombok Timur periode 2018-sekarang. Sebelum menjabat Wakil Bupati Lombok Timur H. Rumaksi merupakan Anggota DPRD Provinsi NTB dua periode dari Partai Hanura dari tahun 2009 hingga tahun 2019. Pada tahun 2019 ia di tunjuk sebagai Ketua DPD Partai Nasdem oleh Surya Paloh, Pada saat ini ia mendampingi Bupati M. Sukiman Azmy berhasil memenangkan pemilu Kabupaten Lombok Timur tahun 2018.\n",
            "profilePic": "https://upload.wikimedia.org/wikipedia/commons/9/99/RUMAKSI.png",
            "title": "Wakil Bupati Lombok Timur",
            "sites": {
                "name": "Wikipedia",
                "url": "https://id.wikipedia.org/wiki/Rumaksi"
            },
            "communityID": "e268ce02-d342-4bbe-a821-82d81710fe68"
        },
        {
            "name": "Haerul Warisin",
            "description": "",
            "profilePic": "",
            "title": "Anggota DPRD Prov. NTB",
            "sites": {},
            "communityID": "e268ce02-d342-4bbe-a821-82d81710fe68"
        },
        {
            "name": "Achmad Sukisman Azmy",
            "description": "",
            "profilePic": "",
            "title": "Anggota DPD-RI",
            "sites": {},
            "communityID": "e268ce02-d342-4bbe-a821-82d81710fe68"
        },
        {
            "name": "Baiq Isvie Rupaeda",
            "description": "Hj. Baiq Isvie Rupaeda, S.H., M.H., (lahir 1 September 1962) adalah politikus perempuan Partai Golongan Karya yang berasal dari Nusa Tenggara Barat. Ia menjabat sebagai Ketua DPRD Provinsi Nusa Tenggara Barat sejak 15 Juli 2016 . Isvie merupakan perempuan pertama yang menduduki posisi tersebut.[1] Sebelum menjadi Ketua dan Anggota DPRD NTB, Isvie pernah menjadi Anggota MPR RI periode 1999-2004.[2]\n",
            "profilePic": "https://upload.wikimedia.org/wikipedia/commons/thumb/b/bf/Anggota_DPRD_Nusa_Tenggara_Barat_Baiq_Isvie_Rupaeda.jpg/1200px-Anggota_DPRD_Nusa_Tenggara_Barat_Baiq_Isvie_Rupaeda.jpg",
            "title": "Ketua DPRD Prov. NTB",
            "sites": {
                "name": "Wikipedia",
                "url": "https://id.wikipedia.org/wiki/Baiq_Isvie_Rupaeda"
            },
            "communityID": "e268ce02-d342-4bbe-a821-82d81710fe68"
        },
        {
            "name": "Abdul Hadi.",
            "description": "",
            "profilePic": "",
            "title": "Anggota DPRD Prov. NTB",
            "sites": {},
            "communityID": "e268ce02-d342-4bbe-a821-82d81710fe68"
        },
        {
            "name": "TGH Mahalli Fikri",
            "description": "",
            "profilePic": "",
            "title": "Anggota DPRD Prov. NTB",
            "sites": {},
            "communityID": "e268ce02-d342-4bbe-a821-82d81710fe68"
        },
        {
            "name": "M. Syamsul Luthfi",
            "description": "",
            "profilePic": "",
            "title": "Anggota DPR-RI",
            "sites": {},
            "communityID": "e268ce02-d342-4bbe-a821-82d81710fe68"
        },
        {
            "name": "Usmar Iwan Surumbian",
            "description": "",
            "profilePic": "",
            "title": "Mantan Anggota DPRD Prov. NTB",
            "sites": {},
            "communityID": "e268ce02-d342-4bbe-a821-82d81710fe68"
        },
        {
            "name": "Lale Syifaun Nufus",
            "description": "",
            "profilePic": "",
            "title": "Ketua PP Muslimat Nahdlatul Wathan",
            "sites": {},
            "communityID": "e268ce02-d342-4bbe-a821-82d81710fe68"
        },
        {
            "name": "TGH. Wildan Dzikrullah",
            "description": "",
            "profilePic": "",
            "title": "Anggota DPRD Kab. Lombok Timur",
            "sites": {},
            "communityID": "e268ce02-d342-4bbe-a821-82d81710fe68"
        },
        {
            "name": "Daeng Paelori",
            "description": "",
            "profilePic": "",
            "title": "Wakil Ketua DPRD Kab. Lombok Timur",
            "sites": {},
            "communityID": "e268ce02-d342-4bbe-a821-82d81710fe68"
        },
        {
            "name": "Tanwirul Anhar",
            "description": "",
            "profilePic": "",
            "title": "Anggota DPRD Kab. Lombok Timur",
            "sites": {},
            "communityID": "e268ce02-d342-4bbe-a821-82d81710fe68"
        },
        {
            "name": "Najamuddin Moestafa",
            "description": "",
            "profilePic": "",
            "title": "Anggota DPRD Prov. NTB",
            "sites": {},
            "communityID": "e268ce02-d342-4bbe-a821-82d81710fe68"
        }
    ]
}