{
    "title": "Pemilihan umum Bupati Takalar 2024",
    "region": "Takalar",
    "level": "KABUPATEN",
    "path": "kabupaten-takalar",
    "source": "https://id.wikipedia.org/wiki/Pemilihan_umum_Bupati_Takalar_2024",
    "communityID": "0f026bf6-9ece-4f21-ad1a-fbbb54c923e7",
    "candidates": [
        {
            "name": "Makmur Mustakim Daeng Lewa",
            "description": "",
            "profilePic": "",
            "title": "Mantan anggota DPRD Kabupaten Takalar",
            "sites": {},
            "communityID": "0f026bf6-9ece-4f21-ad1a-fbbb54c923e7"
        },
        {
            "name": "Mohammad Firdaus Daeng Manye",
            "description": "",
            "profilePic": "",
            "title": "Profesional karir",
            "sites": {},
            "communityID": "0f026bf6-9ece-4f21-ad1a-fbbb54c923e7"
        },
        {
            "name": "Hengky Yasin",
            "description": "",
            "profilePic": "",
            "title": "Anggota DPRD Kabupaten Takalar",
            "sites": {},
            "communityID": "0f026bf6-9ece-4f21-ad1a-fbbb54c923e7"
        },
        {
            "name": "Ahmad Daeng Tonang",
            "description": "",
            "profilePic": "",
            "title": "Pengusaha dan tokoh masyarakat",
            "sites": {},
            "communityID": "0f026bf6-9ece-4f21-ad1a-fbbb54c923e7"
        },
        {
            "name": "Irwan Iskandar",
            "description": "",
            "profilePic": "",
            "title": "Pendiri pesantren Tahfidz Al Fatih Kalenna",
            "sites": {},
            "communityID": "0f026bf6-9ece-4f21-ad1a-fbbb54c923e7"
        }
    ]
}