{
    "title": "Pemilihan umum Bupati Musi Banyuasin 2024",
    "region": "Musi Banyuasin",
    "level": "KABUPATEN",
    "candidates": [
        {
            "name": "Beni Hernedi",
            "title": "Calon Bupati",
            "description": "Beni Hernedi, S.I.P. (lahir 5 Desember 1976) adalah politikus Indonesia yang saat ini menjabat sebagai Bupati Musi Banyuasin, terhitung sejak 18 Oktober 2021 hingga 30 Mei 2022 menggantikan Dodi Reza Alex Noerdin. Sebelumnya, ia menjabat sebagai Wakil Bupati Musi Banyuasin dari 15 Januari 2012 hingga 24 Desember 2015, kemudian terpilih kembali menjadi Wakil Bupati Musi Banyuasin periode kedua dari 22 Mei 2017 sampai 15 Oktober 2021.",
            "profilePic": "https://upload.wikimedia.org/wikipedia/commons/thumb/9/9e/Beni_hernedi_Regent_of_Musi_Banyuasin_and_Deputy_Regent_of_Musi_Banyuasin.jpg/230px-Beni_hernedi_Regent_of_Musi_Banyuasin_and_Deputy_Regent_of_Musi_Banyuasin.jpg",
            "communityID": "d5686ebe-19ec-40ea-bd1f-ad7d87ccf7d9",
            "sites": {
                "name": "Wikipedia",
                "url": "https://id.wikipedia.org/wiki/Beni_Hernedi"
            }
        },
        {
            "name": "Lucianty Pahri",
            "title": "Calon Bupati",
            "description": null,
            "profilePic": "",
            "communityID": "d5686ebe-19ec-40ea-bd1f-ad7d87ccf7d9",
            "sites": null
        },
        {
            "name": "Uzer Effendi",
            "title": "Calon Bupati",
            "description": "H. Uzer Effendi, M.S. (lahir 7 Juni 1958) adalah Anggota DPRD Sumatera Selatan Fraksi PDIP periode 2014\u20142019. Uzer pernah menjabat sebagai Ketua DPRD Musi Banyuasin periode 2009\u20142014.",
            "profilePic": "https://upload.wikimedia.org/wikipedia/commons/thumb/f/f0/KPU_Uzer_Effendi.jpg/220px-KPU_Uzer_Effendi.jpg",
            "communityID": "d5686ebe-19ec-40ea-bd1f-ad7d87ccf7d9",
            "sites": {
                "name": "Wikipedia",
                "url": "https://id.wikipedia.org/wiki/Uzer_Effendi"
            }
        },
        {
            "name": "Erini Mutia Yufada",
            "title": "Calon Bupati",
            "description": null,
            "profilePic": "",
            "communityID": "d5686ebe-19ec-40ea-bd1f-ad7d87ccf7d9",
            "sites": null
        },
        {
            "name": "Apriyadi",
            "title": "Calon Bupati",
            "description": "Drs. H. Apriyadi Mahmud, M.Si. (lahir 6 November 1967) adalah seorang birokrat Indonesia yang saat ini menjabat sebagai Penjabat Bupati Kabupaten Musi Banyuasin yang menjabat sejak 30 Mei 2022. Ia pernah menjabat sebagai Penjabat Bupati Penukal Abab Lematang Ilir periode 2015\u20132016.",
            "profilePic": "https://upload.wikimedia.org/wikipedia/commons/thumb/4/4b/Lambang_Kabupaten_Musi_Banyuasin.png/50px-Lambang_Kabupaten_Musi_Banyuasin.png",
            "communityID": "d5686ebe-19ec-40ea-bd1f-ad7d87ccf7d9",
            "sites": {
                "name": "Wikipedia",
                "url": "https://id.wikipedia.org/wiki/Apriyadi"
            }
        },
        {
            "name": "Lury Elza Alex Noerdin",
            "title": "Calon Bupati",
            "description": null,
            "profilePic": "",
            "communityID": "d5686ebe-19ec-40ea-bd1f-ad7d87ccf7d9",
            "sites": null
        },
        {
            "name": "Junsak Hasanudin",
            "title": "Calon Bupati",
            "description": null,
            "profilePic": "",
            "communityID": "d5686ebe-19ec-40ea-bd1f-ad7d87ccf7d9",
            "sites": null
        },
        {
            "name": "Ade Karyana",
            "title": "Calon Bupati",
            "description": null,
            "profilePic": "",
            "communityID": "d5686ebe-19ec-40ea-bd1f-ad7d87ccf7d9",
            "sites": null
        },
        {
            "name": "Zoelkarnain Noerdin",
            "title": "Calon Bupati",
            "description": null,
            "profilePic": "",
            "communityID": "d5686ebe-19ec-40ea-bd1f-ad7d87ccf7d9",
            "sites": null
        },
        {
            "name": "Agung Firman Sampurna",
            "title": "Calon Bupati",
            "description": "Dr. Agung Firman Sampurna, S.E., M.A.P., CSFA., CFrA., CGCAE., QGIA. (lahir 19 November 1971) adalah birokrat Indonesia yang menjabat Ketua Badan Pemeriksa Keuangan Republik Indonesia antara tahun 2019 dan 2022. Agung terpilih secara aklamasi oleh sembilan anggota BPK menggantikan Moermahadi Soerja Djanegara. Sebelumnya, ia menjabat sebagai Anggota I BPK-RI periode 2014\u20132019, Anggota III (2012\u20132013), dan Anggota V (2013\u20132014).",
            "profilePic": "https://upload.wikimedia.org/wikipedia/commons/thumb/a/a3/Ketua_BPK_RI_Agung_Firman_Sampurna.jpg/220px-Ketua_BPK_RI_Agung_Firman_Sampurna.jpg",
            "communityID": "d5686ebe-19ec-40ea-bd1f-ad7d87ccf7d9",
            "sites": {
                "name": "Wikipedia",
                "url": "https://id.wikipedia.org/wiki/Agung_Firman_Sampurna"
            }
        },
        {
            "name": "Amiri Aripin, Ketua Partai Nasdem Muba",
            "title": "Calon Bupati",
            "description": null,
            "profilePic": "",
            "communityID": "d5686ebe-19ec-40ea-bd1f-ad7d87ccf7d9",
            "sites": null
        },
        {
            "name": "Islan Hanura",
            "title": "Calon Bupati",
            "description": "H. Islan Hanura, S.T., M.M. (lahir 21 September 1966) adalah Wakil Ketua DPRD Musi Banyuasin periode 2014\u20132015.",
            "profilePic": "",
            "communityID": "d5686ebe-19ec-40ea-bd1f-ad7d87ccf7d9",
            "sites": {
                "name": "Wikipedia",
                "url": "https://id.wikipedia.org/wiki/Islan_Hanura"
            }
        },
        {
            "name": "Aris febriansah.SH,.MH ",
            "title": "Calon Bupati",
            "description": null,
            "profilePic": "",
            "communityID": "d5686ebe-19ec-40ea-bd1f-ad7d87ccf7d9",
            "sites": null
        }
    ],
    "source": "https://id.wikipedia.org/wiki/Pemilihan_umum_Bupati_Musi_Banyuasin_2024",
    "path": "kabupaten-musi-banyuasin"
}