{
    "title": "Pemilihan umum Bupati Tegal 2024",
    "region": "Tegal",
    "level": "KABUPATEN",
    "candidates": [
        {
            "name": "Umi Azizah",
            "title": "Calon Bupati",
            "description": "Hj. Umi Azizah (lahir di Bojong, Tegal, 1960; umur 64 tahun) adalah bupati Kabupaten Tegal yang menjabat sejak 8 Januari 2019.",
            "profilePic": "https://upload.wikimedia.org/wikipedia/commons/thumb/6/6e/Umi_Azizah.jpg/200px-Umi_Azizah.jpg",
            "communityID": "915eddd6-4744-4c58-8338-ef635552ece5",
            "sites": {
                "name": "Wikipedia",
                "url": "https://id.wikipedia.org/wiki/Umi_Azizah"
            }
        },
        {
            "name": "Sabilillah Ardie",
            "title": "Calon Bupati",
            "description": "H. Sabilillah Ardie, B.Sc., (lahir 28 Oktober 1983) adalah Wakil Bupati Tegal periode 2019 \u2013 2024. Pria yang akrab disapa Ardie ini adalah putra pertama dari pasangan H. Bachrudin Nasori, S.Si dan Hj. Deny Mardiany. Ardie berhasil menjadi wakil Bupati Tegal pada Pemilihan Kepala Daerah (Pilkada) serentak pada tahun 2018 berpasangan dengan Dra. Hj. Umi Azizah dengan memperoleh sebanyak 518.017 suara atau 70,94 persen mengalahkan kompetitornya Haron Bagas Prakosa \u2013 Drajat yang memperoleh 148.000 atau 20,27 persen dan Rusbandi \u2013 Fatkhudin dengan 64.155 suara atau 8,79 persen.",
            "profilePic": "https://upload.wikimedia.org/wikipedia/commons/thumb/b/b2/Shield_of_Tegal_Regency.svg/50px-Shield_of_Tegal_Regency.svg.png",
            "communityID": "915eddd6-4744-4c58-8338-ef635552ece5",
            "sites": {
                "name": "Wikipedia",
                "url": "https://id.wikipedia.org/wiki/Sabilillah_Ardie"
            }
        },
        {
            "name": "Ninik Budiarti",
            "title": "Calon Bupati",
            "description": null,
            "profilePic": "",
            "communityID": "915eddd6-4744-4c58-8338-ef635552ece5",
            "sites": null
        },
        {
            "name": "Muhammad Khuzaeni",
            "title": "Calon Bupati",
            "description": null,
            "profilePic": "",
            "communityID": "915eddd6-4744-4c58-8338-ef635552ece5",
            "sites": null
        },
        {
            "name": "Agus Solichin",
            "title": "Calon Bupati",
            "description": null,
            "profilePic": "",
            "communityID": "915eddd6-4744-4c58-8338-ef635552ece5",
            "sites": null
        },
        {
            "name": "Moh Edi Utomo",
            "title": "Calon Bupati",
            "description": null,
            "profilePic": "",
            "communityID": "915eddd6-4744-4c58-8338-ef635552ece5",
            "sites": null
        },
        {
            "name": "Rojikin",
            "title": "Calon Bupati",
            "description": null,
            "profilePic": "",
            "communityID": "915eddd6-4744-4c58-8338-ef635552ece5",
            "sites": null
        },
        {
            "name": "M.G. Marhaenis Manto",
            "title": "Calon Bupati",
            "description": null,
            "profilePic": "",
            "communityID": "915eddd6-4744-4c58-8338-ef635552ece5",
            "sites": null
        },
        {
            "name": "Abdul Fikri Faqih",
            "title": "Calon Bupati",
            "description": "H. Abdul Fikri Faqih, MM (lahir 17 Juli 1963) adalah politisi Indonesia dari Partai Keadilan Sejahtera (PKS). Ia saat ini menjabat sebagai anggota DPR mewakili daerah pemilihan Tegal dan Brebes. Sebelumnya, ia merupakan anggota DPRD Jawa Tengah dua periode sejak 2004 hingga 2014.",
            "profilePic": "https://upload.wikimedia.org/wikipedia/commons/thumb/e/e2/DPR_Abdul_Fikri_Faqih.jpg/220px-DPR_Abdul_Fikri_Faqih.jpg",
            "communityID": "915eddd6-4744-4c58-8338-ef635552ece5",
            "sites": {
                "name": "Wikipedia",
                "url": "https://id.wikipedia.org/wiki/Abdul_Fikri_Faqih"
            }
        },
        {
            "name": "Khurotul Jannah",
            "title": "Calon Bupati",
            "description": null,
            "profilePic": "",
            "communityID": "915eddd6-4744-4c58-8338-ef635552ece5",
            "sites": null
        },
        {
            "name": "H. Mu\u2019min",
            "title": "Calon Bupati",
            "description": null,
            "profilePic": "",
            "communityID": "915eddd6-4744-4c58-8338-ef635552ece5",
            "sites": null
        },
        {
            "name": "KRT Rosa Mulya Aji Hadipuro",
            "title": "Calon Bupati",
            "description": null,
            "profilePic": "",
            "communityID": "915eddd6-4744-4c58-8338-ef635552ece5",
            "sites": null
        },
        {
            "name": "Warsidin",
            "title": "Calon Bupati",
            "description": null,
            "profilePic": "",
            "communityID": "915eddd6-4744-4c58-8338-ef635552ece5",
            "sites": null
        }
    ],
    "source": "https://id.wikipedia.org/wiki/Pemilihan_umum_Bupati_Tegal_2024",
    "path": "kabupaten-tegal"
}