{
    "title": "Pemilihan umum Bupati Tanjung Jabung Barat 2024",
    "region": "Tanjung Jabung Barat",
    "level": "KABUPATEN",
    "path": "kabupaten-tanjung-jabung-barat",
    "source": "https://id.wikipedia.org/wiki/Pemilihan_umum_Bupati_Tanjung_Jabung_Barat_2024",
    "communityID": "e59dadfd-4131-414f-8689-7f2bd3764684",
    "candidates": [
        {
            "name": "Anwar Sadat (politikus)",
            "description": "Drs. H. Anwar Sadat, M.Ag. (lahir 21 Januari 1966) adalah Bupati Tanjung Jabung Barat periode 2021\u20132024.[1] Bersama wakilnya, Hairan, mereka berhasil memenangkan pemilihan umum Bupati Tanjung Jabung Barat 2020.[2][3]\n",
            "profilePic": "https://upload.wikimedia.org/wikipedia/commons/8/85/Bupati_Tanjabbar_Anwar_Sadat.jpg",
            "title": "Bupati Tanjung Jabung Barat periode 2021\u20132024",
            "sites": {
                "name": "Wikipedia",
                "url": "https://id.wikipedia.org/wiki/Anwar_Sadat_(bupati)"
            },
            "communityID": "e59dadfd-4131-414f-8689-7f2bd3764684"
        },
        {
            "name": "Hairan",
            "description": "H. Hairan, S.H. (lahir 22 Maret 1978) adalah Wakil Bupati Tanjung Jabung Barat periode 2021\u20142024. Ia merupakan wakil dari Bupati, Anwar Sadat.[1][2]\n",
            "profilePic": "https://upload.wikimedia.org/wikipedia/commons/e/e0/Wabup_Tanjabbar_Hairan.jpg",
            "title": "Wakil Bupati Tanjung Jabung Barat periode 2021\u20132024",
            "sites": {
                "name": "Wikipedia",
                "url": "https://id.wikipedia.org/wiki/Hairan"
            },
            "communityID": "e59dadfd-4131-414f-8689-7f2bd3764684"
        },
        {
            "name": "Ahmad Jafar",
            "description": "",
            "profilePic": "",
            "title": "Ketua DPD II Partai Golkar Kabupaten Tanjung Jabung Barat",
            "sites": {},
            "communityID": "e59dadfd-4131-414f-8689-7f2bd3764684"
        },
        {
            "name": "Faisal Riza",
            "description": "",
            "profilePic": "",
            "title": "Wakil Ketua DPRD Provinsi Jambi",
            "sites": {},
            "communityID": "e59dadfd-4131-414f-8689-7f2bd3764684"
        },
        {
            "name": "Cici Halimah Safrial",
            "description": "Cici Halimah Safrial adalah seorang politikus Indonesia. Ia merupakan istri dari Bupati Tanjung Jabung Barat periode 2016-2021 Safrial. Ia tergabung dalam Partai Demokrasi Indonesia Perjuangan. Ia menjadi anggota DPRD Tanjung Jabung Barat dari 2009 sampai 2024.[1]\n",
            "profilePic": "https://upload.wikimedia.org/wikipedia/commons/d/d8/KPU_Cici_Halimah_Safrial.jpg",
            "title": "Anggota DPRD Kabupaten Tanjung Jabung Barat",
            "sites": {
                "name": "Wikipedia",
                "url": "https://id.wikipedia.org/wiki/Cici_Halimah_Safrial"
            },
            "communityID": "e59dadfd-4131-414f-8689-7f2bd3764684"
        },
        {
            "name": "Mulyani Siregar",
            "description": "",
            "profilePic": "",
            "title": "Ketua DPC PDI-Perjuangan Kabupaten Tanjung Jabung Barat",
            "sites": {},
            "communityID": "e59dadfd-4131-414f-8689-7f2bd3764684"
        },
        {
            "name": "",
            "description": "",
            "profilePic": "",
            "title": "Ajudan Pribadi Prabowo",
            "sites": {},
            "communityID": "e59dadfd-4131-414f-8689-7f2bd3764684"
        }
    ]
}