{
    "title": "Pemilihan umum Bupati Bogor 2024",
    "region": "Bogor",
    "level": "KABUPATEN",
    "candidates": [
        {
            "name": "Iwan Setiawan",
            "title": "Calon Bupati",
            "description": "H. Iwan Setiawan, S.E. (lahir 2 Desember 1970) adalah politikus Indonesia yang pernah menjabat sebagai Bupati Bogor. Sebelumnya menjabat sebagai Wakil Bupati Bogor yang berpasangan dengan Ade Yasin ketika memenangkan Pemilihan Bupati Bogor tahun 2018. Pada Operasi Tangkap Tangan (OTT) yang dilakukan oleh Komisi Pemberantasan Korupsi pada 26-27 April 2022, Ade Yasin bersama 11 orang lainnya terjaring dalam kasus suap, di mana Ade dengan sejumlah jajarannya menggelontorkan uang sekitar 1,9 Miliar kepada beberapa pejabat BPK agar BPK memberikan predikat Wajar Tanpa Pengecualian (WTP) kepada Pemerintah Kabupaten Bogor.",
            "profilePic": "https://upload.wikimedia.org/wikipedia/commons/thumb/e/eb/Iwan_Setiawan_Bupati.jpg/220px-Iwan_Setiawan_Bupati.jpg",
            "communityID": "b427e252-58d0-40e5-a65d-77cdbbc21b1a",
            "sites": {
                "name": "Wikipedia",
                "url": "https://id.wikipedia.org/wiki/Iwan_Setiawan_(politikus)"
            }
        },
        {
            "name": "Elly Rachmat Yasin",
            "title": "Calon Bupati",
            "description": "Elly Rachmat Yasin (lahir 9 Desember 1966) adalah politikus Indonesia yang menjabat sebagai anggota DPR-RI periode 2019\u20132024. Ia mewakili daerah pemilihan Jawa Barat V, yang meliputi Kabupaten Bogor. Elly merupakan kader Partai Persatuan Pembangunan, ia bertugas di Komisi VI. Eli juga merupakan istri dari Rahmat Yasin yang pernah menjabat sebagai Bupati Bogor 2008-2014.",
            "profilePic": "https://upload.wikimedia.org/wikipedia/commons/thumb/3/38/KPU_Elly_Rachmat_Yasin.jpg/220px-KPU_Elly_Rachmat_Yasin.jpg",
            "communityID": "b427e252-58d0-40e5-a65d-77cdbbc21b1a",
            "sites": {
                "name": "Wikipedia",
                "url": "https://id.wikipedia.org/wiki/Elly_Rachmat_Yasin"
            }
        },
        {
            "name": "Ade Ruhandi",
            "title": "Calon Bupati",
            "description": "Ade Ruhandi atau yang akrab disapa Jaro Ade (lahir 7 Agustus 1973) adalah seorang politikus Indonesia. meniti kariernya sebagai Kepala Desa Cileuksa selama 10 tahun dari 1998-2008. Ia kemudian berhasil menembus parlemen dengan duduk sebagai anggota DPRD Kabupaten Bogor selama dua periode.",
            "profilePic": "",
            "communityID": "b427e252-58d0-40e5-a65d-77cdbbc21b1a",
            "sites": {
                "name": "Wikipedia",
                "url": "https://id.wikipedia.org/wiki/Ade_Ruhandi"
            }
        },
        {
            "name": "Rudy Susmanto",
            "title": "Calon Bupati",
            "description": null,
            "profilePic": "",
            "communityID": "b427e252-58d0-40e5-a65d-77cdbbc21b1a",
            "sites": null
        },
        {
            "name": "Asep Wahyuwijaya",
            "title": "Calon Bupati",
            "description": null,
            "profilePic": "",
            "communityID": "b427e252-58d0-40e5-a65d-77cdbbc21b1a",
            "sites": null
        },
        {
            "name": "Dedi Aroza,",
            "title": "Calon Bupati",
            "description": null,
            "profilePic": "",
            "communityID": "b427e252-58d0-40e5-a65d-77cdbbc21b1a",
            "sites": null
        },
        {
            "name": "Bayu Syahjohan",
            "title": "Calon Bupati",
            "description": null,
            "profilePic": "",
            "communityID": "b427e252-58d0-40e5-a65d-77cdbbc21b1a",
            "sites": null
        },
        {
            "name": "H.Tubagus A. Luthfie Syam",
            "title": "Calon Bupati",
            "description": null,
            "profilePic": "",
            "communityID": "b427e252-58d0-40e5-a65d-77cdbbc21b1a",
            "sites": null
        }
    ],
    "source": "https://id.wikipedia.org/wiki/Pemilihan_umum_Bupati_Bogor_2024",
    "path": "kabupaten-bogor"
}