{
    "title": "Pemilihan umum Bupati Manggarai Barat 2024",
    "region": "Manggarai Barat",
    "level": "KABUPATEN",
    "candidates": [
        {
            "name": "Edistasius Endi",
            "title": "Calon Bupati",
            "description": "Edistasius Endi, S.E. (lahir 25 September 1972) adalah Bupati Manggarai Barat periode 2021\u20132024. Ia menjabat sejak 26 Februari 2021 setelah dilantik Gubernur Nusa Tenggara Timur, Viktor Laiskodat di Aula Rumah Jabatan Gubernur Nusa Tenggara Timur, Kupang.",
            "profilePic": "https://upload.wikimedia.org/wikipedia/commons/thumb/8/8b/Bupati_Manggarai_Barat_Edistasius_Endi.jpg/220px-Bupati_Manggarai_Barat_Edistasius_Endi.jpg",
            "communityID": "6786d0e9-da45-4715-96fc-c14f18df4da5",
            "sites": {
                "name": "Wikipedia",
                "url": "https://id.wikipedia.org/wiki/Edistasius_Endi"
            }
        }
    ],
    "source": "https://id.wikipedia.org/wiki/Pemilihan_umum_Bupati_Manggarai_Barat_2024",
    "path": "kabupaten-manggarai-barat"
}