{
    "title": "Pemilihan umum Bupati Purworejo 2024",
    "region": "Purworejo",
    "level": "KABUPATEN",
    "candidates": [
        {
            "name": "Yuli Hastuti",
            "title": "Calon Bupati",
            "description": "Hj. Yuli Hastuti, S.H. (lahir 12 Juli 1963) adalah Wakil Bupati Purworejo periode 2016\u20132021 dan 2021\u20132024. Ia menjabat untuk periode kedua sejak 26 Februari 2021 setelah dilantik Gubernur Jawa Tengah, Ganjar Pranowo secara daring. Pada 13 Desember 2023, Ia dilantik menjadi Bupati Purworejo secara definitif (setelah sebelumnya menjadi penjabat bupati).",
            "profilePic": "https://upload.wikimedia.org/wikipedia/commons/thumb/a/af/Seal_of_Purworejo_Regency.svg/50px-Seal_of_Purworejo_Regency.svg.png",
            "communityID": "ed6e317c-6030-4542-a354-d33136df87ad",
            "sites": {
                "name": "Wikipedia",
                "url": "https://id.wikipedia.org/wiki/Yuli_Hastuti"
            }
        },
        {
            "name": "Agustinus Susanto",
            "title": "Calon Bupati",
            "description": null,
            "profilePic": "",
            "communityID": "ed6e317c-6030-4542-a354-d33136df87ad",
            "sites": null
        },
        {
            "name": "Hamdan Azhari",
            "title": "Calon Bupati",
            "description": null,
            "profilePic": "",
            "communityID": "ed6e317c-6030-4542-a354-d33136df87ad",
            "sites": null
        },
        {
            "name": "Imam Teguh Purnomo",
            "title": "Calon Bupati",
            "description": null,
            "profilePic": "",
            "communityID": "ed6e317c-6030-4542-a354-d33136df87ad",
            "sites": null
        },
        {
            "name": "Dion Agasi Setiabudi",
            "title": "Calon Bupati",
            "description": "Dion Agasi Setiabudi, S.I.Kom., M.Si. (lahir 7 Juli 1989) adalah seorang politisi Indonesia yang merupakan politisi Partai Demokrasi Indonesia Perjuangan yang menjabat sebagai Ketua Dewan Perwakilan Rakyat Daerah Kabupaten Purworejo sejak 26 September 2019. Dion merupakan anggota DPRD Purworejo mewakili daerah pemilihan Purworejo 1 yang meliputi Kecamatan Purworejo dan Kaligesing.",
            "profilePic": "https://upload.wikimedia.org/wikipedia/commons/thumb/8/83/David_face.png/33px-David_face.png",
            "communityID": "ed6e317c-6030-4542-a354-d33136df87ad",
            "sites": {
                "name": "Wikipedia",
                "url": "https://id.wikipedia.org/wiki/Dion_Agasi_Setiabudi"
            }
        },
        {
            "name": "Fran Suharmaji",
            "title": "Calon Bupati",
            "description": null,
            "profilePic": "",
            "communityID": "ed6e317c-6030-4542-a354-d33136df87ad",
            "sites": null
        },
        {
            "name": "Eko Januar Susanto",
            "title": "Calon Bupati",
            "description": null,
            "profilePic": "",
            "communityID": "ed6e317c-6030-4542-a354-d33136df87ad",
            "sites": null
        },
        {
            "name": "Yophi Prabowo",
            "title": "Calon Bupati",
            "description": null,
            "profilePic": "",
            "communityID": "ed6e317c-6030-4542-a354-d33136df87ad",
            "sites": null
        },
        {
            "name": "R. Sigit Widodo Nugrohadi",
            "title": "Calon Bupati",
            "description": null,
            "profilePic": "",
            "communityID": "ed6e317c-6030-4542-a354-d33136df87ad",
            "sites": null
        },
        {
            "name": "Siti Maryam",
            "title": "Calon Bupati",
            "description": null,
            "profilePic": "",
            "communityID": "ed6e317c-6030-4542-a354-d33136df87ad",
            "sites": null
        },
        {
            "name": "Luhur Pambudi Mulyono",
            "title": "Calon Bupati",
            "description": null,
            "profilePic": "",
            "communityID": "ed6e317c-6030-4542-a354-d33136df87ad",
            "sites": null
        },
        {
            "name": "Rukma Setyabudi",
            "title": "Calon Bupati",
            "description": "Dr. Rukma Setyabudi, MM (lahir 27 Februari 1958) merupakan politikus dari Partai Demokrasi Indonesia Perjuangan yang menjabat sebagai ketua DPRD Jawa Tengah sejak 2012 sebagai pengganti Murdoko yang dipenjara oleh KPK karena kasus korupsi APBD Kabupaten Kendal hingga terpilih secara aklamasi sebagai Ketua DPRD periode 2014-2019 pada 16 Oktober 2014. Ia merupakan alumni dari Universitas Sanata Dharma (dahulu IKIP Sanata Dharma) dan mendapatkan gelar Doktor Administrasi Publik dari Fakultas Ilmu Sosial Ilmu Politik (FISIP) Universitas Diponegoro karena meneliti mengenai e-ktp (KTP elektronik). Ia juga ayah dari anggota DPRD Purworejo Dion Agasi. Ia merupakan Ketua DPRD Jawa Tengah pertama yang non-muslim (beragama Katolik). Selain itu, ia juga menjadi Ketua PTMSI (Persatuan Tenis Meja Seluruh Indonesia) Provinsi Jawa Tengah.",
            "profilePic": "https://upload.wikimedia.org/wikipedia/commons/thumb/5/55/Anggota_DPRD_Jawa_Tengah_Rukma_Setyabudi.jpg/220px-Anggota_DPRD_Jawa_Tengah_Rukma_Setyabudi.jpg",
            "communityID": "ed6e317c-6030-4542-a354-d33136df87ad",
            "sites": {
                "name": "Wikipedia",
                "url": "https://id.wikipedia.org/wiki/Rukma_Setyabudi"
            }
        }
    ],
    "source": "https://id.wikipedia.org/wiki/Pemilihan_umum_Bupati_Purworejo_2024",
    "path": "kabupaten-purworejo"
}