{
    "title": "Pemilihan umum Bupati Tambrauw 2024",
    "region": "Tambrauw",
    "level": "KABUPATEN",
    "path": "kabupaten-tambrauw",
    "source": "https://id.wikipedia.org/wiki/Pemilihan_umum_Bupati_Tambrauw_2024",
    "communityID": "082ebc32-f818-461d-b70b-8c7e23be8da9",
    "candidates": [
        {
            "name": "Yosep Yewen",
            "description": "",
            "profilePic": "",
            "title": "Kepala Dinas Pendidikan dan Kebudayaan Kabupaten Tambrauw",
            "sites": {},
            "communityID": "082ebc32-f818-461d-b70b-8c7e23be8da9"
        },
        {
            "name": "Barnabas Sedik",
            "description": "",
            "profilePic": "",
            "title": "Anggota DPRD Provinsi Papua Barat",
            "sites": {},
            "communityID": "082ebc32-f818-461d-b70b-8c7e23be8da9"
        },
        {
            "name": "Thomas Kofiaga",
            "description": "",
            "profilePic": "",
            "title": "Kepala Dinas Pertanian Kabupaten Tambrauw",
            "sites": {},
            "communityID": "082ebc32-f818-461d-b70b-8c7e23be8da9"
        }
    ]
}