{
    "title": "Pemilihan umum Bupati Maybrat 2024",
    "region": "Maybrat",
    "level": "KABUPATEN",
    "candidates": [
        {
            "name": "Origenes Nauw",
            "title": "Calon Bupati",
            "description": null,
            "profilePic": "",
            "communityID": "1dd8c810-c33f-4be2-9089-687c489602ed",
            "sites": null
        },
        {
            "name": "Karel Murafer",
            "title": "Calon Bupati",
            "description": "Karel Murafer, S.H., M.A., (lahir 21 Oktober 1965), adalah politikus Partai Golongan Karya yang menjabat sebagai Bupati Maybrat pada 2015-2016. Ia dilantik menggantikan bupati sebelumnya, Bernard Sagrim, yang diberhentikan karena divonis bersalah dalam kasus korupsi. Sebelumnya, ia menjadi Wakil Bupati Maybrat mendampingi Bernard Sagrim setelah berhasil terpilih dalam Pilbup Maybrat 2011. Karel kemudian dikalahkan oleh Bernard Sagrim ketika sama-sama berkompetisi sebagai calon bupati dalam Pilbup Maybrat 2017. Sebelum menjadi bupati, Karel merupakan pegawai negeri sipil di Sekretariat Daerah Kabupaten Maybrat dengan jabatan terakhir sebagai Asisten Bidang Administrasi Umum.",
            "profilePic": "https://upload.wikimedia.org/wikipedia/commons/thumb/b/b9/KAREL_MURAFER%2C_SH.%2C_MA_Bupati_Papua_Barat_2017.jpg/150px-KAREL_MURAFER%2C_SH.%2C_MA_Bupati_Papua_Barat_2017.jpg",
            "communityID": "1dd8c810-c33f-4be2-9089-687c489602ed",
            "sites": {
                "name": "Wikipedia",
                "url": "https://id.wikipedia.org/wiki/Karel_Murafer"
            }
        }
    ],
    "source": "https://id.wikipedia.org/wiki/Pemilihan_umum_Bupati_Maybrat_2024",
    "path": "kabupaten-maybrat"
}