{
    "title": "Pemilihan umum Bupati Deli Serdang 2024",
    "region": "Deli Serdang",
    "level": "KABUPATEN",
    "candidates": [
        {
            "name": "Ali Yusuf Siregar",
            "title": "Calon Bupati",
            "description": "H.M. Ali Yusuf Siregar (lahir 9 Maret 1961) adalah Bupati Deli Serdang sisa masa jabatan 2023\u20132024. Sebelumnya, Ia adalah Plt. Bupati Deli Serdang menggantikan Ashari Tambunan  yang mengundurkan diri karna mengikuti pileg 2024, sekaligus wakil dari Bupati Deli Serdang periode 2019\u20132024, Ashari Tambunan.",
            "profilePic": "https://upload.wikimedia.org/wikipedia/commons/thumb/8/84/Wakil_Bupati_Deli_Serdang_Ali_Yusuf_Siregar.jpg/170px-Wakil_Bupati_Deli_Serdang_Ali_Yusuf_Siregar.jpg",
            "communityID": "37ae8ac6-e77b-47c8-b827-f822bdb41c8f",
            "sites": {
                "name": "Wikipedia",
                "url": "https://id.wikipedia.org/wiki/Ali_Yusuf_Siregar"
            }
        },
        {
            "name": "Haris Binar Ginting",
            "title": "Calon Bupati",
            "description": null,
            "profilePic": "",
            "communityID": "37ae8ac6-e77b-47c8-b827-f822bdb41c8f",
            "sites": null
        },
        {
            "name": "Hariyanto",
            "title": "Calon Bupati",
            "description": null,
            "profilePic": "",
            "communityID": "37ae8ac6-e77b-47c8-b827-f822bdb41c8f",
            "sites": null
        },
        {
            "name": "Ricky Prandana Nasution",
            "title": "Calon Bupati",
            "description": null,
            "profilePic": "",
            "communityID": "37ae8ac6-e77b-47c8-b827-f822bdb41c8f",
            "sites": null
        },
        {
            "name": "Tengku Akhmad Thala'a",
            "title": "Calon Bupati",
            "description": "Paduka Sri Sultan Tuanku Akhmad Thala\u2019a Syariful Alamsyah ibni Almarhum Sultan Abu Nawar Syarifullah Alamsyah (lahir 20 Juli 1962) adalah Sultan Serdang ke\u2013IX yang memegang kuasa sejak 13 Januari 2011, menggantikan pamannya Sultan Luckman Sinar Basyarsyah II. Akhmad Thala'a juga merupakan seorang politikus yang saat ini menjabat sebagai Wakil Ketua DPRD Deli Serdang sejak 2019.",
            "profilePic": "https://upload.wikimedia.org/wikipedia/commons/thumb/8/82/KPU_Akhmad_Thala%27a.jpg/220px-KPU_Akhmad_Thala%27a.jpg",
            "communityID": "37ae8ac6-e77b-47c8-b827-f822bdb41c8f",
            "sites": {
                "name": "Wikipedia",
                "url": "https://id.wikipedia.org/wiki/Tengku_Akhmad_Thala%27a"
            }
        },
        {
            "name": "Kamaruzzaman",
            "title": "Calon Bupati",
            "description": null,
            "profilePic": "",
            "communityID": "37ae8ac6-e77b-47c8-b827-f822bdb41c8f",
            "sites": null
        },
        {
            "name": "Thomas Darwin Sembiring",
            "title": "Calon Bupati",
            "description": null,
            "profilePic": "",
            "communityID": "37ae8ac6-e77b-47c8-b827-f822bdb41c8f",
            "sites": null
        },
        {
            "name": "Nusantara Tarigan Silangit",
            "title": "Calon Bupati",
            "description": null,
            "profilePic": "",
            "communityID": "37ae8ac6-e77b-47c8-b827-f822bdb41c8f",
            "sites": null
        },
        {
            "name": "Misnan Al Jawi",
            "title": "Calon Bupati",
            "description": null,
            "profilePic": "",
            "communityID": "37ae8ac6-e77b-47c8-b827-f822bdb41c8f",
            "sites": null
        },
        {
            "name": "Suparman",
            "title": "Calon Bupati",
            "description": "Suparman dapat mengacu pada beberapa hal berikut:",
            "profilePic": "https://upload.wikimedia.org/wikipedia/commons/thumb/5/5f/Disambig_gray.svg/30px-Disambig_gray.svg.png",
            "communityID": "37ae8ac6-e77b-47c8-b827-f822bdb41c8f",
            "sites": {
                "name": "Wikipedia",
                "url": "https://id.wikipedia.org/wiki/Suparman"
            }
        },
        {
            "name": "Anita Lubis",
            "title": "Calon Bupati",
            "description": null,
            "profilePic": "",
            "communityID": "37ae8ac6-e77b-47c8-b827-f822bdb41c8f",
            "sites": null
        },
        {
            "name": "Sa'adah Lubis",
            "title": "Calon Bupati",
            "description": null,
            "profilePic": "",
            "communityID": "37ae8ac6-e77b-47c8-b827-f822bdb41c8f",
            "sites": null
        }
    ],
    "source": "https://id.wikipedia.org/wiki/Pemilihan_umum_Bupati_Deli_Serdang_2024",
    "path": "kabupaten-deli-serdang"
}