{
    "title": "Pemilihan umum Bupati Ende 2024",
    "region": "Ende",
    "level": "KABUPATEN",
    "candidates": [
        {
            "name": "Djafar H. Achmad",
            "title": "Calon Bupati",
            "description": "Drs. Djafar H. Achmad, M.M (lahir 29 Januari 1953) adalah Bupati Ende Lio ke-9 menggantikan Ir. Marselinus Y. W. Petu yang meninggal pada tanggal 26 Mei 2019.",
            "profilePic": "https://upload.wikimedia.org/wikipedia/commons/thumb/3/33/Djafar_H._Achmad.png/200px-Djafar_H._Achmad.png",
            "communityID": "72daad6b-0649-47c9-8f58-f649103cd454",
            "sites": {
                "name": "Wikipedia",
                "url": "https://id.wikipedia.org/wiki/Djafar_H._Achmad"
            }
        },
        {
            "name": "Erikos Emanuel Rede",
            "title": "Calon Bupati",
            "description": null,
            "profilePic": "",
            "communityID": "72daad6b-0649-47c9-8f58-f649103cd454",
            "sites": null
        }
    ],
    "source": "https://id.wikipedia.org/wiki/Pemilihan_umum_Bupati_Ende_2024",
    "path": "kabupaten-ende"
}