{
    "title": "Pemilihan umum Bupati Bengkulu Tengah 2024",
    "region": "Bengkulu Tengah",
    "level": "KABUPATEN",
    "path": "kabupaten-bengkulu-tengah",
    "source": "https://id.wikipedia.org/wiki/Pemilihan_umum_Bupati_Bengkulu_Tengah_2024",
    "communityID": "41624ac9-bcac-4303-880e-fe1ff098c33f",
    "candidates": [
        {
            "name": "Septi Feriadi",
            "description": "",
            "profilePic": "",
            "title": "Mantan Wakil Bupati Bengkulu Tengah",
            "sites": {},
            "communityID": "41624ac9-bcac-4303-880e-fe1ff098c33f"
        },
        {
            "name": "Muhammad Sabri",
            "description": "",
            "profilePic": "",
            "title": "Mantan Wakil Bupati Bengkulu Tengah",
            "sites": {},
            "communityID": "41624ac9-bcac-4303-880e-fe1ff098c33f"
        },
        {
            "name": "Budi Suryantono",
            "description": "",
            "profilePic": "",
            "title": "Ketua DPRD Kab. Bengkulu Tengah",
            "sites": {},
            "communityID": "41624ac9-bcac-4303-880e-fe1ff098c33f"
        },
        {
            "name": "Peri Haryadi",
            "description": "",
            "profilePic": "",
            "title": "Wakil Ketua DPRD Kab. Bengkulu Tengah",
            "sites": {},
            "communityID": "41624ac9-bcac-4303-880e-fe1ff098c33f"
        },
        {
            "name": "Evi Susanti",
            "description": "",
            "profilePic": "",
            "title": "Wakil Ketua DPRD Kab. Bengkulu Tengah",
            "sites": {},
            "communityID": "41624ac9-bcac-4303-880e-fe1ff098c33f"
        },
        {
            "name": "Arsyad Hamzah",
            "description": "",
            "profilePic": "",
            "title": "Anggota DPRD Kab. Bengkulu Tengah",
            "sites": {},
            "communityID": "41624ac9-bcac-4303-880e-fe1ff098c33f"
        },
        {
            "name": "Heriyandi Roni",
            "description": "Heriyandi Roni adalah seorang birokrat Indonesia. Ia menjadi Aparatur Sipil Negera (ASN) sejak tahun 1988. Ia sempat menjabat sebagai Kepala Subdit Wilayah V pada Direktorat Fasilitasi Kepala Daerah dan DPRD Direktorat Jenderal Otonomi Daerah serta Kepala Pusat Fasilitasi Kerjasama Sekjen Kemendagri. Pada 2022, ia diangkat menjadi pelaksana jabatan Bupati Bengkulu Tengah.[1]\n",
            "profilePic": "https://upload.wikimedia.org/wikipedia/commons/thumb/e/ef/Pejabat_Bupati_Bengkulu_Tengah.jpg/1200px-Pejabat_Bupati_Bengkulu_Tengah.jpg",
            "title": "Pj. Bupati Bengkulu Tengah",
            "sites": {
                "name": "Wikipedia",
                "url": "https://id.wikipedia.org/wiki/Heriyandi_Roni"
            },
            "communityID": "41624ac9-bcac-4303-880e-fe1ff098c33f"
        },
        {
            "name": "Ihsan Fajri",
            "description": "",
            "profilePic": "",
            "title": "Ketua DPRD Prov. Bengkulu",
            "sites": {},
            "communityID": "41624ac9-bcac-4303-880e-fe1ff098c33f"
        },
        {
            "name": "Irwan Eriadi",
            "description": "",
            "profilePic": "",
            "title": "Anggota DPRD Prov. Bengkulu",
            "sites": {},
            "communityID": "41624ac9-bcac-4303-880e-fe1ff098c33f"
        },
        {
            "name": "Munir Sumarlin",
            "description": "",
            "profilePic": "",
            "title": "Pengusaha",
            "sites": {},
            "communityID": "41624ac9-bcac-4303-880e-fe1ff098c33f"
        }
    ]
}