{
    "title": "Pemilihan umum Bupati Belitung Timur 2024",
    "region": "Belitung Timur",
    "level": "KABUPATEN",
    "candidates": [
        {
            "name": "Burhanudin",
            "title": "Calon Bupati",
            "description": "Adelia Dwi Rizki",
            "profilePic": "https://upload.wikimedia.org/wikipedia/commons/thumb/0/07/Burhanuddin%2C_Bupati_Belitung_Timur.png/220px-Burhanuddin%2C_Bupati_Belitung_Timur.png",
            "communityID": "7d240884-6158-4c8e-94f4-f46cabdc3c00",
            "sites": {
                "name": "Wikipedia",
                "url": "https://id.wikipedia.org/wiki/Burhanudin"
            }
        },
        {
            "name": "Khairil Anwar",
            "title": "Calon Bupati",
            "description": null,
            "profilePic": "",
            "communityID": "7d240884-6158-4c8e-94f4-f46cabdc3c00",
            "sites": null
        },
        {
            "name": "Fezzi Uktolseja",
            "title": "Calon Bupati",
            "description": null,
            "profilePic": "",
            "communityID": "7d240884-6158-4c8e-94f4-f46cabdc3c00",
            "sites": null
        }
    ],
    "source": "https://id.wikipedia.org/wiki/Pemilihan_umum_Bupati_Belitung_Timur_2024",
    "path": "kabupaten-belitung-timur"
}