{
    "title": "Pemilihan umum Bupati Buol 2024",
    "region": "Buol",
    "level": "KABUPATEN",
    "candidates": [
        {
            "name": "Luciana Is Baculu",
            "title": "Calon Bupati",
            "description": "Luciana Is Baculu (lahir 12 Juli 1967) adalah seorang doktor, politikus dan birokrat kelahiran Leok, Buol. Ia adalah istri dari mantan Bupati Buol Amran A. Batalipu. Ia juga merupakan satu-satunya doktor perempuan di kabupaten Buol. Ia memiliki 4 orang anak, 2 laki-laki dan 2 perempuan.",
            "profilePic": "https://upload.wikimedia.org/wikipedia/commons/thumb/c/c5/Soekarno.jpg/20px-Soekarno.jpg",
            "communityID": "ca43dd49-47b2-4555-b062-c89618d219a4",
            "sites": {
                "name": "Wikipedia",
                "url": "https://id.wikipedia.org/wiki/Luciana_Is_Baculu"
            }
        },
        {
            "name": "Abdullah Batalipu",
            "title": "Calon Bupati",
            "description": null,
            "profilePic": "",
            "communityID": "ca43dd49-47b2-4555-b062-c89618d219a4",
            "sites": null
        }
    ],
    "source": "https://id.wikipedia.org/wiki/Pemilihan_umum_Bupati_Buol_2024",
    "path": "kabupaten-buol"
}