{
    "title": "Pemilihan umum Bupati Muna Barat 2024",
    "region": "Muna Barat",
    "level": "KABUPATEN",
    "candidates": [
        {
            "name": "La Ode Darwin",
            "title": "Calon Bupati",
            "description": null,
            "profilePic": "",
            "communityID": "51da3e59-73e7-4ca7-b3e0-40a78d667258",
            "sites": null
        },
        {
            "name": "La Ode Muhammad Amsar",
            "title": "Calon Bupati",
            "description": null,
            "profilePic": "",
            "communityID": "51da3e59-73e7-4ca7-b3e0-40a78d667258",
            "sites": null
        },
        {
            "name": "Anrias",
            "title": "Calon Bupati",
            "description": null,
            "profilePic": "",
            "communityID": "51da3e59-73e7-4ca7-b3e0-40a78d667258",
            "sites": null
        },
        {
            "name": "Ihsan Taufik Ridwan",
            "title": "Calon Bupati",
            "description": null,
            "profilePic": "",
            "communityID": "51da3e59-73e7-4ca7-b3e0-40a78d667258",
            "sites": null
        }
    ],
    "source": "https://id.wikipedia.org/wiki/Pemilihan_umum_Bupati_Muna_Barat_2024",
    "path": "kabupaten-muna-barat"
}