{
    "title": "Pemilihan umum Bupati Tambrauw 2024",
    "region": "Tambrauw",
    "level": "KABUPATEN",
    "candidates": [
        {
            "name": "Yosep Yewen",
            "title": "Calon Bupati",
            "description": null,
            "profilePic": "",
            "communityID": "082ebc32-f818-461d-b70b-8c7e23be8da9",
            "sites": null
        },
        {
            "name": "Barnabas Sedik",
            "title": "Calon Bupati",
            "description": null,
            "profilePic": "",
            "communityID": "082ebc32-f818-461d-b70b-8c7e23be8da9",
            "sites": null
        }
    ],
    "source": "https://id.wikipedia.org/wiki/Pemilihan_umum_Bupati_Tambrauw_2024",
    "path": "kabupaten-tambrauw"
}