{
    "title": "Pemilihan umum Bupati Karimun 2024",
    "region": "Karimun",
    "level": "KABUPATEN",
    "path": "kabupaten-karimun",
    "source": "https://id.wikipedia.org/wiki/Pemilihan_umum_Bupati_Karimun_2024",
    "communityID": "da74605a-e88a-4e2b-899b-889a95793c61",
    "candidates": [
        {
            "name": "Anwar Hasyim",
            "description": "\nH. Anwar Hasyim, S.Ag., M.Si. (lahir 14 Mei 1954) adalah Wakil Bupati Karimun 2 periode yakni 2016\u20132021 dan 2021\u20132024.\n",
            "profilePic": "https://upload.wikimedia.org/wikipedia/commons/2/27/Anwar_Hasyim_2016.jpg",
            "title": "Wakil Bupati Karimun",
            "sites": {
                "name": "Wikipedia",
                "url": "https://id.wikipedia.org/wiki/Anwar_Hasyim"
            },
            "communityID": "da74605a-e88a-4e2b-899b-889a95793c61"
        },
        {
            "name": "Raja Bakhtiar",
            "description": "",
            "profilePic": "",
            "title": "Anggota DPRD Kepri",
            "sites": {},
            "communityID": "da74605a-e88a-4e2b-899b-889a95793c61"
        },
        {
            "name": "T.S. Arif Fadillah",
            "description": "",
            "profilePic": "",
            "title": "Kepala Dinas Kelautan dan Perikanan (DKP) Provinsi Kepri",
            "sites": {},
            "communityID": "da74605a-e88a-4e2b-899b-889a95793c61"
        },
        {
            "name": "Huzrin Hood",
            "description": "H. Huzrin Hood, S.H., M.H., M.Pd.I. (lahir 10 Oktober 1954) adalah seorang politikus Indonesia yang pernah menjabat sebagai Bupati Kepulauan Riau  (Bintan) periode 2001\u20142003.[1]\n",
            "profilePic": "https://upload.wikimedia.org/wikipedia/commons/b/b2/KPU_Huzrin_Hood.jpg",
            "title": "Mantan Bupati Kepulauan Riau",
            "sites": {
                "name": "Wikipedia",
                "url": "https://id.wikipedia.org/wiki/Huzrin_Hood"
            },
            "communityID": "da74605a-e88a-4e2b-899b-889a95793c61"
        },
        {
            "name": "Iskandarsyah",
            "description": "",
            "profilePic": "",
            "title": "Mantan Cabup Karimun 2020",
            "sites": {},
            "communityID": "da74605a-e88a-4e2b-899b-889a95793c61"
        },
        {
            "name": "Muhammad Yusuf Sirat",
            "description": "",
            "profilePic": "",
            "title": "Ketua DPRD Kab. Karimun",
            "sites": {},
            "communityID": "da74605a-e88a-4e2b-899b-889a95793c61"
        },
        {
            "name": "Muhammad Firmansyah",
            "description": "Drs. Muhammad Firmansyah, M.Si (lahir di Penyengat, 12 September 1968) merupakan seorang birokrat lulusan Akademi Pemerintahan Dalam Negeri (APDN) atau sekarang dikenal dengan Institut Pemerintahan Dalam Negeri (IPDN) tahun 1991 yang saat ini menjabat sebagai Sekretaris Daerah Kabupaten Karimun, Provinsi Kepulauan Riau.[1]\n[2]\n",
            "profilePic": "",
            "title": "Sekretaris Daerah Pemkab Karimun",
            "sites": {
                "name": "Wikipedia",
                "url": "https://id.wikipedia.org/wiki/Muhammad_Firmansyah"
            },
            "communityID": "da74605a-e88a-4e2b-899b-889a95793c61"
        },
        {
            "name": "Sabari Basirun",
            "description": "",
            "profilePic": "",
            "title": "Tokoh Karimun",
            "sites": {},
            "communityID": "da74605a-e88a-4e2b-899b-889a95793c61"
        },
        {
            "name": "Bakti Lubis",
            "description": "",
            "profilePic": "",
            "title": "Anggota DPRD Kepri",
            "sites": {},
            "communityID": "da74605a-e88a-4e2b-899b-889a95793c61"
        },
        {
            "name": "Herry Andrianto",
            "description": "",
            "profilePic": "",
            "title": null,
            "sites": {},
            "communityID": "da74605a-e88a-4e2b-899b-889a95793c61"
        },
        {
            "name": "Rocky Marciano Bawole",
            "description": "",
            "profilePic": "",
            "title": "Anggota DPRD Kepri",
            "sites": {},
            "communityID": "da74605a-e88a-4e2b-899b-889a95793c61"
        },
        {
            "name": "Marlin Agustina",
            "description": "Marlin Agustina Nasution,[1] S.E., S.H. (lahir 15 Agustus 1971) adalah seorang politikus Indonesia dari Partai Gerindra[2] yang menjabat sebagai Wakil Gubernur Kepulauan Riau sejak 25 Februari 2021. Ia merupakan istri Muhammad Rudi yang kini menjabat Wali Kota Batam.[3] \n",
            "profilePic": "https://upload.wikimedia.org/wikipedia/commons/thumb/0/06/Marlin_Agustina%2C_Wakil_Gubernur_Kepulauan_Riau_%282021%29.jpg/1200px-Marlin_Agustina%2C_Wakil_Gubernur_Kepulauan_Riau_%282021%29.jpg",
            "title": "Wakil Gubernur Kepulauan Riau",
            "sites": {
                "name": "Wikipedia",
                "url": "https://id.wikipedia.org/wiki/Marlin_Agustina"
            },
            "communityID": "da74605a-e88a-4e2b-899b-889a95793c61"
        }
    ]
}