{
    "title": "Pemilihan umum Bupati Gunung Mas 2024",
    "region": "Gunung Mas",
    "level": "KABUPATEN",
    "candidates": [
        {
            "name": "Jaya Samaya Monong",
            "title": "Calon Bupati",
            "description": "Jaya Samaya Monong, S.E., M.Si.  adalah bupati Gunung Mas petahana yang menjabat sejak  28 Mei 2019 dan berpasangan dengan wakil bupati Efrensia L.P. Umbing setelah memenangkan Pilkada Gunung Mas 2018.",
            "profilePic": "https://upload.wikimedia.org/wikipedia/commons/thumb/6/60/Bupati_Gunung_Mas_Jaya_Samaya_Monong.png/220px-Bupati_Gunung_Mas_Jaya_Samaya_Monong.png",
            "communityID": "f1842bd1-347d-4eb3-9529-5cc104b6a8f2",
            "sites": {
                "name": "Wikipedia",
                "url": "https://id.wikipedia.org/wiki/Jaya_Samaya_Monong"
            }
        },
        {
            "name": "Lohing Simon",
            "title": "Calon Bupati",
            "description": null,
            "profilePic": "",
            "communityID": "f1842bd1-347d-4eb3-9529-5cc104b6a8f2",
            "sites": null
        },
        {
            "name": "Yepta Diharja",
            "title": "Calon Bupati",
            "description": null,
            "profilePic": "",
            "communityID": "f1842bd1-347d-4eb3-9529-5cc104b6a8f2",
            "sites": null
        },
        {
            "name": "Aisyah Thisia Agustiar Sabran",
            "title": "Calon Bupati",
            "description": null,
            "profilePic": "",
            "communityID": "f1842bd1-347d-4eb3-9529-5cc104b6a8f2",
            "sites": null
        },
        {
            "name": "Untung Jaya Bangas",
            "title": "Calon Bupati",
            "description": null,
            "profilePic": "",
            "communityID": "f1842bd1-347d-4eb3-9529-5cc104b6a8f2",
            "sites": null
        }
    ],
    "source": "https://id.wikipedia.org/wiki/Pemilihan_umum_Bupati_Gunung_Mas_2024",
    "path": "kabupaten-gunung-mas"
}