{
    "title": "Pemilihan umum Bupati Cianjur 2024",
    "region": "Cianjur",
    "level": "KABUPATEN",
    "candidates": [
        {
            "name": "Herman Suherman",
            "title": "Calon Bupati",
            "description": "H. Herman Suherman, S.T., M.A.P. (lahir 23 Oktober 1962) adalah politikus yang menjabat Bupati Cianjur periode 2021\u20142024. Bersama wakilnya, Tubagus Mulyana Syahrudin, mereka berhasil memenangkan pemilihan umum Bupati Cianjur 2020. Sebelumnya ia menjabat Wakil Bupati Cianjur periode 2016\u20142018. Ia adalah wakil dari Bupati Cianjur, Irvan Rivano Muchtar.",
            "profilePic": "https://upload.wikimedia.org/wikipedia/commons/thumb/f/f2/Edit-clear.svg/40px-Edit-clear.svg.png",
            "communityID": "91825ccb-c1ec-46f1-8760-89c53b11519c",
            "sites": {
                "name": "Wikipedia",
                "url": "https://id.wikipedia.org/wiki/Herman_Suherman"
            }
        },
        {
            "name": "Irvan Rivano Muchtar",
            "title": "Calon Bupati",
            "description": "Irvan Rivano Muchtar (lahir 27 Agustus 1980) adalah seorang bupati di Kabupaten Cianjur pada periode 2016-2021.",
            "profilePic": "",
            "communityID": "91825ccb-c1ec-46f1-8760-89c53b11519c",
            "sites": {
                "name": "Wikipedia",
                "url": "https://id.wikipedia.org/wiki/Irvan_Rivano_Muchtar"
            }
        },
        {
            "name": "Ganjar Ramadhan",
            "title": "Calon Bupati",
            "description": "Ganjar Ramadhan (lahir 22 April 1988) adalah Ketua DPRD Kabupaten Cianjur periode 2019 hingga 2024.",
            "profilePic": "https://upload.wikimedia.org/wikipedia/commons/thumb/0/09/KPU_Ganjar_Ramadhan.jpg/220px-KPU_Ganjar_Ramadhan.jpg",
            "communityID": "91825ccb-c1ec-46f1-8760-89c53b11519c",
            "sites": {
                "name": "Wikipedia",
                "url": "https://id.wikipedia.org/wiki/Ganjar_Ramadhan"
            }
        },
        {
            "name": "Lepi Ali Firmansyah",
            "title": "Calon Bupati",
            "description": null,
            "profilePic": "",
            "communityID": "91825ccb-c1ec-46f1-8760-89c53b11519c",
            "sites": null
        },
        {
            "name": "KH. Deden Abdullah Syujai",
            "title": "Calon Bupati",
            "description": null,
            "profilePic": "",
            "communityID": "91825ccb-c1ec-46f1-8760-89c53b11519c",
            "sites": null
        },
        {
            "name": "Dany Gumilar",
            "title": "Calon Bupati",
            "description": null,
            "profilePic": "",
            "communityID": "91825ccb-c1ec-46f1-8760-89c53b11519c",
            "sites": null
        },
        {
            "name": "Gilang Oktoriansyah",
            "title": "Calon Bupati",
            "description": null,
            "profilePic": "",
            "communityID": "91825ccb-c1ec-46f1-8760-89c53b11519c",
            "sites": null
        }
    ],
    "source": "https://id.wikipedia.org/wiki/Pemilihan_umum_Bupati_Cianjur_2024",
    "path": "kabupaten-cianjur"
}