{
    "title": "Pemilihan umum Bupati Bolaang Mongondow Utara 2024",
    "region": "Bolaang Mongondow Utara",
    "level": "KABUPATEN",
    "candidates": [
        {
            "name": "Amin Lasena",
            "title": "Calon Bupati",
            "description": null,
            "profilePic": "",
            "communityID": "de433d20-47ad-482e-8435-874ac030991f",
            "sites": null
        },
        {
            "name": "Hamdan Datunsolang",
            "title": "Calon Bupati",
            "description": null,
            "profilePic": "",
            "communityID": "de433d20-47ad-482e-8435-874ac030991f",
            "sites": null
        },
        {
            "name": "Suriansyah Korompot",
            "title": "Calon Bupati",
            "description": null,
            "profilePic": "",
            "communityID": "de433d20-47ad-482e-8435-874ac030991f",
            "sites": null
        },
        {
            "name": "Asripan Nani",
            "title": "Calon Bupati",
            "description": "Dr. H. Asripan Nani, M.Si. (lahir 28 Agustus 1966) adalah seorang birokrat asal Indonesia yang bekerja di wilayah Provinsi Sulawesi Utara. Saat ini, Asripan Nani memegang jabatan sebagai Wali Kota Kotamobagu ke-3.",
            "profilePic": "https://upload.wikimedia.org/wikipedia/commons/thumb/7/76/Wali_Kota_Kotamobagu_Asripan_Nani.png/220px-Wali_Kota_Kotamobagu_Asripan_Nani.png",
            "communityID": "de433d20-47ad-482e-8435-874ac030991f",
            "sites": {
                "name": "Wikipedia",
                "url": "https://id.wikipedia.org/wiki/Asripan_Nani"
            }
        },
        {
            "name": "Sirajudin Lasena",
            "title": "Calon Bupati",
            "description": "Dr. Sirajudin Lasena, S.E., M.Ec.Dev.  (lahir 8 Januari 1975) adalah seorang birokrat Indonesia kelahiran Boroko. Ia lahir sebagai anak kedelapan dari sembilan bersaudara dari pasangan imam besar masjid Ismet Lasena dan Dariman Lauma. Ia menempuh pendidikan di Sekolah Dasar SD Negeri IV Boroko dan Pendidikan Menengah Pertamanya SMP Negeri 1 Kaidipang. Pada masa remaja, ia merantau ke Kota Palu, Sulawesi Tengah untuk melanjutkan pendidikan di SMEA Negeri Palu pada tahun 1995. Ia kemudian meraih gelar Sarjana dalam Jurusan Akuntansi di Sekolah Ilmu Ekonomi Panca Bhakti Palu pada tahun 2002. Ia kemudian meraih gelar Magister S2 Ekonomi Pembangunan di Universitas Gajah Mada pada tahun 2013. Pada tahun 2020, ia mengambil program Doktor S3 Administrasi Publik di Universitas Negeri Gorontalo (UNG).",
            "profilePic": "https://upload.wikimedia.org/wikipedia/commons/thumb/c/c5/Soekarno.jpg/20px-Soekarno.jpg",
            "communityID": "de433d20-47ad-482e-8435-874ac030991f",
            "sites": {
                "name": "Wikipedia",
                "url": "https://id.wikipedia.org/wiki/Sirajudin_Lasena"
            }
        }
    ],
    "source": "https://id.wikipedia.org/wiki/Pemilihan_umum_Bupati_Bolaang_Mongondow_Utara_2024",
    "path": "kabupaten-bolaang-mongondow-utara"
}