{
    "title": "Pemilihan umum Bupati Kebumen 2024",
    "region": "Kebumen",
    "level": "KABUPATEN",
    "path": "kabupaten-kebumen",
    "source": "https://id.wikipedia.org/wiki/Pemilihan_umum_Bupati_Kebumen_2024",
    "communityID": "b3813463-0058-4c33-a8e3-484f0295a08d",
    "candidates": [
        {
            "name": "Arif Sugiyanto",
            "description": "H. Arif Sugiyanto, S.H., M.H. (lahir 10 Juni 1977) adalah Bupati Kebumen periode 2021\u20132024. Sebelum menjabat Bupati, Arif Sugiyanto juga pernah menjadi Wakil Bupati Kebumen pada 2019-2021.\n",
            "profilePic": "https://upload.wikimedia.org/wikipedia/commons/3/3d/Bupati_Kebumen_Arif_Sugiyanto.jpg",
            "title": "Bupati Kebumen",
            "sites": {
                "name": "Wikipedia",
                "url": "https://id.wikipedia.org/wiki/Arif_Sugiyanto"
            },
            "communityID": "b3813463-0058-4c33-a8e3-484f0295a08d"
        },
        {
            "name": "Ristawati Purwaningsih",
            "description": "Hj. Ristawati Purwaningsih, S.ST., M.M. (lahir 13 Oktober 1975) adalah Wakil Bupati Kebumen periode 2021\u20132024. Ia menjabat sejak 26 Februari 2021 setelah dilantik Gubernur Jawa Tengah, Ganjar Pranowo secara daring.[1]\n",
            "profilePic": "https://upload.wikimedia.org/wikipedia/commons/e/ed/Wakil_Bupati_Kebumen_Ristawati_Purwaningsih.jpg",
            "title": "Wakil Bupati Kebumen",
            "sites": {
                "name": "Wikipedia",
                "url": "https://id.wikipedia.org/wiki/Ristawati_Purwaningsih"
            },
            "communityID": "b3813463-0058-4c33-a8e3-484f0295a08d"
        },
        {
            "name": "Yulianto",
            "description": "Yulianto dapat mengacu pada beberapa hal berikut:\n",
            "profilePic": "",
            "title": "Politisi PDIP",
            "sites": {
                "name": "Wikipedia",
                "url": "https://id.wikipedia.org/wiki/Yulianto"
            },
            "communityID": "b3813463-0058-4c33-a8e3-484f0295a08d"
        },
        {
            "name": "Eno Syafrudien",
            "description": "",
            "profilePic": "",
            "title": "Politisi PPP",
            "sites": {},
            "communityID": "b3813463-0058-4c33-a8e3-484f0295a08d"
        },
        {
            "name": "Agus Septadi",
            "description": "",
            "profilePic": "",
            "title": "Mantan Kabag Humas DPRD Kebumen",
            "sites": {},
            "communityID": "b3813463-0058-4c33-a8e3-484f0295a08d"
        },
        {
            "name": "Saeful Hadi",
            "description": "",
            "profilePic": "",
            "title": "Anggota DPRD Jawa Tengah",
            "sites": {},
            "communityID": "b3813463-0058-4c33-a8e3-484f0295a08d"
        },
        {
            "name": "Fuad Wahyudi",
            "description": "",
            "profilePic": "",
            "title": "Wakil Ketua I DPRD Kabupaten Kebumen",
            "sites": {},
            "communityID": "b3813463-0058-4c33-a8e3-484f0295a08d"
        },
        {
            "name": "Agung Prabowo",
            "description": "",
            "profilePic": "",
            "title": "Wakil Ketua II DPRD Kabupaten Kebumen",
            "sites": {},
            "communityID": "b3813463-0058-4c33-a8e3-484f0295a08d"
        },
        {
            "name": "Halimah Nurhayati",
            "description": "",
            "profilePic": "",
            "title": "Ketua DPD Golkar Kabupaten Kebumen",
            "sites": {},
            "communityID": "b3813463-0058-4c33-a8e3-484f0295a08d"
        },
        {
            "name": "Faiz Alauddien Reza Mardhika",
            "description": "",
            "profilePic": "",
            "title": "Ketua DPD Partai Nasdem Kabupaten Kebumen",
            "sites": {},
            "communityID": "b3813463-0058-4c33-a8e3-484f0295a08d"
        },
        {
            "name": "Vicky Kurnia Aji",
            "description": "",
            "profilePic": "",
            "title": "Mantan Ketua OSIS SMA Negeri 1 Karanganyar",
            "sites": {},
            "communityID": "b3813463-0058-4c33-a8e3-484f0295a08d"
        },
        {
            "name": "Zaeni Miftah",
            "description": "",
            "profilePic": "",
            "title": "Ketua DPC PKB Kabupaten Kebumen",
            "sites": {},
            "communityID": "b3813463-0058-4c33-a8e3-484f0295a08d"
        }
    ]
}