{
    "title": "Pemilihan umum Bupati Tana Toraja 2024",
    "region": "Tana Toraja",
    "level": "KABUPATEN",
    "path": "kabupaten-tana-toraja",
    "source": "https://id.wikipedia.org/wiki/Pemilihan_umum_Bupati_Tana_Toraja_2024",
    "communityID": "7d09a079-5808-4241-a5b1-01c5c4ce9b0b",
    "candidates": [
        {
            "name": "Dokter",
            "description": "Dokter (bahasa Belanda: dokter, arts atau geneesheer; bahasa Inggris: medical doctor, disingkat M.D.; dari bahasa Latin medicinae doctor) adalah seseorang yang karena keilmuannya berusaha menyembuhkan orang-orang yang sakit. Tidak semua orang yang menyembuhkan penyakit bisa disebut dokter. Untuk menjadi dokter biasanya diperlukan pendidikan dan pelatihan khusus dan mempunyai gelar dalam bidang kedokteran.\n",
            "profilePic": "https://upload.wikimedia.org/wikipedia/commons/thumb/3/31/Medical_doctors_per_1%2C000_people%2C_OWID.svg/1200px-Medical_doctors_per_1%2C000_people%2C_OWID.svg.png",
            "title": "Wakil Bupati Tana Toraja",
            "sites": {
                "name": "Wikipedia",
                "url": "https://id.wikipedia.org/wiki/Dokter"
            },
            "communityID": "7d09a079-5808-4241-a5b1-01c5c4ce9b0b"
        },
        {
            "name": "Nicodemus Biringkanae",
            "description": "Ir. Nicodemus Biringkanae (lahir 24 April 1956) adalah Bupati Tana Toraja periode 2016\u20142021. Sebelumnya ia menjabat sebagai Kepala Dinas Koperasi Provinsi Sulawesi Selatan periode 2007\u20142010.\n",
            "profilePic": "https://upload.wikimedia.org/wikipedia/commons/d/d5/Bupati_Tana_Toraja_Nicodemus_Biringkanae.jpg",
            "title": "Mantan Bupati Tana Toraja",
            "sites": {
                "name": "Wikipedia",
                "url": "https://id.wikipedia.org/wiki/Nicodemus_Biringkanae"
            },
            "communityID": "7d09a079-5808-4241-a5b1-01c5c4ce9b0b"
        },
        {
            "name": "John Rende Mangontan",
            "description": "",
            "profilePic": "",
            "title": "Anggota DPRD Sulsel Fraksi Golkar",
            "sites": {},
            "communityID": "7d09a079-5808-4241-a5b1-01c5c4ce9b0b"
        },
        {
            "name": "Victor Datuan Batara",
            "description": "AKBP. (Purn.) Victor Datuan Batara, S.H.[1] (lahir 6 Oktober 1960) adalah Wakil Bupati Tana Toraja periode 2016\u20142021. Ia adalah wakil dari Bupati Tana Toraja, Nicodemus Biringkanae.\n",
            "profilePic": "https://upload.wikimedia.org/wikipedia/commons/7/70/Wakil_Bupati_Tana_Toraja_Victor_Datuan_Batara.jpg",
            "title": "Mantan Wakil Bupati Tana Toraja",
            "sites": {
                "name": "Wikipedia",
                "url": "https://id.wikipedia.org/wiki/Victor_Datuan_Batara"
            },
            "communityID": "7d09a079-5808-4241-a5b1-01c5c4ce9b0b"
        },
        {
            "name": "Sarce Bandaso Tandiasik",
            "description": "Sarce Bandaso Tandiasik, S.H., M.H. (lahir 28 September 1968) adalah seorang politikus Indonesia yang saat ini menjabat sebagai anggota DPR-RI sejak 2019, mewakili daerah pemilihan Sulawesi Selatan III. Sarce merupakan kader Partai Demokrasi Indonesia Perjuangan, ia duduk di Komisi V.[1][2]\n",
            "profilePic": "https://upload.wikimedia.org/wikipedia/commons/9/98/Anggota_DPR_Sarce_Bandaso_Tandiasik_%28cropped%29.jpg",
            "title": "Anggota DPR-RI Fraksi PDI-P",
            "sites": {
                "name": "Wikipedia",
                "url": "https://id.wikipedia.org/wiki/Sarce_Bandaso_Tandiasik"
            },
            "communityID": "7d09a079-5808-4241-a5b1-01c5c4ce9b0b"
        },
        {
            "name": "Erianto L Paundanan",
            "description": "",
            "profilePic": "",
            "title": "Kepala Kajari Toraja",
            "sites": {},
            "communityID": "7d09a079-5808-4241-a5b1-01c5c4ce9b0b"
        },
        {
            "name": "Komisaris Besar Polisi",
            "description": "\n",
            "profilePic": "https://upload.wikimedia.org/wikipedia/commons/b/b4/PDU_KOMBES_KOM.png",
            "title": "Ketua Dewan Penasehat PMTI Sulsel",
            "sites": {
                "name": "Wikipedia",
                "url": "https://id.wikipedia.org/wiki/Komisaris_Besar_Polisi"
            },
            "communityID": "7d09a079-5808-4241-a5b1-01c5c4ce9b0b"
        },
        {
            "name": "Sostenis Sampeliling",
            "description": "",
            "profilePic": "",
            "title": "Ilmuwan Lingkungan Hidup",
            "sites": {},
            "communityID": "7d09a079-5808-4241-a5b1-01c5c4ce9b0b"
        },
        {
            "name": "Benediktus Papa",
            "description": "",
            "profilePic": "",
            "title": "Ketum PP PMKRI",
            "sites": {},
            "communityID": "7d09a079-5808-4241-a5b1-01c5c4ce9b0b"
        },
        {
            "name": "Pdt. Aser Ilu",
            "description": "",
            "profilePic": "",
            "title": "Tokoh Gereja Toraja",
            "sites": {},
            "communityID": "7d09a079-5808-4241-a5b1-01c5c4ce9b0b"
        },
        {
            "name": "Hansten Allorerung",
            "description": "",
            "profilePic": "",
            "title": "Ketua Perindo Tana Toraja",
            "sites": {},
            "communityID": "7d09a079-5808-4241-a5b1-01c5c4ce9b0b"
        },
        {
            "name": "Yariana Somalingg",
            "description": "",
            "profilePic": "",
            "title": "Ketua TP PKK Tana Toraja",
            "sites": {},
            "communityID": "7d09a079-5808-4241-a5b1-01c5c4ce9b0b"
        },
        {
            "name": "John Diplomasi",
            "description": "",
            "profilePic": "",
            "title": "Ketua DPC Partai Demokrat Tana Toraja",
            "sites": {},
            "communityID": "7d09a079-5808-4241-a5b1-01c5c4ce9b0b"
        }
    ]
}