{
    "title": "Pemilihan umum Bupati Lamandau 2024",
    "region": "Lamandau",
    "level": "KABUPATEN",
    "candidates": [
        {
            "name": "Hendra Lesmana",
            "title": "Calon Bupati",
            "description": "H. Hendra Lesmana (lahir 19 Januari 1981) adalah bupati Lamandau yang menjabat untuk masa bakti 2018\u20132023. Ia terpilih sebagai bupati Lamandau setelah memenangkan Pilkada Lamandau 2018 dengan meraih 24.193 suara.",
            "profilePic": "",
            "communityID": "bef45f64-4b44-4aa5-8d49-e05b31ad9ac4",
            "sites": {
                "name": "Wikipedia",
                "url": "https://id.wikipedia.org/wiki/Hendra_Lesmana"
            }
        },
        {
            "name": "Riko Purwanto",
            "title": "Calon Bupati",
            "description": null,
            "profilePic": "",
            "communityID": "bef45f64-4b44-4aa5-8d49-e05b31ad9ac4",
            "sites": null
        },
        {
            "name": "Adbul Hamid",
            "title": "Calon Bupati",
            "description": null,
            "profilePic": "",
            "communityID": "bef45f64-4b44-4aa5-8d49-e05b31ad9ac4",
            "sites": null
        },
        {
            "name": "Lilis suriani",
            "title": "Calon Bupati",
            "description": "Dr. Dra. Lilis Suriani, M.M., MM. RS. adalah seorang birokrat Indonesia. Ia sempat menjabat sebagai Kepala Biro Organisasi Sekretariat Daerah Provinsi Kalimantan Tengah. Pada 2023, ia diangkat menjadi pelaksana jabatan Bupati Lamandau.",
            "profilePic": "https://upload.wikimedia.org/wikipedia/commons/thumb/1/19/Pj_Bupati_Lilis_Suriani.jpg/220px-Pj_Bupati_Lilis_Suriani.jpg",
            "communityID": "bef45f64-4b44-4aa5-8d49-e05b31ad9ac4",
            "sites": {
                "name": "Wikipedia",
                "url": "https://id.wikipedia.org/wiki/Lilis_Suriani"
            }
        },
        {
            "name": "Rizky Aditya Putra",
            "title": "Calon Bupati",
            "description": null,
            "profilePic": "",
            "communityID": "bef45f64-4b44-4aa5-8d49-e05b31ad9ac4",
            "sites": null
        }
    ],
    "source": "https://id.wikipedia.org/wiki/Pemilihan_umum_Bupati_Lamandau_2024",
    "path": "kabupaten-lamandau"
}