{
    "title": "Pemilihan umum Bupati Bangka Selatan 2024",
    "region": "Bangka Selatan",
    "level": "KABUPATEN",
    "path": "kabupaten-bangka-selatan",
    "source": "https://id.wikipedia.org/wiki/Pemilihan_umum_Bupati_Bangka_Selatan_2024",
    "communityID": "b3d9f62f-5cad-46a4-beca-47005f2d02c5",
    "candidates": [
        {
            "name": "Riza Herdavid",
            "description": "Riza Herdavid, S.T., M.Tr.I.P (lahir 10 September 1983) adalah Bupati Bangka Selatan periode 2021\u20132024. Ia menjabat sejak 26 Februari 2021 setelah dilantik Gubernur Kepulauan Bangka Belitung, Erzaldi Rosman Djohan di Ruang Pasir Padi\nKantor Gubernur Kepulauan Bangka Belitung, Pangkalpinang.[1] Dibawah kepemimpinan Bupati Riza Herdavid, Disain cetak biru Aik Bakung 'Ajak Bupati Kita Sambang Kampung'[2] makin dinanti serta disambut antusias warga.\n",
            "profilePic": "https://upload.wikimedia.org/wikipedia/commons/b/b9/Bupati_Bangka_Selatan_Riza_Herdavid.jpg",
            "title": "Bupati Bangka Selatan periode 2021\u20132024",
            "sites": {
                "name": "Wikipedia",
                "url": "https://id.wikipedia.org/wiki/Riza_Herdavid"
            },
            "communityID": "b3d9f62f-5cad-46a4-beca-47005f2d02c5"
        },
        {
            "name": "Alpian Arahman",
            "description": "",
            "profilePic": "",
            "title": "Ketua APKASINDO 2019-2024",
            "sites": {},
            "communityID": "b3d9f62f-5cad-46a4-beca-47005f2d02c5"
        }
    ]
}