{
    "title": "Pemilihan umum Bupati Tana Toraja 2024",
    "region": "Tana Toraja",
    "level": "KABUPATEN",
    "candidates": [
        {
            "name": "dr",
            "title": "Calon Bupati",
            "description": "Dokter (bahasa Belanda: dokter, arts atau geneesheer; bahasa Inggris: medical doctor, disingkat M.D.; dari bahasa Latin medicinae doctor) adalah seseorang yang karena keilmuannya berusaha menyembuhkan orang-orang yang sakit. Tidak semua orang yang menyembuhkan penyakit bisa disebut dokter. Untuk menjadi dokter biasanya diperlukan pendidikan dan pelatihan khusus dan mempunyai gelar dalam bidang kedokteran.",
            "profilePic": "https://upload.wikimedia.org/wikipedia/commons/thumb/3/31/Medical_doctors_per_1%2C000_people%2C_OWID.svg/220px-Medical_doctors_per_1%2C000_people%2C_OWID.svg.png",
            "communityID": "7d09a079-5808-4241-a5b1-01c5c4ce9b0b",
            "sites": {
                "name": "Wikipedia",
                "url": "https://id.wikipedia.org/wiki/Dokter"
            }
        }
    ],
    "source": "https://id.wikipedia.org/wiki/Pemilihan_umum_Bupati_Tana_Toraja_2024",
    "path": "kabupaten-tana-toraja"
}