{
    "title": "Pemilihan umum Bupati Sabu Raijua 2024",
    "region": "Sabu Raijua",
    "level": "KABUPATEN",
    "candidates": [
        {
            "name": "Nikodemus Nithanel Rihi Heke",
            "title": "Calon Bupati",
            "description": "Drs. Nikodemus Nithanel Rihi Heke, M.Si. (lahir 14 November 1962) adalah Bupati Kabupaten Sabu Raijua periode 2019\u20132021 dan 2021\u20132024. Sebelumnya ia adalah Wakil Bupati Sabu Raijua pertama yang mendampingi Bupati saat itu, Marthen Luther Dira Tome, selama dua periode, yakni 2011\u20132016 dan 2016\u20132021. Pada 2016\u20132019 ia menjadi pelaksana tugas bupati dan pada 14 Februari 2019 ia resmi menjadi bupati Sabu Raijua secara definitif.",
            "profilePic": "https://upload.wikimedia.org/wikipedia/commons/thumb/7/79/Bupati_Sabu_Raijua_Nikodemus_Nithanel_Rihi_Heke.jpg/220px-Bupati_Sabu_Raijua_Nikodemus_Nithanel_Rihi_Heke.jpg",
            "communityID": "298436ef-085a-46b1-901c-44bc4e7d7379",
            "sites": {
                "name": "Wikipedia",
                "url": "https://id.wikipedia.org/wiki/Nikodemus_Nithanel_Rihi_Heke"
            }
        },
        {
            "name": "Yohanis Uly Kale",
            "title": "Calon Bupati",
            "description": "Yohanis Uly Kale, A.Md. (lahir 15 Mei 1979) adalah Wakil Bupati Sabu Raijua periode 2021\u20132024. Ia menjabat sejak 16 September 2021 setelah dilantik Gubernur Nusa Tenggara Timur, Viktor Laiskodat di Aula Rumah Jabatan Gubernur Aula El Tari, Kupang.",
            "profilePic": "https://upload.wikimedia.org/wikipedia/commons/thumb/2/26/Wakil_Bupati_Sabu_Raijua_Yohanis_Uly_Kale.jpg/150px-Wakil_Bupati_Sabu_Raijua_Yohanis_Uly_Kale.jpg",
            "communityID": "298436ef-085a-46b1-901c-44bc4e7d7379",
            "sites": {
                "name": "Wikipedia",
                "url": "https://id.wikipedia.org/wiki/Yohanis_Uly_Kale"
            }
        },
        {
            "name": "Simon Dira Tome",
            "title": "Calon Bupati",
            "description": null,
            "profilePic": "",
            "communityID": "298436ef-085a-46b1-901c-44bc4e7d7379",
            "sites": null
        }
    ],
    "source": "https://id.wikipedia.org/wiki/Pemilihan_umum_Bupati_Sabu_Raijua_2024",
    "path": "kabupaten-sabu-raijua"
}