{
    "title": "Pemilihan umum Bupati Katingan 2024",
    "region": "Katingan",
    "level": "KABUPATEN",
    "candidates": [
        {
            "name": "Sakariyas",
            "title": "Calon Bupati",
            "description": "Sakariyas, S.E. (lahir 24 Oktober 1960) adalah bupati Katingan yang menjabat untuk masa bakti 2018\u20132023. Ia terpilih bersama Sunardi Litang sebagai wakil bupati Katingan setelah memenangkan Pilkada Katingan 2018 dengan meraih 19.998 suara. Ia dilantik sebagai bupati Katingan pada 24 September 2018 dan berpasangan dengan wakil bupati Seruyan Sunardi Litang.",
            "profilePic": "https://upload.wikimedia.org/wikipedia/commons/thumb/d/d0/Bupati_Katingan_Sakariyas.jpg/220px-Bupati_Katingan_Sakariyas.jpg",
            "communityID": "c9821ebb-bd89-4ab1-af10-773ac2d83d15",
            "sites": {
                "name": "Wikipedia",
                "url": "https://id.wikipedia.org/wiki/Sakariyas"
            }
        },
        {
            "name": "Sunardi N.T. Litang",
            "title": "Calon Bupati",
            "description": null,
            "profilePic": "",
            "communityID": "c9821ebb-bd89-4ab1-af10-773ac2d83d15",
            "sites": null
        },
        {
            "name": "Christantwo T Lajdu",
            "title": "Calon Bupati",
            "description": null,
            "profilePic": "",
            "communityID": "c9821ebb-bd89-4ab1-af10-773ac2d83d15",
            "sites": null
        },
        {
            "name": "Suhaemi",
            "title": "Calon Bupati",
            "description": null,
            "profilePic": "",
            "communityID": "c9821ebb-bd89-4ab1-af10-773ac2d83d15",
            "sites": null
        },
        {
            "name": "Kepas Rangkai",
            "title": "Calon Bupati",
            "description": null,
            "profilePic": "",
            "communityID": "c9821ebb-bd89-4ab1-af10-773ac2d83d15",
            "sites": null
        },
        {
            "name": "Yuandrias",
            "title": "Calon Bupati",
            "description": null,
            "profilePic": "",
            "communityID": "c9821ebb-bd89-4ab1-af10-773ac2d83d15",
            "sites": null
        },
        {
            "name": "Marwan Susanto",
            "title": "Calon Bupati",
            "description": null,
            "profilePic": "",
            "communityID": "c9821ebb-bd89-4ab1-af10-773ac2d83d15",
            "sites": null
        },
        {
            "name": "Nanang Suriansyah",
            "title": "Calon Bupati",
            "description": null,
            "profilePic": "",
            "communityID": "c9821ebb-bd89-4ab1-af10-773ac2d83d15",
            "sites": null
        },
        {
            "name": "Endang Susilawatie",
            "title": "Calon Bupati",
            "description": null,
            "profilePic": "",
            "communityID": "c9821ebb-bd89-4ab1-af10-773ac2d83d15",
            "sites": null
        },
        {
            "name": "Budy Hermanto",
            "title": "Calon Bupati",
            "description": null,
            "profilePic": "",
            "communityID": "c9821ebb-bd89-4ab1-af10-773ac2d83d15",
            "sites": null
        }
    ],
    "source": "https://id.wikipedia.org/wiki/Pemilihan_umum_Bupati_Katingan_2024",
    "path": "kabupaten-katingan"
}