{
    "title": "Pemilihan umum Bupati Bombana 2024",
    "region": "Bombana",
    "level": "KABUPATEN",
    "candidates": [
        {
            "name": "Johan Salim",
            "title": "Calon Bupati",
            "description": null,
            "profilePic": "",
            "communityID": "52c716c3-d02b-4ddf-bc79-b9cf5b3d8c5a",
            "sites": null
        },
        {
            "name": "Kasra Jaru Munara",
            "title": "Calon Bupati",
            "description": null,
            "profilePic": "",
            "communityID": "52c716c3-d02b-4ddf-bc79-b9cf5b3d8c5a",
            "sites": null
        },
        {
            "name": "Abdul Aziz Baking",
            "title": "Calon Bupati",
            "description": null,
            "profilePic": "",
            "communityID": "52c716c3-d02b-4ddf-bc79-b9cf5b3d8c5a",
            "sites": null
        },
        {
            "name": "Man Arfah",
            "title": "Calon Bupati",
            "description": null,
            "profilePic": "",
            "communityID": "52c716c3-d02b-4ddf-bc79-b9cf5b3d8c5a",
            "sites": null
        },
        {
            "name": "Masyhura Ila Ladamay",
            "title": "Calon Bupati",
            "description": null,
            "profilePic": "",
            "communityID": "52c716c3-d02b-4ddf-bc79-b9cf5b3d8c5a",
            "sites": null
        },
        {
            "name": "Hasrat",
            "title": "Calon Bupati",
            "description": "Hasrat adalah sebuah emosi yang mana seseorang atau sesuatu menginginkan sesuatu. Emosi ini mirip dengan rasa menginginkan, berharap, rindu dan mengidam. Hasrat-hasrat berhubungan dekat dengan agensi: mereka memotivasi seseorang yang memiliki hasrat tersebut untuk mengenalinya. Biasanya orang mengidam sesuatu yang memberikannya kenikmatan atau membuatnya gembira.",
            "profilePic": "https://upload.wikimedia.org/wikipedia/commons/thumb/c/ce/Plutchik-wheel.svg/90px-Plutchik-wheel.svg.png",
            "communityID": "52c716c3-d02b-4ddf-bc79-b9cf5b3d8c5a",
            "sites": {
                "name": "Wikipedia",
                "url": "https://id.wikipedia.org/wiki/Hasrat"
            }
        },
        {
            "name": "Arsyad",
            "title": "Calon Bupati",
            "description": null,
            "profilePic": "",
            "communityID": "52c716c3-d02b-4ddf-bc79-b9cf5b3d8c5a",
            "sites": null
        },
        {
            "name": "Ardi Alimuddin",
            "title": "Calon Bupati",
            "description": null,
            "profilePic": "",
            "communityID": "52c716c3-d02b-4ddf-bc79-b9cf5b3d8c5a",
            "sites": null
        },
        {
            "name": "Andi Nirwana Sebbu",
            "title": "Calon Bupati",
            "description": null,
            "profilePic": "",
            "communityID": "52c716c3-d02b-4ddf-bc79-b9cf5b3d8c5a",
            "sites": null
        },
        {
            "name": "Iskandar",
            "title": "Calon Bupati",
            "description": "H. Iskandar, S.E. (lahir 15 Agustus 1964) adalah politisi Indonesia. Ia adalah Bupati Ogan Komering Ilir 2 periode yakni 2014\u20132019 dan 2019\u20132024.",
            "profilePic": "https://upload.wikimedia.org/wikipedia/commons/thumb/9/97/Bupati_OKI_Iskandar.jpg/200px-Bupati_OKI_Iskandar.jpg",
            "communityID": "52c716c3-d02b-4ddf-bc79-b9cf5b3d8c5a",
            "sites": {
                "name": "Wikipedia",
                "url": "https://id.wikipedia.org/wiki/Iskandar"
            }
        },
        {
            "name": "Rahmat Jaya Rahman",
            "title": "Calon Bupati",
            "description": null,
            "profilePic": "",
            "communityID": "52c716c3-d02b-4ddf-bc79-b9cf5b3d8c5a",
            "sites": null
        }
    ],
    "source": "https://id.wikipedia.org/wiki/Pemilihan_umum_Bupati_Bombana_2024",
    "path": "kabupaten-bombana"
}