{
    "title": "Pemilihan umum Bupati Simalungun 2024",
    "region": "Simalungun",
    "level": "KABUPATEN",
    "candidates": [
        {
            "name": "Radiapoh Hasiholan Sinaga",
            "title": "Calon Bupati",
            "description": "Radiapoh Hasiholan Sinaga, S.H., M.H. (lahir 18 Juni 1968) adalah seorang pengusaha yang saat ini menjabat sebagai Bupati Simalungun bersama wakilnya Zonny Waldi. Ia maju sebagai Cabup didukung 5 partai pendukung yaitu Partai Golongan Karya,Partai Berkarya, Partai Hati Nurani Rakyat, Partai Keadilan Sejahtera, dan Partai Perindo dalam kontestan Pemilihan umum Bupati Simalungun 2020. Pada tanggal 27 April 2021, ia resmi dilantik bersama pasangannya Zonny Waldi sebagai Bupati dan Wakil Bupati Simalungun periode 2021-2024 oleh Gubernur Sumatera Utara Edy Rahmayadi di Medan.",
            "profilePic": "https://upload.wikimedia.org/wikipedia/commons/thumb/5/5d/Bupati_Simalungun_periode_2021-2024_Radiapoh_Sinaga.png/220px-Bupati_Simalungun_periode_2021-2024_Radiapoh_Sinaga.png",
            "communityID": "833d84cd-1e8f-4b0f-aa8d-bc36e78ad7c1",
            "sites": {
                "name": "Wikipedia",
                "url": "https://id.wikipedia.org/wiki/Radiapoh_Hasiholan_Sinaga"
            }
        },
        {
            "name": "Zonny Waldi",
            "title": "Calon Bupati",
            "description": "H. Zonny Waldi, S.Sos., M.M. (lahir 2 April 1961) adalah Wakil Bupati Simalungun periode 2021\u20132024. Ia menjabat sejak 26 April 2021 setelah dilantik Gubernur Sumatera Utara, Edy Rahmayadi di Aula Raja Inal Siregar Lantai II Kantor Gubernur Sumatera Utara, Medan.",
            "profilePic": "https://upload.wikimedia.org/wikipedia/commons/thumb/c/c4/Wakil_Bupati_Simalungun_periode_2021-2024_Zonny_Waldi.png/220px-Wakil_Bupati_Simalungun_periode_2021-2024_Zonny_Waldi.png",
            "communityID": "833d84cd-1e8f-4b0f-aa8d-bc36e78ad7c1",
            "sites": {
                "name": "Wikipedia",
                "url": "https://id.wikipedia.org/wiki/Zonny_Waldi"
            }
        },
        {
            "name": "Pontus Sitorus",
            "title": "Calon Bupati",
            "description": "Dr. Pontus Sitorus, S.PAK., M.Si. atau yang lebih akrab disapa Pontus (lahir 04 Februari 1963) adalah seorang purnabakti (pensiunan) birokrat Indonesia yang pernah menjabat sebagai Pelaksana tugas (Plt.) Direktur Jenderal Bimbingan Masyarakat Kristen - Kementerian Agama Republik Indonesia sejak Desember 2021 sampai tanggal 16 September 2022. Diangkat sesuai dengan Surat Perintah Menteri Agama RI Tahun 2021 yang saat itu sementara menggantikan dari Dirjen Bimas Kristen sebelumnya. Setelah diangkat menjadi Pelaksana Tugas, ia kembali menjabat sebagai Direktur Pendidikan Agama Kristen Direktorat Jenderal Bimbingan Masyarakat Kristen Kementerian Agama Republik Indonesia, karena sudah ada yang mengisi jabatan Dirjen Bimas Kristen yang baru. Pengabdian kepada negara yaitu di Kementerian Agama Republik Indonesia selama 34 tahun.",
            "profilePic": "https://upload.wikimedia.org/wikipedia/commons/thumb/0/0b/KPU_Pontus_Sitorus.png/220px-KPU_Pontus_Sitorus.png",
            "communityID": "833d84cd-1e8f-4b0f-aa8d-bc36e78ad7c1",
            "sites": {
                "name": "Wikipedia",
                "url": "https://id.wikipedia.org/wiki/Pontus_Sitorus"
            }
        },
        {
            "name": "Muhajidin Nur Hasim",
            "title": "Calon Bupati",
            "description": "Partai Demokrat",
            "profilePic": "https://upload.wikimedia.org/wikipedia/commons/thumb/4/44/Lambang_Kabupaten_Simalungun.jpeg/50px-Lambang_Kabupaten_Simalungun.jpeg",
            "communityID": "833d84cd-1e8f-4b0f-aa8d-bc36e78ad7c1",
            "sites": {
                "name": "Wikipedia",
                "url": "https://id.wikipedia.org/wiki/Muhajidin_Nur_Hasim"
            }
        },
        {
            "name": "Gideon Purba",
            "title": "Calon Bupati",
            "description": "Partai Demokrat",
            "profilePic": "https://upload.wikimedia.org/wikipedia/commons/thumb/4/44/Lambang_Kabupaten_Simalungun.jpeg/50px-Lambang_Kabupaten_Simalungun.jpeg",
            "communityID": "833d84cd-1e8f-4b0f-aa8d-bc36e78ad7c1",
            "sites": {
                "name": "Wikipedia",
                "url": "https://id.wikipedia.org/wiki/Gideon_Purba"
            }
        },
        {
            "name": "Sastra Joyo Sirait",
            "title": "Calon Bupati",
            "description": null,
            "profilePic": "",
            "communityID": "833d84cd-1e8f-4b0f-aa8d-bc36e78ad7c1",
            "sites": null
        },
        {
            "name": "Timbul Jaya Hamonangan Sibarani",
            "title": "Calon Bupati",
            "description": null,
            "profilePic": "",
            "communityID": "833d84cd-1e8f-4b0f-aa8d-bc36e78ad7c1",
            "sites": null
        },
        {
            "name": "Elias Barus",
            "title": "Calon Bupati",
            "description": null,
            "profilePic": "",
            "communityID": "833d84cd-1e8f-4b0f-aa8d-bc36e78ad7c1",
            "sites": null
        },
        {
            "name": "Mangapul Purba",
            "title": "Calon Bupati",
            "description": null,
            "profilePic": "",
            "communityID": "833d84cd-1e8f-4b0f-aa8d-bc36e78ad7c1",
            "sites": null
        },
        {
            "name": "Iskandar Sinaga",
            "title": "Calon Bupati",
            "description": null,
            "profilePic": "",
            "communityID": "833d84cd-1e8f-4b0f-aa8d-bc36e78ad7c1",
            "sites": null
        },
        {
            "name": "Rony Reynaldo Situmorang",
            "title": "Calon Bupati",
            "description": null,
            "profilePic": "",
            "communityID": "833d84cd-1e8f-4b0f-aa8d-bc36e78ad7c1",
            "sites": null
        },
        {
            "name": "Inge Amelia",
            "title": "Calon Bupati",
            "description": "Inge Amelia Nasution (lahir 6 Juli 1989) adalah seorang politikus Indonesia. Ia merupakan anak kedua dari tiga bersaudara dari pasangan Erwin Nasution dan Ade Hanifah Siregar serta merupakan kakak kandung dari Walikota Medan Bobby Nasution dan kakak ipar dari Kahiyang Ayu, putri dari Presiden Indonesia Joko Widodo.",
            "profilePic": "https://upload.wikimedia.org/wikipedia/commons/thumb/1/1c/Joko_Widodo_2014_official_portrait.jpg/90px-Joko_Widodo_2014_official_portrait.jpg",
            "communityID": "833d84cd-1e8f-4b0f-aa8d-bc36e78ad7c1",
            "sites": {
                "name": "Wikipedia",
                "url": "https://id.wikipedia.org/wiki/Inge_Amelia"
            }
        },
        {
            "name": "Rusdi Lubis",
            "title": "Calon Bupati",
            "description": null,
            "profilePic": "",
            "communityID": "833d84cd-1e8f-4b0f-aa8d-bc36e78ad7c1",
            "sites": null
        },
        {
            "name": "Saut B. Purba",
            "title": "Calon Bupati",
            "description": null,
            "profilePic": "",
            "communityID": "833d84cd-1e8f-4b0f-aa8d-bc36e78ad7c1",
            "sites": null
        },
        {
            "name": "Muhammad Jusuf sirait",
            "title": "Calon Bupati",
            "description": null,
            "profilePic": "",
            "communityID": "833d84cd-1e8f-4b0f-aa8d-bc36e78ad7c1",
            "sites": null
        },
        {
            "name": "dr Sortaman Saragih",
            "title": "Calon Bupati",
            "description": null,
            "profilePic": "",
            "communityID": "833d84cd-1e8f-4b0f-aa8d-bc36e78ad7c1",
            "sites": null
        },
        {
            "name": "Elkananda Shah",
            "title": "Calon Bupati",
            "description": null,
            "profilePic": "",
            "communityID": "833d84cd-1e8f-4b0f-aa8d-bc36e78ad7c1",
            "sites": null
        },
        {
            "name": "Hendra Sukmana Sinaga",
            "title": "Calon Bupati",
            "description": null,
            "profilePic": "",
            "communityID": "833d84cd-1e8f-4b0f-aa8d-bc36e78ad7c1",
            "sites": null
        }
    ],
    "source": "https://id.wikipedia.org/wiki/Pemilihan_umum_Bupati_Simalungun_2024",
    "path": "kabupaten-simalungun"
}