{
    "title": "Pemilihan umum Bupati Bangkalan 2024",
    "region": "Bangkalan",
    "level": "KABUPATEN",
    "candidates": [
        {
            "name": "Mohni",
            "title": "Calon Bupati",
            "description": "Drs. H. Mohni, M.M. (lahir 22 Oktober 1959) adalah Pelaksana Tugas Bupati Bangkalan sejak 9 Desember 2022. Sebelumnya, ia merupakan Wakil Bupati Bangkalan periode 2018\u20132023 setelah dilantik Gubernur Jawa Timur, Soekarwo di Gedung Negara Grahadi, Surabaya.",
            "profilePic": "https://upload.wikimedia.org/wikipedia/commons/thumb/5/57/Official_Portrait_of_Mohni%2C_Vice_Regent_of_Bangkalan.png/220px-Official_Portrait_of_Mohni%2C_Vice_Regent_of_Bangkalan.png",
            "communityID": "5a980361-fab3-47b6-8d20-e10c32cb18dc",
            "sites": {
                "name": "Wikipedia",
                "url": "https://id.wikipedia.org/wiki/Mohni"
            }
        },
        {
            "name": "Farid Al Fauzi",
            "title": "Calon Bupati",
            "description": null,
            "profilePic": "",
            "communityID": "5a980361-fab3-47b6-8d20-e10c32cb18dc",
            "sites": null
        },
        {
            "name": "Imam Buchori Cholil",
            "title": "Calon Bupati",
            "description": null,
            "profilePic": "",
            "communityID": "5a980361-fab3-47b6-8d20-e10c32cb18dc",
            "sites": null
        },
        {
            "name": "Syafiuddin",
            "title": "Calon Bupati",
            "description": "H. Syafiuddin, S.Sos. (lahir 5 November 1973) adalah politikus Indonesia yang menjabat sebagai anggota DPR-RI periode 2019\u20132024. Ia mewakili daerah pemilihan Jawa Timur XI, yang meliputi Kabupaten Bangkalan, Kabupaten Pamekasan, Kabupaten Sampang, dan Kabupaten Sumenep. Syafiuddin merupakan kader Partai Kebangkitan Bangsa, ia bertugas di Komisi V.",
            "profilePic": "https://upload.wikimedia.org/wikipedia/commons/thumb/e/e1/Anggota_DPR_Syafiuddin.jpg/220px-Anggota_DPR_Syafiuddin.jpg",
            "communityID": "5a980361-fab3-47b6-8d20-e10c32cb18dc",
            "sites": {
                "name": "Wikipedia",
                "url": "https://id.wikipedia.org/wiki/Syafiuddin"
            }
        },
        {
            "name": "Imron Amin",
            "title": "Calon Bupati",
            "description": "R. Imron Amin, S.H., M.H. (lahir 15 Agustus 1987) adalah politikus Indonesia yang menjabat sebagai anggota DPR-RI periode 2019\u20132024. Ia mewakili daerah pemilihan Jawa Timur XI, yang meliputi Kabupaten Bangkalan, Kabupaten Pamekasan, Kabupaten Sampang, dan Kabupaten Sumenep. Imron merupakan kader Partai Gerakan Indonesia Raya, ia bertugas di Komisi I.",
            "profilePic": "https://upload.wikimedia.org/wikipedia/commons/thumb/e/e6/Imron_Amin.jpg/220px-Imron_Amin.jpg",
            "communityID": "5a980361-fab3-47b6-8d20-e10c32cb18dc",
            "sites": {
                "name": "Wikipedia",
                "url": "https://id.wikipedia.org/wiki/Imron_Amin"
            }
        },
        {
            "name": "Hasani Bin Zuber",
            "title": "Calon Bupati",
            "description": "H. Hasani Bin Zuber, S.IP., M.KP (lahir 11 Agustus 1985) adalah anggota Komisi VIII DPR-RI dari Fraksi Partai Demokrat (F-PD). Hasani berhasil lolos ke Senayan mewakili daerah pemilihan Jawa Timur XI meliputi Kabupaten Bangkalan, Sampang, Pamekasan dan Sumenep (Madura) dengan perolehan 170.859 suara. Capaian ini mengantarkan Hasani menjadi peraih suara tertinggi kedua nasional di internal Partai Demokrat setelah Edhie Baskoro Yudhoyono. Selain bertugas di komisi yang membidangi agama, sosial dan bencana, pada tahun 2021 Hasani juga dipercaya Fraksi Partai Demokrat menjadi sekpok dan Badan Kerjasama Antar Parlemen (BKSAP) DPR-RI  (Salah satu badan yang tugasnya adalah meningkatkan hubungan persahabatan dan kerja sama antara DPR dan parlemen negara lain, baik secara bilateral maupun multilateral).",
            "profilePic": "",
            "communityID": "5a980361-fab3-47b6-8d20-e10c32cb18dc",
            "sites": {
                "name": "Wikipedia",
                "url": "https://id.wikipedia.org/wiki/Hasani_Bin_Zuber"
            }
        },
        {
            "name": "Mahhud",
            "title": "Calon Bupati",
            "description": null,
            "profilePic": "",
            "communityID": "5a980361-fab3-47b6-8d20-e10c32cb18dc",
            "sites": null
        },
        {
            "name": "Mohammad Nasih Aschal",
            "title": "Calon Bupati",
            "description": null,
            "profilePic": "",
            "communityID": "5a980361-fab3-47b6-8d20-e10c32cb18dc",
            "sites": null
        },
        {
            "name": "Mondir Rofi'i",
            "title": "Calon Bupati",
            "description": "Ir. H. Mondir A. Rofi'i (lahir 2 Maret 1962) adalah politikus PKB yang pernah menjabat sebagai Wakil Bupati Bangkalan periode 2013-2018. Mondir juga menjabat sebagai Ketua Dewan Syuro DPC PKB Kabupaten Bangkalan periode 2021-2026.",
            "profilePic": "",
            "communityID": "5a980361-fab3-47b6-8d20-e10c32cb18dc",
            "sites": {
                "name": "Wikipedia",
                "url": "https://id.wikipedia.org/wiki/Mondir_Rofi%27i"
            }
        },
        {
            "name": "Muhammad Fahad",
            "title": "Calon Bupati",
            "description": null,
            "profilePic": "",
            "communityID": "5a980361-fab3-47b6-8d20-e10c32cb18dc",
            "sites": null
        },
        {
            "name": "Fatkhurrahman",
            "title": "Calon Bupati",
            "description": null,
            "profilePic": "",
            "communityID": "5a980361-fab3-47b6-8d20-e10c32cb18dc",
            "sites": null
        },
        {
            "name": "Nur Hasan",
            "title": "Calon Bupati",
            "description": null,
            "profilePic": "",
            "communityID": "5a980361-fab3-47b6-8d20-e10c32cb18dc",
            "sites": null
        },
        {
            "name": "Zhavira Ayu Ratri Aldania",
            "title": "Calon Bupati",
            "description": null,
            "profilePic": "",
            "communityID": "5a980361-fab3-47b6-8d20-e10c32cb18dc",
            "sites": null
        },
        {
            "name": "RKH Muhammad Makki Nasir",
            "title": "Calon Bupati",
            "description": null,
            "profilePic": "",
            "communityID": "5a980361-fab3-47b6-8d20-e10c32cb18dc",
            "sites": null
        }
    ],
    "source": "https://id.wikipedia.org/wiki/Pemilihan_umum_Bupati_Bangkalan_2024",
    "path": "kabupaten-bangkalan"
}