{
    "title": "Pemilihan umum Bupati Kepulauan Yapen 2024",
    "region": "Kepulauan Yapen",
    "level": "KABUPATEN",
    "candidates": [
        {
            "name": "Frans Sanadi",
            "title": "Calon Bupati",
            "description": null,
            "profilePic": "",
            "communityID": "1d1fc1f8-fc8c-4328-a2fb-ba4fc008f41f",
            "sites": null
        },
        {
            "name": "Marthen Kayoi",
            "title": "Calon Bupati",
            "description": null,
            "profilePic": "",
            "communityID": "1d1fc1f8-fc8c-4328-a2fb-ba4fc008f41f",
            "sites": null
        },
        {
            "name": "Constant Karma",
            "title": "Calon Bupati",
            "description": "drh. Constant Karma (lahir 24 Maret 1954) yang merupakan politikus Partai Golongan Karya dan mantan birokrat Indonesia yang berasal dari Papua. Constant pernah menjabat sebagai penjabat Gubernur Papua pada periode masa transisi 2012\u20132013 dan menjabat Wakil Gubernur Papua untuk periode 2000\u20132005.",
            "profilePic": "https://upload.wikimedia.org/wikipedia/commons/thumb/d/d9/Constant_Karma.jpg/220px-Constant_Karma.jpg",
            "communityID": "1d1fc1f8-fc8c-4328-a2fb-ba4fc008f41f",
            "sites": {
                "name": "Wikipedia",
                "url": "https://id.wikipedia.org/wiki/Constant_Karma"
            }
        }
    ],
    "source": "https://id.wikipedia.org/wiki/Pemilihan_umum_Bupati_Kepulauan_Yapen_2024",
    "path": "kabupaten-kepulauan-yapen"
}