{
    "title": "Pemilihan umum Bupati Minahasa Tenggara 2024",
    "region": "Minahasa Tenggara",
    "level": "KABUPATEN",
    "candidates": [
        {
            "name": "Ronald Kandoli",
            "title": "Calon Bupati",
            "description": null,
            "profilePic": "",
            "communityID": "10b6f66a-0bcc-41be-b007-b3ee59bbe071",
            "sites": null
        },
        {
            "name": "Djein Rende",
            "title": "Calon Bupati",
            "description": null,
            "profilePic": "",
            "communityID": "10b6f66a-0bcc-41be-b007-b3ee59bbe071",
            "sites": null
        },
        {
            "name": "Maxi Rondonuwu",
            "title": "Calon Bupati",
            "description": null,
            "profilePic": "",
            "communityID": "10b6f66a-0bcc-41be-b007-b3ee59bbe071",
            "sites": null
        },
        {
            "name": "Toni Hendrik Lasut",
            "title": "Calon Bupati",
            "description": null,
            "profilePic": "",
            "communityID": "10b6f66a-0bcc-41be-b007-b3ee59bbe071",
            "sites": null
        },
        {
            "name": "Pricylia Elviera Rondo",
            "title": "Calon Bupati",
            "description": null,
            "profilePic": "",
            "communityID": "10b6f66a-0bcc-41be-b007-b3ee59bbe071",
            "sites": null
        },
        {
            "name": "Semuel Montolalu",
            "title": "Calon Bupati",
            "description": null,
            "profilePic": "",
            "communityID": "10b6f66a-0bcc-41be-b007-b3ee59bbe071",
            "sites": null
        }
    ],
    "source": "https://id.wikipedia.org/wiki/Pemilihan_umum_Bupati_Minahasa_Tenggara_2024",
    "path": "kabupaten-minahasa-tenggara"
}