{
    "title": "Pemilihan umum Bupati Sampang 2024",
    "region": "Sampang",
    "level": "KABUPATEN",
    "path": "kabupaten-sampang",
    "source": "https://id.wikipedia.org/wiki/Pemilihan_umum_Bupati_Sampang_2024",
    "communityID": "4e5d2003-e0c2-4076-b8fe-c16bbec099fc",
    "candidates": [
        {
            "name": "Slamet Junaidi",
            "description": "H. Slamet Junaidi, S.IP (lahir 17 Agustus 1972) adalah politisi Partai NasDem yang menjabat sebagai Bupati Sampang periode 2019-2024.\n",
            "profilePic": "https://upload.wikimedia.org/wikipedia/commons/2/20/H._Slamet_Junaidi.jpg",
            "title": "Bupati Sampang",
            "sites": {
                "name": "Wikipedia",
                "url": "https://id.wikipedia.org/wiki/Slamet_Junaidi"
            },
            "communityID": "4e5d2003-e0c2-4076-b8fe-c16bbec099fc"
        },
        {
            "name": "Abdullah Hidayat",
            "description": "Abdullah Hidayat (lahir 10 Oktober 1984) adalah seorang politikus Indonesia kelahiran Sampang. Ia menikah dengan Vanny Dariyani. Ia menyelesaikan studi magister (S2) dan wisuda bersama istrinya di STIE Mahardhika Surabaya. Ia menjadi kepala desa di Desa Bringin Nonggal, Kecamatan Torjun, Kabupaten Sampang dari 2013 sampai 2018. Ia menjadi ketua umum asosiasi kepala desa se-Kabupaten Sampang dari 2016 sampai 2019. Ia juga merangkap menjadi ketua umum Persesa Sampang dari 2015. Dari 30 Januari 2019, ia menjabat sebagai Wakil Bupati Sampang mendampingi Slamet Junaidi selaku Bupati Sampang.[1]\n",
            "profilePic": "https://upload.wikimedia.org/wikipedia/commons/c/c4/Wakil_Bupati_Abdullah_Hidayat.jpg",
            "title": "Wakil Bupati Sampang",
            "sites": {
                "name": "Wikipedia",
                "url": "https://id.wikipedia.org/wiki/Abdullah_Hidayat"
            },
            "communityID": "4e5d2003-e0c2-4076-b8fe-c16bbec099fc"
        },
        {
            "name": "Hermanto Subaidi",
            "description": "",
            "profilePic": "",
            "title": "Mantan Cabup Sampang 2018",
            "sites": {},
            "communityID": "4e5d2003-e0c2-4076-b8fe-c16bbec099fc"
        },
        {
            "name": "Slamet Ariyadi",
            "description": "Slamet Ariyadi, S.Psi. (lahir 30 September 1990) adalah politikus Indonesia yang menjabat sebagai anggota DPR-RI periode 2019\u20132024. Ia mewakili daerah pemilihan Jawa Timur XI, yang meliputi Kabupaten Bangkalan, Kabupaten Pamekasan, Kabupaten Sampang, dan Kabupaten Sumenep. Slamet merupakan kader Partai Amanat Nasional, ia bertugas di Komisi IV.[1]\n",
            "profilePic": "https://upload.wikimedia.org/wikipedia/commons/3/38/Anggota_DPR_Slamet_Ariyadi.jpg",
            "title": "Anggota DPR RI",
            "sites": {
                "name": "Wikipedia",
                "url": "https://id.wikipedia.org/wiki/Slamet_Ariyadi"
            },
            "communityID": "4e5d2003-e0c2-4076-b8fe-c16bbec099fc"
        },
        {
            "name": "Hadi Sumitro",
            "description": "",
            "profilePic": "",
            "title": "Mantan Anggota DPRD Jatim",
            "sites": {},
            "communityID": "4e5d2003-e0c2-4076-b8fe-c16bbec099fc"
        },
        {
            "name": "Muhammad Bin Muafi Zaini",
            "description": "",
            "profilePic": "",
            "title": "Anggota DPRD Jatim",
            "sites": {},
            "communityID": "4e5d2003-e0c2-4076-b8fe-c16bbec099fc"
        },
        {
            "name": "Mohammad Ashari",
            "description": "",
            "profilePic": "",
            "title": "Anggota DPRD Jatim",
            "sites": {},
            "communityID": "4e5d2003-e0c2-4076-b8fe-c16bbec099fc"
        },
        {
            "name": "Masfufah",
            "description": "",
            "profilePic": "",
            "title": "Ketua DPD Perindo Sampang",
            "sites": {},
            "communityID": "4e5d2003-e0c2-4076-b8fe-c16bbec099fc"
        },
        {
            "name": "Mohammad Faruk",
            "description": "",
            "profilePic": "",
            "title": "Anggota DPRD Sampang",
            "sites": {},
            "communityID": "4e5d2003-e0c2-4076-b8fe-c16bbec099fc"
        },
        {
            "name": "Toipul Minan",
            "description": "",
            "profilePic": "",
            "title": "Anggota DPRD Sampang",
            "sites": {},
            "communityID": "4e5d2003-e0c2-4076-b8fe-c16bbec099fc"
        },
        {
            "name": "Fadol",
            "description": "",
            "profilePic": "",
            "title": "Ketua DPRD Sampang",
            "sites": {},
            "communityID": "4e5d2003-e0c2-4076-b8fe-c16bbec099fc"
        },
        {
            "name": "Itqom Bushiri",
            "description": "",
            "profilePic": "",
            "title": "Ketua PCNU Sampang",
            "sites": {},
            "communityID": "4e5d2003-e0c2-4076-b8fe-c16bbec099fc"
        },
        {
            "name": "Pardi",
            "description": "",
            "profilePic": "",
            "title": "Kepala Kemenag Sampang",
            "sites": {},
            "communityID": "4e5d2003-e0c2-4076-b8fe-c16bbec099fc"
        },
        {
            "name": "Gus Khoiron Zaini",
            "description": "",
            "profilePic": "",
            "title": "Mantan Ketua PC GP Ansor Sampang",
            "sites": {},
            "communityID": "4e5d2003-e0c2-4076-b8fe-c16bbec099fc"
        }
    ]
}