{
    "title": "Pemilihan umum Bupati Nias 2024",
    "region": "Nias",
    "level": "KABUPATEN",
    "candidates": [
        {
            "name": "Ya'atulo Gulo",
            "title": "Calon Bupati",
            "description": "Ya'atul\u00f6 Gul\u00f6, S.E., S.H., M.Si. (lahir 16 Juni 1972) adalah Bupati Nias periode 2021\u20132024. Ia menjabat sejak 10 Juni 2021 setelah dilantik Gubernur Sumatera Utara, Edy Rahmayadi di Aula Tengku Rizal Nurdin Rumah Dinas Gubernur Sumatera Utara, Medan.",
            "profilePic": "https://upload.wikimedia.org/wikipedia/commons/0/0a/Ya%27atulo_Gulo.jpg",
            "communityID": "7ceaa692-ae96-4e88-bbc1-84cd0be59e21",
            "sites": {
                "name": "Wikipedia",
                "url": "https://id.wikipedia.org/wiki/Ya%27atulo_Gulo"
            }
        },
        {
            "name": "Arota Lase",
            "title": "Calon Bupati",
            "description": "Arota Lase, A.Md. (lahir 15 Agustus 1958) adalah Wakil Bupati Nias, periode 2021\u20132024. Ia menjabat sejak 10 Juni 2021 setelah dilantik Gubernur Sumatera Utara, Edy Rahmayadi di Aula Tengku Rizal Nurdin Rumah Dinas Gubernur Sumatera Utara, Medan.",
            "profilePic": "https://upload.wikimedia.org/wikipedia/commons/thumb/4/4d/Wakil-bupati.png/150px-Wakil-bupati.png",
            "communityID": "7ceaa692-ae96-4e88-bbc1-84cd0be59e21",
            "sites": {
                "name": "Wikipedia",
                "url": "https://id.wikipedia.org/wiki/Arota_Lase"
            }
        },
        {
            "name": "Aros\u00f6khi Waruwu",
            "title": "Calon Bupati",
            "description": "Partai Demokrat",
            "profilePic": "",
            "communityID": "7ceaa692-ae96-4e88-bbc1-84cd0be59e21",
            "sites": {
                "name": "Wikipedia",
                "url": "https://id.wikipedia.org/wiki/Aros%C3%B6khi_Waruwu"
            }
        },
        {
            "name": "Enan\u00f6i Dohare",
            "title": "Calon Bupati",
            "description": "Partai Demokrat",
            "profilePic": "",
            "communityID": "7ceaa692-ae96-4e88-bbc1-84cd0be59e21",
            "sites": {
                "name": "Wikipedia",
                "url": "https://id.wikipedia.org/wiki/Enan%C3%B6i_Dohare"
            }
        },
        {
            "name": "Ameyunus Zai",
            "title": "Calon Bupati",
            "description": null,
            "profilePic": "",
            "communityID": "7ceaa692-ae96-4e88-bbc1-84cd0be59e21",
            "sites": null
        },
        {
            "name": "Alinuru Laoli",
            "title": "Calon Bupati",
            "description": null,
            "profilePic": "",
            "communityID": "7ceaa692-ae96-4e88-bbc1-84cd0be59e21",
            "sites": null
        },
        {
            "name": "Fo'arota Gulo",
            "title": "Calon Bupati",
            "description": null,
            "profilePic": "",
            "communityID": "7ceaa692-ae96-4e88-bbc1-84cd0be59e21",
            "sites": null
        },
        {
            "name": "Sabayuti Gulo",
            "title": "Calon Bupati",
            "description": null,
            "profilePic": "",
            "communityID": "7ceaa692-ae96-4e88-bbc1-84cd0be59e21",
            "sites": null
        },
        {
            "name": "Faigiasa Bawamenewi",
            "title": "Calon Bupati",
            "description": null,
            "profilePic": "",
            "communityID": "7ceaa692-ae96-4e88-bbc1-84cd0be59e21",
            "sites": null
        },
        {
            "name": "Firman Yanus Larosa",
            "title": "Calon Bupati",
            "description": null,
            "profilePic": "",
            "communityID": "7ceaa692-ae96-4e88-bbc1-84cd0be59e21",
            "sites": null
        }
    ],
    "source": "https://id.wikipedia.org/wiki/Pemilihan_umum_Bupati_Nias_2024",
    "path": "kabupaten-nias"
}