{
    "title": "Pemilihan umum Bupati Wajo 2024",
    "region": "Wajo",
    "level": "KABUPATEN",
    "path": "kabupaten-wajo",
    "source": "https://id.wikipedia.org/wiki/Pemilihan_umum_Bupati_Wajo_2024",
    "communityID": "9ffdda80-a7f4-45e9-9598-008aa2c63ab9",
    "candidates": [
        {
            "name": "Amran Mahmud",
            "description": "Dr. H. Amran Mahmud, S.Sos., M.Si. (lahir 11 April 1970) adalah politisi asal Wajo. Dia menjabat sebagai Bupati Wajo periode 2019\u20132024 dan Wakil Bupati Wajo periode 2009\u20132014. Dia merupakan seorang akademisi dan Politisi Partai Amanat Nasional (PAN) dan menjabat sebagai Ketua DPD PAN Kabupaten Wajo sejak tahun 2005 sampai 2015.\n",
            "profilePic": "https://upload.wikimedia.org/wikipedia/commons/1/12/Bupati_Wajo_Amran_Mahmud.jpg",
            "title": "Bupati Wajo",
            "sites": {
                "name": "Wikipedia",
                "url": "https://id.wikipedia.org/wiki/Amran_Mahmud"
            },
            "communityID": "9ffdda80-a7f4-45e9-9598-008aa2c63ab9"
        },
        {
            "name": "Amran",
            "description": "",
            "profilePic": "",
            "title": "Wakil Bupati Wajo",
            "sites": {},
            "communityID": "9ffdda80-a7f4-45e9-9598-008aa2c63ab9"
        },
        {
            "name": "Eka Sastra",
            "description": "",
            "profilePic": "",
            "title": "Anggota DPR RI",
            "sites": {},
            "communityID": "9ffdda80-a7f4-45e9-9598-008aa2c63ab9"
        }
    ]
}