{
    "title": "Pemilihan umum Bupati Konawe 2024",
    "region": "Konawe",
    "level": "KABUPATEN",
    "candidates": [
        {
            "name": "Yusran Akbar",
            "title": "Calon Bupati",
            "description": null,
            "profilePic": "",
            "communityID": "fafeb428-f978-4e10-91f1-e8afe3902417",
            "sites": null
        },
        {
            "name": "Dr. Ardin",
            "title": "Calon Bupati",
            "description": null,
            "profilePic": "",
            "communityID": "fafeb428-f978-4e10-91f1-e8afe3902417",
            "sites": null
        },
        {
            "name": "Fachry Pahlevi Konggoasa",
            "title": "Calon Bupati",
            "description": "Fachry Pahlevi Konggoasa (lahir 14 Mei 1995) adalah seorang politikus Indonesia yang menjabat sebagai Anggota DPR-RI periode 2019\u20132024. Ia mewakili Partai Amanat Nasional dan daerah pemilihan Sulawesi Tenggara. Saat ini, ia bertugas di Komisi IV.",
            "profilePic": "https://upload.wikimedia.org/wikipedia/commons/thumb/d/dd/Fachry_Pahlevi_Konggoasa.jpg/150px-Fachry_Pahlevi_Konggoasa.jpg",
            "communityID": "fafeb428-f978-4e10-91f1-e8afe3902417",
            "sites": {
                "name": "Wikipedia",
                "url": "https://id.wikipedia.org/wiki/Fachry_Pahlevi_Konggoasa"
            }
        },
        {
            "name": "Irawan Laliasa",
            "title": "Calon Bupati",
            "description": null,
            "profilePic": "",
            "communityID": "fafeb428-f978-4e10-91f1-e8afe3902417",
            "sites": null
        },
        {
            "name": "Harmin Ramba",
            "title": "Calon Bupati",
            "description": "Harmin Ramba (lahir 23 September 1964) adalah seorang birokrat Indonesia kelahiran Kendari. Ia menempuh pendidikan SD Umum Negeri 07 Kendari (31 Desember 1977) SMP Negeri 1 Kendari (7 Mei 1981) dan SMA Negeri 59 Kendari (25 April 1984). Ia menyelesaikan studi S1 Ekonomi/Manajemen di Universitas Halu Oleo Kendari pada tahun 1990, S2 Master Manajemen Sumber Daya Manusia di Universitas Hasanuddin Makassar pada tahun 2001, dan S3 Administrasi Publik di Universitas Hasanuddin Makassar pada tahun 2015.",
            "profilePic": "https://upload.wikimedia.org/wikipedia/commons/thumb/b/b1/Harmin_Ramba.jpg/220px-Harmin_Ramba.jpg",
            "communityID": "fafeb428-f978-4e10-91f1-e8afe3902417",
            "sites": {
                "name": "Wikipedia",
                "url": "https://id.wikipedia.org/wiki/Harmin_Ramba"
            }
        },
        {
            "name": "Ady Warsyah Toara",
            "title": "Calon Bupati",
            "description": null,
            "profilePic": "",
            "communityID": "fafeb428-f978-4e10-91f1-e8afe3902417",
            "sites": null
        }
    ],
    "source": "https://id.wikipedia.org/wiki/Pemilihan_umum_Bupati_Konawe_2024",
    "path": "kabupaten-konawe"
}