{
    "title": "Pemilihan umum Bupati Ogan Komering Ulu Timur 2024",
    "region": "Ogan Komering Ulu Timur",
    "level": "KABUPATEN",
    "candidates": [
        {
            "name": "Lanosin Hamzah",
            "title": "Calon Bupati",
            "description": "Ir. H. Lanosin, S.T. (lahir 31 Mei 1978) adalah Bupati Ogan Komering Ulu Timur periode 2021\u20132024. Ia menjabat sejak 26 Februari 2021 setelah dilantik Gubernur Sumatera Selatan, Herman Deru yang juga kakak kandung Lanosin sendiri di Griya Agung, Palembang.",
            "profilePic": "https://upload.wikimedia.org/wikipedia/commons/thumb/9/92/Ir._H._Lanosin%2C_S.T.jpg/220px-Ir._H._Lanosin%2C_S.T.jpg",
            "communityID": "ff5cbd8e-8ffd-4866-b104-965133af9ab9",
            "sites": {
                "name": "Wikipedia",
                "url": "https://id.wikipedia.org/wiki/Lanosin_Hamzah"
            }
        },
        {
            "name": "Adi Nugraha Purna Yudha",
            "title": "Calon Bupati",
            "description": null,
            "profilePic": "",
            "communityID": "ff5cbd8e-8ffd-4866-b104-965133af9ab9",
            "sites": null
        },
        {
            "name": "Fery Antoni",
            "title": "Calon Bupati",
            "description": null,
            "profilePic": "",
            "communityID": "ff5cbd8e-8ffd-4866-b104-965133af9ab9",
            "sites": null
        },
        {
            "name": "Masrin Diana",
            "title": "Calon Bupati",
            "description": null,
            "profilePic": "",
            "communityID": "ff5cbd8e-8ffd-4866-b104-965133af9ab9",
            "sites": null
        },
        {
            "name": "Hj. Juniah",
            "title": "Calon Bupati",
            "description": null,
            "profilePic": "",
            "communityID": "ff5cbd8e-8ffd-4866-b104-965133af9ab9",
            "sites": null
        },
        {
            "name": "Hermanto.",
            "title": "Calon Bupati",
            "description": null,
            "profilePic": "",
            "communityID": "ff5cbd8e-8ffd-4866-b104-965133af9ab9",
            "sites": null
        },
        {
            "name": "Beni Defitson",
            "title": "Calon Bupati",
            "description": null,
            "profilePic": "",
            "communityID": "ff5cbd8e-8ffd-4866-b104-965133af9ab9",
            "sites": null
        },
        {
            "name": "Linda Wati Syaropi",
            "title": "Calon Bupati",
            "description": null,
            "profilePic": "",
            "communityID": "ff5cbd8e-8ffd-4866-b104-965133af9ab9",
            "sites": null
        },
        {
            "name": "Azmi Shofix S.R.",
            "title": "Calon Bupati",
            "description": null,
            "profilePic": "",
            "communityID": "ff5cbd8e-8ffd-4866-b104-965133af9ab9",
            "sites": null
        },
        {
            "name": "Syahruddin",
            "title": "Calon Bupati",
            "description": null,
            "profilePic": "",
            "communityID": "ff5cbd8e-8ffd-4866-b104-965133af9ab9",
            "sites": null
        },
        {
            "name": "Nilawati",
            "title": "Calon Bupati",
            "description": null,
            "profilePic": "",
            "communityID": "ff5cbd8e-8ffd-4866-b104-965133af9ab9",
            "sites": null
        },
        {
            "name": "Leo Budi Rachmadi",
            "title": "Calon Bupati",
            "description": null,
            "profilePic": "",
            "communityID": "ff5cbd8e-8ffd-4866-b104-965133af9ab9",
            "sites": null
        },
        {
            "name": "Mirzan Iqbal",
            "title": "Calon Bupati",
            "description": null,
            "profilePic": "",
            "communityID": "ff5cbd8e-8ffd-4866-b104-965133af9ab9",
            "sites": null
        }
    ],
    "source": "https://id.wikipedia.org/wiki/Pemilihan_umum_Bupati_Ogan_Komering_Ulu_Timur_2024",
    "path": "kabupaten-ogan-komering-ulu-timur"
}