{
    "title": "Pemilihan umum Bupati Bener Meriah 2024",
    "region": "Bener Meriah",
    "level": "KABUPATEN",
    "candidates": [
        {
            "name": "Sarkawi",
            "title": "Calon Bupati",
            "description": "Teungku H. Sarkawi (lahir 27 Februari 1975) adalah Bupati Bener Meriah periode 2019\u20142022.",
            "profilePic": "https://upload.wikimedia.org/wikipedia/commons/thumb/4/41/Coat_of_arms_of_Aceh.svg/50px-Coat_of_arms_of_Aceh.svg.png",
            "communityID": "fea9b246-5762-48c5-9dd0-7d67eeef3169",
            "sites": {
                "name": "Wikipedia",
                "url": "https://id.wikipedia.org/wiki/Sarkawi"
            }
        },
        {
            "name": "Dailami",
            "title": "Calon Bupati",
            "description": "Dailami, lebih dikenal dengan nama Teungku Aci (lahir 5 Februari 1974) adalah tokoh pejuang GAM. Dia pernah menjabat sebagai Gubernur GAM Wilayah Linge dan Wakil Bupati Bener Meriah periode 2021\u20142022.",
            "profilePic": "https://upload.wikimedia.org/wikipedia/commons/thumb/1/19/Flag_of_Free_Aceh_Movement.svg/25px-Flag_of_Free_Aceh_Movement.svg.png",
            "communityID": "fea9b246-5762-48c5-9dd0-7d67eeef3169",
            "sites": {
                "name": "Wikipedia",
                "url": "https://id.wikipedia.org/wiki/Dailami"
            }
        },
        {
            "name": "Baharuddin Usman",
            "title": "Calon Bupati",
            "description": null,
            "profilePic": "",
            "communityID": "fea9b246-5762-48c5-9dd0-7d67eeef3169",
            "sites": null
        },
        {
            "name": "Edy Zulkifli",
            "title": "Calon Bupati",
            "description": null,
            "profilePic": "",
            "communityID": "fea9b246-5762-48c5-9dd0-7d67eeef3169",
            "sites": null
        }
    ],
    "source": "https://id.wikipedia.org/wiki/Pemilihan_umum_Bupati_Bener_Meriah_2024",
    "path": "kabupaten-bener-meriah"
}