{
    "title": "Pemilihan umum Bupati Aceh Jaya 2024",
    "region": "Aceh Jaya",
    "level": "KABUPATEN",
    "candidates": [
        {
            "name": "T Irfan TB",
            "title": "Calon Bupati",
            "description": "Drs. H. Teuku Irfan TB (lahir 26 Juni 1968) adalah seorang politikus Indonesia yang pernah menjabat sebagai Bupati Aceh Jaya periode 2017\u20142022.",
            "profilePic": "https://upload.wikimedia.org/wikipedia/commons/thumb/3/35/Bupati_Aceh_Jaya_Teuku_Irfan_TB.jpg/200px-Bupati_Aceh_Jaya_Teuku_Irfan_TB.jpg",
            "communityID": "d7e69e13-cf00-4f10-98a1-b46b6e850e97",
            "sites": {
                "name": "Wikipedia",
                "url": "https://id.wikipedia.org/wiki/T_Irfan_TB"
            }
        },
        {
            "name": "Zamzami A. Rani",
            "title": "Calon Bupati",
            "description": "Teungku H. Zamzami A. Rani, lebih dikenal dengan nama Abu Tausi (lahir 12 April 1953) adalah tokoh pejuang GAM. Dia pernah menjabat sebagai Panglima Gerakan Aceh Merdeka wilayah Meureuhom Daya dan Wakil Bupati Aceh Jaya periode 2007\u20142012.",
            "profilePic": "https://upload.wikimedia.org/wikipedia/commons/thumb/2/2a/Arrow_right_pictogram_01.png/5px-Arrow_right_pictogram_01.png",
            "communityID": "d7e69e13-cf00-4f10-98a1-b46b6e850e97",
            "sites": {
                "name": "Wikipedia",
                "url": "https://id.wikipedia.org/wiki/Zamzami_A._Rani"
            }
        },
        {
            "name": "Yusri Sofyan",
            "title": "Calon Bupati",
            "description": "Teungku Yusri Sofyan, lebih dikenal dengan nama Abu Yus (lahir 1 Juli 1961) adalah tokoh pejuang GAM. Dia pernah menjabat sebagai Wakil Gubernur GAM Wilayah Meureuhom Daya dan Wakil Bupati Aceh Jaya periode 2017\u20142022.",
            "profilePic": "https://upload.wikimedia.org/wikipedia/commons/thumb/6/67/Wakil_Bupati_Aceh_Jaya_Teungku_Yusri_Sofyan.jpg/220px-Wakil_Bupati_Aceh_Jaya_Teungku_Yusri_Sofyan.jpg",
            "communityID": "d7e69e13-cf00-4f10-98a1-b46b6e850e97",
            "sites": {
                "name": "Wikipedia",
                "url": "https://id.wikipedia.org/wiki/Yusri_Sofyan"
            }
        },
        {
            "name": "Asy'ari,S.E.M.Si",
            "title": "Calon Bupati",
            "description": null,
            "profilePic": "",
            "communityID": "d7e69e13-cf00-4f10-98a1-b46b6e850e97",
            "sites": null
        },
        {
            "name": "Bachtiar Syarbaini",
            "title": "Calon Bupati",
            "description": null,
            "profilePic": "",
            "communityID": "d7e69e13-cf00-4f10-98a1-b46b6e850e97",
            "sites": null
        }
    ],
    "source": "https://id.wikipedia.org/wiki/Pemilihan_umum_Bupati_Aceh_Jaya_2024",
    "path": "kabupaten-aceh-jaya"
}