{
    "title": "Pemilihan umum Bupati Sumba Barat 2024",
    "region": "Sumba Barat",
    "level": "KABUPATEN",
    "candidates": [
        {
            "name": "Yohanis Dade",
            "title": "Calon Bupati",
            "description": "Yohanis Dade, S.H. (lahir 25 Desember 1960) adalah Bupati Sumba Barat periode 2021\u20132024. Ia menjabat sejak 26 April 2021 setelah dilantik Gubernur Nusa Tenggara Timur, Viktor Laiskodat di Aula El Tari, Kupang.",
            "profilePic": "https://upload.wikimedia.org/wikipedia/commons/thumb/c/c0/Yohanis_Dade.jpg/220px-Yohanis_Dade.jpg",
            "communityID": "38e6020b-8518-4c0b-bc43-77a516c64834",
            "sites": {
                "name": "Wikipedia",
                "url": "https://id.wikipedia.org/wiki/Yohanis_Dade"
            }
        },
        {
            "name": "Agustinus Niga Dapawole",
            "title": "Calon Bupati",
            "description": null,
            "profilePic": "",
            "communityID": "38e6020b-8518-4c0b-bc43-77a516c64834",
            "sites": null
        }
    ],
    "source": "https://id.wikipedia.org/wiki/Pemilihan_umum_Bupati_Sumba_Barat_2024",
    "path": "kabupaten-sumba-barat"
}