{
    "title": "Pemilihan umum Bupati Tanggamus 2024",
    "region": "Tanggamus",
    "level": "KABUPATEN",
    "candidates": [
        {
            "name": "Dewi Handajani",
            "title": "Calon Bupati",
            "description": "Hj. Dewi Handajani, S.E., M.M.. (lahir 3 Januari 1971), adalah Bupati Kabupaten Tanggamus periode 2018-2023 yang terpilih melalui Pilkada Serentak tahun 2018. Ia adalah istri dari Bupati Tanggamus periode sebelumnya, yaitu Bambang Kurniawan sekaligus salah satu pengurus PDIP Kabupaten Tanggamus (Sekretaris DPC PDIP Kabupaten Tanggamus). Ketika maju dalam Pemilihan Bupati Tanggamus 2018, ia berpasangan dengan Hi.AM Syafi'i yang merupakan Anggota DPRD Tanggamus Fraksi PDIP.",
            "profilePic": "https://upload.wikimedia.org/wikipedia/commons/thumb/2/2b/KPU_Dewi_Handajani.jpg/220px-KPU_Dewi_Handajani.jpg",
            "communityID": "549805c7-ff76-4ba9-95f2-516704aa5fe6",
            "sites": {
                "name": "Wikipedia",
                "url": "https://id.wikipedia.org/wiki/Dewi_Handajani"
            }
        },
        {
            "name": "AM. Syafi'i",
            "title": "Calon Bupati",
            "description": null,
            "profilePic": "",
            "communityID": "549805c7-ff76-4ba9-95f2-516704aa5fe6",
            "sites": null
        },
        {
            "name": "Samsul Hadi",
            "title": "Calon Bupati",
            "description": "",
            "profilePic": "",
            "communityID": "549805c7-ff76-4ba9-95f2-516704aa5fe6",
            "sites": {
                "name": "Wikipedia",
                "url": "https://id.wikipedia.org/wiki/Samsul_Hadi_(Bupati_Tanggamus)"
            }
        },
        {
            "name": "Mukhlis Basri",
            "title": "Calon Bupati",
            "description": "Mukhlis Basri (lahir 24 Februari 1964) adalah seorang politikus Indonesia yang saat ini menjabat sebagai anggota Dewan Perwakilan Rakyat Republik Indonesia mewakili daerah pemilihan Lampung I sejak 2019. Ia merupakan saudara kandung dari Bupati Lampung Barat periode 2017-2022 Hi.Parosil Mabsus.",
            "profilePic": "https://upload.wikimedia.org/wikipedia/id/thumb/0/05/Mukhlis_Basri.jpg/220px-Mukhlis_Basri.jpg",
            "communityID": "549805c7-ff76-4ba9-95f2-516704aa5fe6",
            "sites": {
                "name": "Wikipedia",
                "url": "https://id.wikipedia.org/wiki/Mukhlis_Basri"
            }
        },
        {
            "name": "Heni Susilo",
            "title": "Calon Bupati",
            "description": null,
            "profilePic": "",
            "communityID": "549805c7-ff76-4ba9-95f2-516704aa5fe6",
            "sites": null
        },
        {
            "name": "Joko Santoso",
            "title": "Calon Bupati",
            "description": "Jenderal TNI (Purn.) Djoko Santoso, M.Si. (8 September 1952\u00a0\u2013\u00a010 Mei 2020) adalah Panglima Tentara Nasional Indonesia sejak 28 Desember 2007 hingga 28 September 2010 dan seorang pejuang politik Indonesia. Sebelumnya Djoko pernah menjabat sebagai Kepala Staf TNI Angkatan Darat dari 18 Februari 2005 hingga 28 Desember 2007. Karier Djoko di militer dimulai dengan menjabat sebagai Komandan Peleton 1 Kompi Senapan A Yonif 121/Macan Kumbang. Ketika telah menjadi perwira tinggi ia memulai kariernya dengan menjabat Waassospol Kaster TNI (1998), Kasdam IV/Diponegoro (2000), Pangdivif 2/Kostrad (2001).",
            "profilePic": "https://upload.wikimedia.org/wikipedia/commons/thumb/8/8c/Jenderal_TNI_Djoko_Santoso.png/200px-Jenderal_TNI_Djoko_Santoso.png",
            "communityID": "549805c7-ff76-4ba9-95f2-516704aa5fe6",
            "sites": {
                "name": "Wikipedia",
                "url": "https://id.wikipedia.org/wiki/Joko_Santoso"
            }
        },
        {
            "name": "Heri Agus Setiawan",
            "title": "Calon Bupati",
            "description": null,
            "profilePic": "",
            "communityID": "549805c7-ff76-4ba9-95f2-516704aa5fe6",
            "sites": null
        },
        {
            "name": "Nursalim Ahyono",
            "title": "Calon Bupati",
            "description": null,
            "profilePic": "",
            "communityID": "549805c7-ff76-4ba9-95f2-516704aa5fe6",
            "sites": null
        },
        {
            "name": "M Basili Abdurrahman S E",
            "title": "Calon Bupati",
            "description": null,
            "profilePic": "",
            "communityID": "549805c7-ff76-4ba9-95f2-516704aa5fe6",
            "sites": null
        },
        {
            "name": "Tedi Kurniawan",
            "title": "Calon Bupati",
            "description": null,
            "profilePic": "",
            "communityID": "549805c7-ff76-4ba9-95f2-516704aa5fe6",
            "sites": null
        },
        {
            "name": "Moh Saleh Asnawi",
            "title": "Calon Bupati",
            "description": null,
            "profilePic": "",
            "communityID": "549805c7-ff76-4ba9-95f2-516704aa5fe6",
            "sites": null
        },
        {
            "name": "Irwandi Suralaga",
            "title": "Calon Bupati",
            "description": null,
            "profilePic": "",
            "communityID": "549805c7-ff76-4ba9-95f2-516704aa5fe6",
            "sites": null
        },
        {
            "name": "Imer Darius",
            "title": "Calon Bupati",
            "description": null,
            "profilePic": "",
            "communityID": "549805c7-ff76-4ba9-95f2-516704aa5fe6",
            "sites": null
        }
    ],
    "source": "https://id.wikipedia.org/wiki/Pemilihan_umum_Bupati_Tanggamus_2024",
    "path": "kabupaten-tanggamus"
}