{
    "title": "Pemilihan umum Bupati Kepulauan Sula 2024",
    "region": "Kepulauan Sula",
    "level": "KABUPATEN",
    "candidates": [
        {
            "name": "Fifian Adeningsih Mus",
            "title": "Calon Bupati",
            "description": "Hj. Fifian Adeningsi Mus, S.H. (lahir 8 September 1984) adalah seorang politikus berkebangsaan Indonesia. Saat ini, ia memegang jabatan sebagai Bupati Kepulauan Sula untuk masa jabatan 2021\u20132024 dan menjadi bupati perempuan pertama yang menduduki jabatan tersebut. Sebelumnya, ia merupakan pegawai negeri sipil dengan jabatan terakhir Kepala Dinas Pendidikan di Pulau Taliabu. Kemudian, ia terjun ke dunia politik sebagai kader Partai Golongan Karya (Golkar). Pada Mei 2022, Fifian memutuskan untuk berpindah partai ke Partai Demokrasi Indonesia Perjuangan (PDI-P).",
            "profilePic": "https://upload.wikimedia.org/wikipedia/commons/thumb/8/86/Bupati_Kepulauan_Sula_Fifian_Adeningsih_Mus.jpg/220px-Bupati_Kepulauan_Sula_Fifian_Adeningsih_Mus.jpg",
            "communityID": "a72f5115-71cd-4183-96a6-7abe83deac0f",
            "sites": {
                "name": "Wikipedia",
                "url": "https://id.wikipedia.org/wiki/Fifian_Adeningsih_Mus"
            }
        },
        {
            "name": "Hendrata Thes",
            "title": "Calon Bupati",
            "description": "Hendrata Thes, S.Pd.K. (lahir 20 Mei 1973) adalah politikus yang menjabat Bupati Kepulauan Sula periode 2016\u20142021. Bersama wakilnya, Zulfahri Abdullah Duwila, mereka berhasil memenangkan Pemilihan umum Bupati Kepulauan Sula 2015.",
            "profilePic": "",
            "communityID": "a72f5115-71cd-4183-96a6-7abe83deac0f",
            "sites": {
                "name": "Wikipedia",
                "url": "https://id.wikipedia.org/wiki/Hendrata_Thes"
            }
        },
        {
            "name": "Alien Mus",
            "title": "Calon Bupati",
            "description": "Alien Mus (lahir 8 Agustus 1987) adalah seorang politikus Indonesia yang menjabat sebagai anggota DPR-RI sejak 2019 mewakili daerah pemilihan Maluku Utara. Alien merupakan kader Partai Golongan Karya. Saat ini, ia duduk di Komisi IV.",
            "profilePic": "https://upload.wikimedia.org/wikipedia/commons/thumb/7/76/DPR_Alien_Mus.jpg/220px-DPR_Alien_Mus.jpg",
            "communityID": "a72f5115-71cd-4183-96a6-7abe83deac0f",
            "sites": {
                "name": "Wikipedia",
                "url": "https://id.wikipedia.org/wiki/Alien_Mus"
            }
        }
    ],
    "source": "https://id.wikipedia.org/wiki/Pemilihan_umum_Bupati_Kepulauan_Sula_2024",
    "path": "kabupaten-kepulauan-sula"
}