{
    "title": "Pemilihan umum Bupati Jember 2024",
    "region": "Jember",
    "level": "KABUPATEN",
    "path": "kabupaten-jember",
    "source": "https://id.wikipedia.org/wiki/Pemilihan_umum_Bupati_Jember_2024",
    "communityID": "e9e5358d-5028-4b1b-9f24-693f7cfeb81f",
    "candidates": [
        {
            "name": "Hendy Siswanto",
            "description": "Ir. H. Hendy Siswanto., ST., IPU., ASEAN Eng., (lahir 6 Mei 1962) adalah Bupati Jember yang menjabat sejak 26 Februari 2021.\n",
            "profilePic": "https://upload.wikimedia.org/wikipedia/commons/thumb/6/6c/Official_Portrait_of_Hendy_Siswanto%2C_Regent_of_Jember.jpg/1200px-Official_Portrait_of_Hendy_Siswanto%2C_Regent_of_Jember.jpg",
            "title": "Bupati Jember Periode 2021\u20132024",
            "sites": {
                "name": "Wikipedia",
                "url": "https://id.wikipedia.org/wiki/Hendy_Siswanto"
            },
            "communityID": "e9e5358d-5028-4b1b-9f24-693f7cfeb81f"
        },
        {
            "name": "Faida",
            "description": "dr. Hj. Faida, MMR (lahir 19 September 1968) adalah bupati Jember yang menjabat pada periode 2016-2021. Ia dilantik pada 17 Februari 2016 menggantikan MZA Djalal yang habis masa jabatannya pada 2015.\n",
            "profilePic": "https://upload.wikimedia.org/wikipedia/commons/0/00/Bupati-Jember-Faida.jpg",
            "title": "Bupati Jember Periode 2016\u20132021",
            "sites": {
                "name": "Wikipedia",
                "url": "https://id.wikipedia.org/wiki/Faida"
            },
            "communityID": "e9e5358d-5028-4b1b-9f24-693f7cfeb81f"
        },
        {
            "name": "Balya Firjaun Barlaman",
            "description": "K. H. Balya Firjaun Barlaman atau yang dikenal dengan panggilan Gus Firjaun (lahir 12 Februari 1968) adalah Wakil Bupati Jember yang menjabat sejak 26 Februari 2021[1]. Ia maju mendampingi Bupati Jember Hendy Siswanto yang diusung Partai NasDem, Partai Gerindra, Partai Demokrat, PKS, PPP, dan Partai Berkarya versi Tommy Soeharto[2].\n",
            "profilePic": "https://upload.wikimedia.org/wikipedia/commons/thumb/a/a6/Balya_Firjaun_Barlaman.jpg/1200px-Balya_Firjaun_Barlaman.jpg",
            "title": "Wakil Bupati Jember Periode 2021\u20132024",
            "sites": {
                "name": "Wikipedia",
                "url": "https://id.wikipedia.org/wiki/Balya_Firjaun_Barlaman"
            },
            "communityID": "e9e5358d-5028-4b1b-9f24-693f7cfeb81f"
        },
        {
            "name": "Abdul Muqit Arief",
            "description": "",
            "profilePic": "",
            "title": "Wakil Bupati Jember Periode 2016\u20132021",
            "sites": {},
            "communityID": "e9e5358d-5028-4b1b-9f24-693f7cfeb81f"
        },
        {
            "name": "Muhammad Fawait",
            "description": "",
            "profilePic": "",
            "title": "Anggota DPRD Provinsi Jawa Timur",
            "sites": {},
            "communityID": "e9e5358d-5028-4b1b-9f24-693f7cfeb81f"
        },
        {
            "name": "Dwi Arya Nugraha Oktavianto",
            "description": "",
            "profilePic": "",
            "title": "Pengusaha",
            "sites": {},
            "communityID": "e9e5358d-5028-4b1b-9f24-693f7cfeb81f"
        },
        {
            "name": "Abdus Salam Alamsyah",
            "description": "",
            "profilePic": "",
            "title": "Ketua Dewan Pimpinan Daerah Partai Amanat Nasional Kabupaten Jember",
            "sites": {},
            "communityID": "e9e5358d-5028-4b1b-9f24-693f7cfeb81f"
        },
        {
            "name": "Muhammad Jaddin Wajad",
            "description": "",
            "profilePic": "",
            "title": "Tokoh Masyarakat",
            "sites": {},
            "communityID": "e9e5358d-5028-4b1b-9f24-693f7cfeb81f"
        },
        {
            "name": "Achmad Sudiyono",
            "description": "",
            "profilePic": "",
            "title": "Tokoh Masyarakat",
            "sites": {},
            "communityID": "e9e5358d-5028-4b1b-9f24-693f7cfeb81f"
        },
        {
            "name": "Nanang Handono Prasetyo",
            "description": "",
            "profilePic": "",
            "title": "Profesional karir",
            "sites": {},
            "communityID": "e9e5358d-5028-4b1b-9f24-693f7cfeb81f"
        },
        {
            "name": "Babun Suharto",
            "description": "\n",
            "profilePic": "",
            "title": "Rektor UIN KHAS Jember",
            "sites": {
                "name": "Wikipedia",
                "url": "https://id.wikipedia.org/wiki/Babun_Suharto"
            },
            "communityID": "e9e5358d-5028-4b1b-9f24-693f7cfeb81f"
        }
    ]
}