{
    "title": "Pemilihan umum Bupati Jayawijaya 2024",
    "region": "Jayawijaya",
    "level": "KABUPATEN",
    "candidates": [
        {
            "name": "John Richard Banua",
            "title": "Calon Bupati",
            "description": "Sersan Kepala (Purn.) John Richard Banua Rouw, S.E., M.Si. (lahir 12 Januari 1966) adalah Bupati Jayawijaya periode 2018-2023. Ia didampingi oleh Wakil Bupati Marthin Yogobi. Sebelum menjadi bupati, John Banua adalah Wakil Bupati Jayawijaya dua periode (2008-2013 dan 2013-2018) mendampingi Bupati John Wempi Wetipo. Ia juga pernah menjabat sebagai Ketua Umum Persiwa Wamena dan Wakil Ketua Perbakin Jayawijaya.",
            "profilePic": "https://upload.wikimedia.org/wikipedia/id/1/1f/John_Richard_Banua_Bupati_Jayawijaya.png",
            "communityID": "0c8c6f00-ecbc-45fd-b195-0285d5f96c48",
            "sites": {
                "name": "Wikipedia",
                "url": "https://id.wikipedia.org/wiki/John_Richard_Banua"
            }
        },
        {
            "name": "Ronie Elopere",
            "title": "Calon Bupati",
            "description": null,
            "profilePic": "",
            "communityID": "0c8c6f00-ecbc-45fd-b195-0285d5f96c48",
            "sites": null
        }
    ],
    "source": "https://id.wikipedia.org/wiki/Pemilihan_umum_Bupati_Jayawijaya_2024",
    "path": "kabupaten-jayawijaya"
}