{
    "title": "Pemilihan umum Bupati Banyuwangi 2024",
    "region": "Banyuwangi",
    "level": "KABUPATEN",
    "candidates": [
        {
            "name": "Ipuk Fiestiandani",
            "title": "Calon Bupati",
            "description": "Hj. Ipuk Fiestiandani, S.Pd. atau beberapa menyebut Ipuk Fiestiandani Azwar Anas (lahir 10 September 1974) adalah Bupati Banyuwangi yang menjabat sejak dilantik pada 26 Februari 2021 menggantikan bupati sebelumnya Abdullah Azwar Anas yang merupakan suaminya.",
            "profilePic": "https://upload.wikimedia.org/wikipedia/commons/thumb/2/22/Official_Portrait_of_Ipuk_Fiestiandani%2C_Regent_of_Banyuwangi.png/250px-Official_Portrait_of_Ipuk_Fiestiandani%2C_Regent_of_Banyuwangi.png",
            "communityID": "21c758da-8b71-46de-a5f1-7c246261afd6",
            "sites": {
                "name": "Wikipedia",
                "url": "https://id.wikipedia.org/wiki/Ipuk_Fiestiandani"
            }
        },
        {
            "name": "Sugirah",
            "title": "Calon Bupati",
            "description": "H. Sugirah, S.Pd., M.Si. (lahir 1 Februari 1964) adalah politikus PDI Perjuangan yang menjabat sebagai Wakil Bupati Banyuwangi periode 2021-2024.",
            "profilePic": "https://upload.wikimedia.org/wikipedia/commons/thumb/6/62/Official_Portrait_of_Sugirah%2C_Vice_Regent_of_Banyuwangi.png/220px-Official_Portrait_of_Sugirah%2C_Vice_Regent_of_Banyuwangi.png",
            "communityID": "21c758da-8b71-46de-a5f1-7c246261afd6",
            "sites": {
                "name": "Wikipedia",
                "url": "https://id.wikipedia.org/wiki/Sugirah"
            }
        },
        {
            "name": "Ratna Ani Lestari",
            "title": "Calon Bupati",
            "description": "Dr. Ratna Ani Lestari, S.E., M.M.(lahir 6 Desember 1965) adalah mantan Bupati Banyuwangi yang menjabat pada periode tahun 2005 hingga 2010. Ia adalah bupati wanita pertama di Kabupaten Banyuwangi. Ia adalah mantan isteri dari bupati Jembrana, I Gede Winasa, ia lulusan S3 Doktor Ekonomi Universitas Brawijaya.",
            "profilePic": "https://upload.wikimedia.org/wikipedia/commons/8/8f/Ratna_Ani_Lestari_Bupati_Banyuwangi.jpg",
            "communityID": "21c758da-8b71-46de-a5f1-7c246261afd6",
            "sites": {
                "name": "Wikipedia",
                "url": "https://id.wikipedia.org/wiki/Ratna_Ani_Lestari"
            }
        },
        {
            "name": "Yusuf Widiatmoko",
            "title": "Calon Bupati",
            "description": "Yusuf Widiatmoko, S.Sos. (lahir 6 Februari 1962) adalah Wakil Bupati Kabupaten Banyuwangi, Jawa Timur periode 2010-2015 dan 2016-2021. Ia adalah wakil dari Bupati Banyuwangi, Abdullah Azwar Anas.",
            "profilePic": "",
            "communityID": "21c758da-8b71-46de-a5f1-7c246261afd6",
            "sites": {
                "name": "Wikipedia",
                "url": "https://id.wikipedia.org/wiki/Yusuf_Widyatmoko"
            }
        },
        {
            "name": "Ali Ruchi",
            "title": "Calon Bupati",
            "description": null,
            "profilePic": "",
            "communityID": "21c758da-8b71-46de-a5f1-7c246261afd6",
            "sites": null
        },
        {
            "name": "Ahmad Munib Syafaat",
            "title": "Calon Bupati",
            "description": null,
            "profilePic": "",
            "communityID": "21c758da-8b71-46de-a5f1-7c246261afd6",
            "sites": null
        },
        {
            "name": "Michael Edy Hariyanto",
            "title": "Calon Bupati",
            "description": null,
            "profilePic": "",
            "communityID": "21c758da-8b71-46de-a5f1-7c246261afd6",
            "sites": null
        },
        {
            "name": "Sumail Abdullah",
            "title": "Calon Bupati",
            "description": "Ir. Sumail Abdullah. M.T (lahir 4 Juni 1968) adalah politikus Indonesia yang menjabat sebagai anggota DPR-RI selama dua periode (2014\u20132019 dan 2019\u20132024). Ia mewakili daerah pemilihan Jawa Timur IV, yang meliputi Banyuwangi, Bondowoso dan Situbondo. Sumail merupakan kader Partai Gerakan Indonesia Raya, ia bertugas di Komisi IV.",
            "profilePic": "https://upload.wikimedia.org/wikipedia/commons/thumb/0/04/DPR_Sumail_Abdullah.jpg/220px-DPR_Sumail_Abdullah.jpg",
            "communityID": "21c758da-8b71-46de-a5f1-7c246261afd6",
            "sites": {
                "name": "Wikipedia",
                "url": "https://id.wikipedia.org/wiki/Sumail_Abdullah"
            }
        },
        {
            "name": "Ruliyono",
            "title": "Calon Bupati",
            "description": null,
            "profilePic": "",
            "communityID": "21c758da-8b71-46de-a5f1-7c246261afd6",
            "sites": null
        },
        {
            "name": "Bunda Ratu Satiyem",
            "title": "Calon Bupati",
            "description": null,
            "profilePic": "",
            "communityID": "21c758da-8b71-46de-a5f1-7c246261afd6",
            "sites": null
        }
    ],
    "source": "https://id.wikipedia.org/wiki/Pemilihan_umum_Bupati_Banyuwangi_2024",
    "path": "kabupaten-banyuwangi"
}