{
    "title": "Pemilihan umum Bupati Kutai Kartanegara 2024",
    "region": "Kutai Kartanegara",
    "level": "KABUPATEN",
    "path": "kabupaten-kutai-kartanegara",
    "source": "https://id.wikipedia.org/wiki/Pemilihan_umum_Bupati_Kutai_Kartanegara_2024",
    "communityID": "e3c999f4-0e3e-4358-9a28-281ee82037f2",
    "candidates": [
        {
            "name": "Edi Damansyah",
            "description": "Drs. Edi Damansyah, M.Si. (lahir 2 Maret 1965) adalah bupati Kutai Kartanegara petahana yang saat ini menjabat untuk masa bakti 2019\u20132021. Sebelumnya ia menjabat sebagai wakil bupati Kutai Kartanegara periode 2016\u20132021 mendampingi Rita Widyasari. Pada 2017, ia menjadi pelaksana tugas bupati menggantikan Rita Widyasari.[1] Ia kemudian dilantik sebagai bupati definitif pada 14 Februari 2019.[2]\n",
            "profilePic": "https://upload.wikimedia.org/wikipedia/commons/b/b3/Wakil_Bupati_Kutai_Kartanegara_Edi_Damansyah.png",
            "title": "Bupati Kutai Kartanegara",
            "sites": {
                "name": "Wikipedia",
                "url": "https://id.wikipedia.org/wiki/Edi_Damansyah"
            },
            "communityID": "e3c999f4-0e3e-4358-9a28-281ee82037f2"
        },
        {
            "name": "Rendi Solihin",
            "description": "H. Rendi Solihin (lahir 11 Oktober 1991) adalah Wakil Bupati Kutai Kartanegara periode 2021\u20132024. Ia menjabat sejak 26 Februari 2021 setelah dilantik Gubernur Kalimantan Timur, Isran Noor secara daring.[1]\n",
            "profilePic": "",
            "title": "Wakil Bupati Kutai Kartanegara",
            "sites": {
                "name": "Wikipedia",
                "url": "https://id.wikipedia.org/wiki/Rendi_Solihin"
            },
            "communityID": "e3c999f4-0e3e-4358-9a28-281ee82037f2"
        },
        {
            "name": "Alif Turiadi",
            "description": "",
            "profilePic": "",
            "title": "Wakil Ketua DPRD Kab. Kutai Kartanegara",
            "sites": {},
            "communityID": "e3c999f4-0e3e-4358-9a28-281ee82037f2"
        },
        {
            "name": "Abdul Rasid",
            "description": "Abdul Rasid, S.E., M.SI (lahir 10 Maret 1976) adalah seorang politisi yang hingga kini menduduki kursi DPRD Kutai Kartanegara dari Partai Golongan Karya sejak tahun 2014. Ia telah terpilih sebanyak 2 kali dalam Pemilu 2014 dan Pemilu 2019. Abdul Rasid kini menjabat sebagai Ketua DPD Partai Golongan Karya Kutai Kartanegara [1] dan Ketua DPRD Kutai Kartanegara tahun 2019 - 2024 [2]\n",
            "profilePic": "https://upload.wikimedia.org/wikipedia/commons/b/bd/KPU_Abdul_Rasid.jpg",
            "title": "Ketua DPRD Kab. Kutai Kartanegara",
            "sites": {
                "name": "Wikipedia",
                "url": "https://id.wikipedia.org/wiki/Abdul_Rasid"
            },
            "communityID": "e3c999f4-0e3e-4358-9a28-281ee82037f2"
        },
        {
            "name": "M. Andi Faisal",
            "description": "",
            "profilePic": "",
            "title": "Anggota DPRD Kab. Kutai Kartanegara",
            "sites": {},
            "communityID": "e3c999f4-0e3e-4358-9a28-281ee82037f2"
        },
        {
            "name": "Seno Aji",
            "description": "",
            "profilePic": "",
            "title": "Anggota DPRD Prov. Kaltim",
            "sites": {},
            "communityID": "e3c999f4-0e3e-4358-9a28-281ee82037f2"
        },
        {
            "name": "Awang Yacoub Luthman",
            "description": "",
            "profilePic": "",
            "title": "Ketua DPD Nasdem Kukar",
            "sites": {},
            "communityID": "e3c999f4-0e3e-4358-9a28-281ee82037f2"
        },
        {
            "name": "Hasanuddin Mas'ud",
            "description": "",
            "profilePic": "",
            "title": "Ketua DPRD Prov. Kaltim",
            "sites": {},
            "communityID": "e3c999f4-0e3e-4358-9a28-281ee82037f2"
        },
        {
            "name": "Salehuddin",
            "description": "",
            "profilePic": "",
            "title": "Anggota DPRD Kab. Kutai Kartanegara",
            "sites": {},
            "communityID": "e3c999f4-0e3e-4358-9a28-281ee82037f2"
        },
        {
            "name": "Baharuddin Demmu ",
            "description": "",
            "profilePic": "",
            "title": "Anggota DPRD Prov. Kaltim",
            "sites": {},
            "communityID": "e3c999f4-0e3e-4358-9a28-281ee82037f2"
        }
    ]
}