{
    "title": "Pemilihan umum Bupati Ogan Komering Ilir 2024",
    "region": "Ogan Komering Ilir",
    "level": "KABUPATEN",
    "candidates": [
        {
            "name": "M. Dja'far Shodiq",
            "title": "Calon Bupati",
            "description": null,
            "profilePic": "",
            "communityID": "7ec472fd-10e5-49e2-b29c-2eb4db69c7fa",
            "sites": null
        },
        {
            "name": "M Alki Ardiansyah Iskandar",
            "title": "Calon Bupati",
            "description": null,
            "profilePic": "",
            "communityID": "7ec472fd-10e5-49e2-b29c-2eb4db69c7fa",
            "sites": null
        },
        {
            "name": "Muchendi Mahzareki",
            "title": "Calon Bupati",
            "description": null,
            "profilePic": "",
            "communityID": "7ec472fd-10e5-49e2-b29c-2eb4db69c7fa",
            "sites": null
        },
        {
            "name": "Ahmad Wazir Noviadi",
            "title": "Calon Bupati",
            "description": "Ahmad Wazir Noviadi, S.Psi., M.Si. (lahir 22 November 1988), atau kerap disapa Ovi, adalah seorang politikus Indonesia yang menjabat Bupati Ogan Ilir antara 17 Februari 2016 hingga 7 Agustus 2017. Ia merupakan pemimpin daerah pertama yang terjerat kasus narkotika di Indonesia. Ovi adalah putra Mawardi Yahya, mantan Wakil Gubernur Sumatera Selatan dan pendahulu permanennya sebagai Bupati Ogan Ilir.",
            "profilePic": "https://upload.wikimedia.org/wikipedia/commons/thumb/f/f2/Edit-clear.svg/40px-Edit-clear.svg.png",
            "communityID": "7ec472fd-10e5-49e2-b29c-2eb4db69c7fa",
            "sites": {
                "name": "Wikipedia",
                "url": "https://id.wikipedia.org/wiki/Ahmad_Wazir_Noviadi"
            }
        },
        {
            "name": "Abdiyanto",
            "title": "Calon Bupati",
            "description": null,
            "profilePic": "",
            "communityID": "7ec472fd-10e5-49e2-b29c-2eb4db69c7fa",
            "sites": null
        },
        {
            "name": "Ali Imron",
            "title": "Calon Bupati",
            "description": null,
            "profilePic": "",
            "communityID": "7ec472fd-10e5-49e2-b29c-2eb4db69c7fa",
            "sites": null
        },
        {
            "name": "Yusuf Mekki",
            "title": "Calon Bupati",
            "description": null,
            "profilePic": "",
            "communityID": "7ec472fd-10e5-49e2-b29c-2eb4db69c7fa",
            "sites": null
        },
        {
            "name": "Ike Mayasari",
            "title": "Calon Bupati",
            "description": null,
            "profilePic": "",
            "communityID": "7ec472fd-10e5-49e2-b29c-2eb4db69c7fa",
            "sites": null
        },
        {
            "name": "Nawawi",
            "title": "Calon Bupati",
            "description": "Nawawi dapat mengacu pada beberapa hal berikut:",
            "profilePic": "https://upload.wikimedia.org/wikipedia/commons/thumb/5/5f/Disambig_gray.svg/30px-Disambig_gray.svg.png",
            "communityID": "7ec472fd-10e5-49e2-b29c-2eb4db69c7fa",
            "sites": {
                "name": "Wikipedia",
                "url": "https://id.wikipedia.org/wiki/Nawawi"
            }
        },
        {
            "name": "Sri Sutandi",
            "title": "Calon Bupati",
            "description": null,
            "profilePic": "",
            "communityID": "7ec472fd-10e5-49e2-b29c-2eb4db69c7fa",
            "sites": null
        },
        {
            "name": "Junaidi",
            "title": "Calon Bupati",
            "description": null,
            "profilePic": "",
            "communityID": "7ec472fd-10e5-49e2-b29c-2eb4db69c7fa",
            "sites": null
        },
        {
            "name": "Nanda",
            "title": "Calon Bupati",
            "description": null,
            "profilePic": "",
            "communityID": "7ec472fd-10e5-49e2-b29c-2eb4db69c7fa",
            "sites": null
        },
        {
            "name": "Bakri Tarmusi",
            "title": "Calon Bupati",
            "description": null,
            "profilePic": "",
            "communityID": "7ec472fd-10e5-49e2-b29c-2eb4db69c7fa",
            "sites": null
        },
        {
            "name": "Tobroni Harun",
            "title": "Calon Bupati",
            "description": "H. Tobroni Harun, S.T., M.M. (lahir 01 Mei 1965) adalah Wakil Wali kota Bandar Lampung yang menjabat dari 15 September 2010 sampai 15 September 2015. Ia merupakan Wakil dari Herman HN. Pada Pilkada Serentak 2015, Tobroni Harun mencalonkan diri sebagai Calon Wali kota dan Wakil Wali kota Bandar Lampung bersama H. Komarunizar. Mereka menjadi pasangan calon pertama yang mendaftar di KPUD Bandar Lampung.",
            "profilePic": "https://upload.wikimedia.org/wikipedia/commons/thumb/a/a2/KPU_Tobroni_Harun.jpg/200px-KPU_Tobroni_Harun.jpg",
            "communityID": "7ec472fd-10e5-49e2-b29c-2eb4db69c7fa",
            "sites": {
                "name": "Wikipedia",
                "url": "https://id.wikipedia.org/wiki/Tobroni_Harun"
            }
        },
        {
            "name": "Zaitun Mawardi Yahya",
            "title": "Calon Bupati",
            "description": null,
            "profilePic": "",
            "communityID": "7ec472fd-10e5-49e2-b29c-2eb4db69c7fa",
            "sites": null
        },
        {
            "name": "Muhammad Rifa'i",
            "title": "Calon Bupati",
            "description": "Muhammad Rifai\n(lahir 7 November 1968) adalah Wakil Bupati Ogan Komering Ilir periode 2014\u20142018. Ia adalah wakil dari Bupati Ogan Komering Ilir, Iskandar.",
            "profilePic": "https://upload.wikimedia.org/wikipedia/commons/thumb/f/fc/Wakil_Bupati_OKI_M._Rifa%27i.jpg/220px-Wakil_Bupati_OKI_M._Rifa%27i.jpg",
            "communityID": "7ec472fd-10e5-49e2-b29c-2eb4db69c7fa",
            "sites": {
                "name": "Wikipedia",
                "url": "https://id.wikipedia.org/wiki/Muhammad_Rifa%27i"
            }
        },
        {
            "name": "Febriansyah Wardana",
            "title": "Calon Bupati",
            "description": null,
            "profilePic": "",
            "communityID": "7ec472fd-10e5-49e2-b29c-2eb4db69c7fa",
            "sites": null
        },
        {
            "name": "Supriyanto GT",
            "title": "Calon Bupati",
            "description": null,
            "profilePic": "",
            "communityID": "7ec472fd-10e5-49e2-b29c-2eb4db69c7fa",
            "sites": null
        },
        {
            "name": "Asmar Wijaya",
            "title": "Calon Bupati",
            "description": null,
            "profilePic": "",
            "communityID": "7ec472fd-10e5-49e2-b29c-2eb4db69c7fa",
            "sites": null
        }
    ],
    "source": "https://id.wikipedia.org/wiki/Pemilihan_umum_Bupati_Ogan_Komering_Ilir_2024",
    "path": "kabupaten-ogan-komering-ilir"
}