{
    "title": "Pemilihan umum Bupati Bandung Barat 2024",
    "region": "Bandung Barat",
    "level": "KABUPATEN",
    "candidates": [
        {
            "name": "Hengky Kurniawan",
            "title": "Calon Bupati",
            "description": "Hengky Kurniawan (lahir 21 Oktober 1982) adalah artis, model dan politikus Indonesia yang saat ini menjabat sebagai Bupati Bandung Barat sisa masa jabatan 2018\u20132023. Sebelumnya ia menjabat sebagai Wakil Bupati Bandung Barat, dan sekarang menjabat sebagai Bupati Bandung Barat menggantikan Bupati sebelumnya, Aa Umbara Sutisna yang tersandung kasus korupsi.",
            "profilePic": "https://upload.wikimedia.org/wikipedia/commons/thumb/d/d1/KPU_Hengky_Kurniawan.jpg/200px-KPU_Hengky_Kurniawan.jpg",
            "communityID": "3a989b7c-aa9b-417e-a161-7ac9be35303e",
            "sites": {
                "name": "Wikipedia",
                "url": "https://id.wikipedia.org/wiki/Hengky_Kurniawan"
            }
        }
    ],
    "source": "https://id.wikipedia.org/wiki/Pemilihan_umum_Bupati_Bandung_Barat_2024",
    "path": "kabupaten-bandung-barat"
}