{
    "title": "Pemilihan umum Bupati Sukabumi 2024",
    "region": "Sukabumi",
    "level": "KABUPATEN",
    "candidates": [
        {
            "name": "Iyos Somantri",
            "title": "Calon Bupati",
            "description": "Iyos Somantri (lahir 19 Januari 1963) adalah seorang politikus Indonesia kelahiran Tasikmalaya. Ia menempuh pendidikan di SDN Parungponteng 2 Tasikmalaya dari 1968 sampai 1974, SMPN Cibanon Tasikmalaya dari 1974 sampai 1977, SMAN 2 Tasikmalaya dari 1977 sampai 1981, kuliah S1 di Universitas Pasundan dari 1981 sampai 1986 dan kuliah S2 di Universitas Padjajaran dari 2006 sampai 2008. Ia menjabat sebagai Wakil Bupati Sukabumi dari 2021 sampai 2025. Ia menikahi Rustika dan memiliki 3 anak.",
            "profilePic": "https://upload.wikimedia.org/wikipedia/id/thumb/0/0c/Wabup_sukabumi_Iyos_Somantri.jpg/220px-Wabup_sukabumi_Iyos_Somantri.jpg",
            "communityID": "d7d27b1a-4a71-428e-b950-f493aad9397d",
            "sites": {
                "name": "Wikipedia",
                "url": "https://id.wikipedia.org/wiki/Iyos_Somantri"
            }
        },
        {
            "name": "Asep Jafar",
            "title": "Calon Bupati",
            "description": null,
            "profilePic": "",
            "communityID": "d7d27b1a-4a71-428e-b950-f493aad9397d",
            "sites": null
        },
        {
            "name": "Budi Azhar Mutawali",
            "title": "Calon Bupati",
            "description": null,
            "profilePic": "",
            "communityID": "d7d27b1a-4a71-428e-b950-f493aad9397d",
            "sites": null
        },
        {
            "name": "Dedi Damhudi",
            "title": "Calon Bupati",
            "description": null,
            "profilePic": "",
            "communityID": "d7d27b1a-4a71-428e-b950-f493aad9397d",
            "sites": null
        }
    ],
    "source": "https://id.wikipedia.org/wiki/Pemilihan_umum_Bupati_Sukabumi_2024",
    "path": "kabupaten-sukabumi"
}