{
    "title": "Pemilihan umum Bupati Ogan Komering Ulu 2024",
    "region": "Ogan Komering Ulu",
    "level": "KABUPATEN",
    "candidates": [
        {
            "name": "Marjito Bachri",
            "title": "Calon Bupati",
            "description": null,
            "profilePic": "",
            "communityID": "7b3eee86-c39e-4f1f-846a-b9b38d323e5f",
            "sites": null
        },
        {
            "name": "Yoni Risdianto",
            "title": "Calon Bupati",
            "description": null,
            "profilePic": "",
            "communityID": "7b3eee86-c39e-4f1f-846a-b9b38d323e5f",
            "sites": null
        },
        {
            "name": "Yudi Purna Nugraha",
            "title": "Calon Bupati",
            "description": null,
            "profilePic": "",
            "communityID": "7b3eee86-c39e-4f1f-846a-b9b38d323e5f",
            "sites": null
        },
        {
            "name": "Yoelandre Pratama Putra",
            "title": "Calon Bupati",
            "description": null,
            "profilePic": "",
            "communityID": "7b3eee86-c39e-4f1f-846a-b9b38d323e5f",
            "sites": null
        },
        {
            "name": "Achmad Tarmizi",
            "title": "Calon Bupati",
            "description": "Dr. (H.C.) Drs. Ir. H. Achmad Tarmizi, S.E., S.H., S.T., M.T., M.Si., M.H., M.Pd., Ph.D. (lahir di Palembang Sumatera Selatan) anak dari pasangan Bapak H. Ahluddin dan Ibu Hj. Siti Hijir Asia, adalah Sekretaris Daerah Ogan Komering Ulu sejak 27 Desember 2017 dan sekaligus pernah menjabat pelaksana harian Bupati Ogan Komering Ulu. Achmad Tarmizi juga Pecahkan Rekor MURI Pemilik Gelar Terbanyak, Sekda OKU Achmad Tarmizi Miliki 83 Gelar.",
            "profilePic": "https://upload.wikimedia.org/wikipedia/commons/thumb/e/eb/Pak_Achmad_Tarmizi_menjabat_PLH.jpg/220px-Pak_Achmad_Tarmizi_menjabat_PLH.jpg",
            "communityID": "7b3eee86-c39e-4f1f-846a-b9b38d323e5f",
            "sites": {
                "name": "Wikipedia",
                "url": "https://id.wikipedia.org/wiki/Achmad_Tarmizi"
            }
        },
        {
            "name": "Fathan Qoribi",
            "title": "Calon Bupati",
            "description": null,
            "profilePic": "",
            "communityID": "7b3eee86-c39e-4f1f-846a-b9b38d323e5f",
            "sites": null
        },
        {
            "name": "Yenny Elita",
            "title": "Calon Bupati",
            "description": null,
            "profilePic": "",
            "communityID": "7b3eee86-c39e-4f1f-846a-b9b38d323e5f",
            "sites": null
        },
        {
            "name": "Abusama",
            "title": "Calon Bupati",
            "description": null,
            "profilePic": "",
            "communityID": "7b3eee86-c39e-4f1f-846a-b9b38d323e5f",
            "sites": null
        },
        {
            "name": "Tina Malinda",
            "title": "Calon Bupati",
            "description": null,
            "profilePic": "",
            "communityID": "7b3eee86-c39e-4f1f-846a-b9b38d323e5f",
            "sites": null
        },
        {
            "name": "Samantha Tivani",
            "title": "Calon Bupati",
            "description": null,
            "profilePic": "",
            "communityID": "7b3eee86-c39e-4f1f-846a-b9b38d323e5f",
            "sites": null
        },
        {
            "name": "Teddy Meilwansyah",
            "title": "Calon Bupati",
            "description": "H. Teddy Meilwansyah, S.STP, M.M, M.Pd (lahir 02 Mei 1977) adalah seorang birokrat Indonesia lulusan Institut Pemerintahan Dalam Negeri (IPDN) tahun 1999, yang sejak 09 Maret 2022 dipercayakan menjadi Pelaksana Harian Bupati Ogan Komering Ulu, dan kemudian resmi menjadi Penjabat Bupati Ogan Komering Ulu pada 23 Juni 2022.",
            "profilePic": "https://upload.wikimedia.org/wikipedia/commons/thumb/9/9e/Pj_Bupati_OKU_Teddy_Meilwansyah.png/220px-Pj_Bupati_OKU_Teddy_Meilwansyah.png",
            "communityID": "7b3eee86-c39e-4f1f-846a-b9b38d323e5f",
            "sites": {
                "name": "Wikipedia",
                "url": "https://id.wikipedia.org/wiki/Teddy_Meilwansyah"
            }
        }
    ],
    "source": "https://id.wikipedia.org/wiki/Pemilihan_umum_Bupati_Ogan_Komering_Ulu_2024",
    "path": "kabupaten-ogan-komering-ulu"
}