{
    "title": "Pemilihan umum Bupati Jember 2024",
    "region": "Jember",
    "level": "KABUPATEN",
    "candidates": [
        {
            "name": "Hendy Siswanto",
            "title": "Calon Bupati",
            "description": "Ir. H. Hendy Siswanto., ST., IPU., ASEAN Eng., (lahir 6 Mei 1962) adalah Bupati Jember yang menjabat sejak 26 Februari 2021.",
            "profilePic": "https://upload.wikimedia.org/wikipedia/commons/thumb/6/6c/Official_Portrait_of_Hendy_Siswanto%2C_Regent_of_Jember.jpg/250px-Official_Portrait_of_Hendy_Siswanto%2C_Regent_of_Jember.jpg",
            "communityID": "e9e5358d-5028-4b1b-9f24-693f7cfeb81f",
            "sites": {
                "name": "Wikipedia",
                "url": "https://id.wikipedia.org/wiki/Hendy_Siswanto"
            }
        },
        {
            "name": "dr. Hj. Faida",
            "title": "Calon Bupati",
            "description": "dr. Hj. Faida, MMR (lahir 19 September 1968) adalah bupati Jember yang menjabat pada periode 2016-2021. Ia dilantik pada 17 Februari 2016 menggantikan MZA Djalal yang habis masa jabatannya pada 2015.",
            "profilePic": "https://upload.wikimedia.org/wikipedia/commons/thumb/0/00/Bupati-Jember-Faida.jpg/200px-Bupati-Jember-Faida.jpg",
            "communityID": "e9e5358d-5028-4b1b-9f24-693f7cfeb81f",
            "sites": {
                "name": "Wikipedia",
                "url": "https://id.wikipedia.org/wiki/Faida"
            }
        },
        {
            "name": "Muhammad Balya Firjaun Barlaman",
            "title": "Calon Bupati",
            "description": "K. H. Balya Firjaun Barlaman atau yang dikenal dengan panggilan Gus Firjaun (lahir 12 Februari 1968) adalah Wakil Bupati Jember yang menjabat sejak 26 Februari 2021. Ia maju mendampingi Bupati Jember Hendy Siswanto yang diusung Partai NasDem, Partai Gerindra, Partai Demokrat, PKS, PPP, dan Partai Berkarya versi Tommy Soeharto.",
            "profilePic": "https://upload.wikimedia.org/wikipedia/commons/thumb/a/a6/Balya_Firjaun_Barlaman.jpg/220px-Balya_Firjaun_Barlaman.jpg",
            "communityID": "e9e5358d-5028-4b1b-9f24-693f7cfeb81f",
            "sites": {
                "name": "Wikipedia",
                "url": "https://id.wikipedia.org/wiki/Balya_Firjaun_Barlaman"
            }
        },
        {
            "name": "Abdul Muqit Arief",
            "title": "Calon Bupati",
            "description": null,
            "profilePic": "",
            "communityID": "e9e5358d-5028-4b1b-9f24-693f7cfeb81f",
            "sites": null
        },
        {
            "name": "Muhammad Fawait",
            "title": "Calon Bupati",
            "description": null,
            "profilePic": "",
            "communityID": "e9e5358d-5028-4b1b-9f24-693f7cfeb81f",
            "sites": null
        },
        {
            "name": "Dwi Arya Nugraha Oktavianto",
            "title": "Calon Bupati",
            "description": null,
            "profilePic": "",
            "communityID": "e9e5358d-5028-4b1b-9f24-693f7cfeb81f",
            "sites": null
        },
        {
            "name": "Abdus Salam Alamsyah",
            "title": "Calon Bupati",
            "description": null,
            "profilePic": "",
            "communityID": "e9e5358d-5028-4b1b-9f24-693f7cfeb81f",
            "sites": null
        },
        {
            "name": "Muhammad Jaddin Wajad",
            "title": "Calon Bupati",
            "description": null,
            "profilePic": "",
            "communityID": "e9e5358d-5028-4b1b-9f24-693f7cfeb81f",
            "sites": null
        },
        {
            "name": "Achmad Sudiyono",
            "title": "Calon Bupati",
            "description": null,
            "profilePic": "",
            "communityID": "e9e5358d-5028-4b1b-9f24-693f7cfeb81f",
            "sites": null
        },
        {
            "name": "Nanang Handono Prasetyo",
            "title": "Calon Bupati",
            "description": null,
            "profilePic": "",
            "communityID": "e9e5358d-5028-4b1b-9f24-693f7cfeb81f",
            "sites": null
        },
        {
            "name": "Babun Suharto",
            "title": "Calon Bupati",
            "description": "",
            "profilePic": "https://upload.wikimedia.org/wikipedia/commons/thumb/e/e1/Ambox_wikify.svg/50px-Ambox_wikify.svg.png",
            "communityID": "e9e5358d-5028-4b1b-9f24-693f7cfeb81f",
            "sites": {
                "name": "Wikipedia",
                "url": "https://id.wikipedia.org/wiki/Babun_Suharto"
            }
        }
    ],
    "source": "https://id.wikipedia.org/wiki/Pemilihan_umum_Bupati_Jember_2024",
    "path": "kabupaten-jember"
}