{
    "title": "Pemilihan umum Bupati Buton Tengah 2024",
    "region": "Buton Tengah",
    "level": "KABUPATEN",
    "candidates": [
        {
            "name": "Samahuddin",
            "title": "Calon Bupati",
            "description": null,
            "profilePic": "",
            "communityID": "508f04cb-3370-46fb-809e-dbe25f48f12f",
            "sites": null
        },
        {
            "name": "Dr. Azhari",
            "title": "Calon Bupati",
            "description": null,
            "profilePic": "",
            "communityID": "508f04cb-3370-46fb-809e-dbe25f48f12f",
            "sites": null
        },
        {
            "name": "La Andi",
            "title": "Calon Bupati",
            "description": null,
            "profilePic": "",
            "communityID": "508f04cb-3370-46fb-809e-dbe25f48f12f",
            "sites": null
        },
        {
            "name": "Suharman",
            "title": "Calon Bupati",
            "description": null,
            "profilePic": "",
            "communityID": "508f04cb-3370-46fb-809e-dbe25f48f12f",
            "sites": null
        },
        {
            "name": "Subhan",
            "title": "Calon Bupati",
            "description": null,
            "profilePic": "",
            "communityID": "508f04cb-3370-46fb-809e-dbe25f48f12f",
            "sites": null
        },
        {
            "name": "Wakil Bupati Kabupaten Taliabu",
            "title": "Calon Bupati",
            "description": "Berikut adalah daftar Wakil Bupati Pulau Taliabu secara definitif sejak tahun 2016.",
            "profilePic": "",
            "communityID": "508f04cb-3370-46fb-809e-dbe25f48f12f",
            "sites": {
                "name": "Wikipedia",
                "url": "https://id.wikipedia.org/wiki/Daftar_Wakil_Bupati_Pulau_Taliabu"
            }
        }
    ],
    "source": "https://id.wikipedia.org/wiki/Pemilihan_umum_Bupati_Buton_Tengah_2024",
    "path": "kabupaten-buton-tengah"
}