{
    "title": "Pemilihan umum Bupati Kampar 2024",
    "region": "Kampar",
    "level": "KABUPATEN",
    "candidates": [
        {
            "name": "Edwin Pratama Putra",
            "title": "Calon Bupati",
            "description": "Edwin Pratama Putra, S.H., (lahir 9 Juni 1989) adalah anggota DPD/MPR RI terpilih dari Provinsi Riau periode 2019-2024 dengan perolehan 263.603 suara. Ketika resmi dilantik, ia berusia 30 tahun, sehingga menjadikannya sebagai salah satu senator termuda di Indonesia. Edwin Pratama Putra merupakan cucu dari Datuk Tabano, pahlawan kemerdekaan Indonesia dari Kampar, Riau.",
            "profilePic": "https://upload.wikimedia.org/wikipedia/commons/thumb/6/6e/KPU_Edwin_Pratama_Putra.jpg/210px-KPU_Edwin_Pratama_Putra.jpg",
            "communityID": "0ee72536-4da7-49bf-908c-08dde6c0f827",
            "sites": {
                "name": "Wikipedia",
                "url": "https://id.wikipedia.org/wiki/Edwin_Pratama_Putra"
            }
        },
        {
            "name": "Repol",
            "title": "Calon Bupati",
            "description": null,
            "profilePic": "",
            "communityID": "0ee72536-4da7-49bf-908c-08dde6c0f827",
            "sites": null
        },
        {
            "name": "Muhammad Firdaus",
            "title": "Calon Bupati",
            "description": null,
            "profilePic": "",
            "communityID": "0ee72536-4da7-49bf-908c-08dde6c0f827",
            "sites": null
        },
        {
            "name": "Dasril Affandi",
            "title": "Calon Bupati",
            "description": null,
            "profilePic": "",
            "communityID": "0ee72536-4da7-49bf-908c-08dde6c0f827",
            "sites": null
        },
        {
            "name": "Catur Sugeng Susanto",
            "title": "Calon Bupati",
            "description": "Catur Sugeng Susanto, S.H.,M.H merupakan Bupati Kampar periode 2019-2022. Sebelumnya, ia sempat menjabat sebagai Wakil Bupati Kampar periode 2017-2019 mendampingi Azis Zaenal. Berbagai prestasi berhasil diraih catur dalam pembangunan Kampar meskipun di tengah pandemi Covid-19. Pria kelahiran 5 September 1971 tersebut, kini menjabat sebagai Ketua DPC Partai Gerindra Kabupaten Kampar, Riau.",
            "profilePic": "https://upload.wikimedia.org/wikipedia/commons/thumb/d/d8/KPU_Catur_Sugeng_Susanto.jpg/220px-KPU_Catur_Sugeng_Susanto.jpg",
            "communityID": "0ee72536-4da7-49bf-908c-08dde6c0f827",
            "sites": {
                "name": "Wikipedia",
                "url": "https://id.wikipedia.org/wiki/Catur_Sugeng_Susanto"
            }
        },
        {
            "name": "Afrizal Hidayat",
            "title": "Calon Bupati",
            "description": null,
            "profilePic": "",
            "communityID": "0ee72536-4da7-49bf-908c-08dde6c0f827",
            "sites": null
        },
        {
            "name": "Yuyun Hidayat",
            "title": "Calon Bupati",
            "description": null,
            "profilePic": "",
            "communityID": "0ee72536-4da7-49bf-908c-08dde6c0f827",
            "sites": null
        },
        {
            "name": "Muhammad Faisal.",
            "title": "Calon Bupati",
            "description": null,
            "profilePic": "",
            "communityID": "0ee72536-4da7-49bf-908c-08dde6c0f827",
            "sites": null
        },
        {
            "name": "Fahmil",
            "title": "Calon Bupati",
            "description": null,
            "profilePic": "",
            "communityID": "0ee72536-4da7-49bf-908c-08dde6c0f827",
            "sites": null
        },
        {
            "name": "Rahmat Jevary Juniardo",
            "title": "Calon Bupati",
            "description": null,
            "profilePic": "",
            "communityID": "0ee72536-4da7-49bf-908c-08dde6c0f827",
            "sites": null
        },
        {
            "name": "Nurzafri",
            "title": "Calon Bupati",
            "description": null,
            "profilePic": "",
            "communityID": "0ee72536-4da7-49bf-908c-08dde6c0f827",
            "sites": null
        },
        {
            "name": "Ardiansyah",
            "title": "Calon Bupati",
            "description": null,
            "profilePic": "",
            "communityID": "0ee72536-4da7-49bf-908c-08dde6c0f827",
            "sites": null
        },
        {
            "name": "Zulher",
            "title": "Calon Bupati",
            "description": null,
            "profilePic": "",
            "communityID": "0ee72536-4da7-49bf-908c-08dde6c0f827",
            "sites": null
        },
        {
            "name": "Syahrul Aidi Maazat",
            "title": "Calon Bupati",
            "description": "Syahrul Aidi Maazat (lahir 21 September 1977) adalah politisi Partai Keadilan Sejahtera (PKS), yang juga Anggota Dewan Perwakilan Rakyat Republik Indonesia periode 2019\u20142024 dari daerah pemilihan Riau II yang meliputi Indragiri Hulu, Indragiri Hilir, Kampar, Kuantan Singingi, dan Pelalawan. Sebelumnya Ia merupakan anggota Dewan Perwakilan Rakyat Daerah Kabupaten Kampar periode 2009-2019.",
            "profilePic": "https://upload.wikimedia.org/wikipedia/commons/thumb/9/92/Anggota_DPR_RI_Syahrul_Aidi_Maazat.jpg/220px-Anggota_DPR_RI_Syahrul_Aidi_Maazat.jpg",
            "communityID": "0ee72536-4da7-49bf-908c-08dde6c0f827",
            "sites": {
                "name": "Wikipedia",
                "url": "https://id.wikipedia.org/wiki/Syahrul_Aidi_Maazat"
            }
        },
        {
            "name": "Masnur",
            "title": "Calon Bupati",
            "description": null,
            "profilePic": "",
            "communityID": "0ee72536-4da7-49bf-908c-08dde6c0f827",
            "sites": null
        },
        {
            "name": "Hasrul",
            "title": "Calon Bupati",
            "description": null,
            "profilePic": "",
            "communityID": "0ee72536-4da7-49bf-908c-08dde6c0f827",
            "sites": null
        },
        {
            "name": "Tamaruddin",
            "title": "Calon Bupati",
            "description": null,
            "profilePic": "",
            "communityID": "0ee72536-4da7-49bf-908c-08dde6c0f827",
            "sites": null
        },
        {
            "name": "Teguh Sahono",
            "title": "Calon Bupati",
            "description": null,
            "profilePic": "",
            "communityID": "0ee72536-4da7-49bf-908c-08dde6c0f827",
            "sites": null
        }
    ],
    "source": "https://id.wikipedia.org/wiki/Pemilihan_umum_Bupati_Kampar_2024",
    "path": "kabupaten-kampar"
}