{
    "title": "Pemilihan umum Bupati Bengkulu Tengah 2024",
    "region": "Bengkulu Tengah",
    "level": "KABUPATEN",
    "candidates": [
        {
            "name": "Septi Feriadi",
            "title": "Calon Bupati",
            "description": null,
            "profilePic": "",
            "communityID": "41624ac9-bcac-4303-880e-fe1ff098c33f",
            "sites": null
        },
        {
            "name": "Muhammad Sabri",
            "title": "Calon Bupati",
            "description": null,
            "profilePic": "",
            "communityID": "41624ac9-bcac-4303-880e-fe1ff098c33f",
            "sites": null
        },
        {
            "name": "Budi Suryantono",
            "title": "Calon Bupati",
            "description": null,
            "profilePic": "",
            "communityID": "41624ac9-bcac-4303-880e-fe1ff098c33f",
            "sites": null
        },
        {
            "name": "Peri Haryadi",
            "title": "Calon Bupati",
            "description": null,
            "profilePic": "",
            "communityID": "41624ac9-bcac-4303-880e-fe1ff098c33f",
            "sites": null
        },
        {
            "name": "Evi Susanti",
            "title": "Calon Bupati",
            "description": null,
            "profilePic": "",
            "communityID": "41624ac9-bcac-4303-880e-fe1ff098c33f",
            "sites": null
        },
        {
            "name": "Arsyad Hamzah",
            "title": "Calon Bupati",
            "description": null,
            "profilePic": "",
            "communityID": "41624ac9-bcac-4303-880e-fe1ff098c33f",
            "sites": null
        },
        {
            "name": "Heriyandi Roni",
            "title": "Calon Bupati",
            "description": "Heriyandi Roni adalah seorang birokrat Indonesia. Ia menjadi Aparatur Sipil Negera (ASN) sejak tahun 1988. Ia sempat menjabat sebagai Kepala Subdit Wilayah V pada Direktorat Fasilitasi Kepala Daerah dan DPRD Direktorat Jenderal Otonomi Daerah serta Kepala Pusat Fasilitasi Kerjasama Sekjen Kemendagri. Pada 2022, ia diangkat menjadi pelaksana jabatan Bupati Bengkulu Tengah.",
            "profilePic": "https://upload.wikimedia.org/wikipedia/commons/thumb/e/ef/Pejabat_Bupati_Bengkulu_Tengah.jpg/220px-Pejabat_Bupati_Bengkulu_Tengah.jpg",
            "communityID": "41624ac9-bcac-4303-880e-fe1ff098c33f",
            "sites": {
                "name": "Wikipedia",
                "url": "https://id.wikipedia.org/wiki/Heriyandi_Roni"
            }
        },
        {
            "name": "Ihsan Fajri",
            "title": "Calon Bupati",
            "description": null,
            "profilePic": "",
            "communityID": "41624ac9-bcac-4303-880e-fe1ff098c33f",
            "sites": null
        },
        {
            "name": "Irwan Eriadi",
            "title": "Calon Bupati",
            "description": null,
            "profilePic": "",
            "communityID": "41624ac9-bcac-4303-880e-fe1ff098c33f",
            "sites": null
        },
        {
            "name": "Munir Sumarlin",
            "title": "Calon Bupati",
            "description": null,
            "profilePic": "",
            "communityID": "41624ac9-bcac-4303-880e-fe1ff098c33f",
            "sites": null
        }
    ],
    "source": "https://id.wikipedia.org/wiki/Pemilihan_umum_Bupati_Bengkulu_Tengah_2024",
    "path": "kabupaten-bengkulu-tengah"
}