{
    "title": "Pemilihan umum Bupati Malang 2024",
    "region": "Malang",
    "level": "KABUPATEN",
    "candidates": [
        {
            "name": "Sanusi",
            "title": "Calon Bupati",
            "description": "Drs. H. M. Sanusi, M.M. (lahir 20 Mei 1960) adalah Adipati Malang yang menjabat sejak 17 September 2019 menggantikan Rendra Kresna yang ditahan KPK karena diduga menerima suap.",
            "profilePic": "https://upload.wikimedia.org/wikipedia/commons/thumb/2/2f/H._M._Sanusi%2C_MM.jpg/250px-H._M._Sanusi%2C_MM.jpg",
            "communityID": "698e5ffe-2b19-42b5-bacc-b73d39b954de",
            "sites": {
                "name": "Wikipedia",
                "url": "https://id.wikipedia.org/wiki/Sanusi_(bupati)"
            }
        }
    ],
    "source": "https://id.wikipedia.org/wiki/Pemilihan_umum_Bupati_Malang_2024",
    "path": "kabupaten-malang"
}