{
    "title": "Pemilihan umum Bupati Garut 2024",
    "region": "Garut",
    "level": "KABUPATEN",
    "path": "kabupaten-garut",
    "source": "https://id.wikipedia.org/wiki/Pemilihan_umum_Bupati_Garut_2024",
    "communityID": "2b10fb1f-75b9-460a-9b17-098e12003a1a",
    "candidates": [
        {
            "name": "Helmi Budiman",
            "description": "dr. H. Helmi Budiman, M.M. (lahir 5 Mei 1971) adalah Wakil Bupati Garut periode 2014 - 2019, Ia juga adalah Mantan anggota DPRD Kabupaten Garut periode 2009-2014 dari Fraksi PKS (Partai Keadilan Sejahtera).\nIa dicalonkan oleh Partai Gerindra, PKS dan PBB untuk menjadi Calon Wakil Bupati Garut periode 2014-2019[1] Sebelumnya pada tahun 2008, Ia juga pernah menjadi calon Wakil Bupati Garut namun gagal.\n",
            "profilePic": "https://upload.wikimedia.org/wikipedia/id/e/e7/Wabup_Helmi_Budiman.jpg",
            "title": "Wakil Bupati Garut",
            "sites": {
                "name": "Wikipedia",
                "url": "https://id.wikipedia.org/wiki/Helmi_Budiman"
            },
            "communityID": "2b10fb1f-75b9-460a-9b17-098e12003a1a"
        },
        {
            "name": "Diah Kurniasari",
            "description": "",
            "profilePic": "",
            "title": "Ketua TP-PKK Kabupaten Garut sekaligus istri dari Rudi Gunawan",
            "sites": {},
            "communityID": "2b10fb1f-75b9-460a-9b17-098e12003a1a"
        },
        {
            "name": "Aceng Fikri",
            "description": "Dr. H. Aceng Hulik Munawar Fikri, S.Ag., M.Ag., M.Pd.I. (lahir 6 September 1972) atau yang lebih dikenal dengan Aceng Fikri adalah bupati Garut yang menjabat dari 2009 sampai 2013 dan Anggota Dewan Perwakilan Daerah Republik Indonesia (DPD-RI) dari 2014 sampai 2019.\n",
            "profilePic": "https://upload.wikimedia.org/wikipedia/commons/thumb/1/13/KPU_Aceng_Hulik_Munawar_Fikri.jpg/1200px-KPU_Aceng_Hulik_Munawar_Fikri.jpg",
            "title": "Mantan Bupati Garut (2009-2013)",
            "sites": {
                "name": "Wikipedia",
                "url": "https://id.wikipedia.org/wiki/Aceng_Fikri"
            },
            "communityID": "2b10fb1f-75b9-460a-9b17-098e12003a1a"
        },
        {
            "name": "Yudi Nugraha Lasminingrat",
            "description": "",
            "profilePic": "",
            "title": "Ketua DPC Partai Persatuan Pembangunan (PPP)",
            "sites": {},
            "communityID": "2b10fb1f-75b9-460a-9b17-098e12003a1a"
        },
        {
            "name": "Euis Ida Wartiah",
            "description": "",
            "profilePic": "",
            "title": "Ketua DPRD Kabupaten Garut",
            "sites": {},
            "communityID": "2b10fb1f-75b9-460a-9b17-098e12003a1a"
        },
        {
            "name": "Umar Sanusi",
            "description": "Brigadir Jenderal TNI (Purn.) Umar Sanusi, S.Sos., M.Si. (lahir 17 November 1962) adalah seorang Purnawirawan TNI-AD yang sebelumnya menjabat sebagai Inspektur Pussenarmed Kodiklatad.[2]\n",
            "profilePic": "https://upload.wikimedia.org/wikipedia/commons/b/be/KPU_Umar_Sanusi.jpg",
            "title": "Mantan Inspektur Pussenarmed Kodiklatad",
            "sites": {
                "name": "Wikipedia",
                "url": "https://id.wikipedia.org/wiki/Umar_Sanusi"
            },
            "communityID": "2b10fb1f-75b9-460a-9b17-098e12003a1a"
        },
        {
            "name": "Abdusy Syakur",
            "description": "",
            "profilePic": "",
            "title": "Tokoh Kabupaten Garut",
            "sites": {},
            "communityID": "2b10fb1f-75b9-460a-9b17-098e12003a1a"
        },
        {
            "name": "Agus Supriadi",
            "description": "",
            "profilePic": "",
            "title": "Mantan Bupati Garut (2004-2007)",
            "sites": {},
            "communityID": "2b10fb1f-75b9-460a-9b17-098e12003a1a"
        }
    ]
}