{
    "title": "Pemilihan umum Bupati Kulon Progo 2024",
    "region": "Kulon Progo",
    "level": "KABUPATEN",
    "path": "kabupaten-kulon-progo",
    "source": "https://id.wikipedia.org/wiki/Pemilihan_umum_Bupati_Kulon_Progo_2024",
    "communityID": "090785fc-40af-4678-965c-3c37912644e5",
    "candidates": [
        {
            "name": "Ir. RM.",
            "description": "",
            "profilePic": "",
            "title": "M.Hum",
            "sites": {},
            "communityID": "090785fc-40af-4678-965c-3c37912644e5"
        },
        {
            "name": "Fajar Gegana",
            "description": "Fajar Gegana (Aksara Jawa :\ua9a5\ua9b3\ua997\ua982\ua992\ua9ba\ua992\ua9a4, lahir 12 Mei 1987)\nadalah Wakil Bupati Kulon Progo sisa masa jabatan 2017\u20132022. Ia menggantikan posisi Sutedjo yang sudah dilantik menjadi Bupati Kulon Progo pengganti Hasto Wardoyo pada 7 November 2019.[1][2] Sehari-hari, Ia dikenal sebagai wirausaha (termasuk ke dalam Pengurus HIPMI) sekaligus Pengurus DPC PDIP Kulon Progo (Wakil Ketua DPC).[2][3] Ia terpilih sebagai wakil bupati pada sidang yang dilakukan oleh DPRD Kulon Progo pada tanggal 9 April 2020 mengungguli beberapa calon lainnya seperti Agus Langgeng Basuki. Sebagai catatan, Fajar unggul 28 suara dari calon lainnya yakni Agus Langgeng Basuki yang meraih 12 suara.[4]\n",
            "profilePic": "https://upload.wikimedia.org/wikipedia/commons/d/d9/KPU_Fajar_Gegana.jpg",
            "title": "Wakil Bupati Kulon Progo 2020 - 2022",
            "sites": {
                "name": "Wikipedia",
                "url": "https://id.wikipedia.org/wiki/Fajar_Gegana"
            },
            "communityID": "090785fc-40af-4678-965c-3c37912644e5"
        },
        {
            "name": "Agus Langgeng Basuki",
            "description": "",
            "profilePic": "",
            "title": "Mantan Kepala Badan Perencanaan dan Pembangunan Daerah (Bappeda) Kulonprogo",
            "sites": {},
            "communityID": "090785fc-40af-4678-965c-3c37912644e5"
        },
        {
            "name": "Sutedjo",
            "description": "Drs. H. Sutedjo (Aksara Jawa = \ua9af\ua9b8\ua9a0\ua9ba\ua997, lahir 16 Januari 1954) adalah Bupati Kabupaten Kulon Progo yang menjabat pada sisa masa jabatan 2017\u20132022 menggantikan Hasto Wardoyo yang menjabat sebagai Kepala BKKBN. Sebelumnya, Ia menjabat Wakil Bupati Kulon Progo pada periode 2011 hingga 2016. Sebelum menjadi Wakil Bupati, Sutedjo adalah Asisten Sekretaris Daerah Bidang Pemerintahan Pada Sekretariat Daerah Kabupaten Kulon Progo. Ia dilantik menjadi bupati pada tanggal 7 November 2019.[1][2]\n",
            "profilePic": "https://upload.wikimedia.org/wikipedia/commons/5/59/Sutedjo_Bupati_Kulon_Progo.jpg",
            "title": "Bupati Kulon Progo 2019-2022",
            "sites": {
                "name": "Wikipedia",
                "url": "https://id.wikipedia.org/wiki/Sutedjo"
            },
            "communityID": "090785fc-40af-4678-965c-3c37912644e5"
        },
        {
            "name": "Kombes Pol (Purn) Drs. Arif Nurcahyo S.Psi",
            "description": "",
            "profilePic": "",
            "title": "MA",
            "sites": {},
            "communityID": "090785fc-40af-4678-965c-3c37912644e5"
        }
    ]
}