{
    "title": "Pemilihan umum Bupati Lombok Tengah 2024",
    "region": "Lombok Tengah",
    "level": "KABUPATEN",
    "candidates": [
        {
            "name": "Lalu Pathul Bahri",
            "title": "Calon Bupati",
            "description": "H. Lalu Pathul Bahri, S.I.P. (lahir 31 Desember 1969) adalah Bupati Lombok Tengah periode 2021\u20132024. Ia menjabat sejak 26 Februari 2021 setelah dilantik Gubernur Nusa Tenggara Barat, Zulkieflimansyah di Gedung Graha Bhakti Praja Kompleks Kantor Gubernur Nusa Tenggara Barat, Kota Mataram. Lalu Pathul Bahri sempat dilaporkan ke Polda NTB terkait penggunaan ijazah palsu Strata-1 perpindahan dari Universitas Nahdlatul Wathan ke Universitas 45 Matatam",
            "profilePic": "https://upload.wikimedia.org/wikipedia/commons/thumb/c/c5/Bupati_Lombok_Tengah_Lalu_Pathul_Bari.png/220px-Bupati_Lombok_Tengah_Lalu_Pathul_Bari.png",
            "communityID": "2f87fc08-07d4-4c50-af9d-a3fe47ae6144",
            "sites": {
                "name": "Wikipedia",
                "url": "https://id.wikipedia.org/wiki/Lalu_Pathul_Bahri"
            }
        },
        {
            "name": "Nursiah",
            "title": "Calon Bupati",
            "description": "Dr. H. Nursiah, S.Sos., M.Si. (lahir 31 Desember 1963) adalah Wakil Bupati Lombok Tengah periode 2021\u20132024. Ia menjabat sejak 26 Februari 2021 setelah dilantik Gubernur Nusa Tenggara Barat, Zulkieflimansyah di Gedung Graha Bhakti Praja Kompleks Kantor Gubernur Nusa Tenggara Barat, Kota Mataram.",
            "profilePic": "https://upload.wikimedia.org/wikipedia/commons/thumb/1/13/Wakil_Bupati_Lombok_Tengah_M._Nursiah.png/220px-Wakil_Bupati_Lombok_Tengah_M._Nursiah.png",
            "communityID": "2f87fc08-07d4-4c50-af9d-a3fe47ae6144",
            "sites": {
                "name": "Wikipedia",
                "url": "https://id.wikipedia.org/wiki/Nursiah"
            }
        },
        {
            "name": "Masrun",
            "title": "Calon Bupati",
            "description": null,
            "profilePic": "",
            "communityID": "2f87fc08-07d4-4c50-af9d-a3fe47ae6144",
            "sites": null
        },
        {
            "name": "Ahmad Ziadi",
            "title": "Calon Bupati",
            "description": null,
            "profilePic": "",
            "communityID": "2f87fc08-07d4-4c50-af9d-a3fe47ae6144",
            "sites": null
        },
        {
            "name": "M. Tauhid",
            "title": "Calon Bupati",
            "description": null,
            "profilePic": "",
            "communityID": "2f87fc08-07d4-4c50-af9d-a3fe47ae6144",
            "sites": null
        },
        {
            "name": "M. Mayuki",
            "title": "Calon Bupati",
            "description": null,
            "profilePic": "",
            "communityID": "2f87fc08-07d4-4c50-af9d-a3fe47ae6144",
            "sites": null
        },
        {
            "name": "Lalu Abdul Kadir",
            "title": "Calon Bupati",
            "description": null,
            "profilePic": "",
            "communityID": "2f87fc08-07d4-4c50-af9d-a3fe47ae6144",
            "sites": null
        },
        {
            "name": "Lalu Satriawandi",
            "title": "Calon Bupati",
            "description": null,
            "profilePic": "",
            "communityID": "2f87fc08-07d4-4c50-af9d-a3fe47ae6144",
            "sites": null
        },
        {
            "name": "M. Adung",
            "title": "Calon Bupati",
            "description": null,
            "profilePic": "",
            "communityID": "2f87fc08-07d4-4c50-af9d-a3fe47ae6144",
            "sites": null
        },
        {
            "name": "Yek Agil",
            "title": "Calon Bupati",
            "description": null,
            "profilePic": "",
            "communityID": "2f87fc08-07d4-4c50-af9d-a3fe47ae6144",
            "sites": null
        },
        {
            "name": "Muazzim Akbar",
            "title": "Calon Bupati",
            "description": null,
            "profilePic": "",
            "communityID": "2f87fc08-07d4-4c50-af9d-a3fe47ae6144",
            "sites": null
        },
        {
            "name": "Humaidi",
            "title": "Calon Bupati",
            "description": null,
            "profilePic": "",
            "communityID": "2f87fc08-07d4-4c50-af9d-a3fe47ae6144",
            "sites": null
        },
        {
            "name": "Lalu Suryade",
            "title": "Calon Bupati",
            "description": "Dr. Ir. Lalu Suryade, M.Si (lahir 21 April 1971) adalah seorang peneliti dan politikus Indonesia. Ia menjabat sebagai Anggota DPRD Jawa Barat periode (2009-2014) dari Fraksi Partai Keadilan Sejahtera.",
            "profilePic": "https://upload.wikimedia.org/wikipedia/commons/thumb/c/c5/Soekarno.jpg/20px-Soekarno.jpg",
            "communityID": "2f87fc08-07d4-4c50-af9d-a3fe47ae6144",
            "sites": {
                "name": "Wikipedia",
                "url": "https://id.wikipedia.org/wiki/Lalu_Suryade"
            }
        },
        {
            "name": "Ruslan Turmuzi",
            "title": "Calon Bupati",
            "description": null,
            "profilePic": "",
            "communityID": "2f87fc08-07d4-4c50-af9d-a3fe47ae6144",
            "sites": null
        },
        {
            "name": "Lalu Pelita Putra",
            "title": "Calon Bupati",
            "description": null,
            "profilePic": "",
            "communityID": "2f87fc08-07d4-4c50-af9d-a3fe47ae6144",
            "sites": null
        },
        {
            "name": "Brigjen TNI (Purn.) Lalu Rudy Irham Srigede",
            "title": "Calon Bupati",
            "description": "Brigadir Jenderal TNI (Purn.) Lalu Rudy Irham Srigede, S.T., M.Si. (lahir 29 Juni 1964) adalah seorang Purnawirawan TNI-AD yang terakhir menjabat sebagai Komandan Korem 162/Wira Bhakti.",
            "profilePic": "https://upload.wikimedia.org/wikipedia/commons/thumb/2/2f/KPU_Lalu_Rudy_Irham_Srigede.jpg/220px-KPU_Lalu_Rudy_Irham_Srigede.jpg",
            "communityID": "2f87fc08-07d4-4c50-af9d-a3fe47ae6144",
            "sites": {
                "name": "Wikipedia",
                "url": "https://id.wikipedia.org/wiki/Lalu_Rudy_Irham_Srigede"
            }
        },
        {
            "name": "Muhammad Khairul Rizal",
            "title": "Calon Bupati",
            "description": null,
            "profilePic": "",
            "communityID": "2f87fc08-07d4-4c50-af9d-a3fe47ae6144",
            "sites": null
        },
        {
            "name": "H. Ahmad Mustanir,MH",
            "title": "Calon Bupati",
            "description": null,
            "profilePic": "",
            "communityID": "2f87fc08-07d4-4c50-af9d-a3fe47ae6144",
            "sites": null
        }
    ],
    "source": "https://id.wikipedia.org/wiki/Pemilihan_umum_Bupati_Lombok_Tengah_2024",
    "path": "kabupaten-lombok-tengah"
}