{
    "title": "Pemilihan umum Bupati Buton Selatan 2024",
    "region": "Buton Selatan",
    "level": "KABUPATEN",
    "path": "kabupaten-buton-selatan",
    "source": "https://id.wikipedia.org/wiki/Pemilihan_umum_Bupati_Buton_Selatan_2024",
    "communityID": "da67aee1-9bbf-469e-b49d-709fd45ff376",
    "candidates": [
        {
            "name": "Burhan Zahim",
            "description": "",
            "profilePic": "",
            "title": "Profesional karir di BUMN",
            "sites": {},
            "communityID": "da67aee1-9bbf-469e-b49d-709fd45ff376"
        },
        {
            "name": "LM Yamin Dabu",
            "description": "",
            "profilePic": "",
            "title": "Ketua Dewan Pimpinan Kabupaten Partai Rakyat Adil Makmur Kabupaten Buton Selatan",
            "sites": {},
            "communityID": "da67aee1-9bbf-469e-b49d-709fd45ff376"
        },
        {
            "name": "Aliadi",
            "description": "",
            "profilePic": "",
            "title": "Ketua DPD Partai Hanura Kabupaten Buton Selatan",
            "sites": {},
            "communityID": "da67aee1-9bbf-469e-b49d-709fd45ff376"
        },
        {
            "name": "Aris Marwan Saputra",
            "description": "",
            "profilePic": "",
            "title": "Kader Partai Demokrat Kota Baubau",
            "sites": {},
            "communityID": "da67aee1-9bbf-469e-b49d-709fd45ff376"
        },
        {
            "name": "La Siambo",
            "description": "",
            "profilePic": "",
            "title": "Mantan Sekretaris Daerah Kabupaten Buton Selatan",
            "sites": {},
            "communityID": "da67aee1-9bbf-469e-b49d-709fd45ff376"
        }
    ]
}