{
    "title": "Pemilihan umum Bupati Muaro Jambi 2024",
    "region": "Muaro Jambi",
    "level": "KABUPATEN",
    "path": "kabupaten-muaro-jambi",
    "source": "https://id.wikipedia.org/wiki/Pemilihan_umum_Bupati_Muaro_Jambi_2024",
    "communityID": "e6fa1263-ad48-4f31-9d4f-7e48448b1d8c",
    "candidates": [
        {
            "name": "Masnah Busro",
            "description": "Hj. Masnah Busro, S.E., M.Tr.IP. (lahir 15 Juni 1977) adalah Bupati Muaro Jambi periode 2017-2022. Ia merupakan bupati wanita pertama di Kabupaten Muaro Jambi dan juga se-Provinsi Jambi.[1]\n",
            "profilePic": "https://upload.wikimedia.org/wikipedia/commons/6/6f/Bupati_Muaro_Jambi_Masnah_Busro.jpg",
            "title": "Mantan Bupati Muaro Jambi 2017-2022",
            "sites": {
                "name": "Wikipedia",
                "url": "https://id.wikipedia.org/wiki/Masnah_Busro"
            },
            "communityID": "e6fa1263-ad48-4f31-9d4f-7e48448b1d8c"
        },
        {
            "name": "Bambang Bayu Suseno",
            "description": "Bambang Bayu Suseno atau disingkat BBS (lahir 14 April 1972) adalah Wakil Bupati Muaro Jambi periode 2017-2022. Ia merupakan wakil dari Bupati, Masnah Busro.[1]\n",
            "profilePic": "https://upload.wikimedia.org/wikipedia/commons/e/ec/Wabup_Muaro_Jambi_Bambang_Bayu_S.jpg",
            "title": "Mantan Wakil Bupati Muaro Jambi 2017-2022",
            "sites": {
                "name": "Wikipedia",
                "url": "https://id.wikipedia.org/wiki/Bambang_Bayu_Suseno"
            },
            "communityID": "e6fa1263-ad48-4f31-9d4f-7e48448b1d8c"
        },
        {
            "name": "Kemas Muhammad Fuad",
            "description": "Drs. H. Kemas Muhammad Fuad, M.Si (lahir 12 Desember 1973) adalah Wakil Bupati Muaro Jambi periode 2011-2016, mendampingi Burhanuddin Mahir sebagai Bupati.[1]\n",
            "profilePic": "https://upload.wikimedia.org/wikipedia/commons/thumb/a/a0/Wabup_Muaro_Jambi_Kemas_M_Fuad.jpg/1200px-Wabup_Muaro_Jambi_Kemas_M_Fuad.jpg",
            "title": "Mantan Wakil Bupati Muaro Jambi 2011-2016",
            "sites": {
                "name": "Wikipedia",
                "url": "https://id.wikipedia.org/wiki/Kemas_Muhammad_Fuad"
            },
            "communityID": "e6fa1263-ad48-4f31-9d4f-7e48448b1d8c"
        },
        {
            "name": "Bachyuni Deliansyah",
            "description": "",
            "profilePic": "",
            "title": "Pj Bupati Muaro Jambi",
            "sites": {},
            "communityID": "e6fa1263-ad48-4f31-9d4f-7e48448b1d8c"
        },
        {
            "name": "Ivan Wirata",
            "description": "",
            "profilePic": "",
            "title": "Anggota DPRD Prov Jambi",
            "sites": {},
            "communityID": "e6fa1263-ad48-4f31-9d4f-7e48448b1d8c"
        },
        {
            "name": "Agustian Mahir",
            "description": "",
            "profilePic": "",
            "title": "Wakil Ketua DPRD Muaro Jambi dan Adik Mantan Bupati Muaro Jambi",
            "sites": {},
            "communityID": "e6fa1263-ad48-4f31-9d4f-7e48448b1d8c"
        },
        {
            "name": "Yuli Setia Bakti",
            "description": "",
            "profilePic": "",
            "title": "Ketua DPRD Muaro Jambi",
            "sites": {},
            "communityID": "e6fa1263-ad48-4f31-9d4f-7e48448b1d8c"
        },
        {
            "name": "Ahmad Haikal",
            "description": "",
            "profilePic": "",
            "title": "Wakil Ketua DPRD Muaro Jambi",
            "sites": {},
            "communityID": "e6fa1263-ad48-4f31-9d4f-7e48448b1d8c"
        },
        {
            "name": "Abun Yani",
            "description": "",
            "profilePic": "",
            "title": "Anggota DPRD Prov Jambi",
            "sites": {},
            "communityID": "e6fa1263-ad48-4f31-9d4f-7e48448b1d8c"
        },
        {
            "name": "Raden Fauzi",
            "description": "",
            "profilePic": "",
            "title": "Anggota DPRD Prov Jambi",
            "sites": {},
            "communityID": "e6fa1263-ad48-4f31-9d4f-7e48448b1d8c"
        },
        {
            "name": "Kamaludin Havis",
            "description": "",
            "profilePic": "",
            "title": "Anggota DPRD Prov Jambi",
            "sites": {},
            "communityID": "e6fa1263-ad48-4f31-9d4f-7e48448b1d8c"
        },
        {
            "name": "Al Amin Nur Nasution",
            "description": "H.M. Al Amin Nur Nasution[1] (lahir 28 Maret 1972) adalah politikus Indonesia yang pernah menjabat sebagai Anggota DPR RI Fraksi PPP periode 2004\u20132008.\n",
            "profilePic": "https://upload.wikimedia.org/wikipedia/commons/b/bb/KPU_Al_Amin_Nur_Nasution.jpg",
            "title": "Mantan Anggota DPR RI",
            "sites": {
                "name": "Wikipedia",
                "url": "https://id.wikipedia.org/wiki/Al_Amin_Nur_Nasution"
            },
            "communityID": "e6fa1263-ad48-4f31-9d4f-7e48448b1d8c"
        }
    ]
}