{
    "title": "Pemilihan umum Bupati Lombok Timur 2024",
    "region": "Lombok Timur",
    "level": "KABUPATEN",
    "candidates": [
        {
            "name": "Rumaksi",
            "title": "Calon Bupati",
            "description": "Rumaksi Sj(lahir 22 Juli 1951) adalah Wakil Bupati Lombok Timur periode 2018-sekarang. Sebelum menjabat Wakil Bupati Lombok Timur H. Rumaksi merupakan Anggota DPRD Provinsi NTB dua periode dari Partai Hanura dari tahun 2009 hingga tahun 2019. Pada tahun 2019 ia di tunjuk sebagai Ketua DPD Partai Nasdem oleh Surya Paloh, Pada saat ini ia mendampingi Bupati M. Sukiman Azmy berhasil memenangkan pemilu Kabupaten Lombok Timur tahun 2018.",
            "profilePic": "https://upload.wikimedia.org/wikipedia/commons/thumb/9/99/RUMAKSI.png/220px-RUMAKSI.png",
            "communityID": "e268ce02-d342-4bbe-a821-82d81710fe68",
            "sites": {
                "name": "Wikipedia",
                "url": "https://id.wikipedia.org/wiki/Rumaksi"
            }
        },
        {
            "name": "Haerul Warisin",
            "title": "Calon Bupati",
            "description": null,
            "profilePic": "",
            "communityID": "e268ce02-d342-4bbe-a821-82d81710fe68",
            "sites": null
        },
        {
            "name": "Achmad Sukisman Azmy",
            "title": "Calon Bupati",
            "description": null,
            "profilePic": "",
            "communityID": "e268ce02-d342-4bbe-a821-82d81710fe68",
            "sites": null
        },
        {
            "name": "Baiq Isvie Rupaeda",
            "title": "Calon Bupati",
            "description": "Hj. Baiq Isvie Rupaeda, S.H., M.H., (lahir 1 September 1962) adalah politikus perempuan Partai Golongan Karya yang berasal dari Nusa Tenggara Barat. Ia menjabat sebagai Ketua DPRD Provinsi Nusa Tenggara Barat sejak 15 Juli 2016 . Isvie merupakan perempuan pertama yang menduduki posisi tersebut. Sebelum menjadi Ketua dan Anggota DPRD NTB, Isvie pernah menjadi Anggota MPR RI periode 1999-2004.",
            "profilePic": "https://upload.wikimedia.org/wikipedia/commons/thumb/b/bf/Anggota_DPRD_Nusa_Tenggara_Barat_Baiq_Isvie_Rupaeda.jpg/180px-Anggota_DPRD_Nusa_Tenggara_Barat_Baiq_Isvie_Rupaeda.jpg",
            "communityID": "e268ce02-d342-4bbe-a821-82d81710fe68",
            "sites": {
                "name": "Wikipedia",
                "url": "https://id.wikipedia.org/wiki/Baiq_Isvie_Rupaeda"
            }
        },
        {
            "name": "Abdul Hadi.",
            "title": "Calon Bupati",
            "description": null,
            "profilePic": "",
            "communityID": "e268ce02-d342-4bbe-a821-82d81710fe68",
            "sites": null
        },
        {
            "name": "TGH Mahalli Fikri",
            "title": "Calon Bupati",
            "description": null,
            "profilePic": "",
            "communityID": "e268ce02-d342-4bbe-a821-82d81710fe68",
            "sites": null
        },
        {
            "name": "M. Syamsul Luthfi",
            "title": "Calon Bupati",
            "description": null,
            "profilePic": "",
            "communityID": "e268ce02-d342-4bbe-a821-82d81710fe68",
            "sites": null
        },
        {
            "name": "Usmar Iwan Surumbian",
            "title": "Calon Bupati",
            "description": null,
            "profilePic": "",
            "communityID": "e268ce02-d342-4bbe-a821-82d81710fe68",
            "sites": null
        },
        {
            "name": "Lale Syifaun Nufus",
            "title": "Calon Bupati",
            "description": null,
            "profilePic": "",
            "communityID": "e268ce02-d342-4bbe-a821-82d81710fe68",
            "sites": null
        },
        {
            "name": "TGH. Wildan Dzikrullah",
            "title": "Calon Bupati",
            "description": null,
            "profilePic": "",
            "communityID": "e268ce02-d342-4bbe-a821-82d81710fe68",
            "sites": null
        },
        {
            "name": "Daeng Paelori",
            "title": "Calon Bupati",
            "description": null,
            "profilePic": "",
            "communityID": "e268ce02-d342-4bbe-a821-82d81710fe68",
            "sites": null
        },
        {
            "name": "Tanwirul Anhar",
            "title": "Calon Bupati",
            "description": null,
            "profilePic": "",
            "communityID": "e268ce02-d342-4bbe-a821-82d81710fe68",
            "sites": null
        },
        {
            "name": "Najamuddin Moestafa",
            "title": "Calon Bupati",
            "description": null,
            "profilePic": "",
            "communityID": "e268ce02-d342-4bbe-a821-82d81710fe68",
            "sites": null
        }
    ],
    "source": "https://id.wikipedia.org/wiki/Pemilihan_umum_Bupati_Lombok_Timur_2024",
    "path": "kabupaten-lombok-timur"
}