{
    "title": "Pemilihan umum Bupati Polewali Mandar 2024",
    "region": "Polewali Mandar",
    "level": "KABUPATEN",
    "path": "kabupaten-polewali-mandar",
    "source": "https://id.wikipedia.org/wiki/Pemilihan_umum_Bupati_Polewali_Mandar_2024",
    "communityID": "925a2bcf-b8e6-4d98-a39c-c834d5756f78",
    "candidates": [
        {
            "name": "H. Samsul Mahmud",
            "description": "",
            "profilePic": "",
            "title": "Ketua Partai Golkar Polewali Mandar",
            "sites": {},
            "communityID": "925a2bcf-b8e6-4d98-a39c-c834d5756f78"
        },
        {
            "name": "M. Natsir Rahmat",
            "description": "",
            "profilePic": "",
            "title": "Wakil Bupati Polewali Mandar",
            "sites": {},
            "communityID": "925a2bcf-b8e6-4d98-a39c-c834d5756f78"
        },
        {
            "name": "Dirga A.P. Singkarru",
            "description": "",
            "profilePic": "",
            "title": "Ketua DPW Partai Nasdem Sulawesi Barat",
            "sites": {},
            "communityID": "925a2bcf-b8e6-4d98-a39c-c834d5756f78"
        },
        {
            "name": "Salim S. Mengga",
            "description": "Mayor Jenderal TNI (Purn.) Salim S. Mengga[1] (lahir 24 Agustus 1951) adalah seorang Purnawirawan TNI-AD yang sebelumnya menjabat sebagai Wadakodiklatad.\n",
            "profilePic": "https://upload.wikimedia.org/wikipedia/commons/8/83/KPU_Salim_S._Mengga.jpg",
            "title": "Mantan Cabup Polewali Mandar 2018",
            "sites": {
                "name": "Wikipedia",
                "url": "https://id.wikipedia.org/wiki/Salim_S._Mengga"
            },
            "communityID": "925a2bcf-b8e6-4d98-a39c-c834d5756f78"
        },
        {
            "name": "Andi Masri Masdar",
            "description": "",
            "profilePic": "",
            "title": "Kepala Dinas Pendidkan dan Kebudayaan Kab. Polman",
            "sites": {},
            "communityID": "925a2bcf-b8e6-4d98-a39c-c834d5756f78"
        },
        {
            "name": "Andi Nursami Masdar",
            "description": "",
            "profilePic": "",
            "title": "Kepala Dinas Pemberdayaan Masyarakat dan Desa Kab. Polman",
            "sites": {},
            "communityID": "925a2bcf-b8e6-4d98-a39c-c834d5756f78"
        },
        {
            "name": "Jupri Mahmud",
            "description": "",
            "profilePic": "",
            "title": "Ketua DPRD Kab. Polewali Mandar",
            "sites": {},
            "communityID": "925a2bcf-b8e6-4d98-a39c-c834d5756f78"
        },
        {
            "name": "Amiruddin",
            "description": "",
            "profilePic": "",
            "title": "Wakil Ketua DPRD Kab. Polewali Mandar",
            "sites": {},
            "communityID": "925a2bcf-b8e6-4d98-a39c-c834d5756f78"
        },
        {
            "name": "Andi Bebas Manggazali",
            "description": "",
            "profilePic": "",
            "title": "Sekretaris Daerah Polman",
            "sites": {},
            "communityID": "925a2bcf-b8e6-4d98-a39c-c834d5756f78"
        },
        {
            "name": "Chuduriah Sahabuddin",
            "description": "",
            "profilePic": "",
            "title": "Rektor Universitas Al Asyariah Mandar",
            "sites": {},
            "communityID": "925a2bcf-b8e6-4d98-a39c-c834d5756f78"
        },
        {
            "name": "Andi Ruskati Radjab",
            "description": "Dra. Hj. Andi Andi Ruskati Ali Baal (lahir 27 Juli 1958) adalah seorang politikus Indonesia yang menjabat sebagai anggota DPR-RI selama dua periode (2014\u20132019 dan 2019\u20132024). Ia mewakili daerah pemilihan Sulawesi Barat. Ruskati merupakan kader Partai Gerakan Indonesia Raya, ia bertugas di Komisi IX.[1]\n",
            "profilePic": "https://upload.wikimedia.org/wikipedia/commons/2/2d/KPU_Andi_Ruskati_Ali_Baal.jpg",
            "title": "Anggota DPR RI",
            "sites": {
                "name": "Wikipedia",
                "url": "https://id.wikipedia.org/wiki/Andi_Ruskati_Radjab"
            },
            "communityID": "925a2bcf-b8e6-4d98-a39c-c834d5756f78"
        },
        {
            "name": "Abdul Rahim",
            "description": "",
            "profilePic": "",
            "title": "Wakil Ketua DPRD Sulbar",
            "sites": {},
            "communityID": "925a2bcf-b8e6-4d98-a39c-c834d5756f78"
        }
    ]
}