{
    "title": "Pemilihan umum Bupati Ciamis 2024",
    "region": "Ciamis",
    "level": "KABUPATEN",
    "candidates": [
        {
            "name": "Herdiat Sunarya",
            "title": "Calon Bupati",
            "description": "Dr. H. Herdiat Sunarya (lahir 10 Oktober 1960), dikenal dengan sapaan Kang Herdiat adalah seorang mantan Birokrat dan politisi Kabupaten Ciamis. Beliau pernah menjabat sebagai Bupati Ciamis sejak 2019 hingga 2024. Ia terpilih bersama Yana D Putra pada Pibup Ciamis. Sebelumnya, Herdiat Sunarya pernah menjabat sebagai Kepala Desa Panjalu sampai Sekretaris Daerah Kabupaten Ciamis.",
            "profilePic": "https://upload.wikimedia.org/wikipedia/id/thumb/0/02/Herdiat_Sunarya.jpg/150px-Herdiat_Sunarya.jpg",
            "communityID": "5d6e5446-6959-41b5-b03a-9a35570f119f",
            "sites": {
                "name": "Wikipedia",
                "url": "https://id.wikipedia.org/wiki/Herdiat_Sunarya"
            }
        },
        {
            "name": "Yana D. Putra",
            "title": "Calon Bupati",
            "description": "Yana Diana Putra (lahir 26 November 1976) adalah seorang politikus Indonesia. Ia tergabung dalam Partai Amanat Nasional dan mula-mula berkiprah dalam DPD PAN Ciamis. Ia menjadi legislator selama tiga periode berturut-turut pada 2004-2009, 2009-2014, dan 2014-2019. Pada pemilihan umum Bupati Ciamis 2018, ia terpilih menjadi Wakil Bupati Ciamis mendampingi Herdiat Sunarya selaku Bupati Ciamis.",
            "profilePic": "https://upload.wikimedia.org/wikipedia/id/thumb/a/a4/Yana_D_Putra.jpg/150px-Yana_D_Putra.jpg",
            "communityID": "5d6e5446-6959-41b5-b03a-9a35570f119f",
            "sites": {
                "name": "Wikipedia",
                "url": "https://id.wikipedia.org/wiki/Yana_Diana_Putra"
            }
        },
        {
            "name": "Nanang Permana",
            "title": "Calon Bupati",
            "description": null,
            "profilePic": "",
            "communityID": "5d6e5446-6959-41b5-b03a-9a35570f119f",
            "sites": null
        },
        {
            "name": "Didi Sukardi",
            "title": "Calon Bupati",
            "description": null,
            "profilePic": "",
            "communityID": "5d6e5446-6959-41b5-b03a-9a35570f119f",
            "sites": null
        },
        {
            "name": "Trian Slamet Triyana",
            "title": "Calon Bupati",
            "description": null,
            "profilePic": "",
            "communityID": "5d6e5446-6959-41b5-b03a-9a35570f119f",
            "sites": null
        },
        {
            "name": "Toni Taufiqurrahman",
            "title": "Calon Bupati",
            "description": null,
            "profilePic": "",
            "communityID": "5d6e5446-6959-41b5-b03a-9a35570f119f",
            "sites": null
        },
        {
            "name": "Fadlil Yani Ainusyamsi",
            "title": "Calon Bupati",
            "description": null,
            "profilePic": "",
            "communityID": "5d6e5446-6959-41b5-b03a-9a35570f119f",
            "sites": null
        },
        {
            "name": "KH. Arief Ismail Chowas",
            "title": "Calon Bupati",
            "description": null,
            "profilePic": "",
            "communityID": "5d6e5446-6959-41b5-b03a-9a35570f119f",
            "sites": null
        },
        {
            "name": "Dr. H. Yat Rospia Brata",
            "title": "Calon Bupati",
            "description": null,
            "profilePic": "",
            "communityID": "5d6e5446-6959-41b5-b03a-9a35570f119f",
            "sites": null
        },
        {
            "name": "H Roni Karno",
            "title": "Calon Bupati",
            "description": null,
            "profilePic": "",
            "communityID": "5d6e5446-6959-41b5-b03a-9a35570f119f",
            "sites": null
        },
        {
            "name": "Iman Solichin",
            "title": "Calon Bupati",
            "description": null,
            "profilePic": "",
            "communityID": "5d6e5446-6959-41b5-b03a-9a35570f119f",
            "sites": null
        },
        {
            "name": "H Akasah",
            "title": "Calon Bupati",
            "description": null,
            "profilePic": "",
            "communityID": "5d6e5446-6959-41b5-b03a-9a35570f119f",
            "sites": null
        },
        {
            "name": "H Wawan S. Arifen",
            "title": "Calon Bupati",
            "description": null,
            "profilePic": "",
            "communityID": "5d6e5446-6959-41b5-b03a-9a35570f119f",
            "sites": null
        }
    ],
    "source": "https://id.wikipedia.org/wiki/Pemilihan_umum_Bupati_Ciamis_2024",
    "path": "kabupaten-ciamis"
}