{
    "title": "Pemilihan umum Bupati Pamekasan 2024",
    "region": "Pamekasan",
    "level": "KABUPATEN",
    "candidates": [
        {
            "name": "Baddrut Tamam",
            "title": "Calon Bupati",
            "description": "H. Baddrut Tamam, S.Psi. (lahir 2 Desember 1976) adalah politisi PKB yang menjabat sebagai Bupati Pamekasan periode 2018\u20132023.",
            "profilePic": "https://upload.wikimedia.org/wikipedia/commons/thumb/1/1b/KPU_Baddrut_Tamam.jpg/220px-KPU_Baddrut_Tamam.jpg",
            "communityID": "d2b444af-f809-4d2f-8716-6c726f484386",
            "sites": {
                "name": "Wikipedia",
                "url": "https://id.wikipedia.org/wiki/Baddrut_Tamam"
            }
        },
        {
            "name": "Didik J. Rachbini",
            "title": "Calon Bupati",
            "description": "Prof. Didik Junaidi Rachbini, M.Sc., Ph.D. (lahir 2 September 1960) adalah seorang tokoh Partai Amanat Nasional (PAN) yang menjabat sebagai anggota Komisi VI Dewan Perwakilan Rakyat (DPR) RI untuk masa bakti 2004-2009. Didik mewakili konstituen dari daerah pemilihan (dapil) V Jawa Timur.",
            "profilePic": "",
            "communityID": "d2b444af-f809-4d2f-8716-6c726f484386",
            "sites": {
                "name": "Wikipedia",
                "url": "https://id.wikipedia.org/wiki/Didik_J._Rachbini"
            }
        }
    ],
    "source": "https://id.wikipedia.org/wiki/Pemilihan_umum_Bupati_Pamekasan_2024",
    "path": "kabupaten-pamekasan"
}