{
    "title": "Pemilihan umum Bupati Pangandaran 2024",
    "region": "Pangandaran",
    "level": "KABUPATEN",
    "candidates": [
        {
            "name": "Ida Nurlaela Wiradinata",
            "title": "Calon Bupati",
            "description": null,
            "profilePic": "",
            "communityID": "de4fafd8-c1d4-41ed-ac56-d5648ab404e0",
            "sites": null
        },
        {
            "name": "Asep Noordin",
            "title": "Calon Bupati",
            "description": null,
            "profilePic": "",
            "communityID": "de4fafd8-c1d4-41ed-ac56-d5648ab404e0",
            "sites": null
        },
        {
            "name": "Ujang Endin Indrawan",
            "title": "Calon Bupati",
            "description": "Ujang Endin Indrawan (lahir 24 Juni 1963) adalah seorang politikus Indonesia kelahiran Bandung. Ia tergabung dalam Partai Demokrasi Indonesia Perjuangan (PDIP). Ia sempat bertugas di Kabupaten Ciamis dan kemudian pindah ke Kota Banjar sebelum memasuki masa pensiun dari jabatan eselon II di Kabupaten Pangandaran. Ia menjabat sebagai Wakil Bupati Pangandaran dari 2021 sampai 2024 mendampingi Jeje Wiradinata selaku Bupati Pangandaran.",
            "profilePic": "https://upload.wikimedia.org/wikipedia/id/thumb/c/cc/Pangandaran_-_Ujang_Ending_Indrawan.jpeg/220px-Pangandaran_-_Ujang_Ending_Indrawan.jpeg",
            "communityID": "de4fafd8-c1d4-41ed-ac56-d5648ab404e0",
            "sites": {
                "name": "Wikipedia",
                "url": "https://id.wikipedia.org/wiki/Ujang_Endin_Indrawan"
            }
        },
        {
            "name": "Ade Ruminah",
            "title": "Calon Bupati",
            "description": null,
            "profilePic": "",
            "communityID": "de4fafd8-c1d4-41ed-ac56-d5648ab404e0",
            "sites": null
        },
        {
            "name": "Otang Tarlian",
            "title": "Calon Bupati",
            "description": null,
            "profilePic": "",
            "communityID": "de4fafd8-c1d4-41ed-ac56-d5648ab404e0",
            "sites": null
        },
        {
            "name": "Ino Darsono",
            "title": "Calon Bupati",
            "description": null,
            "profilePic": "",
            "communityID": "de4fafd8-c1d4-41ed-ac56-d5648ab404e0",
            "sites": null
        },
        {
            "name": "Wowo Kustiwa",
            "title": "Calon Bupati",
            "description": null,
            "profilePic": "",
            "communityID": "de4fafd8-c1d4-41ed-ac56-d5648ab404e0",
            "sites": null
        },
        {
            "name": "Dadang Solihat",
            "title": "Calon Bupati",
            "description": null,
            "profilePic": "",
            "communityID": "de4fafd8-c1d4-41ed-ac56-d5648ab404e0",
            "sites": null
        },
        {
            "name": "Arief Hikmawan",
            "title": "Calon Bupati",
            "description": null,
            "profilePic": "",
            "communityID": "de4fafd8-c1d4-41ed-ac56-d5648ab404e0",
            "sites": null
        },
        {
            "name": "Endjang Naffandy",
            "title": "Calon Bupati",
            "description": null,
            "profilePic": "",
            "communityID": "de4fafd8-c1d4-41ed-ac56-d5648ab404e0",
            "sites": null
        },
        {
            "name": "Shena Rizkantya",
            "title": "Calon Bupati",
            "description": null,
            "profilePic": "",
            "communityID": "de4fafd8-c1d4-41ed-ac56-d5648ab404e0",
            "sites": null
        },
        {
            "name": "wan Muhamad Ridwan",
            "title": "Calon Bupati",
            "description": null,
            "profilePic": "",
            "communityID": "de4fafd8-c1d4-41ed-ac56-d5648ab404e0",
            "sites": null
        }
    ],
    "source": "https://id.wikipedia.org/wiki/Pemilihan_umum_Bupati_Pangandaran_2024",
    "path": "kabupaten-pangandaran"
}