{
    "title": "Pemilihan umum Bupati Sambas 2024",
    "region": "Sambas",
    "level": "KABUPATEN",
    "candidates": [
        {
            "name": "Satono",
            "title": "Calon Bupati",
            "description": "H. Satono, S.Sos.I., M.H., (lahir 24 April 1980) adalah Bupati Sambas petahana yang menjabat sejak 14 Juni 2021. Ia terpilih dalam Pilbup Sambas 2020 bersama Fahrur Rofi melalui Partai Gerindra dan PAN. Satono-Rofi berhasil mengungguli tiga pasangan calon lainnya, termasuk petahana. Satono merupakan bupati keturunan Tionghoa dan mualaf pertama yang memimpin Kabupaten Sambas. Ayahnya bernama Thong Kim Kui. Sebelum menjadi bupati, Satono merupakan birokrat dengan jabatan terakhir sebagai Sekretaris BPBD Kabupaten Sambas.",
            "profilePic": "https://upload.wikimedia.org/wikipedia/commons/thumb/6/6c/SATONO_2020.jpg/200px-SATONO_2020.jpg",
            "communityID": "b66c903d-b612-4a06-b39d-75ac2e07475a",
            "sites": {
                "name": "Wikipedia",
                "url": "https://id.wikipedia.org/wiki/Satono_(bupati)"
            }
        }
    ],
    "source": "https://id.wikipedia.org/wiki/Pemilihan_umum_Bupati_Sambas_2024",
    "path": "kabupaten-sambas"
}