{
    "title": "Pemilihan umum Bupati Aceh Tenggara 2024",
    "region": "Aceh Tenggara",
    "level": "KABUPATEN",
    "path": "kabupaten-aceh-tenggara",
    "source": "https://id.wikipedia.org/wiki/Pemilihan_umum_Bupati_Aceh_Tenggara_2024",
    "communityID": "5fe3e3f4-f832-4b5a-ae68-4c137d309f37",
    "candidates": [
        {
            "name": "Raidin Pinim",
            "description": "Drs. H. Raidin Pinim, M.AP. (lahir 2 Desember 1970) adalah politikus Indonesia yang menjabat sebagai Bupati Aceh Tenggara periode 2017-2022.[1][2]\n",
            "profilePic": "https://upload.wikimedia.org/wikipedia/commons/c/cc/Bupati_Aceh_Tenggara_Raidin_Pinim.jpg",
            "title": "M.A.P",
            "sites": {
                "name": "Wikipedia",
                "url": "https://id.wikipedia.org/wiki/Raidin_Pinim"
            },
            "communityID": "5fe3e3f4-f832-4b5a-ae68-4c137d309f37"
        },
        {
            "name": "Bukhari (politikus)",
            "description": "H. Bukhari (lahir 10 Februari 1964) adalah politikus Aceh Tenggara yang menjabat sebagai Wakil Bupati Aceh Tenggara periode 2017\u20132022.[1] ia juga menjabat sebagai Ketua DPC Partai Hanura Kab. Aceh Tenggara sejak 2011.[2]\n",
            "profilePic": "https://upload.wikimedia.org/wikipedia/commons/e/e8/WAKIL_BUPATI_ACEH_TENGGARA_2017_-_2022_BUKHARI.jpg",
            "title": "Wakil Bupati Aceh Tenggara (2017-2022)",
            "sites": {
                "name": "Wikipedia",
                "url": "https://id.wikipedia.org/wiki/Bukhari_(politikus)"
            },
            "communityID": "5fe3e3f4-f832-4b5a-ae68-4c137d309f37"
        },
        {
            "name": "Muhammad Salim Fakhry",
            "description": "H. Muhammad Salim Fakhry, S.E., M.M. (lahir di Aceh Tenggara, 21 Oktober 1968) adalah seorang politikus Indonesia. Ia saat ini menjabat sebagai anggota Dewan Perwakilan Rakyat Republik Indonesia (DPR RI) dari Partai Golongan Karya mewakili daerah pemilihan Aceh I,[1] terpilih sebagai anggota DPR RI Periode 2019-2024 setelah memperoleh 63.267 suara melalui Partai Golkar. Pada masa kerjanya di periode 2019-2024, Salim bertugas di Komisi 4 yang meliputi Pertanian, Lingkungan Hidup dan Kehutanan serta Kelautan.[2]\n",
            "profilePic": "",
            "title": "S.E",
            "sites": {
                "name": "Wikipedia",
                "url": "https://id.wikipedia.org/wiki/Muhammad_Salim_Fakhry"
            },
            "communityID": "5fe3e3f4-f832-4b5a-ae68-4c137d309f37"
        },
        {
            "name": "Ali Basrah",
            "description": "H. Ali Basrah Pasaribu, S.Pd., M.M. (lahir 19 Juni 1966) adalah anggota DPR Aceh dari Partai Golongan Karya Dapil Aceh 8, terpilih sebagai anggota DPR Aceh Periode 2019-2024 setelah memperoleh suara terbanyak dengan jumlah mencapai 25.314 suara dari 81 Anggota DPR Aceh terpilih.[2] Pada masa kerjanya di periode 2019-2024, Ali menjabat sebagai Ketua Fraksi Partai Golkar DPR Aceh, Sementara di Partai Golkar Aceh, Ali mengemban amanah sebagai Sekretaris DPD I Partai Golkar Aceh masa bakti 2020-2025.[3]\n",
            "profilePic": "",
            "title": "S.Pd",
            "sites": {
                "name": "Wikipedia",
                "url": "https://id.wikipedia.org/wiki/Ali_Basrah"
            },
            "communityID": "5fe3e3f4-f832-4b5a-ae68-4c137d309f37"
        },
        {
            "name": "",
            "description": "",
            "profilePic": "",
            "title": "S.I.Kom",
            "sites": {},
            "communityID": "5fe3e3f4-f832-4b5a-ae68-4c137d309f37"
        },
        {
            "name": "Denny Febrian Roza",
            "description": "Denny Febrian Roza, S.STP., M.Si. (lahir 13 Februari 1984) adalah Ketua DPRK Aceh Tenggara periode 2019-2024[2] memperoleh 4.305 suara melalui Partai Golkar dapil Aceh Tenggara 2.\n",
            "profilePic": "https://upload.wikimedia.org/wikipedia/commons/thumb/a/ac/KPU_Denny_Febrian_Roza.jpg/1200px-KPU_Denny_Febrian_Roza.jpg",
            "title": "S.STP",
            "sites": {
                "name": "Wikipedia",
                "url": "https://id.wikipedia.org/wiki/Denny_Febrian_Roza"
            },
            "communityID": "5fe3e3f4-f832-4b5a-ae68-4c137d309f37"
        },
        {
            "name": "",
            "description": "",
            "profilePic": "",
            "title": "S.S",
            "sites": {},
            "communityID": "5fe3e3f4-f832-4b5a-ae68-4c137d309f37"
        },
        {
            "name": "",
            "description": "",
            "profilePic": "",
            "title": "S.Pd",
            "sites": {},
            "communityID": "5fe3e3f4-f832-4b5a-ae68-4c137d309f37"
        },
        {
            "name": ".",
            "description": "",
            "profilePic": "",
            "title": "Sp.OG",
            "sites": {},
            "communityID": "5fe3e3f4-f832-4b5a-ae68-4c137d309f37"
        },
        {
            "name": "",
            "description": "",
            "profilePic": "",
            "title": "Putra Bupati Aceh Tenggara (2007-2017) Drs. H. Hasanuddin Beruh",
            "sites": {},
            "communityID": "5fe3e3f4-f832-4b5a-ae68-4c137d309f37"
        },
        {
            "name": "",
            "description": "",
            "profilePic": "",
            "title": "Putra Ketua DPRK Aceh Tenggara (1997-2009) H. Umuruddin Desky",
            "sites": {},
            "communityID": "5fe3e3f4-f832-4b5a-ae68-4c137d309f37"
        }
    ]
}