{
    "title": "Pemilihan umum Bupati Cirebon 2024",
    "region": "Cirebon",
    "level": "KABUPATEN",
    "path": "kabupaten-cirebon",
    "source": "https://id.wikipedia.org/wiki/Pemilihan_umum_Bupati_Cirebon_2024",
    "communityID": "0368d26c-2c6c-474f-a0e6-db141705dd67",
    "candidates": [
        {
            "name": "Teguh Rusiana Merdeka",
            "description": "Teguh Rusiana Merdeka, S.H., (lahir 02 Mei 1986) adalah Politikus Indonesia yang menjabat sebagai Wakil Ketua Dewan Perwakilan Rakyat Daerah Kabupaten Cirebon[1]. Selain menjabat Wakil Ketua ia merangkap sebagai Anggota Dewan Perwakilan Rakyat Daerah Kabupaten Cirebon untuk Daerah Pemilihan V Kabupaten Cirebon meliputi Kecamatan Babakan, Kecamatan Gebang, Kecamatan Losari, Kecamatan Pabedilan dan Kecamatan Pangenan. Ia merupakan Ketua Dewan Pimpinan Daerah Partai Golongan Karya (Golkar).[2][3]\n",
            "profilePic": "https://upload.wikimedia.org/wikipedia/commons/e/ee/KPU_Teguh_Rusiana_Merdeka.jpg",
            "title": "Wakil Ketua DPRD Kabupaten Cirebon",
            "sites": {
                "name": "Wikipedia",
                "url": "https://id.wikipedia.org/wiki/Teguh_Rusiana_Merdeka"
            },
            "communityID": "0368d26c-2c6c-474f-a0e6-db141705dd67"
        },
        {
            "name": "Imron Rosyadi (politikus, lahir Desember 1961)",
            "description": "Drs. H. Imron Rosyadi, Lc., M.Ag., M.M. (lahir 17 Desember 1961) adalah seorang birokrat dan politisi Indonesia yang menjabat sebagai Bupati Cirebon yang menjabat sejak 1 Oktober 2019 hingga 17 Mei 2024. Imron terpilih sebagai Wakil Bupati Cirebon berpasangan dengan Sunjaya Purwadi Sastra dalam Pemilihan umum Bupati Cirebon 2018.\nPada tanggal 1 Oktober 2019, Gubernur Jawa Barat Ridwan Kamil melantik Imron sebagai Bupati Cirebon definitif. Imron dilantik bersamaan dengan pelantikan Wakil Bupati Indramayu.[1]\n",
            "profilePic": "https://upload.wikimedia.org/wikipedia/commons/a/a1/Imron_Rosyadi_Bupati_Cirebon.jpg",
            "title": "Bupati Cirebon",
            "sites": {
                "name": "Wikipedia",
                "url": "https://id.wikipedia.org/wiki/Imron_Rosyadi_(politikus,_lahir_Desember_1961)"
            },
            "communityID": "0368d26c-2c6c-474f-a0e6-db141705dd67"
        },
        {
            "name": "Wahyu Tjiptaningsih",
            "description": "Hj. Wahyu Tjiptaningsih, S.E., M.Si. (lahir 15 April 1970) yang akrab dipanggil Ayu adalah Wakil Bupati Cirebon Pengganti antar Waktu (PAW) periode 2019-2024 yang terpilih oleh DPRD Kabupaten Cirebon, setelah terjadi kekosongan jabatan karena Bupati sebelumnya yaitu suaminya sendiri Sunjaya Purwadi Sastra terjerat kasus korupsi jual beli jabatan dan ditetapkan sebagai tersangka dan digantikan oleh Wakil Bupati Imron Rosyadi sehingga posisi Wakil Bupati terjadi kekosongan. Pada pemilihan wakil bupati di DPRD, Ayu bersaing dengan Cunadi yang juga direkomendasikan oleh Dewan Pimpinan Pusat (DPP) Partai Demokrasi Indonesia Perjuangan (PDIP). Hasil pemilihan, seluruh anggota DPRD Kabupaten Cirebon, Wahyu Tjiptaningsih memperoleh suara 36, Cunadi 1 suara, dan 10 suara tidak sah.[1]\n",
            "profilePic": "https://upload.wikimedia.org/wikipedia/commons/a/ae/Wakil_Bupati_Cirebon_Wahyu_Tjiptaningsih.jpg",
            "title": "Wakil Bupati Cirebon",
            "sites": {
                "name": "Wikipedia",
                "url": "https://id.wikipedia.org/wiki/Wahyu_Tjiptaningsih"
            },
            "communityID": "0368d26c-2c6c-474f-a0e6-db141705dd67"
        },
        {
            "name": "Mohammad Luthfi",
            "description": "H. Mohammad Luthfi, S.T., M.Si. adalah seorang politikus yang menjabat sebagai Ketua DPRD Kabupaten Cirebon periode 2019 - 2024 dari Partai Kebangkitan Bangsa (PKB). Dia adalah tokoh PKB di Kabupaten Cirebon yang pernah menjabat Ketua DPC PKB Kabupaten Cirebon. Dia pernah mencalonkan diri pada Pemilihan Umum Bupati Cirebon 2013, ia mencalonkan diri sebagai calon Bupati Cirebon dari PKB berpasangan dengan Ratu Raja Arimbi Nurtina yang merupakan keturunan Keraton Kanoman yang diusung oleh PKB, PPP dan PBB, namun ia kalah dan hanya mendapat 18,45% suara berada pada urutan ketiga.\n",
            "profilePic": "https://upload.wikimedia.org/wikipedia/commons/thumb/2/21/Anggota_DPRD_Kabupaten_Cirebon_Mohammad_Luthfi.webp/828px-Anggota_DPRD_Kabupaten_Cirebon_Mohammad_Luthfi.webp.png",
            "title": "Ketua DPRD Kabupaten Cirebon",
            "sites": {
                "name": "Wikipedia",
                "url": "https://id.wikipedia.org/wiki/Mohammad_Luthfi"
            },
            "communityID": "0368d26c-2c6c-474f-a0e6-db141705dd67"
        },
        {
            "name": "Asep Zaenudin Budiman",
            "description": "",
            "profilePic": "",
            "title": "Ketua DPD Partai NasDem Kabupaten Cirebon",
            "sites": {},
            "communityID": "0368d26c-2c6c-474f-a0e6-db141705dd67"
        },
        {
            "name": "Muali",
            "description": "",
            "profilePic": "",
            "title": "Ketua Forum Komunikasi Kuwu Cirebon (FKKC)",
            "sites": {},
            "communityID": "0368d26c-2c6c-474f-a0e6-db141705dd67"
        },
        {
            "name": "Ismiyatul Fatihiyah Yusuf",
            "description": "",
            "profilePic": "",
            "title": "Anggota DPRD Kabupaten Cirebon Fraksi Partai Kebangkitan Bangsa",
            "sites": {},
            "communityID": "0368d26c-2c6c-474f-a0e6-db141705dd67"
        },
        {
            "name": "Junaedi",
            "description": "",
            "profilePic": "",
            "title": "Ketua DPD Partai Keadilan Sejahtera (PKS) Kabupaten Cirebon",
            "sites": {},
            "communityID": "0368d26c-2c6c-474f-a0e6-db141705dd67"
        },
        {
            "name": "R. Hasan Basori",
            "description": "",
            "profilePic": "",
            "title": "Anggota DPRD Kabupaten Cirebon Fraksi Partai Kebangkitan Bangsa",
            "sites": {},
            "communityID": "0368d26c-2c6c-474f-a0e6-db141705dd67"
        },
        {
            "name": "Anwar Yasin",
            "description": "",
            "profilePic": "",
            "title": "Anggota DPRD Provinsi Jawa Barat",
            "sites": {},
            "communityID": "0368d26c-2c6c-474f-a0e6-db141705dd67"
        },
        {
            "name": "M. Nuruzzaman",
            "description": "",
            "profilePic": "",
            "title": "Staf Khusus Menteri Agama",
            "sites": {},
            "communityID": "0368d26c-2c6c-474f-a0e6-db141705dd67"
        },
        {
            "name": "Winadi",
            "description": "",
            "profilePic": "",
            "title": "Ketua Laskar Elang Biru Kabupaten Cirebon",
            "sites": {},
            "communityID": "0368d26c-2c6c-474f-a0e6-db141705dd67"
        },
        {
            "name": "Suharso",
            "description": "Prof. Dr. Soeharso (13 Mei 1912\u00a0\u2013\u00a027 Februari 1971) adalah dokter ahli bedah, pahlawan nasional Indonesia, dan pendiri Pusat Rehabilitasi Profesor Dokter Suharso yang merupakan tempat merawat penderita cacat jasmani.[1][2][3]\n",
            "profilePic": "https://upload.wikimedia.org/wikipedia/commons/7/73/Suharso_2001_Indonesia_stamp.jpg",
            "title": "Tokoh Masyarakat",
            "sites": {
                "name": "Wikipedia",
                "url": "https://id.wikipedia.org/wiki/Suharso"
            },
            "communityID": "0368d26c-2c6c-474f-a0e6-db141705dd67"
        }
    ]
}