{
    "title": "Pemilihan umum Bupati Bondowoso 2024",
    "region": "Bondowoso",
    "level": "KABUPATEN",
    "path": "kabupaten-bondowoso",
    "source": "https://id.wikipedia.org/wiki/Pemilihan_umum_Bupati_Bondowoso_2024",
    "communityID": "9aa058c4-db19-48a8-9504-14cc430ffcf0",
    "candidates": [
        {
            "name": "Salwa Arifin",
            "description": "2.Miftahus Surur, SE.Sy.MH\n",
            "profilePic": "",
            "title": "Bupati Bondowoso",
            "sites": {
                "name": "Wikipedia",
                "url": "https://id.wikipedia.org/wiki/Salwa_Arifin"
            },
            "communityID": "9aa058c4-db19-48a8-9504-14cc430ffcf0"
        },
        {
            "name": "Irwan Bachtiar Rachmat",
            "description": "H. Irwan Bachtiar Rachmat, S.E., M.Si. (lahir 15 Juni 1967) adalah politisi PDI Perjuangan yang menjabat sebagai Wakil Bupati Bondowoso periode 2018-2023. Irwan juga menjabat sebagai Ketua DPC PDI Perjuangan Kabupaten Bondowoso periode 2019-sekarang dan merupakan periode keempatnya.[1]\n",
            "profilePic": "",
            "title": "Wakil Bupati Bondowoso",
            "sites": {
                "name": "Wikipedia",
                "url": "https://id.wikipedia.org/wiki/Irwan_Bachtiar_Rachmat"
            },
            "communityID": "9aa058c4-db19-48a8-9504-14cc430ffcf0"
        },
        {
            "name": "Abdul Hamid Wahid",
            "description": "R. K.H. Datuk Guru.[1] Abdul Hamid Wahid, M.Ag,. Atau biasa dipanggil Gus atau Lora Hamid. (Lahir 04 September 1971) terlahir dari pasangan KH. Abd. Wahid Zaini, S.H. (Alm.) dan Ny. Hj. Zubaidiyah Thoha. dari keluarga Pondok Pesantren Nurul Jadid, Karanganyar, Paiton, Probolinggo, Jawa Timur. Sejak kecil beliau telah menempuh pendidikan formal yang religius, hingga kemudian melanjutkan karier sebagai tenaga pengajar masih di bidang keagamaan. beliau adalah anggota DPR RI periode 2004-2009 dan 2009-2014 dari Partai Kebangkitan Bangsa mewakili Jawa Timur. Ia ditempatkan di Komisi X yang menangani Pendidikan, Olahraga, Pariwisata, Kesenian dan Kebudayaan. saat ini beliau menjabat sebagai Kepala Pondok Pesantren Nurul Jadid dan Rektor Universitas Nurul Jadid Paiton Probolinggo Jawa Timur Indonesia. \n",
            "profilePic": "https://upload.wikimedia.org/wikipedia/commons/9/92/Loragushamid.jpg",
            "title": "Mantan Anggota DPR RI",
            "sites": {
                "name": "Wikipedia",
                "url": "https://id.wikipedia.org/wiki/Abdul_Hamid_Wahid"
            },
            "communityID": "9aa058c4-db19-48a8-9504-14cc430ffcf0"
        },
        {
            "name": "Ahmad Dhafir",
            "description": "",
            "profilePic": "",
            "title": "Ketua DPRD Kabupaten Bondowoso",
            "sites": {},
            "communityID": "9aa058c4-db19-48a8-9504-14cc430ffcf0"
        },
        {
            "name": "Ubaidillah",
            "description": "",
            "profilePic": "",
            "title": "Anggota DPRD Jatim",
            "sites": {},
            "communityID": "9aa058c4-db19-48a8-9504-14cc430ffcf0"
        },
        {
            "name": "H. Tohari",
            "description": "",
            "profilePic": "",
            "title": "Anggota DPRD Kabupaten Bondowoso",
            "sites": {},
            "communityID": "9aa058c4-db19-48a8-9504-14cc430ffcf0"
        },
        {
            "name": "KH. Abdul Malik Sanusi",
            "description": "",
            "profilePic": "",
            "title": "Mantan Ketua DPD Partai Nasdem Kabupaten Bondowoso",
            "sites": {},
            "communityID": "9aa058c4-db19-48a8-9504-14cc430ffcf0"
        },
        {
            "name": "H. Eko Mardyanto, M.Pd, C.Ht - Profesional dan Konsultan",
            "description": "",
            "profilePic": "",
            "title": "M.Pd",
            "sites": {},
            "communityID": "9aa058c4-db19-48a8-9504-14cc430ffcf0"
        },
        {
            "name": "Irwan Setiawan",
            "description": "",
            "profilePic": "",
            "title": "Ketua DPW PKS Jawa Timur",
            "sites": {},
            "communityID": "9aa058c4-db19-48a8-9504-14cc430ffcf0"
        },
        {
            "name": "Fauzi Cahyo Purnomo",
            "description": "",
            "profilePic": "",
            "title": "Kepala Desa Balet Baru",
            "sites": {},
            "communityID": "9aa058c4-db19-48a8-9504-14cc430ffcf0"
        }
    ]
}