{
    "title": "Pemilihan umum Bupati Kendal 2024",
    "region": "Kendal",
    "level": "KABUPATEN",
    "candidates": [
        {
            "name": "Dico Ganinduto",
            "title": "Calon Bupati",
            "description": "Dico M. Ganinduto, B.Sc. (lahir 19 Februari 1990) adalah seorang politikus Indonesia dari Partai Golkar yang menjabat sebagai Bupati Kendal sejak 26 Februari 2021. Sebelumnya, ia adalah seorang pengusaha yang mencalonkan diri dalam pemilihan calon legislatif DPR RI Dapil 1 Jawa Tengah pada tahun 2018. Dico juga menjabat sebagai Presiden PERMIAS (Persatuan Mahasiswa Indonesia - AS) University of Tulsa pada tahun 2011-2012.",
            "profilePic": "https://upload.wikimedia.org/wikipedia/commons/thumb/6/6d/Dico_M_Ganinduto.jpg/220px-Dico_M_Ganinduto.jpg",
            "communityID": "51ddc862-7e35-4ac4-a0d9-f93c280a91ab",
            "sites": {
                "name": "Wikipedia",
                "url": "https://id.wikipedia.org/wiki/Dico_Ganinduto"
            }
        },
        {
            "name": "Windu Suko Basuki",
            "title": "Calon Bupati",
            "description": "H. Windu Suko Basuki, S.H. atau  H. Basuki (lahir 3 Juni 1961) merupakan politikus Partai Demokrat yang terpilih sebagai Wakil Bupati Kendal mendampingi Dico Ganinduto untuk periode 2021 - 2024. Ia pernah berkiprah di Akademi Militer akan tetapi memutuskan untuk pensiun dini.",
            "profilePic": "https://upload.wikimedia.org/wikipedia/commons/thumb/0/0d/Windu_Suko_Basuki.jpg/220px-Windu_Suko_Basuki.jpg",
            "communityID": "51ddc862-7e35-4ac4-a0d9-f93c280a91ab",
            "sites": {
                "name": "Wikipedia",
                "url": "https://id.wikipedia.org/wiki/Windu_Suko_Basuki"
            }
        },
        {
            "name": "Ali Nuruddin",
            "title": "Calon Bupati",
            "description": null,
            "profilePic": "",
            "communityID": "51ddc862-7e35-4ac4-a0d9-f93c280a91ab",
            "sites": null
        },
        {
            "name": "Mirna Anissa",
            "title": "Calon Bupati",
            "description": "dr. Mirna Annisa, M.Si. (lahir 22 Oktober 1981) adalah dokter, politikus dan bupati Kendal yang menjabat pada periode 2016-2021. Sebelum menjadi bupati, ia menjabat wakil ketua KNPI Jawa Tengah.  Pada Pilkada Kendal 2015, ia maju berpasangan dengan wakil Masrur Masykur dengan no urut 2, yang diusung oleh empat parpol pengusung yakni Partai Gerindra, Partai Hanura, PAN dan PKS memperoleh 289.970 suara, mengalahkan petahana Widya Kandi Susanti yang berpasangan dengan Mochammad Hilmi dengan memperoleh 176.087 suara.",
            "profilePic": "https://upload.wikimedia.org/wikipedia/id/thumb/f/f9/Mirna_Annisa.jpg/150px-Mirna_Annisa.jpg",
            "communityID": "51ddc862-7e35-4ac4-a0d9-f93c280a91ab",
            "sites": {
                "name": "Wikipedia",
                "url": "https://id.wikipedia.org/wiki/Mirna_Anissa"
            }
        },
        {
            "name": "Widya Kandi Susanti",
            "title": "Calon Bupati",
            "description": "Dr. Hj. Widya Kandi Susanti, MM (lahir 26 Mei 1964) adalah politikus dan Bupati Kendal yang menjabat pada periode 2010-2015. Ia adalah istri dari Bupati Kendal periode 2000-2007 Hendy Boedoro yang menjabat pada periode 2000-2005 dan 2005-2010 sebelum ditetapkan sebagai tersangka korupsi Dana APBD Kendal. Sebelum menjadi bupati, Ia menjabat Wakil Ketua DPRD Kabupaten Kendal periode 2009-2014. Bersama wakilnya Mustamsikin yang merupakan tokoh Nahdlatul 'Ulama di Kendal, ia berhasil memenangkan pilkada Kendal 2010 dengan perolehan suara sebesar 42 persen. Pada Pilkada Kendal 2015, ia kembali maju dengan wakil Mochammad Hilmi, tetapi kalah dari pasangan calon Mirna Annisa-Masrur Maskur.",
            "profilePic": "https://upload.wikimedia.org/wikipedia/commons/thumb/c/c5/KPU_Widya_Kandi_Susanti.jpg/220px-KPU_Widya_Kandi_Susanti.jpg",
            "communityID": "51ddc862-7e35-4ac4-a0d9-f93c280a91ab",
            "sites": {
                "name": "Wikipedia",
                "url": "https://id.wikipedia.org/wiki/Widya_Kandi_Susanti"
            }
        },
        {
            "name": "Alamuddin Dimyati Rois",
            "title": "Calon Bupati",
            "description": "H. Alamuddin Dimyati Rois S.Sos (lahir 26 Desember 1980) adalah anggota DPR RI dari fraksi Partai Kebangkitan Bangsa periode 2009-2014 kemudian terpilih lagi 2014-2019 dan 2019-2024 mewakili daerah pemilihan Jawa Tengah I (Kota Semarang, Kabupaten Semarang, Kota Salatiga, dan Kabupaten Kendal).",
            "profilePic": "https://upload.wikimedia.org/wikipedia/commons/thumb/8/8f/DPR_Alamuddin_Dimyati_Rois.png/220px-DPR_Alamuddin_Dimyati_Rois.png",
            "communityID": "51ddc862-7e35-4ac4-a0d9-f93c280a91ab",
            "sites": {
                "name": "Wikipedia",
                "url": "https://id.wikipedia.org/wiki/Alamuddin_Dimyati_Rois"
            }
        },
        {
            "name": "Benny Karnadi",
            "title": "Calon Bupati",
            "description": null,
            "profilePic": "",
            "communityID": "51ddc862-7e35-4ac4-a0d9-f93c280a91ab",
            "sites": null
        },
        {
            "name": "Mifta Reza N.P.",
            "title": "Calon Bupati",
            "description": null,
            "profilePic": "",
            "communityID": "51ddc862-7e35-4ac4-a0d9-f93c280a91ab",
            "sites": null
        },
        {
            "name": "Murdoko",
            "title": "Calon Bupati",
            "description": "H. Murdoko, S.H. (lahir 6 Maret 1963) adalah politikus Indonesia. Ia adalah Ketua DPRD Jawa Tengah 2 periode yakni 2004\u20142009 dan 2009\u20142012. Murdoko merupakan adik kandung mantan Bupati Sumedang Don Murdono. Selain itu juga berasal dari keluarga campuran Kendal, Jawa Tengah dan Wanakerta, Situraja, Sumedang, Jawa Barat.",
            "profilePic": "",
            "communityID": "51ddc862-7e35-4ac4-a0d9-f93c280a91ab",
            "sites": {
                "name": "Wikipedia",
                "url": "https://id.wikipedia.org/wiki/Murdoko"
            }
        },
        {
            "name": "Muhammad Makmun",
            "title": "Calon Bupati",
            "description": "H. Muhammad Makmun SHI (lahir 20 Oktober 1979) Merupakan Ketua Dewan Perwakilan Rakyat Daerah Kabupaten Kendal Periode 2019-2024. Pernah Menjabat Sebagai Wakil Ketua Dewan Perwakilan Rakyat Daerah Kabupaten Kendal 2014-2019",
            "profilePic": "https://upload.wikimedia.org/wikipedia/commons/thumb/3/39/KPU_Muhammad_Makmun.jpg/220px-KPU_Muhammad_Makmun.jpg",
            "communityID": "51ddc862-7e35-4ac4-a0d9-f93c280a91ab",
            "sites": {
                "name": "Wikipedia",
                "url": "https://id.wikipedia.org/wiki/Muhammad_Makmun"
            }
        },
        {
            "name": "Akhmat Suyuti",
            "title": "Calon Bupati",
            "description": null,
            "profilePic": "",
            "communityID": "51ddc862-7e35-4ac4-a0d9-f93c280a91ab",
            "sites": null
        },
        {
            "name": "Prapto Utono",
            "title": "Calon Bupati",
            "description": null,
            "profilePic": "",
            "communityID": "51ddc862-7e35-4ac4-a0d9-f93c280a91ab",
            "sites": null
        },
        {
            "name": "Falah Yoga Pratama",
            "title": "Calon Bupati",
            "description": null,
            "profilePic": "",
            "communityID": "51ddc862-7e35-4ac4-a0d9-f93c280a91ab",
            "sites": null
        }
    ],
    "source": "https://id.wikipedia.org/wiki/Pemilihan_umum_Bupati_Kendal_2024",
    "path": "kabupaten-kendal"
}