{
    "title": "Pemilihan umum Bupati Aceh Tamiang 2024",
    "region": "Aceh Tamiang",
    "level": "KABUPATEN",
    "path": "kabupaten-aceh-tamiang",
    "source": "https://id.wikipedia.org/wiki/Pemilihan_umum_Bupati_Aceh_Tamiang_2024",
    "communityID": "a6ca9fc1-60c8-4a33-b156-d11b9401f603",
    "candidates": [
        {
            "name": "Mursil",
            "description": "H. Mursil, S.H., M.Kn. (lahir 26 Maret 1958) adalah Bupati Aceh Tamiang periode 2017\u20142022.[1]\n",
            "profilePic": "",
            "title": "Bupati Aceh Tamiang",
            "sites": {
                "name": "Wikipedia",
                "url": "https://id.wikipedia.org/wiki/Mursil"
            },
            "communityID": "a6ca9fc1-60c8-4a33-b156-d11b9401f603"
        },
        {
            "name": "Tengku Insyafuddin",
            "description": "Tengku Insyafuddin, ST. (lahir 6 Mei 1967) adalah Wakil Bupati Aceh Tamiang periode 2017\u20142022 mendampingi Mursil.[1]\n",
            "profilePic": "https://upload.wikimedia.org/wikipedia/commons/8/82/KPU_Tengku_Insyafuddin.jpg",
            "title": "Wakil Bupati Aceh Tamiang",
            "sites": {
                "name": "Wikipedia",
                "url": "https://id.wikipedia.org/wiki/Tengku_Insyafuddin"
            },
            "communityID": "a6ca9fc1-60c8-4a33-b156-d11b9401f603"
        },
        {
            "name": "M. Helmi Ahmad",
            "description": "",
            "profilePic": "",
            "title": "Mantan Panglima GAM Wilayah Teuming",
            "sites": {},
            "communityID": "a6ca9fc1-60c8-4a33-b156-d11b9401f603"
        },
        {
            "name": "Abdul Mukti",
            "description": "",
            "profilePic": "",
            "title": "Ketua DPW PNA Aceh Tamiang",
            "sites": {},
            "communityID": "a6ca9fc1-60c8-4a33-b156-d11b9401f603"
        },
        {
            "name": "Muhammad Suhil saat PNS di PEMKAB Aceh Besar",
            "description": "",
            "profilePic": "",
            "title": null,
            "sites": {},
            "communityID": "a6ca9fc1-60c8-4a33-b156-d11b9401f603"
        },
        {
            "name": "Armia Fahmi",
            "description": "Brigjen. Pol. Drs. Armia Fahmi, M.H. (lahir 12 Oktober 1966) adalah seorang Perwira Tinggi Polri yang sejak 26 September 2023 mengemban amanat sebagai Wakil Kepala Kepolisian Daerah Aceh.[1]\n",
            "profilePic": "",
            "title": "Wakapolda Aceh",
            "sites": {
                "name": "Wikipedia",
                "url": "https://id.wikipedia.org/wiki/Armia_Fahmi"
            },
            "communityID": "a6ca9fc1-60c8-4a33-b156-d11b9401f603"
        }
    ]
}