{
    "title": "Pemilihan umum Bupati Ngada 2024",
    "region": "Ngada",
    "level": "KABUPATEN",
    "candidates": [
        {
            "name": "Andreas Paru",
            "title": "Calon Bupati",
            "description": "Andreas Paru, S.H., M.H. (lahir 10 November 1959) adalah pensiunan polisi dan politikus Partai Golkar yang menjabat sebagai Bupati Ngada periode 2021\u20132024. Ia menjabat sejak 26 Februari 2021 setelah dilantik Gubernur Nusa Tenggara Timur, Viktor Laiskodat di Aula Rumah Jabatan Gubernur Nusa Tenggara Timur, Kupang.",
            "profilePic": "https://upload.wikimedia.org/wikipedia/commons/thumb/c/c6/Bupati_Ngada_Andreas_Paru.jpg/220px-Bupati_Ngada_Andreas_Paru.jpg",
            "communityID": "bf9da5f1-56c3-4adf-8ddf-871a629d898a",
            "sites": {
                "name": "Wikipedia",
                "url": "https://id.wikipedia.org/wiki/Andreas_Paru"
            }
        }
    ],
    "source": "https://id.wikipedia.org/wiki/Pemilihan_umum_Bupati_Ngada_2024",
    "path": "kabupaten-ngada"
}