{
    "title": "Pemilihan umum Bupati Sukabumi 2024",
    "region": "Sukabumi",
    "level": "KABUPATEN",
    "path": "kabupaten-sukabumi",
    "source": "https://id.wikipedia.org/wiki/Pemilihan_umum_Bupati_Sukabumi_2024",
    "communityID": "d7d27b1a-4a71-428e-b950-f493aad9397d",
    "candidates": [
        {
            "name": "Iyos Somantri",
            "description": "Iyos Somantri (lahir 19 Januari 1963) adalah seorang politikus Indonesia kelahiran Tasikmalaya. Ia menempuh pendidikan di SDN Parungponteng 2 Tasikmalaya dari 1968 sampai 1974, SMPN Cibanon Tasikmalaya dari 1974 sampai 1977, SMAN 2 Tasikmalaya dari 1977 sampai 1981, kuliah S1 di Universitas Pasundan dari 1981 sampai 1986 dan kuliah S2 di Universitas Padjajaran dari 2006 sampai 2008. Ia menjabat sebagai Wakil Bupati Sukabumi dari 2021 sampai 2025. Ia menikahi Rustika dan memiliki 3 anak.[1]\n",
            "profilePic": "https://upload.wikimedia.org/wikipedia/id/0/0c/Wabup_sukabumi_Iyos_Somantri.jpg",
            "title": "Wakil Bupati Kabupaten Sukabumi 2021-2025",
            "sites": {
                "name": "Wikipedia",
                "url": "https://id.wikipedia.org/wiki/Iyos_Somantri"
            },
            "communityID": "d7d27b1a-4a71-428e-b950-f493aad9397d"
        },
        {
            "name": "Asep Jafar",
            "description": "",
            "profilePic": "",
            "title": "Mantan Kepala dinas PU Kabupaten Sukabumi",
            "sites": {},
            "communityID": "d7d27b1a-4a71-428e-b950-f493aad9397d"
        },
        {
            "name": "Budi Azhar Mutawali",
            "description": "",
            "profilePic": "",
            "title": "Wakil ketua I DPRD Kabupaten Sukabumi",
            "sites": {},
            "communityID": "d7d27b1a-4a71-428e-b950-f493aad9397d"
        },
        {
            "name": "Dedi Damhudi",
            "description": "",
            "profilePic": "",
            "title": "Ketua DPC PPP Kabupaten Sukabumi",
            "sites": {},
            "communityID": "d7d27b1a-4a71-428e-b950-f493aad9397d"
        }
    ]
}