{
    "title": "Pemilihan umum Bupati Boalemo 2024",
    "region": "Boalemo",
    "level": "KABUPATEN",
    "candidates": [
        {
            "name": "Anas Jusuf",
            "title": "Calon Bupati",
            "description": "Ir. H. Anas Jusuf, M.Si. (lahir 27 Mei 1966) adalah birokrat dan politikus Indonesia yang saat ini menjabat sebagai Bupati Boalemo definitif sisa masa jabatan 2017\u20132022 sejak 30 Desember 2021. Sebelumnya ia menjabat sebagai wakil bupati Boalemo 2017\u20132022 dan kemudian menjabat sebagai pelaksana tugas bupati sejak 7 September 2020 menggantikan Darwis Moridu yang diberhentikan karena tersandung kasus hukum.",
            "profilePic": "https://upload.wikimedia.org/wikipedia/commons/thumb/a/ad/KPU_Anas_Jusuf.jpg/200px-KPU_Anas_Jusuf.jpg",
            "communityID": "391c2e1d-6fbf-45b3-ba2a-1150562b0b47",
            "sites": {
                "name": "Wikipedia",
                "url": "https://id.wikipedia.org/wiki/Anas_Jusuf"
            }
        },
        {
            "name": "Jeffry Rumampuk",
            "title": "Calon Bupati",
            "description": null,
            "profilePic": "",
            "communityID": "391c2e1d-6fbf-45b3-ba2a-1150562b0b47",
            "sites": null
        },
        {
            "name": "Lahmuddin Hambali",
            "title": "Calon Bupati",
            "description": "Lahmuddin Hambali (lahir 27 Desember 1977) adalah seorang politikus Indonesia. Ia menjabat sebagai Wakil Bupati Boalemo dari 1 Februari 2012 sampai 28 Oktober 2016 mendampingi Rum Pagau selaku Bupati Boalemo.",
            "profilePic": "https://upload.wikimedia.org/wikipedia/commons/thumb/c/cb/KPU_Lahmuddin_Hambali.jpg/220px-KPU_Lahmuddin_Hambali.jpg",
            "communityID": "391c2e1d-6fbf-45b3-ba2a-1150562b0b47",
            "sites": {
                "name": "Wikipedia",
                "url": "https://id.wikipedia.org/wiki/Lahmuddin_Hambali"
            }
        },
        {
            "name": "Rum Pagau",
            "title": "Calon Bupati",
            "description": "Drs. H. Rum Pagau (lahir 13 Februari 1961) adalah Bupati Boalemo periode 2012\u20142017. Sebelumnya ia menjabat sebagai Wakil Ketua DPRD Kabupaten Boalemo periode 2009\u20142012.",
            "profilePic": "https://upload.wikimedia.org/wikipedia/commons/thumb/f/f1/Rum_Pagau%2C_Bupati_Boalemo_%282012%29.jpg/200px-Rum_Pagau%2C_Bupati_Boalemo_%282012%29.jpg",
            "communityID": "391c2e1d-6fbf-45b3-ba2a-1150562b0b47",
            "sites": {
                "name": "Wikipedia",
                "url": "https://id.wikipedia.org/wiki/Rum_Pagau"
            }
        },
        {
            "name": "Kisman Abubakar",
            "title": "Calon Bupati",
            "description": null,
            "profilePic": "",
            "communityID": "391c2e1d-6fbf-45b3-ba2a-1150562b0b47",
            "sites": null
        },
        {
            "name": "Karyawan Eka Putra Noho",
            "title": "Calon Bupati",
            "description": null,
            "profilePic": "",
            "communityID": "391c2e1d-6fbf-45b3-ba2a-1150562b0b47",
            "sites": null
        },
        {
            "name": "Ridwan Abdul Ghany",
            "title": "Calon Bupati",
            "description": "",
            "profilePic": "",
            "communityID": "391c2e1d-6fbf-45b3-ba2a-1150562b0b47",
            "sites": {
                "name": "Wikipedia",
                "url": "https://id.wikipedia.org/wiki/Ridwan_Ghany"
            }
        }
    ],
    "source": "https://id.wikipedia.org/wiki/Pemilihan_umum_Bupati_Boalemo_2024",
    "path": "kabupaten-boalemo"
}