{
    "title": "Pemilihan umum Bupati Bolaang Mongondow 2024",
    "region": "Bolaang Mongondow",
    "level": "KABUPATEN",
    "path": "kabupaten-bolaang-mongondow",
    "source": "https://id.wikipedia.org/wiki/Pemilihan_umum_Bupati_Bolaang_Mongondow_2024",
    "communityID": "76bcfe41-aac8-4fd2-89a9-7b2aaf949ac5",
    "candidates": [
        {
            "name": "Yanny Ronny Tuuk",
            "description": "",
            "profilePic": "",
            "title": "Wakil Bupati Bolaang Mongondow periode 2011\u20132016 dan 2017\u20132022",
            "sites": {},
            "communityID": "76bcfe41-aac8-4fd2-89a9-7b2aaf949ac5"
        },
        {
            "name": "Refky Karauwan",
            "description": "",
            "profilePic": "",
            "title": "Pensiunan TNI AD",
            "sites": {},
            "communityID": "76bcfe41-aac8-4fd2-89a9-7b2aaf949ac5"
        },
        {
            "name": "Limi Mokodompit",
            "description": "Ir. Limi Mokodompit, MM. (lahir 2 Februari 1966) adalah salah satu pejabat Eselon II di lingkungan Pemerintah Provinsi Sulawesi Utara yang saat ini sedang menduduki jabatan sebagai Kepala Dinas Lingkungan Hidup Provinsi Sulawesi Utara[1] Ia ditunjuk sebagai Penjabat Bupati Bolaang Mongondow pada Mei 2022.[2]\n",
            "profilePic": "",
            "title": "Penjabat Bupati Bolaang Mongondow 2023\u20132024",
            "sites": {
                "name": "Wikipedia",
                "url": "https://id.wikipedia.org/wiki/Limi_Mokodompit"
            },
            "communityID": "76bcfe41-aac8-4fd2-89a9-7b2aaf949ac5"
        },
        {
            "name": "Mohammad Wongso",
            "description": "",
            "profilePic": "",
            "title": "Anggota DPRD Sulut 2019-2023",
            "sites": {},
            "communityID": "76bcfe41-aac8-4fd2-89a9-7b2aaf949ac5"
        },
        {
            "name": "Yusra Alhabsyi",
            "description": "Yusra Alhabsyi, Sarjana Ekonomi (lahir 14 Maret 1979) adalah seorang politikus Indonesia yang sekarang menjabat sebagai anggota Dewan Perwakilan Rakyat Daerah Sulawesi Utara dari Partai Kebangkitan Bangsa.[2][3] Selain itu, Yusra juga menjabat sebagai Ketua Gerakan Pemuda Ansor Sulawesi Utara sejak 2015.[4]\n",
            "profilePic": "https://upload.wikimedia.org/wikipedia/commons/a/a1/KPU_Yusra_Alhabsyi.png",
            "title": "Anggota DPRD Sulut 2019-2024",
            "sites": {
                "name": "Wikipedia",
                "url": "https://id.wikipedia.org/wiki/Yusra_Alhabsyi"
            },
            "communityID": "76bcfe41-aac8-4fd2-89a9-7b2aaf949ac5"
        },
        {
            "name": "Tahlis Gallang",
            "description": "Tahlis Gallang, S.I.P., M.M. adalah seorang birokrat lulusan Institut Pemerintahan Dalam Negeri (IPDN) tahun 1997 atau IPDN angkatan ke-V, yang saat ini menjabat sebagai Kepala Dinas Koperasi, Usaha Kecil dan Menengah Daerah Provinsi Sulawesi Utara.[1]\n",
            "profilePic": "",
            "title": "Kepala Dinas Koperasi dan UKM Daerah Provinsi Sulawesi Utara",
            "sites": {
                "name": "Wikipedia",
                "url": "https://id.wikipedia.org/wiki/Tahlis_Gallang"
            },
            "communityID": "76bcfe41-aac8-4fd2-89a9-7b2aaf949ac5"
        }
    ]
}