{
    "title": "Pemilihan umum Bupati Sanggau 2024",
    "region": "Sanggau",
    "level": "KABUPATEN",
    "candidates": [
        {
            "name": "Yohanes Ontot",
            "title": "Calon Bupati",
            "description": "Drs.Yohanes Ontot M.si (lahir 11 Januari 1961) adalah seorang birokrat Indonesia. Ia memperoleh pendidikan APDN Pontianak pada tahun 1986 dan IIP Departemen Dalam Negeri Jakarta pada tahun 1991, serta memperoleh S2 dari Fakultas Ilmu Sosial & Politik Universitas Tanjung Pura Pontianak pada tahun 2011. Ia pernah menjabat sebagai Ketua DPD AMPI Kabupaten Sanggau pada tahun 1993, Ketua Forum Camat Perbatasan pada tahun 2006-2008, dan Sekjen Dewan Adat Dayak (DAD) Kabupaten Sanggau pada tahun 2009.",
            "profilePic": "https://upload.wikimedia.org/wikipedia/commons/thumb/f/fa/Yohanes_Ontot.jpg/220px-Yohanes_Ontot.jpg",
            "communityID": "cd7366bb-a110-4dd2-a25d-5502ad845d24",
            "sites": {
                "name": "Wikipedia",
                "url": "https://id.wikipedia.org/wiki/Yohanes_Ontot"
            }
        },
        {
            "name": "Yansen Akun Effendy",
            "title": "Calon Bupati",
            "description": null,
            "profilePic": "",
            "communityID": "cd7366bb-a110-4dd2-a25d-5502ad845d24",
            "sites": null
        },
        {
            "name": "Arita Apolina",
            "title": "Calon Bupati",
            "description": null,
            "profilePic": "",
            "communityID": "cd7366bb-a110-4dd2-a25d-5502ad845d24",
            "sites": null
        },
        {
            "name": "Moses Hermanus Munsin",
            "title": "Calon Bupati",
            "description": "Drs. Moses Hermanus Munsin, M.H. (lahir 24 April 1958) adalah birokrat Indonesia yang pernah menjabat sebagai penjabat Bupati Sanggau pada 2008\u20132009 dan penjabat bupati Sekadau pada 2015\u20132016.",
            "profilePic": "",
            "communityID": "cd7366bb-a110-4dd2-a25d-5502ad845d24",
            "sites": {
                "name": "Wikipedia",
                "url": "https://id.wikipedia.org/wiki/Moses_Hermanus_Munsin"
            }
        },
        {
            "name": "Krisantus Kurniawan",
            "title": "Calon Bupati",
            "description": "Krisantus Kurniawan, S.IP., M.Si. (lahir 3 Juni 1969) adalah seorang politikus Indonesia. Saat ini ia menjabat sebagai Anggota DPR-RI sejak 2019 mewakili daerah pemilihan Kalimantan Barat II. Sebelumnya ia merupakan Anggota DPRD Provinsi Kalimantan Barat dan DPRD Kabupaten Sanggau. Krisantus merupakan kader Partai Demokrasi Indonesia Perjuangan dan duduk di Komisi I.",
            "profilePic": "https://upload.wikimedia.org/wikipedia/commons/thumb/1/1b/Anggota_DPR_Krisantus_Kurniawan.jpg/220px-Anggota_DPR_Krisantus_Kurniawan.jpg",
            "communityID": "cd7366bb-a110-4dd2-a25d-5502ad845d24",
            "sites": {
                "name": "Wikipedia",
                "url": "https://id.wikipedia.org/wiki/Krisantus_Kurniawan"
            }
        },
        {
            "name": "Martinus Sudarno",
            "title": "Calon Bupati",
            "description": "",
            "profilePic": "https://upload.wikimedia.org/wikipedia/commons/thumb/6/6c/Wiki_letter_w.svg/40px-Wiki_letter_w.svg.png",
            "communityID": "cd7366bb-a110-4dd2-a25d-5502ad845d24",
            "sites": {
                "name": "Wikipedia",
                "url": "https://id.wikipedia.org/wiki/Martinus_Sudarno"
            }
        },
        {
            "name": "Linda Ango",
            "title": "Calon Bupati",
            "description": null,
            "profilePic": "",
            "communityID": "cd7366bb-a110-4dd2-a25d-5502ad845d24",
            "sites": null
        },
        {
            "name": "Fransiskus Ason",
            "title": "Calon Bupati",
            "description": null,
            "profilePic": "",
            "communityID": "cd7366bb-a110-4dd2-a25d-5502ad845d24",
            "sites": null
        },
        {
            "name": "Usman.",
            "title": "Calon Bupati",
            "description": null,
            "profilePic": "",
            "communityID": "cd7366bb-a110-4dd2-a25d-5502ad845d24",
            "sites": null
        },
        {
            "name": "Marten Luter",
            "title": "Calon Bupati",
            "description": null,
            "profilePic": "",
            "communityID": "cd7366bb-a110-4dd2-a25d-5502ad845d24",
            "sites": null
        },
        {
            "name": "Jumadi",
            "title": "Calon Bupati",
            "description": null,
            "profilePic": "",
            "communityID": "cd7366bb-a110-4dd2-a25d-5502ad845d24",
            "sites": null
        },
        {
            "name": "Timotius Yance",
            "title": "Calon Bupati",
            "description": null,
            "profilePic": "",
            "communityID": "cd7366bb-a110-4dd2-a25d-5502ad845d24",
            "sites": null
        },
        {
            "name": "Robby Sugianto",
            "title": "Calon Bupati",
            "description": null,
            "profilePic": "",
            "communityID": "cd7366bb-a110-4dd2-a25d-5502ad845d24",
            "sites": null
        },
        {
            "name": "Acam",
            "title": "Calon Bupati",
            "description": null,
            "profilePic": "",
            "communityID": "cd7366bb-a110-4dd2-a25d-5502ad845d24",
            "sites": null
        },
        {
            "name": "Rakhmad Mulyadi",
            "title": "Calon Bupati",
            "description": null,
            "profilePic": "",
            "communityID": "cd7366bb-a110-4dd2-a25d-5502ad845d24",
            "sites": null
        }
    ],
    "source": "https://id.wikipedia.org/wiki/Pemilihan_umum_Bupati_Sanggau_2024",
    "path": "kabupaten-sanggau"
}