{
    "title": "Pemilihan umum Bupati Pakpak Bharat 2024",
    "region": "Pakpak Bharat",
    "level": "KABUPATEN",
    "candidates": [
        {
            "name": "Franc Bernhard Tumanggor",
            "title": "Calon Bupati",
            "description": "Franc Bernhard Tumanggor (lahir 6 Januari 1985) adalah Bupati Pakpak Bharat periode 2021-2024. Ia menjabat  sejak 26 Februari 2021 setelah dilantik Gubernur Sumatera Utara, Edy Rahmayadi di Aula Tengku Rizal Nurdin Rumah Dinas Gubernur Sumatera Utara, Medan. Ia juga merupakan politisi Partai Golkar dan dipercaya sebagai Wakil Ketua  Bidang Pemenangan Pemilu Wilayah XI (Kabupaten Karo, Kabupaten Dairi, Kabupaten Pakpak Bharat) DPD Partai Golkar Sumatera Utara periode 2020-2025.",
            "profilePic": "https://upload.wikimedia.org/wikipedia/commons/thumb/6/6f/Franc_Bernhard_Tumanggor.jpg/220px-Franc_Bernhard_Tumanggor.jpg",
            "communityID": "b64654c4-5c80-435c-a78f-5f9eebf766e5",
            "sites": {
                "name": "Wikipedia",
                "url": "https://id.wikipedia.org/wiki/Franc_Bernhard_Tumanggor"
            }
        },
        {
            "name": "Mutsyuhito Solin",
            "title": "Calon Bupati",
            "description": "2. Nida Wafiqah M. Solin, M.Si \n3. Thareq Muhammad M. Solin, ST",
            "profilePic": "https://upload.wikimedia.org/wikipedia/commons/thumb/c/ce/Mutsyuhito_Solin.jpg/270px-Mutsyuhito_Solin.jpg",
            "communityID": "b64654c4-5c80-435c-a78f-5f9eebf766e5",
            "sites": {
                "name": "Wikipedia",
                "url": "https://id.wikipedia.org/wiki/Mutsyuhito_Solin"
            }
        },
        {
            "name": "Sonni P. Berutu",
            "title": "Calon Bupati",
            "description": null,
            "profilePic": "",
            "communityID": "b64654c4-5c80-435c-a78f-5f9eebf766e5",
            "sites": null
        }
    ],
    "source": "https://id.wikipedia.org/wiki/Pemilihan_umum_Bupati_Pakpak_Bharat_2024",
    "path": "kabupaten-pakpak-bharat"
}