{
    "title": "Pemilihan umum Bupati Pesisir Barat 2024",
    "region": "Pesisir Barat",
    "level": "KABUPATEN",
    "path": "kabupaten-pesisir-barat",
    "source": "https://id.wikipedia.org/wiki/Pemilihan_umum_Bupati_Pesisir_Barat_2024",
    "communityID": "eba663fd-f9a0-47d1-b87b-6c16f2618736",
    "candidates": [
        {
            "name": "Rahman Kholid",
            "description": "",
            "profilePic": "",
            "title": "Ketua DPD II Partai Golongan Karya (Golkar) Kabupaten Pesisir Barat",
            "sites": {},
            "communityID": "eba663fd-f9a0-47d1-b87b-6c16f2618736"
        },
        {
            "name": "Kherlani",
            "description": "Kherlani (lahir 4 Mei 1962) adalah Pjs Bupati Kabupaten Pesisir Barat yang pertama yang kemudian digantikan oleh Qodratul Ikhwan. Ia juga pernah menjabat sebagai Wakil Wali kota Bandar Lampung periode 2005 - 2010.[1] Kini ia menjabat Pjs. Bupati Lampung Selatan [2] menggantikan Rycko Menoza yang maju dalam Pilkada Serentak 2015.\n",
            "profilePic": "https://upload.wikimedia.org/wikipedia/id/6/6d/Foto_Resmi_Kherlani_sebagai_Pjs._Bupati_Lampung_Selatan.jpg",
            "title": "Penjabat Bupati Pesisir Barat tahun 2013\u20132018",
            "sites": {
                "name": "Wikipedia",
                "url": "https://id.wikipedia.org/wiki/Kherlani"
            },
            "communityID": "eba663fd-f9a0-47d1-b87b-6c16f2618736"
        }
    ]
}