{
    "title": "Pemilihan umum Bupati Pulang Pisau 2024",
    "region": "Pulang Pisau",
    "level": "KABUPATEN",
    "path": "kabupaten-pulang-pisau",
    "source": "https://id.wikipedia.org/wiki/Pemilihan_umum_Bupati_Pulang_Pisau_2024",
    "communityID": "5b5a888e-0584-4a84-8698-2a70cf600ba1",
    "candidates": [
        {
            "name": "Pudjirustaty Narang",
            "description": "Pudjirustaty Narang (lahir 22 Oktober 1953) adalah bupati Pulang Pisau petahana yang mulai menjabat secara definitif sejak 16 Juli 2021 setelah sebelumnya menjabat Pelaksana Tugas Bupati Pulang Pisau sejak 25 Mei 2021. Ia pernah menjabat sebagai Wakil Bupati Pulang Pisau 2 periode yakni 2013\u20132018 dan 2018\u20132021.[1]\n",
            "profilePic": "",
            "title": "Bupati Pulang Pisau sisa masa jabatan 2018-2023 tahun 2021-2023",
            "sites": {
                "name": "Wikipedia",
                "url": "https://id.wikipedia.org/wiki/Pudjirustaty_Narang"
            },
            "communityID": "5b5a888e-0584-4a84-8698-2a70cf600ba1"
        }
    ]
}