{
    "title": "Pemilihan umum Bupati Sumba Tengah 2024",
    "region": "Sumba Tengah",
    "level": "KABUPATEN",
    "candidates": [
        {
            "name": "Paulus Sekayu Karugu Limu",
            "title": "Calon Bupati",
            "description": null,
            "profilePic": "",
            "communityID": "d08e9dc0-7ea8-4514-8c2b-f759b7e2dd91",
            "sites": null
        }
    ],
    "source": "https://id.wikipedia.org/wiki/Pemilihan_umum_Bupati_Sumba_Tengah_2024",
    "path": "kabupaten-sumba-tengah"
}