{
    "title": "Pemilihan umum Bupati Langkat 2024",
    "region": "Langkat",
    "level": "KABUPATEN",
    "candidates": [
        {
            "name": "Syah Afandin",
            "title": "Calon Bupati",
            "description": "H. Syah Afandin, S.H. atau yang juga akrab disapa Ondim (lahir 23 Juni 1966) adalah Pelaksana Tugas Bupati Langkat sejak 20 Januari 2022. Ondim juga merupakan politikus PAN dan sebelumnya menjabat sebagai anggota Dewan Perwakilan Rakyat Daerah Provinsi Sumatera Utara periode 2014\u20132018 dan Wakil Bupati Langkat periode 2019\u20132022.",
            "profilePic": "https://upload.wikimedia.org/wikipedia/commons/thumb/3/32/Syah_Afandin_2019.jpg/220px-Syah_Afandin_2019.jpg",
            "communityID": "35b308a3-42eb-475e-bff3-fc26045be289",
            "sites": {
                "name": "Wikipedia",
                "url": "https://id.wikipedia.org/wiki/Syah_Afandin"
            }
        },
        {
            "name": "Rudi Hartono Bangun",
            "title": "Calon Bupati",
            "description": "H. Rudi Hartono Bangun, S.E., M.A.P. (lahir 17 Mei 1977) adalah politikus Indonesia. Ia adalah Anggota DPRD Sumatera Utara periode 2014\u20142015. Ia pernah menjabat sebagai Anggota DPR RI Fraksi Demokrat periode 2014\u20142018.",
            "profilePic": "https://upload.wikimedia.org/wikipedia/commons/thumb/3/37/Anggota_DPR_Rudi_Hartono_Bangun.jpg/220px-Anggota_DPR_Rudi_Hartono_Bangun.jpg",
            "communityID": "35b308a3-42eb-475e-bff3-fc26045be289",
            "sites": {
                "name": "Wikipedia",
                "url": "https://id.wikipedia.org/wiki/Rudi_Hartono_Bangun"
            }
        },
        {
            "name": "Sribana Peranginangin",
            "title": "Calon Bupati",
            "description": null,
            "profilePic": "",
            "communityID": "35b308a3-42eb-475e-bff3-fc26045be289",
            "sites": null
        },
        {
            "name": "Edi Bahagia SIP",
            "title": "Calon Bupati",
            "description": null,
            "profilePic": "",
            "communityID": "35b308a3-42eb-475e-bff3-fc26045be289",
            "sites": null
        },
        {
            "name": "Ralin Sinulingga",
            "title": "Calon Bupati",
            "description": null,
            "profilePic": "",
            "communityID": "35b308a3-42eb-475e-bff3-fc26045be289",
            "sites": null
        },
        {
            "name": "Tiorita Br Surbakti SH",
            "title": "Calon Bupati",
            "description": null,
            "profilePic": "",
            "communityID": "35b308a3-42eb-475e-bff3-fc26045be289",
            "sites": null
        },
        {
            "name": "Rizky Yunanda Sitepu",
            "title": "Calon Bupati",
            "description": "H. Rizky Yunanda Sitepu, S.TP., M.P. (lahir 1 Januari 1992) adalah Wakil Wali Kota Binjai periode 2021\u20142024. Sebelum menjabat sebagai Wakil Wali Kota Binjai, ia  juga sempat menjabat sebagai Anggota DPRD Sumut dari Partai Golkar yang terpilih dalam Pemilihan Legislatif Tahun 2019. Ia juga merupakan putra Ngogesa Sitepu, Bupati Langkat periode 2009-2019.",
            "profilePic": "https://upload.wikimedia.org/wikipedia/commons/thumb/8/83/Wakil_Walikota_Binjai_Rizky_Yunanda_Sitepu.jpg/150px-Wakil_Walikota_Binjai_Rizky_Yunanda_Sitepu.jpg",
            "communityID": "35b308a3-42eb-475e-bff3-fc26045be289",
            "sites": {
                "name": "Wikipedia",
                "url": "https://id.wikipedia.org/wiki/Rizky_Yunanda_Sitepu"
            }
        },
        {
            "name": "Wendi Isman Sitepu",
            "title": "Calon Bupati",
            "description": null,
            "profilePic": "",
            "communityID": "35b308a3-42eb-475e-bff3-fc26045be289",
            "sites": null
        },
        {
            "name": "M Mas'ud SH MH",
            "title": "Calon Bupati",
            "description": null,
            "profilePic": "",
            "communityID": "35b308a3-42eb-475e-bff3-fc26045be289",
            "sites": null
        },
        {
            "name": "Ricky Anthoni",
            "title": "Calon Bupati",
            "description": null,
            "profilePic": "",
            "communityID": "35b308a3-42eb-475e-bff3-fc26045be289",
            "sites": null
        },
        {
            "name": "Delia Pratiwi Sitepu",
            "title": "Calon Bupati",
            "description": "Delia Pratiwi Sitepu (lahir 30 Maret 1988) adalah seorang pengusaha dan politisi Indonesia. Ia menjabat sebagai anggota Dewan Perwakilan Rakyat Republik Indonesia (DPR-RI) melalui Partai Golkar dari Daerah Pemilihan Sumatera Utara III.",
            "profilePic": "https://upload.wikimedia.org/wikipedia/commons/thumb/c/cc/DELIA_PRATIWI_BR._SITEPU.jpg/220px-DELIA_PRATIWI_BR._SITEPU.jpg",
            "communityID": "35b308a3-42eb-475e-bff3-fc26045be289",
            "sites": {
                "name": "Wikipedia",
                "url": "https://id.wikipedia.org/wiki/Delia_Pratiwi_Sitepu"
            }
        },
        {
            "name": "Djohar Arifin Husein",
            "title": "Calon Bupati",
            "description": "Prof. Dr. Ir. Djohar Arifin Husin (lahir 13 September 1950) adalah seorang akademisi, politikus dan administrator sepak bola Indonesia. Ia merupakan Ketua Umum Persatuan Sepak Bola Seluruh Indonesia (PSSI) yang terpilih sejak 9 Juli 2011 untuk periode 2011\u20142015 menggantikan Nurdin Halid.",
            "profilePic": "https://upload.wikimedia.org/wikipedia/commons/thumb/5/59/DPR_Djohar_Arifin_Husin.jpg/200px-DPR_Djohar_Arifin_Husin.jpg",
            "communityID": "35b308a3-42eb-475e-bff3-fc26045be289",
            "sites": {
                "name": "Wikipedia",
                "url": "https://id.wikipedia.org/wiki/Djohar_Arifin_Husein"
            }
        },
        {
            "name": "Zulfikar SH MKn",
            "title": "Calon Bupati",
            "description": null,
            "profilePic": "",
            "communityID": "35b308a3-42eb-475e-bff3-fc26045be289",
            "sites": null
        },
        {
            "name": "Muhammad Wahyu Hidayah, SH",
            "title": "Calon Bupati",
            "description": null,
            "profilePic": "",
            "communityID": "35b308a3-42eb-475e-bff3-fc26045be289",
            "sites": null
        },
        {
            "name": "ARISWAN",
            "title": "Calon Bupati",
            "description": null,
            "profilePic": "",
            "communityID": "35b308a3-42eb-475e-bff3-fc26045be289",
            "sites": null
        }
    ],
    "source": "https://id.wikipedia.org/wiki/Pemilihan_umum_Bupati_Langkat_2024",
    "path": "kabupaten-langkat"
}