{
    "title": "Pemilihan umum Bupati Sarmi 2024",
    "region": "Sarmi",
    "level": "KABUPATEN",
    "candidates": [
        {
            "name": "Mesak Manibor",
            "title": "Calon Bupati",
            "description": "Drs. Mesak Manibor, MMT (lahir 26 September 1963) adalah politisi asal Papua. Dia pernah menjabat sebagai Bupati Sarmi periode 2011\u20132016.",
            "profilePic": "https://upload.wikimedia.org/wikipedia/commons/thumb/e/e5/Mesak_Manibor_12.jpg/220px-Mesak_Manibor_12.jpg",
            "communityID": "42965873-1814-4086-a2ef-118d1cc92a4e",
            "sites": {
                "name": "Wikipedia",
                "url": "https://id.wikipedia.org/wiki/Mesak_Manibor"
            }
        }
    ],
    "source": "https://id.wikipedia.org/wiki/Pemilihan_umum_Bupati_Sarmi_2024",
    "path": "kabupaten-sarmi"
}