{
    "title": "Pemilihan umum Bupati Lombok Utara 2024",
    "region": "Lombok Utara",
    "level": "KABUPATEN",
    "candidates": [
        {
            "name": "Najmul Akhyar",
            "title": "Calon Bupati",
            "description": "Najmul Akhyar (lahir 14 Juni 1972) adalah seorang Bupati Lombok Utara periode 2015 - 2020. Dia menggantikan Djohan Sjamsu pada tahun 2015.",
            "profilePic": "https://upload.wikimedia.org/wikipedia/commons/thumb/a/a1/2017-fr.wp-orange-source.svg/40px-2017-fr.wp-orange-source.svg.png",
            "communityID": "bfda41de-bcf3-4019-9e1a-fedd424d19e4",
            "sites": {
                "name": "Wikipedia",
                "url": "https://id.wikipedia.org/wiki/Najmul_Akhyar"
            }
        },
        {
            "name": "Danny Karter Febrianto",
            "title": "Calon Bupati",
            "description": "Danny Karter Febrianto Ridawan, S.T., M.Eng. (lahir 16 Februari 1985) adalah Wakil Bupati Lombok Utara periode 2021\u20132024. Ia menjabat sejak 26 Februari 2021 setelah dilantik Gubernur Nusa Tenggara Barat, Zulkieflimansyah di Gedung Graha Bhakti Praja Kompleks Kantor Gubernur Nusa Tenggara Barat, Mataram.",
            "profilePic": "https://upload.wikimedia.org/wikipedia/commons/thumb/8/82/Seal_of_Lombok_Utara_Regency.svg/50px-Seal_of_Lombok_Utara_Regency.svg.png",
            "communityID": "bfda41de-bcf3-4019-9e1a-fedd424d19e4",
            "sites": {
                "name": "Wikipedia",
                "url": "https://id.wikipedia.org/wiki/Danny_Karter_Febrianto"
            }
        },
        {
            "name": "Raden Nuna Abriadi",
            "title": "Calon Bupati",
            "description": null,
            "profilePic": "",
            "communityID": "bfda41de-bcf3-4019-9e1a-fedd424d19e4",
            "sites": null
        },
        {
            "name": "Mukhsin Muhtar Efendi",
            "title": "Calon Bupati",
            "description": null,
            "profilePic": "",
            "communityID": "bfda41de-bcf3-4019-9e1a-fedd424d19e4",
            "sites": null
        }
    ],
    "source": "https://id.wikipedia.org/wiki/Pemilihan_umum_Bupati_Lombok_Utara_2024",
    "path": "kabupaten-lombok-utara"
}