{
    "title": "Pemilihan umum Bupati Kotabaru 2024",
    "region": "Kotabaru",
    "level": "KABUPATEN",
    "candidates": [
        {
            "name": "Andi Rudi Latif",
            "title": "Calon Bupati",
            "description": null,
            "profilePic": "",
            "communityID": "77ec3577-ac66-43e4-b07c-ec0519ab7dcc",
            "sites": null
        },
        {
            "name": "M. Iqbal Yudiannoor",
            "title": "Calon Bupati",
            "description": null,
            "profilePic": "",
            "communityID": "77ec3577-ac66-43e4-b07c-ec0519ab7dcc",
            "sites": null
        },
        {
            "name": "Syairi Mukhlis",
            "title": "Calon Bupati",
            "description": null,
            "profilePic": "",
            "communityID": "77ec3577-ac66-43e4-b07c-ec0519ab7dcc",
            "sites": null
        },
        {
            "name": "Rustam Effendi",
            "title": "Calon Bupati",
            "description": "H. Rustam Effendi, B.Sc. (lahir 31 Desember 1956) adalah politikus berkebangsaan Indonesia. Dia pernah menjabat sebagai Gubernur Kepulauan Bangka Belitung dari 2013 hingga 2017.",
            "profilePic": "https://upload.wikimedia.org/wikipedia/id/thumb/0/0c/Gubernur-Babel-Rustam-Effendi.jpg/220px-Gubernur-Babel-Rustam-Effendi.jpg",
            "communityID": "77ec3577-ac66-43e4-b07c-ec0519ab7dcc",
            "sites": {
                "name": "Wikipedia",
                "url": "https://id.wikipedia.org/wiki/Rustam_Effendi"
            }
        },
        {
            "name": "Sudian Noor",
            "title": "Calon Bupati",
            "description": "H. Sudian Noor (lahir 25 Februari 1973) adalah Bupati Tanah Bumbu periode 2018\u20142021. Ia pernah menjabat sebagai Wakil Bupati Tanah Bumbu periode 2016\u20142018.",
            "profilePic": "https://upload.wikimedia.org/wikipedia/commons/thumb/0/00/KPU_Sudian_Noor.jpg/220px-KPU_Sudian_Noor.jpg",
            "communityID": "77ec3577-ac66-43e4-b07c-ec0519ab7dcc",
            "sites": {
                "name": "Wikipedia",
                "url": "https://id.wikipedia.org/wiki/Sudian_Noor"
            }
        }
    ],
    "source": "https://id.wikipedia.org/wiki/Pemilihan_umum_Bupati_Kotabaru_2024",
    "path": "kabupaten-kotabaru"
}