{
    "title": "Pemilihan umum Bupati Gianyar 2024",
    "region": "Gianyar",
    "level": "KABUPATEN",
    "candidates": [
        {
            "name": "I Made Agus Mahayastra",
            "title": "Calon Bupati",
            "description": "I Made Mahayastra, SST.Par., M.A.P. (lahir 2 Juni 1971), adalah Bupati Gianyar terpilih periode 2018-2023. Sebelumnya, Mahayastra menjabat wakil bupati Gianyar periode 2014-2018.",
            "profilePic": "",
            "communityID": "28977124-5be3-4b13-8d43-ceefec0e0cbd",
            "sites": {
                "name": "Wikipedia",
                "url": "https://id.wikipedia.org/wiki/I_Made_Agus_Mahayastra"
            }
        },
        {
            "name": "I Kadek Diana",
            "title": "Calon Bupati",
            "description": null,
            "profilePic": "",
            "communityID": "28977124-5be3-4b13-8d43-ceefec0e0cbd",
            "sites": null
        },
        {
            "name": "Tjok Gde Asmara Putra Sukawati",
            "title": "Calon Bupati",
            "description": null,
            "profilePic": "",
            "communityID": "28977124-5be3-4b13-8d43-ceefec0e0cbd",
            "sites": null
        },
        {
            "name": "I Nyoman Parta",
            "title": "Calon Bupati",
            "description": "I Nyoman Parta (lahir 9 Juni 1971) adalah seorang politikus Indonesia yang menjabat sebagai Anggota DPR-RI sejak 1 Oktober 2019. Ia mewakili daerah pemilihan Bali. Parta merupakan kader Partai Demokrasi Indonesia Perjuangan. Saat ini, ia duduk di Komisi VI.",
            "profilePic": "https://upload.wikimedia.org/wikipedia/commons/thumb/e/e8/Anggota_DPR_I_Nyoman_Parta.jpg/220px-Anggota_DPR_I_Nyoman_Parta.jpg",
            "communityID": "28977124-5be3-4b13-8d43-ceefec0e0cbd",
            "sites": {
                "name": "Wikipedia",
                "url": "https://id.wikipedia.org/wiki/I_Nyoman_Parta"
            }
        },
        {
            "name": "Brigjen. Pol. (Purn.) Drs. Gde Sugianyar Dwi Putra",
            "title": "Calon Bupati",
            "description": "Brigjen. Pol. (Purn.) Drs. Gde Sugianyar Dwi Putra, S.H., M.Si. (lahir 14 September 1964) adalah seorang Purnawirawan Polri yang sebelumnya menjabat sebagai Kepala BNNP Bali.",
            "profilePic": "https://upload.wikimedia.org/wikipedia/commons/thumb/b/bf/Kepala_Badan_Narkotika_Nasional_Bali_Gde_Sugianyar_Dwi_Putra.jpg/220px-Kepala_Badan_Narkotika_Nasional_Bali_Gde_Sugianyar_Dwi_Putra.jpg",
            "communityID": "28977124-5be3-4b13-8d43-ceefec0e0cbd",
            "sites": {
                "name": "Wikipedia",
                "url": "https://id.wikipedia.org/wiki/Gde_Sugianyar_Dwi_Putra"
            }
        },
        {
            "name": "Tjokorda Raka Kerthyasa",
            "title": "Calon Bupati",
            "description": null,
            "profilePic": "",
            "communityID": "28977124-5be3-4b13-8d43-ceefec0e0cbd",
            "sites": null
        },
        {
            "name": "Ida Bagus Gaga Adi Saputra",
            "title": "Calon Bupati",
            "description": null,
            "profilePic": "",
            "communityID": "28977124-5be3-4b13-8d43-ceefec0e0cbd",
            "sites": null
        }
    ],
    "source": "https://id.wikipedia.org/wiki/Pemilihan_umum_Bupati_Gianyar_2024",
    "path": "kabupaten-gianyar"
}