{
    "title": "Pemilihan umum Bupati Sumbawa Barat 2024",
    "region": "Sumbawa Barat",
    "level": "KABUPATEN",
    "candidates": [
        {
            "name": "Fud Syaifuddin",
            "title": "Calon Bupati",
            "description": "Fud Syaifuddin, S.T. (lahir 11 Maret 1975) adalah Wakil Bupati Sumbawa Barat periode 2016\u20132021 dan 2021\u20132024. Ia menjabat untuk periode kedua sejak 26 Februari 2021 setelah dilantik Gubernur Nusa Tenggara Barat, Zulkieflimansyah di Gedung Graha Bhakti Praja Kompleks Kantor Gubernur Nusa Tenggara Barat, Kota Mataram.",
            "profilePic": "https://upload.wikimedia.org/wikipedia/commons/thumb/6/61/Fud_Syaifuddin.jpg/150px-Fud_Syaifuddin.jpg",
            "communityID": "d28db968-4dfa-4c77-bd00-02b507cbc22a",
            "sites": {
                "name": "Wikipedia",
                "url": "https://id.wikipedia.org/wiki/Fud_Syaifuddin"
            }
        },
        {
            "name": "Kaharuddin Umar",
            "title": "Calon Bupati",
            "description": null,
            "profilePic": "",
            "communityID": "d28db968-4dfa-4c77-bd00-02b507cbc22a",
            "sites": null
        },
        {
            "name": "Andi Laweng",
            "title": "Calon Bupati",
            "description": null,
            "profilePic": "",
            "communityID": "d28db968-4dfa-4c77-bd00-02b507cbc22a",
            "sites": null
        }
    ],
    "source": "https://id.wikipedia.org/wiki/Pemilihan_umum_Bupati_Sumbawa_Barat_2024",
    "path": "kabupaten-sumbawa-barat"
}