{
    "title": "Pemilihan umum Bupati Pesawaran 2024",
    "region": "Pesawaran",
    "level": "KABUPATEN",
    "candidates": [
        {
            "name": "Bupati Pesawaran",
            "title": "Calon Bupati",
            "description": "Berikut ini adalah Daftar Bupati Pesawaran dari masa ke masa.",
            "profilePic": "https://upload.wikimedia.org/wikipedia/commons/thumb/f/fd/Lambang_Kabupaten_Pesawaran.png/75px-Lambang_Kabupaten_Pesawaran.png",
            "communityID": "d2661621-e446-4069-bb7e-55a29618d9a2",
            "sites": {
                "name": "Wikipedia",
                "url": "https://id.wikipedia.org/wiki/Daftar_Bupati_Pesawaran"
            }
        },
        {
            "name": "S. Marzuki",
            "title": "Calon Bupati",
            "description": "Kolonel Inf. (Purn.) S. Marzuki, S.Sos., M.Si. (lahir 29 Agustus 1960) adalah Wakil Bupati Pesawaran periode 2021\u20142024. Ia adalah wakil dari Bupati Pesawaran, Dendi Ramadhona.",
            "profilePic": "https://upload.wikimedia.org/wikipedia/commons/thumb/2/27/Wakil_Bupati_Pesawaran_Marzuki.jpg/220px-Wakil_Bupati_Pesawaran_Marzuki.jpg",
            "communityID": "d2661621-e446-4069-bb7e-55a29618d9a2",
            "sites": {
                "name": "Wikipedia",
                "url": "https://id.wikipedia.org/wiki/S._Marzuki"
            }
        },
        {
            "name": "Toto Jumariono",
            "title": "Calon Bupati",
            "description": "Brigadir Jenderal TNI (Purn.) Toto Jumariono, S.S., M.I.Kom. (lahir 19 Maret 1963) adalah seorang purnawirawan TNI-AD yang terakhir kali menjabat sebagai Komandan Korem 043/Garuda Hitam.",
            "profilePic": "https://upload.wikimedia.org/wikipedia/commons/thumb/2/2a/KPU_Toto_Jumariono.jpg/220px-KPU_Toto_Jumariono.jpg",
            "communityID": "d2661621-e446-4069-bb7e-55a29618d9a2",
            "sites": {
                "name": "Wikipedia",
                "url": "https://id.wikipedia.org/wiki/Toto_Jumariono"
            }
        }
    ],
    "source": "https://id.wikipedia.org/wiki/Pemilihan_umum_Bupati_Pesawaran_2024",
    "path": "kabupaten-pesawaran"
}