{
    "title": "Pemilihan umum Bupati Kaur 2024",
    "region": "Kaur",
    "level": "KABUPATEN",
    "path": "kabupaten-kaur",
    "source": "https://id.wikipedia.org/wiki/Pemilihan_umum_Bupati_Kaur_2024",
    "communityID": "533192c6-df6a-4704-8f6e-b3e875a3c24d",
    "candidates": [
        {
            "name": "Lismidianto",
            "description": "H. Lismidianto, S.H., M.H. (lahir 12 Oktober 1963) adalah Bupati Kaur periode 2021\u20132024. Ia menjabat sejak 21 Mei 2021 setelah dilantik Gubernur Bengkulu, Rohidin Mersyah di Gedung Balai Raya Semarak, Kota Bengkulu.[1]\n",
            "profilePic": "https://upload.wikimedia.org/wikipedia/commons/7/71/Lismidianto.png",
            "title": "Bupati Kaur",
            "sites": {
                "name": "Wikipedia",
                "url": "https://id.wikipedia.org/wiki/Lismidianto"
            },
            "communityID": "533192c6-df6a-4704-8f6e-b3e875a3c24d"
        },
        {
            "name": "Herlian Muchrim",
            "description": "Herlian Muchrim (lahir 15 Januari 1977) adalah seorang politikus Indonesia kelahiran Bintuhan. Ia meraih gelar Sarjana Teknik. Dari 2009 sampai 2014, ia menjabat sebagai Ketua Komisi I DPRD Kaur. Dari 2014 sampai 2015, ia menjabat kembali sebagai Ketua Komisi I DPRD Kaur. Ia kemudian menjabat sebagai Wakil Bupati Kaur.[1]\n",
            "profilePic": "https://upload.wikimedia.org/wikipedia/commons/b/b3/HERLIAN_MUCHRIM%2C_S.T.png",
            "title": "Wakil Bupati Kaur",
            "sites": {
                "name": "Wikipedia",
                "url": "https://id.wikipedia.org/wiki/Herlian_Muchrim"
            },
            "communityID": "533192c6-df6a-4704-8f6e-b3e875a3c24d"
        },
        {
            "name": "Samsu Amanah",
            "description": "",
            "profilePic": "",
            "title": "Wakil Ketua DPRD Prov. Bengkulu",
            "sites": {},
            "communityID": "533192c6-df6a-4704-8f6e-b3e875a3c24d"
        },
        {
            "name": "Gusril Pausi",
            "description": "Gusril Pausi, S.Sos., M.A.P. (lahir 11 Agustus 1972) adalah Bupati Kaur periode 2016\u20142021. Sebelumnya ia menjabat sebagai Kepala Bagian Pemerintahan dan Kesejahteraan Rakyat Kota Bengkulu.\n",
            "profilePic": "https://upload.wikimedia.org/wikipedia/id/7/7c/Bupati_Kaur_Gusril_Pausi.png",
            "title": "Mantan Bupati Kaur",
            "sites": {
                "name": "Wikipedia",
                "url": "https://id.wikipedia.org/wiki/Gusril_Pausi"
            },
            "communityID": "533192c6-df6a-4704-8f6e-b3e875a3c24d"
        },
        {
            "name": "Yulis Suti Sutri",
            "description": "",
            "profilePic": "",
            "title": "Mantan Wakil Bupati Kaur",
            "sites": {},
            "communityID": "533192c6-df6a-4704-8f6e-b3e875a3c24d"
        },
        {
            "name": "Johari Salim",
            "description": "",
            "profilePic": "",
            "title": "Mantan Anggota DPRD Prov. Bengkulu",
            "sites": {},
            "communityID": "533192c6-df6a-4704-8f6e-b3e875a3c24d"
        },
        {
            "name": "Syamhardi Saleh",
            "description": "",
            "profilePic": "",
            "title": "Ketua Presidium Pemekaran Kabupaten Kaur",
            "sites": {},
            "communityID": "533192c6-df6a-4704-8f6e-b3e875a3c24d"
        },
        {
            "name": "Diana Tulaini",
            "description": "",
            "profilePic": "",
            "title": "Ketua DPRD Kab. Kaur",
            "sites": {},
            "communityID": "533192c6-df6a-4704-8f6e-b3e875a3c24d"
        },
        {
            "name": "Yennita Fitriani",
            "description": "",
            "profilePic": "",
            "title": "Ketua DPD PAN Bengkulu Utara",
            "sites": {},
            "communityID": "533192c6-df6a-4704-8f6e-b3e875a3c24d"
        },
        {
            "name": "Hermen Malik",
            "description": ".mw-parser-output .infobox-subbox{padding:0;border:none;margin:-3px;width:auto;min-width:100%;font-size:100%;clear:none;float:none;background-color:transparent}.mw-parser-output .infobox-3cols-child{margin:auto}.mw-parser-output .infobox .navbar{font-size:100%}body.skin-minerva .mw-parser-output .infobox-header,body.skin-minerva .mw-parser-output .infobox-subheader,body.skin-minerva .mw-parser-output .infobox-above,body.skin-minerva .mw-parser-output .infobox-title,body.skin-minerva .mw-parser-output .infobox-image,body.skin-minerva .mw-parser-output .infobox-full-data,body.skin-minerva .mw-parser-output .infobox-below{text-align:center}",
            "profilePic": "",
            "title": "Mantan Bupati Kaur",
            "sites": {
                "name": "Wikipedia",
                "url": "https://id.wikipedia.org/wiki/Hermen_Malik"
            },
            "communityID": "533192c6-df6a-4704-8f6e-b3e875a3c24d"
        },
        {
            "name": "Z Muslih (Lihun)",
            "description": "",
            "profilePic": "",
            "title": "Anggota DPRD Kab Kaur 3 Periode",
            "sites": {},
            "communityID": "533192c6-df6a-4704-8f6e-b3e875a3c24d"
        },
        {
            "name": "Ersan Syafiri",
            "description": "",
            "profilePic": "",
            "title": "Sekretaris Daerah Kabupaten Kaur",
            "sites": {},
            "communityID": "533192c6-df6a-4704-8f6e-b3e875a3c24d"
        },
        {
            "name": "Martina Sulistyawati",
            "description": "",
            "profilePic": "",
            "title": "Ketua DPC PDIP Kaur",
            "sites": {},
            "communityID": "533192c6-df6a-4704-8f6e-b3e875a3c24d"
        },
        {
            "name": "Yakraman Yagus",
            "description": "",
            "profilePic": "",
            "title": null,
            "sites": {},
            "communityID": "533192c6-df6a-4704-8f6e-b3e875a3c24d"
        },
        {
            "name": "Syamsurachman",
            "description": "",
            "profilePic": "",
            "title": "Politisi Golkar",
            "sites": {},
            "communityID": "533192c6-df6a-4704-8f6e-b3e875a3c24d"
        }
    ]
}