{
    "title": "Pemilihan umum Bupati Bangka Tengah 2024",
    "region": "Bangka Tengah",
    "level": "KABUPATEN",
    "candidates": [
        {
            "name": "Algafry Rahman",
            "title": "Calon Bupati",
            "description": "Algafry Rahman, S.T. (lahir 26 Juni 1975) adalah Bupati Bangka Tengah periode 2021\u20132024. Ia menjabat sejak 26 Februari 2021 setelah dilantik Gubernur Kepulauan Bangka Belitung, Erzaldi Rosman Djohan di Ruang Pasir Padi\nKantor Gubernur Kepulauan Bangka Belitung, Pangkalpinang.",
            "profilePic": "https://upload.wikimedia.org/wikipedia/commons/thumb/d/d2/Bupati_Kabupaten_Bangka_Tengah_Algafry_Rahman.jpg/220px-Bupati_Kabupaten_Bangka_Tengah_Algafry_Rahman.jpg",
            "communityID": "91942153-478c-481d-b187-7801e9da164d",
            "sites": {
                "name": "Wikipedia",
                "url": "https://id.wikipedia.org/wiki/Algafry_Rahman"
            }
        },
        {
            "name": "Herry Erfian",
            "title": "Calon Bupati",
            "description": "Algafry Rahman, S.T. (lahir 26 Juni 1975) adalah Bupati Bangka Tengah periode 2021\u20132024. Ia menjabat sejak 26 Februari 2021 setelah dilantik Gubernur Kepulauan Bangka Belitung, Erzaldi Rosman Djohan di Ruang Pasir Padi\nKantor Gubernur Kepulauan Bangka Belitung, Pangkalpinang.",
            "profilePic": "https://upload.wikimedia.org/wikipedia/commons/thumb/d/d2/Bupati_Kabupaten_Bangka_Tengah_Algafry_Rahman.jpg/220px-Bupati_Kabupaten_Bangka_Tengah_Algafry_Rahman.jpg",
            "communityID": "91942153-478c-481d-b187-7801e9da164d",
            "sites": {
                "name": "Wikipedia",
                "url": "https://id.wikipedia.org/wiki/Algafry_Rahman"
            }
        },
        {
            "name": "Me Hoa",
            "title": "Calon Bupati",
            "description": "Me Hoa, S.H., M.H.(lahir 19 November 1977) adalah Ketua DPRD Kabupaten Bangka Tengah periode 2019\u20142024. Ia pernah menjabat sebagai Anggota DPRD Kabupaten Bangka Tengah 2 periode yakni 2009\u20142014 dan 2014\u20142019.",
            "profilePic": "https://upload.wikimedia.org/wikipedia/commons/thumb/f/f2/Edit-clear.svg/40px-Edit-clear.svg.png",
            "communityID": "91942153-478c-481d-b187-7801e9da164d",
            "sites": {
                "name": "Wikipedia",
                "url": "https://id.wikipedia.org/wiki/Me_Hoa"
            }
        }
    ],
    "source": "https://id.wikipedia.org/wiki/Pemilihan_umum_Bupati_Bangka_Tengah_2024",
    "path": "kabupaten-bangka-tengah"
}