{
    "title": "Pemilihan umum Bupati Natuna 2024",
    "region": "Natuna",
    "level": "KABUPATEN",
    "path": "kabupaten-natuna",
    "source": "https://id.wikipedia.org/wiki/Pemilihan_umum_Bupati_Natuna_2024",
    "communityID": "25e862c0-e76b-43b1-884b-182ea7f8d358",
    "candidates": [
        {
            "name": "Wan Siswandi",
            "description": "Wan Siswandi, S. Sos., M. Si. (Jawi: \u0648\u0627\u0646 \u0635\u064a\u0633\u0648\u0627\u0646\u062f\u064a; lahir 2 Januari 1969)[2] adalah birokrat dan politikus Indonesia yang menjabat sebagai Bupati Natuna sejak 24 Mei 2021. Sebelumnya, ia menjabat sebagai Sekretaris Daerah Kabupaten Natuna sejak 29 Desember 2016 menggantikan Samsurizon hingga pengunduran dirinya pada 19 Agustus 2020.[3][4]\n",
            "profilePic": "https://upload.wikimedia.org/wikipedia/commons/7/7d/Bupati_Natuna_Wan_Siswandi.jpg",
            "title": "Bupati Natuna",
            "sites": {
                "name": "Wikipedia",
                "url": "https://id.wikipedia.org/wiki/Wan_Siswandi"
            },
            "communityID": "25e862c0-e76b-43b1-884b-182ea7f8d358"
        },
        {
            "name": "Rodhial Huda",
            "description": "Rodhial Huda atau lebih dikenal dengan nama Wak Yal (lahir 3 Agustus 1967) adalah politikus Indonesia yang menjabat sebagai Wakil Bupati Natuna sejak 24 Mei 2021 mendampingi Wan Siswandi.[2] Ia merupakan tokoh masyarakat dan pemerhati maritim di Kabupaten Natuna.\n",
            "profilePic": "https://upload.wikimedia.org/wikipedia/commons/e/ed/Wakil_Bupati_Natuna_Rodhial_Huda.jpg",
            "title": "Wakil Bupati Natuna",
            "sites": {
                "name": "Wikipedia",
                "url": "https://id.wikipedia.org/wiki/Rodhial_Huda"
            },
            "communityID": "25e862c0-e76b-43b1-884b-182ea7f8d358"
        },
        {
            "name": "Mustamin Bakri",
            "description": "",
            "profilePic": "",
            "title": "Mantan Cabup Kab. Natuna 2020",
            "sites": {},
            "communityID": "25e862c0-e76b-43b1-884b-182ea7f8d358"
        },
        {
            "name": "Daeng Amhar",
            "description": "",
            "profilePic": "",
            "title": "Ketua DPRD Kab. Natuna",
            "sites": {},
            "communityID": "25e862c0-e76b-43b1-884b-182ea7f8d358"
        },
        {
            "name": "Daeng Ganda Rahmatullah",
            "description": "",
            "profilePic": "",
            "title": "Wakil Ketua DPRD Kab. Natuna",
            "sites": {},
            "communityID": "25e862c0-e76b-43b1-884b-182ea7f8d358"
        },
        {
            "name": "Hadi Chandra",
            "description": "",
            "profilePic": "",
            "title": "Anggota DPRD Prov. Kepri",
            "sites": {},
            "communityID": "25e862c0-e76b-43b1-884b-182ea7f8d358"
        },
        {
            "name": "Ilyas Sabli",
            "description": "Drs. H. Ilyas Sabli, M.Si. (lahir 31 Agustus 1960) adalah Anggota DPRD Kepulauan Riau Fraksi NasDem periode 2019\u20142024.[1]\n",
            "profilePic": "https://upload.wikimedia.org/wikipedia/commons/thumb/4/4b/Bupati_natuna_ilyas_sabli.jpg/1200px-Bupati_natuna_ilyas_sabli.jpg",
            "title": "Anggota DPRD Prov. Kepri",
            "sites": {
                "name": "Wikipedia",
                "url": "https://id.wikipedia.org/wiki/Ilyas_Sabli"
            },
            "communityID": "25e862c0-e76b-43b1-884b-182ea7f8d358"
        },
        {
            "name": "Ngesti Yuni Suprapti",
            "description": "Dra. Hj. Ngesti Yuni Suprapti, M.A. (lahir 16 Juni 1964) adalah politikus Indonesia yang pernah menjabat Wakil Bupati Natuna sejak 4 Mei 2016 hingga 4 Mei 2021.[1] Ia adalah wakil dari Bupati Natuna, Hamid Rizal. Ngesti Yuni Suprapti merupakan istri Bupati Natuna (2006\u20142009) Daeng Rusnadi.\n",
            "profilePic": "https://upload.wikimedia.org/wikipedia/commons/8/82/Wakil_Bupati_Natuna_Ngesti_Yuni_Suprapti.jpg",
            "title": "Mantan Wakil Bupati Natuna",
            "sites": {
                "name": "Wikipedia",
                "url": "https://id.wikipedia.org/wiki/Ngesti_Yuni_Suprapti"
            },
            "communityID": "25e862c0-e76b-43b1-884b-182ea7f8d358"
        },
        {
            "name": "Jarmin Sidik",
            "description": "",
            "profilePic": "",
            "title": "Wakil Ketua DPRD Kab. Natuna",
            "sites": {},
            "communityID": "25e862c0-e76b-43b1-884b-182ea7f8d358"
        }
    ]
}