{
    "title": "Pemilihan umum Bupati Asahan 2024",
    "region": "Asahan",
    "level": "KABUPATEN",
    "candidates": [
        {
            "name": "Taufik Zainal Abidin",
            "title": "Calon Bupati",
            "description": "Taufik Zainal Abidin Siregar, S.Sos., M.Si. (lahir 4 September 1968) adalah seorang Birokrat dan Aparatur Sipil Negara yang saat ini menjabat sebagai Wakil Bupati Asahan periode 2021\u20142024. Ia adalah wakil dari Bupati Asahan, Surya.",
            "profilePic": "https://upload.wikimedia.org/wikipedia/commons/thumb/8/8e/Taufik_Zainal_Abidin.jpg/250px-Taufik_Zainal_Abidin.jpg",
            "communityID": "fc44b90f-5310-46dc-8a01-149a24b15ba6",
            "sites": {
                "name": "Wikipedia",
                "url": "https://id.wikipedia.org/wiki/Taufik_Zainal_Abidin"
            }
        },
        {
            "name": "Baharuddin Harahap",
            "title": "Calon Bupati",
            "description": null,
            "profilePic": "",
            "communityID": "fc44b90f-5310-46dc-8a01-149a24b15ba6",
            "sites": null
        },
        {
            "name": "Muhammad Suib",
            "title": "Calon Bupati",
            "description": null,
            "profilePic": "",
            "communityID": "fc44b90f-5310-46dc-8a01-149a24b15ba6",
            "sites": null
        }
    ],
    "source": "https://id.wikipedia.org/wiki/Pemilihan_umum_Bupati_Asahan_2024",
    "path": "kabupaten-asahan"
}