{
    "title": "Pemilihan umum Bupati Bojonegoro 2024",
    "region": "Bojonegoro",
    "level": "KABUPATEN",
    "candidates": [
        {
            "name": "Anna Mu'awanah",
            "title": "Calon Bupati",
            "description": "Dr. Hj. Anna Mu'awanah, M.H. (lahir 3 Februari 1968) adalah politisi PKB yang menjabat sebagai Bupati Bojonegoro periode 2018-2023.",
            "profilePic": "https://upload.wikimedia.org/wikipedia/commons/thumb/7/7e/KPU_Anna_Mu%27awanah.jpg/220px-KPU_Anna_Mu%27awanah.jpg",
            "communityID": "9f80122b-ae57-45ca-9e35-f981b79dfff6",
            "sites": {
                "name": "Wikipedia",
                "url": "https://id.wikipedia.org/wiki/Anna_Mu%27awanah"
            }
        },
        {
            "name": "Budi Irawanto",
            "title": "Calon Bupati",
            "description": "Drs. H. Budi Irawanto, M.Pd. (lahir 9 Oktober 1967) adalah Wakil Bupati Bojonegoro periode 2018-2023. Politisi PDI Perjuangan Kabupaten Bojonegoro itu sebelumnya adalah anggota DPRD Kabupaten Bojonegoro.",
            "profilePic": "",
            "communityID": "9f80122b-ae57-45ca-9e35-f981b79dfff6",
            "sites": {
                "name": "Wikipedia",
                "url": "https://id.wikipedia.org/wiki/Budi_Irawanto"
            }
        },
        {
            "name": "Soehadi Moeljono",
            "title": "Calon Bupati",
            "description": null,
            "profilePic": "",
            "communityID": "9f80122b-ae57-45ca-9e35-f981b79dfff6",
            "sites": null
        },
        {
            "name": "M Thobahul Aftoni",
            "title": "Calon Bupati",
            "description": null,
            "profilePic": "",
            "communityID": "9f80122b-ae57-45ca-9e35-f981b79dfff6",
            "sites": null
        },
        {
            "name": "Didik Mukrianto",
            "title": "Calon Bupati",
            "description": "Dr. Didik Mukrianto SH, MH (lahir 21 Juni 1974) adalah anggota Dewan Perwakilan Rakyat Republik Indonesia periode 2014-2019 setelah memperoleh 51.218 suara untuk daerah pemilihan Jawa Timur IX. dan bertugas di Komisi III yang membidangi Hukum, HAM dan Keamanan. Pada Pemilu 2019, doktor ilmu hukum ini kembali terpilih sebagai Anggota DPR RI dari Daerah Pemilihan Jawa Timur IX (Bojonegoro-Tuban) dengan perolehan suara terbanyak dengan mengantongi 114.532 suara....",
            "profilePic": "https://upload.wikimedia.org/wikipedia/commons/thumb/f/f2/Edit-clear.svg/40px-Edit-clear.svg.png",
            "communityID": "9f80122b-ae57-45ca-9e35-f981b79dfff6",
            "sites": {
                "name": "Wikipedia",
                "url": "https://id.wikipedia.org/wiki/Didik_Mukrianto"
            }
        },
        {
            "name": "Fauzan Fu\u2019adi",
            "title": "Calon Bupati",
            "description": null,
            "profilePic": "",
            "communityID": "9f80122b-ae57-45ca-9e35-f981b79dfff6",
            "sites": null
        },
        {
            "name": "Akmal Budianto",
            "title": "Calon Bupati",
            "description": null,
            "profilePic": "",
            "communityID": "9f80122b-ae57-45ca-9e35-f981b79dfff6",
            "sites": null
        },
        {
            "name": "Subekhan",
            "title": "Calon Bupati",
            "description": null,
            "profilePic": "",
            "communityID": "9f80122b-ae57-45ca-9e35-f981b79dfff6",
            "sites": null
        },
        {
            "name": "Nurul Azizah",
            "title": "Calon Bupati",
            "description": null,
            "profilePic": "",
            "communityID": "9f80122b-ae57-45ca-9e35-f981b79dfff6",
            "sites": null
        },
        {
            "name": "Sukur Priyanto",
            "title": "Calon Bupati",
            "description": null,
            "profilePic": "",
            "communityID": "9f80122b-ae57-45ca-9e35-f981b79dfff6",
            "sites": null
        },
        {
            "name": "KRT Sudawam",
            "title": "Calon Bupati",
            "description": null,
            "profilePic": "",
            "communityID": "9f80122b-ae57-45ca-9e35-f981b79dfff6",
            "sites": null
        },
        {
            "name": "Mitroatin",
            "title": "Calon Bupati",
            "description": null,
            "profilePic": "",
            "communityID": "9f80122b-ae57-45ca-9e35-f981b79dfff6",
            "sites": null
        }
    ],
    "source": "https://id.wikipedia.org/wiki/Pemilihan_umum_Bupati_Bojonegoro_2024",
    "path": "kabupaten-bojonegoro"
}