{
    "title": "Pemilihan umum Bupati Lingga 2024",
    "region": "Lingga",
    "level": "KABUPATEN",
    "candidates": [
        {
            "name": "M. Nizar",
            "title": "Calon Bupati",
            "description": "M. Nizar, S.Sos. (lahir 3 Februari 1982) adalah Bupati Lingga periode 2021\u20132024.",
            "profilePic": "https://upload.wikimedia.org/wikipedia/commons/5/58/Wakil_Bupati_Lingga_M._Nizar.jpg",
            "communityID": "155b4199-8825-4feb-8407-62fa8f0b8898",
            "sites": {
                "name": "Wikipedia",
                "url": "https://id.wikipedia.org/wiki/M._Nizar"
            }
        },
        {
            "name": "Alias Wello",
            "title": "Calon Bupati",
            "description": "H. Alias Wello, S.I.P. (lahir 7 Januari 1963) adalah Bupati Lingga periode 2016\u20132020. Alias Wello pernah menjabat sebagai Ketua DPRD Kabupaten Lingga periode 2004\u20132009.",
            "profilePic": "https://upload.wikimedia.org/wikipedia/commons/thumb/c/ca/KPU_Alias_Wello.jpg/220px-KPU_Alias_Wello.jpg",
            "communityID": "155b4199-8825-4feb-8407-62fa8f0b8898",
            "sites": {
                "name": "Wikipedia",
                "url": "https://id.wikipedia.org/wiki/Alias_Wello"
            }
        },
        {
            "name": "Saptono Mustaqim",
            "title": "Calon Bupati",
            "description": null,
            "profilePic": "",
            "communityID": "155b4199-8825-4feb-8407-62fa8f0b8898",
            "sites": null
        }
    ],
    "source": "https://id.wikipedia.org/wiki/Pemilihan_umum_Bupati_Lingga_2024",
    "path": "kabupaten-lingga"
}