{
    "title": "Pemilihan umum Bupati Madiun 2024",
    "region": "Madiun",
    "level": "KABUPATEN",
    "path": "kabupaten-madiun",
    "source": "https://id.wikipedia.org/wiki/Pemilihan_umum_Bupati_Madiun_2024",
    "communityID": "b837c924-6ef4-4058-adc7-4060ba45e2d7",
    "candidates": [
        {
            "name": "Ahmad Dawami",
            "description": "H. Ahmad Dawami Ragil Saputro, S.Sos. (lahir 4 Agustus 1977), akrab disapa sebagai Kaji Mbing,[1] adalah politisi Indonesia yang pernah menjabat sebagai Bupati Madiun mulai 24 September 2018 hingga akhir masa jabatannya pada 24 September 2023.[2][3] Sebelum terpilih menjadi bupati, ia merupakan seorang kader Nahdlatul Ulama yang mengabdi pada Gerakan Pemuda Ansor dan Barisan Ansor Serbaguna Nahdlatul Ulama (Banser) sejak usia muda.[4] Ia merupakan alumnus Universitas 17 Agustus 1945 Surabaya.[5]\n",
            "profilePic": "https://upload.wikimedia.org/wikipedia/commons/d/d6/Official_Portrait_of_Ahmad_Dawami%2C_Regent_of_Madiun.jpg",
            "title": "Mantan Bupati Madiun",
            "sites": {
                "name": "Wikipedia",
                "url": "https://id.wikipedia.org/wiki/Ahmad_Dawami"
            },
            "communityID": "b837c924-6ef4-4058-adc7-4060ba45e2d7"
        },
        {
            "name": "Hari Wuryanto",
            "description": "H. Hari Wuryanto, S.H., M.Ak. (lahir 4 September 1964) adalah Wakil Bupati Madiun periode 2018\u20132023. Ia menjabat sejak 24 September 2018 setelah dilantik Gubernur Jawa Timur, Soekarwo di Gedung Negara Grahadi, Surabaya.[1]\n",
            "profilePic": "https://upload.wikimedia.org/wikipedia/commons/9/98/Official_Portrait_of_Hari_Wuryanto%2C_Vice_Regent_of_Madiun.jpg",
            "title": "Mantan Wakil Bupati Madiun",
            "sites": {
                "name": "Wikipedia",
                "url": "https://id.wikipedia.org/wiki/Hari_Wuryanto"
            },
            "communityID": "b837c924-6ef4-4058-adc7-4060ba45e2d7"
        },
        {
            "name": "Rio Wing Dinaryhadi",
            "description": "",
            "profilePic": "",
            "title": "Ketua DPC Partai Gerindra Kabupaten Madiun",
            "sites": {},
            "communityID": "b837c924-6ef4-4058-adc7-4060ba45e2d7"
        },
        {
            "name": "Bagus Rizki Dinarwan",
            "description": "",
            "profilePic": "",
            "title": "Ketua DPD Golkar Kota Madiun",
            "sites": {},
            "communityID": "b837c924-6ef4-4058-adc7-4060ba45e2d7"
        },
        {
            "name": "Yohanes Ristu Nugroho",
            "description": "",
            "profilePic": "",
            "title": "Anggota DPRD Jatim",
            "sites": {},
            "communityID": "b837c924-6ef4-4058-adc7-4060ba45e2d7"
        },
        {
            "name": "Bayu Airlangga",
            "description": "Bayu Airlangga adalah seorang politikus asal Indonesia.  Bayu Airlangga adalah putra dari mantan Kepala BPN Jawa Timur Gede Ariyuda. Bayu menikah dengan putri bungsu mantan Gubernur Jawa Timur Soekarwo yang bernama Kartika Prawitasari.\n",
            "profilePic": "https://upload.wikimedia.org/wikipedia/commons/9/97/KPU_Bayu_Airlangga.jpg",
            "title": "Politisi Golkar",
            "sites": {
                "name": "Wikipedia",
                "url": "https://id.wikipedia.org/wiki/Bayu_Airlangga"
            },
            "communityID": "b837c924-6ef4-4058-adc7-4060ba45e2d7"
        },
        {
            "name": "Ferdian Timur Satyagraha",
            "description": "Ferdian Timur Satyagraha (lahir di Surabaya pada Januari 1982) adalah seorang bankir Indonesia, yang saat ini menjabat sebagai Direktur Keuangan dan Perencanaan Strategis PT Pegadaian sejak tahun 2022.[1][2]\n",
            "profilePic": "https://upload.wikimedia.org/wikipedia/commons/thumb/5/57/Ferdian_Timur_Satyagraha.png/1200px-Ferdian_Timur_Satyagraha.png",
            "title": "Direktur Keuangan dan Perencanaan Strategis PT. Pegadaian",
            "sites": {
                "name": "Wikipedia",
                "url": "https://id.wikipedia.org/wiki/Ferdian_Timur_Satyagraha"
            },
            "communityID": "b837c924-6ef4-4058-adc7-4060ba45e2d7"
        },
        {
            "name": "Fery Sudarsono",
            "description": "",
            "profilePic": "",
            "title": "Ketua DPRD Kabupaten Madiun",
            "sites": {},
            "communityID": "b837c924-6ef4-4058-adc7-4060ba45e2d7"
        },
        {
            "name": "Mujono",
            "description": "",
            "profilePic": "",
            "title": "Wakil Ketua III DPRD Kabupaten Madiun",
            "sites": {},
            "communityID": "b837c924-6ef4-4058-adc7-4060ba45e2d7"
        }
    ]
}