{
    "title": "Pemilihan umum Bupati Pekalongan 2024",
    "region": "Pekalongan",
    "level": "KABUPATEN",
    "candidates": [
        {
            "name": "Fadia A. Rafiq",
            "title": "Calon Bupati",
            "description": "Fadia Arafiq, S.E., M.M. (lahir 23 Mei 1978 dengan nama Laila Fathiah) adalah politikus, Bupati Pekalongan periode 2021\u20132024 dan juga merupakan penyanyi dangdut dan anak dari pedangdut senior Indonesia, A. Rafiq.",
            "profilePic": "https://upload.wikimedia.org/wikipedia/commons/thumb/8/80/Bupati_Pekalongan_Fadia_Arafiq.jpg/220px-Bupati_Pekalongan_Fadia_Arafiq.jpg",
            "communityID": "5edf4c7e-0fb5-485e-8123-5e072c94b9ec",
            "sites": {
                "name": "Wikipedia",
                "url": "https://id.wikipedia.org/wiki/Fadia_A._Rafiq"
            }
        },
        {
            "name": "Riswadi",
            "title": "Calon Bupati",
            "description": "H. Riswadi, S.H. (lahir 23 Maret 1973) adalah seorang politikus asal Jawa Tengah yang terpilih sebagai Wakil Bupati Pekalongan pada periode 2021\u20132025 mendampingi Fadia Arafiq.",
            "profilePic": "https://upload.wikimedia.org/wikipedia/commons/thumb/e/e1/Wakil_Bupati_Pekalongan_Riswadi.jpg/220px-Wakil_Bupati_Pekalongan_Riswadi.jpg",
            "communityID": "5edf4c7e-0fb5-485e-8123-5e072c94b9ec",
            "sites": {
                "name": "Wikipedia",
                "url": "https://id.wikipedia.org/wiki/Riswadi"
            }
        },
        {
            "name": "Asip Kholbihi",
            "title": "Calon Bupati",
            "description": "Asip Kholbihi, S.H. M.Si (lahir 01 Februari 1967) adalah Bupati Kabupaten Pekalongan periode 2016\u20132021.",
            "profilePic": "https://upload.wikimedia.org/wikipedia/commons/thumb/5/5b/Bupati_Pekalongan_Asip_Kholbihi.jpg/220px-Bupati_Pekalongan_Asip_Kholbihi.jpg",
            "communityID": "5edf4c7e-0fb5-485e-8123-5e072c94b9ec",
            "sites": {
                "name": "Wikipedia",
                "url": "https://id.wikipedia.org/wiki/Asip_Kholbihi"
            }
        },
        {
            "name": "Bisri Romly",
            "title": "Calon Bupati",
            "description": "Drs. H. Bisri Romly, M.M. (lahir 5 Juli 1955) adalah politikus Indonesia yang menjabat sebagai anggota DPR-RI selama tiga periode (2004\u20132009, 2014\u20132019, dan 2019\u20132024). Ia mewakili daerah pemilihan Jawa Tengah X, yang meliputi Kabupaten Pekalongan, Kabupaten Pemalang, Kabupaten Batang, dan Kota Pekalongan. Bisri merupakan kader Partai Kebangkitan Bangsa. Saat ini, ia bertugas di Komisi X.",
            "profilePic": "https://upload.wikimedia.org/wikipedia/commons/thumb/9/9a/Bisri_Romly.jpg/220px-Bisri_Romly.jpg",
            "communityID": "5edf4c7e-0fb5-485e-8123-5e072c94b9ec",
            "sites": {
                "name": "Wikipedia",
                "url": "https://id.wikipedia.org/wiki/Bisri_Romly"
            }
        },
        {
            "name": "Sukirman",
            "title": "Calon Bupati",
            "description": "H. Sukirman, S.H. (lahir 20 Mei 1961) adalah seorang politikus Indonesia yang menjabat sebagai Bupati Bangka Barat sejak 2021. Sukirman pernah menjabat sebagai Wakil Bupati Bangka Barat pada tahun 2010 hingga 2015. Selain itu, ia juga sempat menjabat sebagai anggota DPRD Kepulauan Bangka Belitung pada 2019 hingga 2020 dan anggota DPRD Bangka Barat dari tahun 2009 sampai 2010.",
            "profilePic": "https://upload.wikimedia.org/wikipedia/commons/thumb/2/20/Bupati_Bangka_Barat_H.Sukirman_SH.jpg/220px-Bupati_Bangka_Barat_H.Sukirman_SH.jpg",
            "communityID": "5edf4c7e-0fb5-485e-8123-5e072c94b9ec",
            "sites": {
                "name": "Wikipedia",
                "url": "https://id.wikipedia.org/wiki/Sukirman_(politikus)"
            }
        },
        {
            "name": "Hindun",
            "title": "Calon Bupati",
            "description": null,
            "profilePic": "",
            "communityID": "5edf4c7e-0fb5-485e-8123-5e072c94b9ec",
            "sites": null
        },
        {
            "name": "Candra Saputra",
            "title": "Calon Bupati",
            "description": null,
            "profilePic": "",
            "communityID": "5edf4c7e-0fb5-485e-8123-5e072c94b9ec",
            "sites": null
        },
        {
            "name": "Catur Ardiansah",
            "title": "Calon Bupati",
            "description": null,
            "profilePic": "",
            "communityID": "5edf4c7e-0fb5-485e-8123-5e072c94b9ec",
            "sites": null
        },
        {
            "name": "Musa Adam",
            "title": "Calon Bupati",
            "description": null,
            "profilePic": "",
            "communityID": "5edf4c7e-0fb5-485e-8123-5e072c94b9ec",
            "sites": null
        }
    ],
    "source": "https://id.wikipedia.org/wiki/Pemilihan_umum_Bupati_Pekalongan_2024",
    "path": "kabupaten-pekalongan"
}