{
    "title": "Pemilihan umum Bupati Tapin 2024",
    "region": "Tapin",
    "level": "KABUPATEN",
    "candidates": [
        {
            "name": "dr. Milhan",
            "title": "Calon Bupati",
            "description": null,
            "profilePic": "",
            "communityID": "f18ea021-b642-4134-9cd0-59b052470ad4",
            "sites": null
        },
        {
            "name": "H Yamani",
            "title": "Calon Bupati",
            "description": null,
            "profilePic": "",
            "communityID": "f18ea021-b642-4134-9cd0-59b052470ad4",
            "sites": null
        },
        {
            "name": "H. Masyraniansyah",
            "title": "Calon Bupati",
            "description": null,
            "profilePic": "",
            "communityID": "f18ea021-b642-4134-9cd0-59b052470ad4",
            "sites": null
        },
        {
            "name": "Dedy Arief Budiman",
            "title": "Calon Bupati",
            "description": null,
            "profilePic": "",
            "communityID": "f18ea021-b642-4134-9cd0-59b052470ad4",
            "sites": null
        },
        {
            "name": "H. Syafrudin Noor",
            "title": "Calon Bupati",
            "description": null,
            "profilePic": "",
            "communityID": "f18ea021-b642-4134-9cd0-59b052470ad4",
            "sites": null
        },
        {
            "name": "Muhidin",
            "title": "Calon Bupati",
            "description": "H. Muhidin, S.E., S.H., M.M. (lahir 6 Mei 1958) adalah Wakil Gubernur Kalimantan Selatan periode 2021\u20142024.",
            "profilePic": "https://upload.wikimedia.org/wikipedia/commons/thumb/6/69/Muhidin%2CH-vice-goverment-of-south-kalimantan.idn.jpg/270px-Muhidin%2CH-vice-goverment-of-south-kalimantan.idn.jpg",
            "communityID": "f18ea021-b642-4134-9cd0-59b052470ad4",
            "sites": {
                "name": "Wikipedia",
                "url": "https://id.wikipedia.org/wiki/Muhidin"
            }
        }
    ],
    "source": "https://id.wikipedia.org/wiki/Pemilihan_umum_Bupati_Tapin_2024",
    "path": "kabupaten-tapin"
}