{
    "title": "Pemilihan umum Bupati Kepulauan Sangihe 2024",
    "region": "Kepulauan Sangihe",
    "level": "KABUPATEN",
    "candidates": [
        {
            "name": "Jabes Ezar Gaghana",
            "title": "Calon Bupati",
            "description": "Jabes Ezar Gaghana, S.E., M.E. (lahir 7 September 1961) adalah seorang politikus asal Indonesia yang saat ini menjabat sebagai Bupati Kepulauan Sangihe sejak 2017. Jabes sebelumnya pernah juga menjabat sebagai Wakil Bupati Kepulauan Sangihe selama dua periode, pada 2006\u20132011 dan 2011\u20132016.",
            "profilePic": "https://upload.wikimedia.org/wikipedia/commons/thumb/f/fa/Bupati_Jabes_Gaghana.jpg/220px-Bupati_Jabes_Gaghana.jpg",
            "communityID": "cbd3c33d-610e-4289-8306-48d9e0171994",
            "sites": {
                "name": "Wikipedia",
                "url": "https://id.wikipedia.org/wiki/Jabes_Ezar_Gaghana"
            }
        },
        {
            "name": "Hironimus Rompas Makagansa",
            "title": "Calon Bupati",
            "description": "Drs. Hironimus Rompas Makagansa, M.Si, (lahir 5 Juni 1958). Merupakan Politisi yang sebelumnya adalah birokrat handal Sulawesi Utara yang berasal dari Kabupaten Kepulauan Sangihe.",
            "profilePic": "https://upload.wikimedia.org/wikipedia/commons/thumb/e/e4/Drs._H._R._Makagansa%2C_M.Si..jpg/200px-Drs._H._R._Makagansa%2C_M.Si..jpg",
            "communityID": "cbd3c33d-610e-4289-8306-48d9e0171994",
            "sites": {
                "name": "Wikipedia",
                "url": "https://id.wikipedia.org/wiki/Hironimus_Rompas_Makagansa"
            }
        },
        {
            "name": "Fransicus Andi Silangen",
            "title": "Calon Bupati",
            "description": "Fransiscus Andi Silangen atau Andi Silangen adalah seorang dokter dan politikus Indonesia.",
            "profilePic": "https://upload.wikimedia.org/wikipedia/commons/thumb/0/00/KPU_Fransiscus_Andi_Silangen.jpg/220px-KPU_Fransiscus_Andi_Silangen.jpg",
            "communityID": "cbd3c33d-610e-4289-8306-48d9e0171994",
            "sites": {
                "name": "Wikipedia",
                "url": "https://id.wikipedia.org/wiki/Fransiscus_Andi_Silangen"
            }
        },
        {
            "name": "Benhur Takasihaeng",
            "title": "Calon Bupati",
            "description": null,
            "profilePic": "",
            "communityID": "cbd3c33d-610e-4289-8306-48d9e0171994",
            "sites": null
        },
        {
            "name": "Michael Thungari",
            "title": "Calon Bupati",
            "description": null,
            "profilePic": "",
            "communityID": "cbd3c33d-610e-4289-8306-48d9e0171994",
            "sites": null
        },
        {
            "name": "Hendrik Manossoh",
            "title": "Calon Bupati",
            "description": null,
            "profilePic": "",
            "communityID": "cbd3c33d-610e-4289-8306-48d9e0171994",
            "sites": null
        },
        {
            "name": "Rony Imanuel",
            "title": "Calon Bupati",
            "description": "",
            "profilePic": "",
            "communityID": "cbd3c33d-610e-4289-8306-48d9e0171994",
            "sites": {
                "name": "Wikipedia",
                "url": "https://id.wikipedia.org/wiki/Rony_Imannuel"
            }
        }
    ],
    "source": "https://id.wikipedia.org/wiki/Pemilihan_umum_Bupati_Kepulauan_Sangihe_2024",
    "path": "kabupaten-kepulauan-sangihe"
}