{
    "title": "Pemilihan umum Bupati Malaka 2024",
    "region": "Malaka",
    "level": "KABUPATEN",
    "candidates": [
        {
            "name": "Simon Nahak",
            "title": "Calon Bupati",
            "description": "Dr. Simon Nahak, S.H., M.H. (lahir 13 Juni 1964) adalah Bupati Malaka periode 2021\u20132024. Ia menjabat sejak 26 April 2021 setelah dilantik Gubernur Nusa Tenggara Timur, Viktor Laiskodat di Aula El Tari, Kupang.",
            "profilePic": "https://upload.wikimedia.org/wikipedia/commons/thumb/0/01/Bupati_Malaka_Simon_Nahak.png/220px-Bupati_Malaka_Simon_Nahak.png",
            "communityID": "382ebc9c-af6b-4fa9-a155-b14fdfeb390b",
            "sites": {
                "name": "Wikipedia",
                "url": "https://id.wikipedia.org/wiki/Simon_Nahak"
            }
        },
        {
            "name": "Stefanus Bria Seran",
            "title": "Calon Bupati",
            "description": "dr. Stefanus Bria Seran, M.P.H. (lahir 26 Desember 1952) adalah politikus Indonesia yang menjabat sebagai bupati Malaka pertama pada masa jabatan 2016\u20132021. Ia bersama Wakil Bupati Malaka Daniel Asa memenangi Pilkada Kabupaten Malaka 2015 dengan memperoleh 44.776 suara (52,60%).",
            "profilePic": "",
            "communityID": "382ebc9c-af6b-4fa9-a155-b14fdfeb390b",
            "sites": {
                "name": "Wikipedia",
                "url": "https://id.wikipedia.org/wiki/Stefanus_Bria_Seran"
            }
        },
        {
            "name": "Louise Lucky Taolin",
            "title": "Calon Bupati",
            "description": "Louise Lucky Taolin, S.Sos. (lahir 16 September 1983) adalah Wakil Bupati Malaka periode 2021\u20132024. Ia menjabat sejak 26 April 2021 setelah dilantik Gubernur Nusa Tenggara Timur, Viktor Laiskodat di Aula El Tari, Kupang.",
            "profilePic": "https://upload.wikimedia.org/wikipedia/commons/thumb/b/b3/Wakil_Bupati_Malaka_Louise_Lucky_Taolin.png/220px-Wakil_Bupati_Malaka_Louise_Lucky_Taolin.png",
            "communityID": "382ebc9c-af6b-4fa9-a155-b14fdfeb390b",
            "sites": {
                "name": "Wikipedia",
                "url": "https://id.wikipedia.org/wiki/Louise_Lucky_Taolin"
            }
        }
    ],
    "source": "https://id.wikipedia.org/wiki/Pemilihan_umum_Bupati_Malaka_2024",
    "path": "kabupaten-malaka"
}