{
    "title": "Pemilihan umum Bupati Buton 2024",
    "region": "Buton",
    "level": "KABUPATEN",
    "candidates": [
        {
            "name": "La Bakry",
            "title": "Calon Bupati",
            "description": "La Bakry (lahir 7 Mei 1966) adalah seorang politisi Indonesia kelahiran Buton yang menjabat sebagai Bupati Buton. Ia lahir dari pasangan La Roni dan Naiwui. Ia menikahi Delya Montolalu dan dikaruniai 3 anak.",
            "profilePic": "https://upload.wikimedia.org/wikipedia/commons/thumb/c/ca/Wakil_bupati_Buton_la_bakry.jpg/220px-Wakil_bupati_Buton_la_bakry.jpg",
            "communityID": "0716bd27-52f2-4b0e-9e01-203702c0fca9",
            "sites": {
                "name": "Wikipedia",
                "url": "https://id.wikipedia.org/wiki/La_Bakry"
            }
        },
        {
            "name": "Hariasi Salad",
            "title": "Calon Bupati",
            "description": null,
            "profilePic": "",
            "communityID": "0716bd27-52f2-4b0e-9e01-203702c0fca9",
            "sites": null
        },
        {
            "name": "La Ode Rafiun",
            "title": "Calon Bupati",
            "description": null,
            "profilePic": "",
            "communityID": "0716bd27-52f2-4b0e-9e01-203702c0fca9",
            "sites": null
        },
        {
            "name": "Iis Elianti",
            "title": "Calon Bupati",
            "description": "Iis Elianti (lahir 20 Juni 1968) adalah seorang politikus Indonesia kelahiran Karawang, Jawa Barat. Ia merupakan istri Bupati Buton Samsu Umar Abdul Samiun. Pada 2019, ia diangkat menjadi Wakil Bupati Buton mendampingi La Bakry selaku Bupati Buton.",
            "profilePic": "https://upload.wikimedia.org/wikipedia/commons/thumb/9/9a/KPU_Iis_Elianti.jpg/220px-KPU_Iis_Elianti.jpg",
            "communityID": "0716bd27-52f2-4b0e-9e01-203702c0fca9",
            "sites": {
                "name": "Wikipedia",
                "url": "https://id.wikipedia.org/wiki/Iis_Elianti"
            }
        },
        {
            "name": "Arimusdi",
            "title": "Calon Bupati",
            "description": null,
            "profilePic": "",
            "communityID": "0716bd27-52f2-4b0e-9e01-203702c0fca9",
            "sites": null
        }
    ],
    "source": "https://id.wikipedia.org/wiki/Pemilihan_umum_Bupati_Buton_2024",
    "path": "kabupaten-buton"
}