{
    "title": "Pemilihan umum Bupati Labuhanbatu Utara 2024",
    "region": "Labuhanbatu Utara",
    "level": "KABUPATEN",
    "candidates": [
        {
            "name": "Hendri Yanto Sitorus",
            "title": "Calon Bupati",
            "description": "Hendri Yanto Sitorus, S.E., M.M. (lahir 13 Desember 1988) adalah politikus Indonesia yang menjabat Bupati Labuhanbatu Utara periode 2021\u20142024. HYS pernah menjabat sebagai Anggota DPRD Kabupaten Labuhanbatu Utara 2 periode yakni 2014\u20142019 dan 2019\u20142020.Ia adalah anak kandung dari mantan Bupati Labuhanbatu Utara, Khairuddin Syah Sitorus.",
            "profilePic": "https://upload.wikimedia.org/wikipedia/commons/thumb/5/58/Hendri_Yanto_2021.jpg/170px-Hendri_Yanto_2021.jpg",
            "communityID": "3e93dbb5-9b53-4401-9ded-93c1d8bb6ac9",
            "sites": {
                "name": "Wikipedia",
                "url": "https://id.wikipedia.org/wiki/Hendri_Yanto_Sitorus"
            }
        },
        {
            "name": "Samsul Tanjung",
            "title": "Calon Bupati",
            "description": "H. Samsul Tanjung, S.T., M.H. (lahir 20 Juni 1977) adalah Wakil Bupati Labuhanbatu Utara periode 2021\u20142024. Ia adalah wakil dari Bupati Labuhanbatu Utara, Hendri Yanto Sitorus.",
            "profilePic": "https://upload.wikimedia.org/wikipedia/commons/thumb/3/33/Samsul_Tanjung_2021.jpg/170px-Samsul_Tanjung_2021.jpg",
            "communityID": "3e93dbb5-9b53-4401-9ded-93c1d8bb6ac9",
            "sites": {
                "name": "Wikipedia",
                "url": "https://id.wikipedia.org/wiki/Samsul_Tanjung"
            }
        },
        {
            "name": "Ali Tambunan",
            "title": "Calon Bupati",
            "description": "Partai Hati Nurani Rakyat",
            "profilePic": "https://upload.wikimedia.org/wikipedia/commons/thumb/c/cb/Lambang_Labuhanbatu_Utara.jpg/50px-Lambang_Labuhanbatu_Utara.jpg",
            "communityID": "3e93dbb5-9b53-4401-9ded-93c1d8bb6ac9",
            "sites": {
                "name": "Wikipedia",
                "url": "https://id.wikipedia.org/wiki/Ali_Tambunan"
            }
        },
        {
            "name": "Darwin Halomoan Tanjung",
            "title": "Calon Bupati",
            "description": null,
            "profilePic": "",
            "communityID": "3e93dbb5-9b53-4401-9ded-93c1d8bb6ac9",
            "sites": null
        },
        {
            "name": "Muhammad Rafiq",
            "title": "Calon Bupati",
            "description": null,
            "profilePic": "",
            "communityID": "3e93dbb5-9b53-4401-9ded-93c1d8bb6ac9",
            "sites": null
        },
        {
            "name": "Yusrial Suprianto Pasaribu",
            "title": "Calon Bupati",
            "description": null,
            "profilePic": "",
            "communityID": "3e93dbb5-9b53-4401-9ded-93c1d8bb6ac9",
            "sites": null
        },
        {
            "name": "Zeira Salim Ritonga",
            "title": "Calon Bupati",
            "description": null,
            "profilePic": "",
            "communityID": "3e93dbb5-9b53-4401-9ded-93c1d8bb6ac9",
            "sites": null
        },
        {
            "name": "Dedi Iskandar",
            "title": "Calon Bupati",
            "description": null,
            "profilePic": "",
            "communityID": "3e93dbb5-9b53-4401-9ded-93c1d8bb6ac9",
            "sites": null
        },
        {
            "name": "Poaradda Nababan",
            "title": "Calon Bupati",
            "description": null,
            "profilePic": "",
            "communityID": "3e93dbb5-9b53-4401-9ded-93c1d8bb6ac9",
            "sites": null
        },
        {
            "name": "Edi Susanto Ritonga",
            "title": "Calon Bupati",
            "description": null,
            "profilePic": "",
            "communityID": "3e93dbb5-9b53-4401-9ded-93c1d8bb6ac9",
            "sites": null
        }
    ],
    "source": "https://id.wikipedia.org/wiki/Pemilihan_umum_Bupati_Labuhanbatu_Utara_2024",
    "path": "kabupaten-labuhanbatu-utara"
}