{
    "title": "Pemilihan umum Bupati Ponorogo 2024",
    "region": "Ponorogo",
    "level": "KABUPATEN",
    "candidates": [
        {
            "name": "Sugiri Sancoko",
            "title": "Calon Bupati",
            "description": "",
            "profilePic": "https://upload.wikimedia.org/wikipedia/commons/thumb/d/db/Sugiri_Sancoko_Bupati_Ponorogo.jpg/250px-Sugiri_Sancoko_Bupati_Ponorogo.jpg",
            "communityID": "a70c6a11-b9da-4461-bb00-c313ceedca35",
            "sites": {
                "name": "Wikipedia",
                "url": "https://id.wikipedia.org/wiki/Sugiri_Sancoko"
            }
        },
        {
            "name": "Lisdyarita",
            "title": "Calon Bupati",
            "description": "Hj. Lisdyarita, S.H. (lahir 18 Maret 1978) adalah politikus PDI Perjuangan yang menjabat sebagai Wakil Bupati Ponorogo periode 2021-2024.",
            "profilePic": "https://upload.wikimedia.org/wikipedia/commons/thumb/4/48/Seal_of_Ponorogo_Regency.svg/50px-Seal_of_Ponorogo_Regency.svg.png",
            "communityID": "a70c6a11-b9da-4461-bb00-c313ceedca35",
            "sites": {
                "name": "Wikipedia",
                "url": "https://id.wikipedia.org/wiki/Lisdyarita"
            }
        }
    ],
    "source": "https://id.wikipedia.org/wiki/Pemilihan_umum_Bupati_Ponorogo_2024",
    "path": "kabupaten-ponorogo"
}