{
    "title": "Pemilihan umum Bupati Musi Rawas Utara 2024",
    "region": "Musi Rawas Utara",
    "level": "KABUPATEN",
    "candidates": [
        {
            "name": "Devi Suhartoni",
            "title": "Calon Bupati",
            "description": "H. Devi Suhartoni (lahir 1 Juni 1969) adalah Bupati Musi Rawas Utara periode 2021\u20132024. Ia menjabat sejak 26 Februari 2021 setelah dilantik Gubernur Sumatera Selatan, Herman Deru di Griya Agung, Palembang.",
            "profilePic": "https://upload.wikimedia.org/wikipedia/commons/thumb/6/65/Musi_Rawas_Utara.png/50px-Musi_Rawas_Utara.png",
            "communityID": "bb8d5220-2e39-407a-aa97-f7bae2c2454b",
            "sites": {
                "name": "Wikipedia",
                "url": "https://id.wikipedia.org/wiki/Devi_Suhartoni"
            }
        },
        {
            "name": "Innayatullah",
            "title": "Calon Bupati",
            "description": "H. Innayatullah (lahir 31 Januari 1976) adalah Wakil Bupati Musi Rawas Utara periode 2021\u20132024. Ia menjabat sejak 26 Februari 2021 setelah dilantik Gubernur Sumatera Selatan, Herman Deru di Griya Agung, Palembang.",
            "profilePic": "https://upload.wikimedia.org/wikipedia/commons/thumb/6/65/Musi_Rawas_Utara.png/50px-Musi_Rawas_Utara.png",
            "communityID": "bb8d5220-2e39-407a-aa97-f7bae2c2454b",
            "sites": {
                "name": "Wikipedia",
                "url": "https://id.wikipedia.org/wiki/Innayatullah"
            }
        },
        {
            "name": "Gani Subit",
            "title": "Calon Bupati",
            "description": null,
            "profilePic": "",
            "communityID": "bb8d5220-2e39-407a-aa97-f7bae2c2454b",
            "sites": null
        }
    ],
    "source": "https://id.wikipedia.org/wiki/Pemilihan_umum_Bupati_Musi_Rawas_Utara_2024",
    "path": "kabupaten-musi-rawas-utara"
}