{
    "title": "Pemilihan umum Bupati Lingga 2024",
    "region": "Lingga",
    "level": "KABUPATEN",
    "path": "kabupaten-lingga",
    "source": "https://id.wikipedia.org/wiki/Pemilihan_umum_Bupati_Lingga_2024",
    "communityID": "155b4199-8825-4feb-8407-62fa8f0b8898",
    "candidates": [
        {
            "name": "M. Nizar",
            "description": "M. Nizar, S.Sos. (lahir 3 Februari 1982) adalah Bupati Lingga periode 2021\u20132024.[1]\n",
            "profilePic": "https://upload.wikimedia.org/wikipedia/commons/5/58/Wakil_Bupati_Lingga_M._Nizar.jpg",
            "title": "Bupati Lingga",
            "sites": {
                "name": "Wikipedia",
                "url": "https://id.wikipedia.org/wiki/M._Nizar"
            },
            "communityID": "155b4199-8825-4feb-8407-62fa8f0b8898"
        },
        {
            "name": "Alias Wello",
            "description": "H. Alias Wello, S.I.P. (lahir 7 Januari 1963) adalah Bupati Lingga periode 2016\u20132020. Alias Wello pernah menjabat sebagai Ketua DPRD Kabupaten Lingga periode 2004\u20132009.\n",
            "profilePic": "https://upload.wikimedia.org/wikipedia/commons/c/ca/KPU_Alias_Wello.jpg",
            "title": "Mantan Bupati Lingga",
            "sites": {
                "name": "Wikipedia",
                "url": "https://id.wikipedia.org/wiki/Alias_Wello"
            },
            "communityID": "155b4199-8825-4feb-8407-62fa8f0b8898"
        },
        {
            "name": "Saptono Mustaqim",
            "description": "",
            "profilePic": "",
            "title": "Mantan Wakil Bupati Lingga",
            "sites": {},
            "communityID": "155b4199-8825-4feb-8407-62fa8f0b8898"
        }
    ]
}