{
    "title": "Pemilihan umum Bupati Aceh Timur 2024",
    "region": "Aceh Timur",
    "level": "KABUPATEN",
    "candidates": [
        {
            "name": "dr. Mahfudhdinsyah",
            "title": "Calon Bupati",
            "description": null,
            "profilePic": "",
            "communityID": "09b732a8-78e9-4c32-b08e-95a26e63ccdb",
            "sites": null
        },
        {
            "name": "Muslim Hasballah",
            "title": "Calon Bupati",
            "description": "Teungku Muslim Hasballah (lahir 21 Maret 1968) adalah tokoh pejuang GAM. Dia pernah menjabat sebagai Panglima Gerakan Aceh Merdeka wilayah Peureulak dan Bupati Aceh Timur periode 2007\u20142012.",
            "profilePic": "https://upload.wikimedia.org/wikipedia/commons/thumb/1/19/Flag_of_Free_Aceh_Movement.svg/30px-Flag_of_Free_Aceh_Movement.svg.png",
            "communityID": "09b732a8-78e9-4c32-b08e-95a26e63ccdb",
            "sites": {
                "name": "Wikipedia",
                "url": "https://id.wikipedia.org/wiki/Muslim_Hasballah"
            }
        },
        {
            "name": "Syahrul Syamaun",
            "title": "Calon Bupati",
            "description": "Teungku Syahrul Syamaun, lebih dikenal dengan nama Linud (lahir 13 Juli 1969) adalah tokoh pejuang GAM. Dia pernah menjabat sebagai Tim Monitoring JSC dari Representative GAM. Dia juga pernah menjabat sebagai Wakil Bupati Aceh Timur.",
            "profilePic": "https://upload.wikimedia.org/wikipedia/commons/thumb/1/19/Flag_of_Free_Aceh_Movement.svg/23px-Flag_of_Free_Aceh_Movement.svg.png",
            "communityID": "09b732a8-78e9-4c32-b08e-95a26e63ccdb",
            "sites": {
                "name": "Wikipedia",
                "url": "https://id.wikipedia.org/wiki/Syahrul_Syamaun"
            }
        },
        {
            "name": "Robin Van Persie",
            "title": "Calon Bupati",
            "description": "",
            "profilePic": "https://upload.wikimedia.org/wikipedia/commons/thumb/6/65/Loco-Fener_%2810%29.jpg/220px-Loco-Fener_%2810%29.jpg",
            "communityID": "09b732a8-78e9-4c32-b08e-95a26e63ccdb",
            "sites": {
                "name": "Wikipedia",
                "url": "https://id.wikipedia.org/wiki/Robin_Van_Persie"
            }
        },
        {
            "name": "Hamdani Hasan",
            "title": "Calon Bupati",
            "description": null,
            "profilePic": "",
            "communityID": "09b732a8-78e9-4c32-b08e-95a26e63ccdb",
            "sites": null
        },
        {
            "name": "Ridwan Abubakar",
            "title": "Calon Bupati",
            "description": "Teungku Ridwan Abubakar, S.Pd.I., M.M., lebih dikenal dengan nama Nektu (lahir 4 Desember 1964) adalah tokoh pejuang GAM. Dia pernah menjabat sebagai Wakil Panglima Gerakan Aceh Merdeka wilayah Peureulak. Dia sekarang mejabat sebagai Anggota DPRA Fraksi Partai Damai Aceh.",
            "profilePic": "https://upload.wikimedia.org/wikipedia/commons/thumb/1/19/Flag_of_Free_Aceh_Movement.svg/30px-Flag_of_Free_Aceh_Movement.svg.png",
            "communityID": "09b732a8-78e9-4c32-b08e-95a26e63ccdb",
            "sites": {
                "name": "Wikipedia",
                "url": "https://id.wikipedia.org/wiki/Ridwan_Abubakar"
            }
        },
        {
            "name": "Zulfadli Aiyub",
            "title": "Calon Bupati",
            "description": null,
            "profilePic": "",
            "communityID": "09b732a8-78e9-4c32-b08e-95a26e63ccdb",
            "sites": null
        },
        {
            "name": "Abdul Rani",
            "title": "Calon Bupati",
            "description": null,
            "profilePic": "",
            "communityID": "09b732a8-78e9-4c32-b08e-95a26e63ccdb",
            "sites": null
        }
    ],
    "source": "https://id.wikipedia.org/wiki/Pemilihan_umum_Bupati_Aceh_Timur_2024",
    "path": "kabupaten-aceh-timur"
}