{
    "title": "Pemilihan umum Bupati Aceh Tenggara 2024",
    "region": "Aceh Tenggara",
    "level": "KABUPATEN",
    "candidates": [
        {
            "name": "Drs. H. Raidin Pinim, M.A.P",
            "title": "Calon Bupati",
            "description": "Drs. H. Raidin Pinim, M.AP. (lahir 2 Desember 1970) adalah politikus Indonesia yang menjabat sebagai Bupati Aceh Tenggara periode 2017-2022.",
            "profilePic": "https://upload.wikimedia.org/wikipedia/commons/thumb/a/a1/2017-fr.wp-orange-source.svg/40px-2017-fr.wp-orange-source.svg.png",
            "communityID": "5fe3e3f4-f832-4b5a-ae68-4c137d309f37",
            "sites": {
                "name": "Wikipedia",
                "url": "https://id.wikipedia.org/wiki/Raidin_Pinim"
            }
        },
        {
            "name": "H. Bukhari",
            "title": "Calon Bupati",
            "description": "H. Bukhari (lahir 10 Februari 1964) adalah politikus Aceh Tenggara yang menjabat sebagai Wakil Bupati Aceh Tenggara periode 2017\u20132022. ia juga menjabat sebagai Ketua DPC Partai Hanura Kab. Aceh Tenggara sejak 2011.",
            "profilePic": "https://upload.wikimedia.org/wikipedia/commons/thumb/f/f2/Edit-clear.svg/40px-Edit-clear.svg.png",
            "communityID": "5fe3e3f4-f832-4b5a-ae68-4c137d309f37",
            "sites": {
                "name": "Wikipedia",
                "url": "https://id.wikipedia.org/wiki/Bukhari_(politikus)"
            }
        },
        {
            "name": "H. M. Salim Fakhri, S.E., M.M.",
            "title": "Calon Bupati",
            "description": "H. Muhammad Salim Fakhry, S.E., M.M. (lahir di Aceh Tenggara, 21 Oktober 1968) adalah seorang politikus Indonesia. Ia saat ini menjabat sebagai anggota Dewan Perwakilan Rakyat Republik Indonesia (DPR RI) dari Partai Golongan Karya mewakili daerah pemilihan Aceh I, terpilih sebagai anggota DPR RI Periode 2019-2024 setelah memperoleh 63.267 suara melalui Partai Golkar. Pada masa kerjanya di periode 2019-2024, Salim bertugas di Komisi 4 yang meliputi Pertanian, Lingkungan Hidup dan Kehutanan serta Kelautan.",
            "profilePic": "https://upload.wikimedia.org/wikipedia/commons/thumb/c/c1/Anggota_DPR_Muhammad_Salim_Fakhry.jpg/100px-Anggota_DPR_Muhammad_Salim_Fakhry.jpg",
            "communityID": "5fe3e3f4-f832-4b5a-ae68-4c137d309f37",
            "sites": {
                "name": "Wikipedia",
                "url": "https://id.wikipedia.org/wiki/Muhammad_Salim_Fakhry"
            }
        },
        {
            "name": "H. Ali Basrah, S.Pd., M.M.",
            "title": "Calon Bupati",
            "description": "H. Ali Basrah Pasaribu, S.Pd., M.M. (lahir 19 Juni 1966) adalah anggota DPR Aceh dari Partai Golongan Karya Dapil Aceh 8, terpilih sebagai anggota DPR Aceh Periode 2019-2024 setelah memperoleh suara terbanyak dengan jumlah mencapai 25.314 suara dari 81 Anggota DPR Aceh terpilih. Pada masa kerjanya di periode 2019-2024, Ali menjabat sebagai Ketua Fraksi Partai Golkar DPR Aceh, Sementara di Partai Golkar Aceh, Ali mengemban amanah sebagai Sekretaris DPD I Partai Golkar Aceh masa bakti 2020-2025.",
            "profilePic": "",
            "communityID": "5fe3e3f4-f832-4b5a-ae68-4c137d309f37",
            "sites": {
                "name": "Wikipedia",
                "url": "https://id.wikipedia.org/wiki/Ali_Basrah"
            }
        },
        {
            "name": "Anggota Dewan Perwakilan Rakyat Aceh (2019-2024)",
            "title": "Calon Bupati",
            "description": "Dewan Perwakilan Rakyat Aceh (disingkat DPR Aceh atau DPRA) adalah lembaga perwakilan rakyat daerah yang berkedudukan sebagai unsur penyelenggara Pemerintahan Daerah di Provinsi Aceh, Indonesia.\nBerbeda dengan DPRD Provinsi lain di Indonesia pada umumnya, DPRA memiliki nama yang unik serta jumlah anggota 1\u00bc kali lebih banyak dari DPRD provinsi menurut undang-undang. DPRA beranggotakan 81 orang yang dipilih melalui pemilihan umum setiap lima tahun sekali. Pimpinan DPRA terdiri dari 1 Ketua dan 3 Wakil Ketua yang berasal dari partai politik dengan jumlah kursi dan suara terbanyak. Anggota DPRA yang sedang menjabat saat ini adalah hasil Pemilu 2019 yang dilantik pada 30 September 2019 oleh Ketua Pengadilan Tinggi Banda Aceh, Djumali, di Gedung Utama DPR Aceh. Komposisi anggota DPRA periode 2019-2024 terdiri dari 15 partai politik dimana Partai Aceh merupakan pemilik kursi terbanyak yaitu 18 kursi.",
            "profilePic": "https://upload.wikimedia.org/wikipedia/commons/thumb/9/91/DPR_Aceh.png/120px-DPR_Aceh.png",
            "communityID": "5fe3e3f4-f832-4b5a-ae68-4c137d309f37",
            "sites": {
                "name": "Wikipedia",
                "url": "https://id.wikipedia.org/wiki/Dewan_Perwakilan_Rakyat_Aceh"
            }
        },
        {
            "name": "Denny Febrian Roza, S.STP., M.Si.",
            "title": "Calon Bupati",
            "description": "Denny Febrian Roza, S.STP., M.Si. (lahir 13 Februari 1984) adalah Ketua DPRK Aceh Tenggara periode 2019-2024 memperoleh 4.305 suara melalui Partai Golkar dapil Aceh Tenggara 2.",
            "profilePic": "https://upload.wikimedia.org/wikipedia/commons/thumb/a/ac/KPU_Denny_Febrian_Roza.jpg/220px-KPU_Denny_Febrian_Roza.jpg",
            "communityID": "5fe3e3f4-f832-4b5a-ae68-4c137d309f37",
            "sites": {
                "name": "Wikipedia",
                "url": "https://id.wikipedia.org/wiki/Denny_Febrian_Roza"
            }
        },
        {
            "name": "Anggota DPRD Bengkalis",
            "title": "Calon Bupati",
            "description": "Dewan Perwakilan Rakyat Daerah Kabupaten Bengkalis (disingkat DPRD Bengkalis) adalah lembaga legislatif unikameral yang menjadi mitra kerja Pemerintah Kabupaten Bengkalis, Provinsi Riau. DPRD Bengkalis memiliki 45 anggota yang tersebar di 11 partai politik, dengan perolehan suara mayoritas diraih oleh Partai Golongan Karya dan Partai Keadilan Sejahtera.",
            "profilePic": "",
            "communityID": "5fe3e3f4-f832-4b5a-ae68-4c137d309f37",
            "sites": {
                "name": "Wikipedia",
                "url": "https://id.wikipedia.org/wiki/Dewan_Perwakilan_Rakyat_Daerah_Kabupaten_Bengkalis"
            }
        },
        {
            "name": "Jarwansah, S.Pd, M.A.P, M.M.",
            "title": "Calon Bupati",
            "description": "Jarwansah, S.Pd, M.A.P, M.M. (lahir 30 Agustus 1970) adalah seorang birokrat asal Aceh Tenggara yang saat ini menjabat sebagai Deputi Bidang Rehabilitasi dan Rekonstruksi BNPB.",
            "profilePic": "https://upload.wikimedia.org/wikipedia/commons/thumb/c/c2/Deputi_Bidang_Rehabilitasi_dan_Rekonstruksi_Jarwansah.jpg/220px-Deputi_Bidang_Rehabilitasi_dan_Rekonstruksi_Jarwansah.jpg",
            "communityID": "5fe3e3f4-f832-4b5a-ae68-4c137d309f37",
            "sites": {
                "name": "Wikipedia",
                "url": "https://id.wikipedia.org/wiki/Jarwansah"
            }
        },
        {
            "name": "dr. Bukhari Pinim, Sp.OG",
            "title": "Calon Bupati",
            "description": null,
            "profilePic": "",
            "communityID": "5fe3e3f4-f832-4b5a-ae68-4c137d309f37",
            "sites": null
        },
        {
            "name": "Bupati Aceh Tenggara (2007-2017)",
            "title": "Calon Bupati",
            "description": "Berikut ini adalah Daftar Bupati Aceh Tenggara dari masa ke masa.",
            "profilePic": "https://upload.wikimedia.org/wikipedia/commons/thumb/e/e6/Lambang_Kabupaten_Aceh_Tenggara.png/100px-Lambang_Kabupaten_Aceh_Tenggara.png",
            "communityID": "5fe3e3f4-f832-4b5a-ae68-4c137d309f37",
            "sites": {
                "name": "Wikipedia",
                "url": "https://id.wikipedia.org/wiki/Bupati_Aceh_Tenggara"
            }
        },
        {
            "name": "Ketua DPRK Aceh Tenggara (1997-2009)",
            "title": "Calon Bupati",
            "description": "Dewan Perwakilan Rakyat Kabupaten Aceh Tenggara (disingkat DPRK Aceh Tenggara) adalah lembaga perwakilan rakyat daerah tingkat kabupaten yang ada di Kabupaten Aceh Tenggara, Aceh, Indonesia. DPRK Aceh Tenggara memiliki 30 orang anggota yang tersebar di 9 partai politik, dengan perolehan suara mayoritas diraih oleh Partai Golongan Karya.",
            "profilePic": "https://upload.wikimedia.org/wikipedia/commons/thumb/8/85/DPRK_Aceh_Tenggara_2019.svg/250px-DPRK_Aceh_Tenggara_2019.svg.png",
            "communityID": "5fe3e3f4-f832-4b5a-ae68-4c137d309f37",
            "sites": {
                "name": "Wikipedia",
                "url": "https://id.wikipedia.org/wiki/Dewan_Perwakilan_Rakyat_Daerah_Kabupaten_Aceh_Tenggara"
            }
        }
    ],
    "source": "https://id.wikipedia.org/wiki/Pemilihan_umum_Bupati_Aceh_Tenggara_2024",
    "path": "kabupaten-aceh-tenggara"
}