{
    "title": "Pemilihan umum Bupati Banjarnegara 2024",
    "region": "Banjarnegara",
    "level": "KABUPATEN",
    "path": "kabupaten-banjarnegara",
    "source": "https://id.wikipedia.org/wiki/Pemilihan_umum_Bupati_Banjarnegara_2024",
    "communityID": "97aed613-e5d0-400c-b8f2-602593baeba2",
    "candidates": [
        {
            "name": "Taufik Nurochman",
            "description": "",
            "profilePic": "",
            "title": "Independent",
            "sites": {},
            "communityID": "97aed613-e5d0-400c-b8f2-602593baeba2"
        },
        {
            "name": "Syamsudin (politikus)",
            "description": "H. Syamsudin, S.Pd., M.Pd. (lahir 7 Februari 1954) adalah politikus Indonesia sebagai Wakil Bupati Kabupaten Banjarnegara dan menjabat sebagai Pelaksana Harian (Plh) Bupati Banjarnegara sejak 4 September 2021 setelah Budhi Sarwono (Bupati) ditetapkan sebagai tersangka kasus korupsi.[2][3] Ia menjabat sebagai Wakil Bupati Banjarnegara yang dilantik bersama Bupati Banjarnegara pada 22 Mei 2017 untuk masa jabatan hingga 22 Mei 2022.[4]\n",
            "profilePic": "",
            "title": "Mantan Plh. Bupati Banjarnegara",
            "sites": {
                "name": "Wikipedia",
                "url": "https://id.wikipedia.org/wiki/Syamsudin_(politikus)"
            },
            "communityID": "97aed613-e5d0-400c-b8f2-602593baeba2"
        },
        {
            "name": "Wahyu Kristianto",
            "description": "",
            "profilePic": "",
            "title": "Mantan Anggota DPRD Jateng",
            "sites": {},
            "communityID": "97aed613-e5d0-400c-b8f2-602593baeba2"
        },
        {
            "name": "Lasmi Indaryani",
            "description": "Lasmi Indaryani (lahir 23 April 1983) adalah seorang politikus Indonesia. Saat ini dia menjabat sebagai Anggota DPR-RI sejak 2019 mewakili daerah pemilihan Jawa Tengah VII. Dia adalah kader Partai Demokrat dan berada di Komisi V.[1]\n",
            "profilePic": "https://upload.wikimedia.org/wikipedia/commons/a/a0/Lasmi_Indaryani.jpg",
            "title": "Anggota DPR RI",
            "sites": {
                "name": "Wikipedia",
                "url": "https://id.wikipedia.org/wiki/Lasmi_Indaryani"
            },
            "communityID": "97aed613-e5d0-400c-b8f2-602593baeba2"
        },
        {
            "name": "Ismawan Setya Handoko",
            "description": "Ismawan Setya Handoko, S.E. (lahir 14 Agustus 1977) adalah seorang politisi Indonesia yang merupakan politisi senior Partai Demokrasi Indonesia Perjuangan yang menjabat sebagai Ketua Dewan Perwakilan Rakyat Daerah Kabupaten Banjarnegara sejak 26 September 2019.[1] Ismawan merupakan anggota DPRD Banjarnegara mewakili daerah pemilihan Banjarnegara 2 yang meliputi Kecamatan Bawang, Purwonegoro, dan  Pagedongan.\n",
            "profilePic": "https://upload.wikimedia.org/wikipedia/commons/8/81/KPU_Ismawan_Setya_Handoko.jpg",
            "title": "Ketua DPRD Banjarnegara",
            "sites": {
                "name": "Wikipedia",
                "url": "https://id.wikipedia.org/wiki/Ismawan_Setya_Handoko"
            },
            "communityID": "97aed613-e5d0-400c-b8f2-602593baeba2"
        },
        {
            "name": "Amalia Desiana",
            "description": "",
            "profilePic": "",
            "title": "Anggota DPRD Banjarnegara",
            "sites": {},
            "communityID": "97aed613-e5d0-400c-b8f2-602593baeba2"
        },
        {
            "name": "Edy Purwanto",
            "description": "",
            "profilePic": "",
            "title": "Wakil Ketua DPRD Banjarnegara",
            "sites": {},
            "communityID": "97aed613-e5d0-400c-b8f2-602593baeba2"
        },
        {
            "name": "Amin Makhsum",
            "description": "",
            "profilePic": "",
            "title": "Anggota DPRD Jateng",
            "sites": {},
            "communityID": "97aed613-e5d0-400c-b8f2-602593baeba2"
        },
        {
            "name": "Tri Mulyantoro",
            "description": "Tri Mulyantoro (lahir 29 Desember 1968) adalah seorang politikus Indonesia kelahiran Banjarnegara. Ia lahir dari pasangan Siti Djoerijah dan Soeparjo. Ia menempuh pendidikan di SD Negeri 1 Klampok, SMP N 1 Purwareja Klampok, SMA Negeri 1 Purwokerto dan Universitas Kristen Satya Wacana Salatiga. Ia tergabung dalam Partai Keadilan Sejahtera (PKS). Ia menjadi anggota DPRD Kabupaten Banjarnegara selama tiga periode, yakni pada 2004-2009, 2009-2014, dan 2014-2019. Pada tahun 2019, ia diangkat menjadi anggota DPRD Provinsi Jawa Tengah.\n",
            "profilePic": "https://upload.wikimedia.org/wikipedia/commons/b/b2/Anggota_DPRD_Jawa_Tengah_Tri_Mulyantoro.jpg",
            "title": "Anggota DPRD Jateng",
            "sites": {
                "name": "Wikipedia",
                "url": "https://id.wikipedia.org/wiki/Tri_Mulyantoro"
            },
            "communityID": "97aed613-e5d0-400c-b8f2-602593baeba2"
        },
        {
            "name": "Wakhid Jumali",
            "description": "",
            "profilePic": "",
            "title": "Anggota DPRD Jateng",
            "sites": {},
            "communityID": "97aed613-e5d0-400c-b8f2-602593baeba2"
        },
        {
            "name": "Arif Budi Waluyo",
            "description": "",
            "profilePic": "",
            "title": "Wakil Ketua DPRD Banjarnegara",
            "sites": {},
            "communityID": "97aed613-e5d0-400c-b8f2-602593baeba2"
        },
        {
            "name": "Bawono",
            "description": "",
            "profilePic": "",
            "title": "Anggota DPRD Banjarnegara",
            "sites": {},
            "communityID": "97aed613-e5d0-400c-b8f2-602593baeba2"
        },
        {
            "name": "Wahono",
            "description": "Letnan Jenderal TNI (Purn.) Wahono (25 Maret 1925\u00a0\u2013\u00a08 November 2004) adalah politikus Indonesia yang pernah menjabat sebagai Ketua DPR/MPR pada masa Orde Baru.[1] Posisi yang pernah dijabatnya antara lain Penjabat Pangkostrad (1969\u20131970), Pangdam VIII/Brawijaya (1970\u20131972), Pangkostrad (1972\u20131973), Pangkostranas (1973\u20131974), Deputi KSAD (1974\u20131977), Dubes RI untuk Burma dan Nepal (1977\u20131981), Dirjen Bea Cukai (1981\u20131983), Gubernur Jawa Timur (1983\u20131988), dan Ketua DPR/MPR (1992\u20131997).\n",
            "profilePic": "https://upload.wikimedia.org/wikipedia/commons/5/51/Wahono%2C_Gedung_MPR_DPR_RI_-_Sejarah_dan_Perkembangannya%2C_pXVI.jpg",
            "title": "Bakal Calon Gubernur",
            "sites": {
                "name": "Wikipedia",
                "url": "https://id.wikipedia.org/wiki/Wahono"
            },
            "communityID": "97aed613-e5d0-400c-b8f2-602593baeba2"
        },
        {
            "name": "Warso",
            "description": "",
            "profilePic": "",
            "title": "Bakal Calon Gubernur",
            "sites": {},
            "communityID": "97aed613-e5d0-400c-b8f2-602593baeba2"
        }
    ]
}