{
    "title": "Pemilihan umum Bupati Sabu Raijua 2024",
    "region": "Sabu Raijua",
    "level": "KABUPATEN",
    "path": "kabupaten-sabu-raijua",
    "source": "https://id.wikipedia.org/wiki/Pemilihan_umum_Bupati_Sabu_Raijua_2024",
    "communityID": "298436ef-085a-46b1-901c-44bc4e7d7379",
    "candidates": [
        {
            "name": "Nikodemus Nithanel Rihi Heke",
            "description": "Drs. Nikodemus Nithanel Rihi Heke, M.Si. (lahir 14 November 1962) adalah Bupati Kabupaten Sabu Raijua periode 2019\u20132021 dan 2021\u20132024. Sebelumnya ia adalah Wakil Bupati Sabu Raijua pertama yang mendampingi Bupati saat itu, Marthen Luther Dira Tome, selama dua periode, yakni 2011\u20132016 dan 2016\u20132021. Pada 2016\u20132019 ia menjadi pelaksana tugas bupati dan pada 14 Februari 2019 ia resmi menjadi bupati Sabu Raijua secara definitif.[1]\n",
            "profilePic": "https://upload.wikimedia.org/wikipedia/commons/7/79/Bupati_Sabu_Raijua_Nikodemus_Nithanel_Rihi_Heke.jpg",
            "title": "Bupati Sabu Raijua sisa masa jabatan periode 2016\u20132021 pada tahun 2019\u20132021 dan periode 2021\u20132024",
            "sites": {
                "name": "Wikipedia",
                "url": "https://id.wikipedia.org/wiki/Nikodemus_Nithanel_Rihi_Heke"
            },
            "communityID": "298436ef-085a-46b1-901c-44bc4e7d7379"
        },
        {
            "name": "Yohanis Uly Kale",
            "description": "Yohanis Uly Kale, A.Md. (lahir 15 Mei 1979) adalah Wakil Bupati Sabu Raijua periode 2021\u20132024. Ia menjabat sejak 16 September 2021 setelah dilantik Gubernur Nusa Tenggara Timur, Viktor Laiskodat di Aula Rumah Jabatan Gubernur Aula El Tari, Kupang.[1]\n",
            "profilePic": "https://upload.wikimedia.org/wikipedia/commons/2/26/Wakil_Bupati_Sabu_Raijua_Yohanis_Uly_Kale.jpg",
            "title": "Wakil Bupati Sabu Raijua periode 2021\u20132024",
            "sites": {
                "name": "Wikipedia",
                "url": "https://id.wikipedia.org/wiki/Yohanis_Uly_Kale"
            },
            "communityID": "298436ef-085a-46b1-901c-44bc4e7d7379"
        },
        {
            "name": "Simon Dira Tome",
            "description": "",
            "profilePic": "",
            "title": "Ketua DPD II Golkar Kabupaten Sabu Raijua",
            "sites": {},
            "communityID": "298436ef-085a-46b1-901c-44bc4e7d7379"
        }
    ]
}