{
    "title": "Pemilihan umum Bupati Ketapang 2024",
    "region": "Ketapang",
    "level": "KABUPATEN",
    "candidates": [
        {
            "name": "Farhan",
            "title": "Calon Bupati",
            "description": "H. Farhan, S.E., M.Si., (lahir 24 November 1962) adalah Wakil Bupati Ketapang petahana yang menjabat sejak 26 Februari 2021. Ia terpilih dalam Pilkada Ketapang 2020 mendampingi bupati petahana, Martin Rantan, dan diusung oleh Partai Golkar dan Partai Hanura. Sebelum terpilih sebagai wakil bupati, Farhan merupakan birokrat dengan jabatan terakhir Sekretaris Daerah Kabupaten Ketapang.",
            "profilePic": "https://upload.wikimedia.org/wikipedia/commons/thumb/2/2f/FARHAN_2020.jpg/200px-FARHAN_2020.jpg",
            "communityID": "161a4319-386f-4d54-bf98-71a1d160528e",
            "sites": {
                "name": "Wikipedia",
                "url": "https://id.wikipedia.org/wiki/Farhan"
            }
        },
        {
            "name": "Jamhuri Amir",
            "title": "Calon Bupati",
            "description": null,
            "profilePic": "",
            "communityID": "161a4319-386f-4d54-bf98-71a1d160528e",
            "sites": null
        },
        {
            "name": "Junaidi",
            "title": "Calon Bupati",
            "description": null,
            "profilePic": "",
            "communityID": "161a4319-386f-4d54-bf98-71a1d160528e",
            "sites": null
        },
        {
            "name": "Muhammad Febriadi",
            "title": "Calon Bupati",
            "description": null,
            "profilePic": "",
            "communityID": "161a4319-386f-4d54-bf98-71a1d160528e",
            "sites": null
        },
        {
            "name": "Mathoji",
            "title": "Calon Bupati",
            "description": null,
            "profilePic": "",
            "communityID": "161a4319-386f-4d54-bf98-71a1d160528e",
            "sites": null
        },
        {
            "name": "Boyman Harun",
            "title": "Calon Bupati",
            "description": "H. Boyman Harun, S.H. (lahir 13 Maret 1965) adalah politikus Indonesia yang menjabat sebagai anggota DPR-RI periode 2019\u20132024. Ia mewakili daerah pemilihan Kalimantan Barat I, yang meliputi Kabupaten Sambas, Kabupaten Bengkayang, Kota Singkawang, Kabupaten Landak, Kabupaten Kayong Utara, Kabupaten Ketapang, Kota Pontianak, Kabupaten Mempawah, dan Kabupaten Kubu Raya. Boyman merupakan kader Partai Amanat Nasional, ia bertugas di Komisi V.",
            "profilePic": "https://upload.wikimedia.org/wikipedia/commons/thumb/0/0e/Anggota_DPR_Boyman_Harun.jpg/220px-Anggota_DPR_Boyman_Harun.jpg",
            "communityID": "161a4319-386f-4d54-bf98-71a1d160528e",
            "sites": {
                "name": "Wikipedia",
                "url": "https://id.wikipedia.org/wiki/Boyman_Harun"
            }
        },
        {
            "name": "Heronimus",
            "title": "Calon Bupati",
            "description": null,
            "profilePic": "",
            "communityID": "161a4319-386f-4d54-bf98-71a1d160528e",
            "sites": null
        },
        {
            "name": "Thomas Aleksander",
            "title": "Calon Bupati",
            "description": null,
            "profilePic": "",
            "communityID": "161a4319-386f-4d54-bf98-71a1d160528e",
            "sites": null
        },
        {
            "name": "A. Alibata",
            "title": "Calon Bupati",
            "description": null,
            "profilePic": "",
            "communityID": "161a4319-386f-4d54-bf98-71a1d160528e",
            "sites": null
        },
        {
            "name": "Suma Jenny Heryanti",
            "title": "Calon Bupati",
            "description": null,
            "profilePic": "",
            "communityID": "161a4319-386f-4d54-bf98-71a1d160528e",
            "sites": null
        },
        {
            "name": "Henrikus",
            "title": "Calon Bupati",
            "description": null,
            "profilePic": "",
            "communityID": "161a4319-386f-4d54-bf98-71a1d160528e",
            "sites": null
        },
        {
            "name": "Suprapto",
            "title": "Calon Bupati",
            "description": "Soeprapto atau Suprapto dapat mengacu pada beberapa hal berikut:",
            "profilePic": "https://upload.wikimedia.org/wikipedia/commons/thumb/4/44/OOjs_UI_indicator_search-ltr-progressive.svg/15px-OOjs_UI_indicator_search-ltr-progressive.svg.png",
            "communityID": "161a4319-386f-4d54-bf98-71a1d160528e",
            "sites": {
                "name": "Wikipedia",
                "url": "https://id.wikipedia.org/wiki/Suprapto"
            }
        },
        {
            "name": "Antoni Salim",
            "title": "Calon Bupati",
            "description": null,
            "profilePic": "",
            "communityID": "161a4319-386f-4d54-bf98-71a1d160528e",
            "sites": null
        },
        {
            "name": "Gusti Kamboja",
            "title": "Calon Bupati",
            "description": null,
            "profilePic": "",
            "communityID": "161a4319-386f-4d54-bf98-71a1d160528e",
            "sites": null
        },
        {
            "name": "Leonardus Rantan",
            "title": "Calon Bupati",
            "description": null,
            "profilePic": "",
            "communityID": "161a4319-386f-4d54-bf98-71a1d160528e",
            "sites": null
        },
        {
            "name": "NATTE BANGORIS TODONG.",
            "title": "Calon Bupati",
            "description": null,
            "profilePic": "",
            "communityID": "161a4319-386f-4d54-bf98-71a1d160528e",
            "sites": null
        },
        {
            "name": "NARISTO AVELLINO MESSI.",
            "title": "Calon Bupati",
            "description": null,
            "profilePic": "",
            "communityID": "161a4319-386f-4d54-bf98-71a1d160528e",
            "sites": null
        },
        {
            "name": "Irvan Marsyad",
            "title": "Calon Bupati",
            "description": null,
            "profilePic": "",
            "communityID": "161a4319-386f-4d54-bf98-71a1d160528e",
            "sites": null
        }
    ],
    "source": "https://id.wikipedia.org/wiki/Pemilihan_umum_Bupati_Ketapang_2024",
    "path": "kabupaten-ketapang"
}