{
    "title": "Pemilihan umum Bupati Probolinggo 2024",
    "region": "Probolinggo",
    "level": "KABUPATEN",
    "candidates": [
        {
            "name": "Muhammad Haris Damanhuri",
            "title": "Calon Bupati",
            "description": "dr. K.H. Muhammad Haris Damanhuri Romly, M.Kes., atau biasa disebut Gus. Haris (Lahir di Probolinggo 27 September 1974) adalah seorang Pengusaha dan Politisi yang berasal dari Pondok Pesantren Zainul Hasan Genggong, Kecamatan Pajarakan, Kabupaten Probolinggo, Jawa Timur. ia adalah merupakan putra pertama dari Almarhum KH. Damanhuri Romly dan Nyai Hj. Diana Susilowati atau Ning Sus. ia juga keponakan dari KH. Moh. Hasan Mutawakkil 'Alallah, S.H., M.M. yang merupakan Pengasuh Pondok Pesantren Zainul Hasan Genggong.",
            "profilePic": "https://upload.wikimedia.org/wikipedia/commons/thumb/a/a1/2017-fr.wp-orange-source.svg/40px-2017-fr.wp-orange-source.svg.png",
            "communityID": "ff55d8f9-1a7e-49fb-ad91-2c4dca139cac",
            "sites": {
                "name": "Wikipedia",
                "url": "https://id.wikipedia.org/wiki/Muhammad_Haris_Damanhuri_Romly"
            }
        },
        {
            "name": "Timbul Prihanjoko",
            "title": "Calon Bupati",
            "description": "Drs. H. Ahmad Timbul Prihanjoko (lahir 19 April 1968) adalah politikus Indonesia yang menjabat sebagai Pelaksana Tugas Bupati Probolinggo sisa masa jabatan 2021\u20132023, dan Wakil Bupati Probolinggo dua periode, yakni 2013\u20132018 dan 2018\u20132021.",
            "profilePic": "https://upload.wikimedia.org/wikipedia/commons/thumb/9/98/Wakil_Bupati_Probolinggo_A._Timbul_Prihanjoko.jpg/220px-Wakil_Bupati_Probolinggo_A._Timbul_Prihanjoko.jpg",
            "communityID": "ff55d8f9-1a7e-49fb-ad91-2c4dca139cac",
            "sites": {
                "name": "Wikipedia",
                "url": "https://id.wikipedia.org/wiki/Timbul_Prihanjoko"
            }
        },
        {
            "name": "Abdul Malik Haramain",
            "title": "Calon Bupati",
            "description": "Gus H. Abdul Malik Haramain, M.Si., (Lahir 03 Mei 1972) adalah seorang Politikus Indonesia dari Partai Kebangkitan Bangsa yang menjabat sebagai anggota DPR-RI dua periode sejak 2009 - 2014 dan 2014 - 2018. Ia mewakili daerah pemilihan Jawa Timur II, yang meliputi Kabupaten Pasuruan, Kabupaten Probolinggo, Kota Pasuruan, dan Kota Probolinggo.",
            "profilePic": "https://upload.wikimedia.org/wikipedia/commons/thumb/b/b3/Malik_Haramain.png/220px-Malik_Haramain.png",
            "communityID": "ff55d8f9-1a7e-49fb-ad91-2c4dca139cac",
            "sites": {
                "name": "Wikipedia",
                "url": "https://id.wikipedia.org/wiki/Abdul_Malik_Haramain"
            }
        },
        {
            "name": "Mahdi",
            "title": "Calon Bupati",
            "description": "Mahdi, S.E., S.H. ( lahir 27 April 1973), dikenal dengan sapaan Kang Mahdi  adalah seorang Politisi Indonesia yang menjabat sebagai anggota legislatif Dewan Perwakilan Rakyat Daerah Provinsi Jawa Timur selama 3 periode (2009-2014, 2014-2019 dan 2019\u20132024), Ia mewakili daerah pemilihan Jawa Timur III, yang meliputi Kabupaten Probolinggo, Kota Probolinggo, Kabupaten Pasuruan, dan Kota Pasuruan, Mahdi merupakan kader Partai Persatuan Pembangunan. Saat ini, ia duduk di Komisi B sebagai Wakil Ketua.",
            "profilePic": "https://upload.wikimedia.org/wikipedia/commons/thumb/d/d3/Mahdi_%28PPP%29.jpg/220px-Mahdi_%28PPP%29.jpg",
            "communityID": "ff55d8f9-1a7e-49fb-ad91-2c4dca139cac",
            "sites": {
                "name": "Wikipedia",
                "url": "https://id.wikipedia.org/wiki/Mahdi"
            }
        },
        {
            "name": "Zulmi Noor Hasani",
            "title": "Calon Bupati",
            "description": null,
            "profilePic": "",
            "communityID": "ff55d8f9-1a7e-49fb-ad91-2c4dca139cac",
            "sites": null
        },
        {
            "name": "Dini Rahmania",
            "title": "Calon Bupati",
            "description": null,
            "profilePic": "",
            "communityID": "ff55d8f9-1a7e-49fb-ad91-2c4dca139cac",
            "sites": null
        },
        {
            "name": "Salim Qurays",
            "title": "Calon Bupati",
            "description": "Habib H. Salim Qurays. (Lahir 12 Juli 1975) seorang Politisi Partai Persatuan Pembangunan. pernah menjabat sebagai Wakil Bupati yang berpasangan dengan Bupati Hasan Aminuddin Kabupaten Probolinggo periode 2008 - 2013",
            "profilePic": "",
            "communityID": "ff55d8f9-1a7e-49fb-ad91-2c4dca139cac",
            "sites": {
                "name": "Wikipedia",
                "url": "https://id.wikipedia.org/wiki/Salim_Qurays"
            }
        },
        {
            "name": "Faisol Reza",
            "title": "Calon Bupati",
            "description": "Faisol Riza (lahir 1 Januari 1973) adalah aktivis pejuang reformasi yang sempat diculik, tetapi dikembalikan. Ia dikenal sebagai kerabat Hasan Aminuddin mantan Bupati Probolinggo.",
            "profilePic": "https://upload.wikimedia.org/wikipedia/commons/thumb/e/ec/KPU_Faisol_Reza.png/220px-KPU_Faisol_Reza.png",
            "communityID": "ff55d8f9-1a7e-49fb-ad91-2c4dca139cac",
            "sites": {
                "name": "Wikipedia",
                "url": "https://id.wikipedia.org/wiki/Faisol_Reza"
            }
        },
        {
            "name": "Abdul Hamid Wahid",
            "title": "Calon Bupati",
            "description": "R. K.H. Datuk Guru. Abdul Hamid Wahid, M.Ag,. Atau biasa dipanggil Gus atau Lora Hamid. (Lahir 04 September 1971) terlahir dari pasangan KH. Abd. Wahid Zaini, S.H. (Alm.) dan Ny. Hj. Zubaidiyah Thoha. dari keluarga Pondok Pesantren Nurul Jadid, Karanganyar, Paiton, Probolinggo, Jawa Timur. Sejak kecil beliau telah menempuh pendidikan formal yang religius, hingga kemudian melanjutkan karier sebagai tenaga pengajar masih di bidang keagamaan. beliau adalah anggota DPR RI periode 2004-2009 dan 2009-2014 dari Partai Kebangkitan Bangsa mewakili Jawa Timur. Ia ditempatkan di Komisi X yang menangani Pendidikan, Olahraga, Pariwisata, Kesenian dan Kebudayaan. saat ini beliau menjabat sebagai Kepala Pondok Pesantren Nurul Jadid dan Rektor Universitas Nurul Jadid Paiton Probolinggo Jawa Timur Indonesia.",
            "profilePic": "https://upload.wikimedia.org/wikipedia/commons/thumb/4/41/Lorahamid.jpg/220px-Lorahamid.jpg",
            "communityID": "ff55d8f9-1a7e-49fb-ad91-2c4dca139cac",
            "sites": {
                "name": "Wikipedia",
                "url": "https://id.wikipedia.org/wiki/Abdul_Hamid_Wahid"
            }
        },
        {
            "name": "Oka Mahendra Jati Kusuma",
            "title": "Calon Bupati",
            "description": null,
            "profilePic": "",
            "communityID": "ff55d8f9-1a7e-49fb-ad91-2c4dca139cac",
            "sites": null
        },
        {
            "name": "Andi Suryanto Wibowo",
            "title": "Calon Bupati",
            "description": null,
            "profilePic": "",
            "communityID": "ff55d8f9-1a7e-49fb-ad91-2c4dca139cac",
            "sites": null
        },
        {
            "name": "Akhmad Sruji Bahtiar",
            "title": "Calon Bupati",
            "description": null,
            "profilePic": "",
            "communityID": "ff55d8f9-1a7e-49fb-ad91-2c4dca139cac",
            "sites": null
        },
        {
            "name": "Fahmi Abdul Haq Zaini",
            "title": "Calon Bupati",
            "description": null,
            "profilePic": "",
            "communityID": "ff55d8f9-1a7e-49fb-ad91-2c4dca139cac",
            "sites": null
        }
    ],
    "source": "https://id.wikipedia.org/wiki/Pemilihan_umum_Bupati_Probolinggo_2024",
    "path": "kabupaten-probolinggo"
}