{
    "title": "Pemilihan umum Bupati Flores Timur 2024",
    "region": "Flores Timur",
    "level": "KABUPATEN",
    "candidates": [
        {
            "name": "Antonius Hubertus Gege Hadjon",
            "title": "Calon Bupati",
            "description": "Antonius Hubertus Gege Hadjon, ST (lahir 13 Juni 1971) adalah Bupati Flores Timur ke-11. Pria berdarah Waibalun dari pasangan Lambertus Tulen Hadjon dan Maria Getrudis Letor ini terpilih menjadi Bupati Flores Timur berpasangan dengan Agustinus Payong Boli, SH dalam Pemilihan Kepala Daerah serentak 15 Februari 2017.",
            "profilePic": "https://upload.wikimedia.org/wikipedia/commons/thumb/7/72/Antonius_Hubertus_Gege_Hadjon.png/220px-Antonius_Hubertus_Gege_Hadjon.png",
            "communityID": "8fe81b22-6e29-4588-9443-19b6999be389",
            "sites": {
                "name": "Wikipedia",
                "url": "https://id.wikipedia.org/wiki/Antonius_Hubertus_Gege_Hadjon"
            }
        },
        {
            "name": "Agustinus Payong Boli",
            "title": "Calon Bupati",
            "description": "Agustinus Payong Boli, SH (lahir 15 Desember 1978) adalah Wakil Bupati Flores Timur ke-4. Pria berdarah Adonara Barat, Flores Timur ini terpilih sebagai Wakil Bupati Flores Timur berpasangan dengan Antonius Hubertus Gege Hadjon, ST dalam Pemilihan Kepala Daerah serentak 15 Februari 2017.",
            "profilePic": "https://upload.wikimedia.org/wikipedia/id/thumb/e/ee/A._Payong_Boli_Wabup_Flotim.png/200px-A._Payong_Boli_Wabup_Flotim.png",
            "communityID": "8fe81b22-6e29-4588-9443-19b6999be389",
            "sites": {
                "name": "Wikipedia",
                "url": "https://id.wikipedia.org/wiki/Agustinus_Payong_Boli"
            }
        },
        {
            "name": "Lukman Riberu",
            "title": "Calon Bupati",
            "description": null,
            "profilePic": "",
            "communityID": "8fe81b22-6e29-4588-9443-19b6999be389",
            "sites": null
        },
        {
            "name": "Antonius Doni Dihen",
            "title": "Calon Bupati",
            "description": null,
            "profilePic": "",
            "communityID": "8fe81b22-6e29-4588-9443-19b6999be389",
            "sites": null
        },
        {
            "name": "Petrus Ama Keron",
            "title": "Calon Bupati",
            "description": null,
            "profilePic": "",
            "communityID": "8fe81b22-6e29-4588-9443-19b6999be389",
            "sites": null
        },
        {
            "name": "Yoseph Sani Bethan",
            "title": "Calon Bupati",
            "description": null,
            "profilePic": "",
            "communityID": "8fe81b22-6e29-4588-9443-19b6999be389",
            "sites": null
        },
        {
            "name": "Rofinus Baga Kabelen",
            "title": "Calon Bupati",
            "description": null,
            "profilePic": "",
            "communityID": "8fe81b22-6e29-4588-9443-19b6999be389",
            "sites": null
        },
        {
            "name": "Stefanus Ola Demon",
            "title": "Calon Bupati",
            "description": null,
            "profilePic": "",
            "communityID": "8fe81b22-6e29-4588-9443-19b6999be389",
            "sites": null
        }
    ],
    "source": "https://id.wikipedia.org/wiki/Pemilihan_umum_Bupati_Flores_Timur_2024",
    "path": "kabupaten-flores-timur"
}