{
    "title": "Pemilihan umum Bupati Purbalingga 2024",
    "region": "Purbalingga",
    "level": "KABUPATEN",
    "candidates": [
        {
            "name": "Dyah Hayuning Pratiwi",
            "title": "Calon Bupati",
            "description": "Hj.  Dyah Hayuning Pratiwi, S.E., B.Econ, M.M. (lahir 11 April 1987) adalah Bupati Purbalingga. Ia naik jabatan sebagai bupati setelah pejabat sebelumnya, Tasdi ditangkap oleh Komisi Pemberantasan Korupsi dalam suatu operasi tangkap tangan (OTT).",
            "profilePic": "https://upload.wikimedia.org/wikipedia/commons/thumb/e/e8/Crystal_Clear_app_kedit.svg/40px-Crystal_Clear_app_kedit.svg.png",
            "communityID": "ab4dbcb9-85fe-4691-9d0b-7ff854b5e37d",
            "sites": {
                "name": "Wikipedia",
                "url": "https://id.wikipedia.org/wiki/Dyah_Hayuning_Pratiwi"
            }
        },
        {
            "name": "Sudono",
            "title": "Calon Bupati",
            "description": "H. Sudono, S.T., M.T. (lahir 21 Desember 1957) adalah Wakil Bupati Purbalingga periode 2021\u20132024. Ia menjabat sejak 26 Februari 2021 setelah dilantik Gubernur Jawa Tengah, Ganjar Pranowo secara daring.",
            "profilePic": "https://upload.wikimedia.org/wikipedia/commons/thumb/e/e9/Wakil_Bupati_Purbalingga_Sudono.jpg/220px-Wakil_Bupati_Purbalingga_Sudono.jpg",
            "communityID": "ab4dbcb9-85fe-4691-9d0b-7ff854b5e37d",
            "sites": {
                "name": "Wikipedia",
                "url": "https://id.wikipedia.org/wiki/Sudono_(politikus)"
            }
        },
        {
            "name": "Muhammad Sulhan Fauzi",
            "title": "Calon Bupati",
            "description": null,
            "profilePic": "",
            "communityID": "ab4dbcb9-85fe-4691-9d0b-7ff854b5e37d",
            "sites": null
        },
        {
            "name": "Erny Widyawati",
            "title": "Calon Bupati",
            "description": null,
            "profilePic": "",
            "communityID": "ab4dbcb9-85fe-4691-9d0b-7ff854b5e37d",
            "sites": null
        },
        {
            "name": "Bambang Irawan",
            "title": "Calon Bupati",
            "description": "",
            "profilePic": "https://upload.wikimedia.org/wikipedia/commons/thumb/d/d5/8_Pendjuru_Angin_1_Sewindu_Perfini_p17.jpg/220px-8_Pendjuru_Angin_1_Sewindu_Perfini_p17.jpg",
            "communityID": "ab4dbcb9-85fe-4691-9d0b-7ff854b5e37d",
            "sites": {
                "name": "Wikipedia",
                "url": "https://id.wikipedia.org/wiki/Bambang_Irawan"
            }
        },
        {
            "name": "Tenny Juliawati",
            "title": "Calon Bupati",
            "description": null,
            "profilePic": "",
            "communityID": "ab4dbcb9-85fe-4691-9d0b-7ff854b5e37d",
            "sites": null
        },
        {
            "name": "Adi Yuwono",
            "title": "Calon Bupati",
            "description": null,
            "profilePic": "",
            "communityID": "ab4dbcb9-85fe-4691-9d0b-7ff854b5e37d",
            "sites": null
        },
        {
            "name": "Aman Waliyudin",
            "title": "Calon Bupati",
            "description": null,
            "profilePic": "",
            "communityID": "ab4dbcb9-85fe-4691-9d0b-7ff854b5e37d",
            "sites": null
        },
        {
            "name": "Ken Ragil Turyono",
            "title": "Calon Bupati",
            "description": null,
            "profilePic": "",
            "communityID": "ab4dbcb9-85fe-4691-9d0b-7ff854b5e37d",
            "sites": null
        },
        {
            "name": "Irjen. Pol. (Purn.) Drs. Umar Septono",
            "title": "Calon Bupati",
            "description": "Irjen. Pol. (Purn.) Drs. Umar Septono, S.H., M.H. (lahir 13 September 1962) adalah seorang Purnawirawan Polri yang sebelumnya menjabat sebagai Analis Kebijakan Utama Itwasum Polri.",
            "profilePic": "https://upload.wikimedia.org/wikipedia/commons/thumb/d/dd/Insignia_of_the_Indonesian_National_Police.svg/30px-Insignia_of_the_Indonesian_National_Police.svg.png",
            "communityID": "ab4dbcb9-85fe-4691-9d0b-7ff854b5e37d",
            "sites": {
                "name": "Wikipedia",
                "url": "https://id.wikipedia.org/wiki/Umar_Septono"
            }
        },
        {
            "name": "H. Fahmi Muhammad Hanif",
            "title": "Calon Bupati",
            "description": null,
            "profilePic": "",
            "communityID": "ab4dbcb9-85fe-4691-9d0b-7ff854b5e37d",
            "sites": null
        },
        {
            "name": "Raden Ruli Adi",
            "title": "Calon Bupati",
            "description": null,
            "profilePic": "",
            "communityID": "ab4dbcb9-85fe-4691-9d0b-7ff854b5e37d",
            "sites": null
        }
    ],
    "source": "https://id.wikipedia.org/wiki/Pemilihan_umum_Bupati_Purbalingga_2024",
    "path": "kabupaten-purbalingga"
}