{
    "title": "Pemilihan umum Bupati Lombok Barat 2024",
    "region": "Lombok Barat",
    "level": "KABUPATEN",
    "path": "kabupaten-lombok-barat",
    "source": "https://id.wikipedia.org/wiki/Pemilihan_umum_Bupati_Lombok_Barat_2024",
    "communityID": "29769be1-fd00-4910-916d-504827f876bf",
    "candidates": [
        {
            "name": "Sumiatun",
            "description": "Hj. Sumiatun (lahir 15 Januari 1960) adalah Wakil Bupati Lombok Barat periode 2019-sekarang.\nSebelum menjabat Wakil Bupati Lombok Barat Hj. Sumiatun merupakan Ketua DPRD Lombok Barat Periode 2014\u20132019, ia mendampingi Bupati Fauzan Khalid berhasil memenangkan pemilu Kabupaten Lombok Barat tahun 2019.\n",
            "profilePic": "",
            "title": "Wakil Bupati Lombok Barat",
            "sites": {
                "name": "Wikipedia",
                "url": "https://id.wikipedia.org/wiki/Sumiatun"
            },
            "communityID": "29769be1-fd00-4910-916d-504827f876bf"
        },
        {
            "name": "Putra Nauvar F Farinduan",
            "description": "",
            "profilePic": "",
            "title": "Anggota DPRD NTB",
            "sites": {},
            "communityID": "29769be1-fd00-4910-916d-504827f876bf"
        },
        {
            "name": "Izzul Islam",
            "description": "",
            "profilePic": "",
            "title": "Mantan Wakil Bupati Lombok Barat",
            "sites": {},
            "communityID": "29769be1-fd00-4910-916d-504827f876bf"
        },
        {
            "name": "TGH Muammar Arafat",
            "description": "",
            "profilePic": "",
            "title": "Ketua PC NU Kota Mataram",
            "sites": {},
            "communityID": "29769be1-fd00-4910-916d-504827f876bf"
        },
        {
            "name": "TGH Mahalli Fikri",
            "description": "",
            "profilePic": "",
            "title": "Anggota DPRD NTB",
            "sites": {},
            "communityID": "29769be1-fd00-4910-916d-504827f876bf"
        },
        {
            "name": "Lalu Ahmad Ismail",
            "description": "",
            "profilePic": "",
            "title": "Anggota DPRD NTB",
            "sites": {},
            "communityID": "29769be1-fd00-4910-916d-504827f876bf"
        },
        {
            "name": "Umar Said",
            "description": "",
            "profilePic": "",
            "title": "Anggota DPRD NTB",
            "sites": {},
            "communityID": "29769be1-fd00-4910-916d-504827f876bf"
        },
        {
            "name": "Hasanain Juaini",
            "description": "\n",
            "profilePic": "",
            "title": "Pimpinan Pondok Pesantren Nurul Haramain",
            "sites": {
                "name": "Wikipedia",
                "url": "https://id.wikipedia.org/wiki/Hasanain_Juaini"
            },
            "communityID": "29769be1-fd00-4910-916d-504827f876bf"
        },
        {
            "name": "TGH Satriawan",
            "description": "",
            "profilePic": "",
            "title": "Anggota DPRD NTB",
            "sites": {},
            "communityID": "29769be1-fd00-4910-916d-504827f876bf"
        },
        {
            "name": "HL. Ahmad Zaini",
            "description": "",
            "profilePic": "",
            "title": "Direktur Utama PDAM Giri Menang",
            "sites": {},
            "communityID": "29769be1-fd00-4910-916d-504827f876bf"
        },
        {
            "name": "Hj. Nurul Adha",
            "description": "",
            "profilePic": "",
            "title": "Wakil Ketua I DPRD Lombok Barat",
            "sites": {},
            "communityID": "29769be1-fd00-4910-916d-504827f876bf"
        },
        {
            "name": "Ibnu salim",
            "description": "",
            "profilePic": "",
            "title": "Inspektorat Provinsi NTB",
            "sites": {},
            "communityID": "29769be1-fd00-4910-916d-504827f876bf"
        }
    ]
}