{
    "title": "Pemilihan umum Bupati Indragiri Hilir 2024",
    "region": "Indragiri Hilir",
    "level": "KABUPATEN",
    "candidates": [
        {
            "name": "H.Herman.SE.MT",
            "title": "Calon Bupati",
            "description": null,
            "profilePic": "",
            "communityID": "0154c3aa-ebcd-4a24-be2e-cbd3af5b5f9c",
            "sites": null
        },
        {
            "name": "Mohamad Idris Laena",
            "title": "Calon Bupati",
            "description": "Ir. H. Mohamad Idris Laena, M.H. (lahir 12 Januari 1965) adalah politikus Indonesia yang menjabat sebagai anggota DPR-RI selama empat periode (2008\u20132009, 2009\u20132014, 2014\u20132019, dan 2019\u20132024). Ia mewakili daerah pemilihan Riau II, yang meliputi Kabupaten Kampar, Kabupaten Indragiri Hulu, Kabupaten Indragiri Hilir, Kabupaten Pelalawan, dan Kabupaten Kuantan Singingi. Idris merupakan kader Partai Golongan Karya, ia duduk di Komisi VI.",
            "profilePic": "https://upload.wikimedia.org/wikipedia/commons/thumb/5/55/Anggota_DPR_Mohamad_Idris_Laena.jpg/220px-Anggota_DPR_Mohamad_Idris_Laena.jpg",
            "communityID": "0154c3aa-ebcd-4a24-be2e-cbd3af5b5f9c",
            "sites": {
                "name": "Wikipedia",
                "url": "https://id.wikipedia.org/wiki/Mohamad_Idris_Laena"
            }
        },
        {
            "name": "Ardiansyah Julor",
            "title": "Calon Bupati",
            "description": null,
            "profilePic": "",
            "communityID": "0154c3aa-ebcd-4a24-be2e-cbd3af5b5f9c",
            "sites": null
        },
        {
            "name": "Dani M. Nursalam",
            "title": "Calon Bupati",
            "description": null,
            "profilePic": "",
            "communityID": "0154c3aa-ebcd-4a24-be2e-cbd3af5b5f9c",
            "sites": null
        },
        {
            "name": "Syamsuddin Uti",
            "title": "Calon Bupati",
            "description": null,
            "profilePic": "",
            "communityID": "0154c3aa-ebcd-4a24-be2e-cbd3af5b5f9c",
            "sites": null
        },
        {
            "name": "HM Yusuf Said",
            "title": "Calon Bupati",
            "description": null,
            "profilePic": "",
            "communityID": "0154c3aa-ebcd-4a24-be2e-cbd3af5b5f9c",
            "sites": null
        },
        {
            "name": "Agustian Rasmanto",
            "title": "Calon Bupati",
            "description": null,
            "profilePic": "",
            "communityID": "0154c3aa-ebcd-4a24-be2e-cbd3af5b5f9c",
            "sites": null
        },
        {
            "name": "Muamar AR",
            "title": "Calon Bupati",
            "description": null,
            "profilePic": "",
            "communityID": "0154c3aa-ebcd-4a24-be2e-cbd3af5b5f9c",
            "sites": null
        },
        {
            "name": "PRj. Haryono Bijawanga",
            "title": "Calon Bupati",
            "description": null,
            "profilePic": "",
            "communityID": "0154c3aa-ebcd-4a24-be2e-cbd3af5b5f9c",
            "sites": null
        },
        {
            "name": "Dr H Ferryandi",
            "title": "Calon Bupati",
            "description": null,
            "profilePic": "",
            "communityID": "0154c3aa-ebcd-4a24-be2e-cbd3af5b5f9c",
            "sites": null
        },
        {
            "name": "Andi Rusli",
            "title": "Calon Bupati",
            "description": null,
            "profilePic": "",
            "communityID": "0154c3aa-ebcd-4a24-be2e-cbd3af5b5f9c",
            "sites": null
        },
        {
            "name": "Muhammad Andry Suganda",
            "title": "Calon Bupati",
            "description": null,
            "profilePic": "",
            "communityID": "0154c3aa-ebcd-4a24-be2e-cbd3af5b5f9c",
            "sites": null
        },
        {
            "name": "Septina Primawati",
            "title": "Calon Bupati",
            "description": "Dra. Hj. Septina Primawati, M.M. (lahir 21 September 1961) adalah politikus Partai Golongan Karya yang menjabat Anggota Dewan Perwakilan Rakyat Daerah (DPRD) Provinsi Riau Fraksi Golkar 2 periode yakni 2014\u20142019 dan 2019\u20142024. Ia juga pernah menjabat sebagai Ketua DPRD Riau periode 2016\u20142019.",
            "profilePic": "https://upload.wikimedia.org/wikipedia/commons/thumb/1/10/KPU_Septina_Primawati.jpg/200px-KPU_Septina_Primawati.jpg",
            "communityID": "0154c3aa-ebcd-4a24-be2e-cbd3af5b5f9c",
            "sites": {
                "name": "Wikipedia",
                "url": "https://id.wikipedia.org/wiki/Septina_Primawati"
            }
        },
        {
            "name": "Ustadz Suhaidi",
            "title": "Calon Bupati",
            "description": null,
            "profilePic": "",
            "communityID": "0154c3aa-ebcd-4a24-be2e-cbd3af5b5f9c",
            "sites": null
        },
        {
            "name": "Abdul Wahid",
            "title": "Calon Bupati",
            "description": "Abdul Wahid, S.Pd.I. (lahir 21 November 1980) adalah politikus Indonesia yang menjabat sebagai anggota DPR-RI periode 2019\u20132024. Ia mewakili daerah pemilihan Riau II, yang meliputi Kabupaten Kampar, Kabupaten Indragiri Hulu, Kabupaten Indragiri Hilir, Kabupaten Pelalawan, dan Kabupaten Kuantan Singingi. Wahid merupakan kader Partai Kebangkitan Bangsa. Saat ini, ia duduk di Komisi VII.",
            "profilePic": "https://upload.wikimedia.org/wikipedia/commons/thumb/b/b6/DPR_Abdul_Wahid.png/220px-DPR_Abdul_Wahid.png",
            "communityID": "0154c3aa-ebcd-4a24-be2e-cbd3af5b5f9c",
            "sites": {
                "name": "Wikipedia",
                "url": "https://id.wikipedia.org/wiki/Abdul_Wahid_(politikus)"
            }
        },
        {
            "name": "Ikbal Sayuti",
            "title": "Calon Bupati",
            "description": null,
            "profilePic": "",
            "communityID": "0154c3aa-ebcd-4a24-be2e-cbd3af5b5f9c",
            "sites": null
        },
        {
            "name": "Edy Safwannur",
            "title": "Calon Bupati",
            "description": null,
            "profilePic": "",
            "communityID": "0154c3aa-ebcd-4a24-be2e-cbd3af5b5f9c",
            "sites": null
        },
        {
            "name": "Said Syarifuddin",
            "title": "Calon Bupati",
            "description": null,
            "profilePic": "",
            "communityID": "0154c3aa-ebcd-4a24-be2e-cbd3af5b5f9c",
            "sites": null
        },
        {
            "name": "Ustadz Muhammad Fazri",
            "title": "Calon Bupati",
            "description": null,
            "profilePic": "",
            "communityID": "0154c3aa-ebcd-4a24-be2e-cbd3af5b5f9c",
            "sites": null
        }
    ],
    "source": "https://id.wikipedia.org/wiki/Pemilihan_umum_Bupati_Indragiri_Hilir_2024",
    "path": "kabupaten-indragiri-hilir"
}