{
    "title": "Pemilihan umum Bupati Rokan Hilir 2024",
    "region": "Rokan Hilir",
    "level": "KABUPATEN",
    "candidates": [
        {
            "name": "Afrizal Sintong",
            "title": "Calon Bupati",
            "description": "Afrizal Sintong, S.I.P, M.Si (lahir 15 Juni 1976) adalah seorang politisi Indonesia. Ia menjabat sebagai Bupati Rokan Hilir 2021-2024 bersama Sulaiman sebagai wakilnya.",
            "profilePic": "https://upload.wikimedia.org/wikipedia/commons/thumb/5/52/Acap.svg/36px-Acap.svg.png",
            "communityID": "b85a97cc-ee4d-491f-b140-4ef1471bd857",
            "sites": {
                "name": "Wikipedia",
                "url": "https://id.wikipedia.org/wiki/Afrizal_Sintong"
            }
        },
        {
            "name": "Wakil Bupati Rokan Hilir",
            "title": "Calon Bupati",
            "description": "Berikut ini adalah daftar Wakil Bupati Rokan Hilir dari masa ke masa.",
            "profilePic": "https://upload.wikimedia.org/wikipedia/commons/thumb/5/5a/Lambang_Kabupaten_Rokan_Hilir.png/75px-Lambang_Kabupaten_Rokan_Hilir.png",
            "communityID": "b85a97cc-ee4d-491f-b140-4ef1471bd857",
            "sites": {
                "name": "Wikipedia",
                "url": "https://id.wikipedia.org/wiki/Wakil_Bupati_Rokan_Hilir"
            }
        },
        {
            "name": "Suyatno",
            "title": "Calon Bupati",
            "description": "H. Suyatno, AMP (lahir 21 Juni 1957) adalah Mantan Bupati Rokan Hilir sejak 24 Maret 2014 hingga 8 Juni 2021. Ia pernah menjabat sebagai Wakil Bupati Rokan Hilir sejak 8 Juni 2006 hingga 19 Februari 2014 dan Plt. Bupati Rokan Hilir sejak 19 Februari 2014 hingga 24 Maret 2014.",
            "profilePic": "https://upload.wikimedia.org/wikipedia/commons/thumb/9/99/Bupati_Rokan_Hilir_periode_2016-2021_Suyatno.jpg/250px-Bupati_Rokan_Hilir_periode_2016-2021_Suyatno.jpg",
            "communityID": "b85a97cc-ee4d-491f-b140-4ef1471bd857",
            "sites": {
                "name": "Wikipedia",
                "url": "https://id.wikipedia.org/wiki/Suyatno"
            }
        },
        {
            "name": "Jamiluddin",
            "title": "Calon Bupati",
            "description": null,
            "profilePic": "",
            "communityID": "b85a97cc-ee4d-491f-b140-4ef1471bd857",
            "sites": null
        },
        {
            "name": "Ahmi Septari",
            "title": "Calon Bupati",
            "description": null,
            "profilePic": "",
            "communityID": "b85a97cc-ee4d-491f-b140-4ef1471bd857",
            "sites": null
        },
        {
            "name": "dr Maharani",
            "title": "Calon Bupati",
            "description": null,
            "profilePic": "",
            "communityID": "b85a97cc-ee4d-491f-b140-4ef1471bd857",
            "sites": null
        }
    ],
    "source": "https://id.wikipedia.org/wiki/Pemilihan_umum_Bupati_Rokan_Hilir_2024",
    "path": "kabupaten-rokan-hilir"
}