{
    "title": "Pemilihan umum Bupati Madiun 2024",
    "region": "Madiun",
    "level": "KABUPATEN",
    "candidates": [
        {
            "name": "Ahmad Dawami",
            "title": "Calon Bupati",
            "description": "H. Ahmad Dawami Ragil Saputro, S.Sos. (lahir 4 Agustus 1977), akrab disapa sebagai Kaji Mbing, adalah politisi Indonesia yang pernah menjabat sebagai Bupati Madiun mulai 24 September 2018 hingga akhir masa jabatannya pada 24 September 2023. Sebelum terpilih menjadi bupati, ia merupakan seorang kader Nahdlatul Ulama yang mengabdi pada Gerakan Pemuda Ansor dan Barisan Ansor Serbaguna Nahdlatul Ulama (Banser) sejak usia muda. Ia merupakan alumnus Universitas 17 Agustus 1945 Surabaya.",
            "profilePic": "https://upload.wikimedia.org/wikipedia/commons/thumb/d/d6/Official_Portrait_of_Ahmad_Dawami%2C_Regent_of_Madiun.jpg/200px-Official_Portrait_of_Ahmad_Dawami%2C_Regent_of_Madiun.jpg",
            "communityID": "b837c924-6ef4-4058-adc7-4060ba45e2d7",
            "sites": {
                "name": "Wikipedia",
                "url": "https://id.wikipedia.org/wiki/Ahmad_Dawami"
            }
        },
        {
            "name": "Hari Wuryanto",
            "title": "Calon Bupati",
            "description": "H. Hari Wuryanto, S.H., M.Ak. (lahir 4 September 1964) adalah Wakil Bupati Madiun periode 2018\u20132023. Ia menjabat sejak 24 September 2018 setelah dilantik Gubernur Jawa Timur, Soekarwo di Gedung Negara Grahadi, Surabaya.",
            "profilePic": "https://upload.wikimedia.org/wikipedia/commons/thumb/9/98/Official_Portrait_of_Hari_Wuryanto%2C_Vice_Regent_of_Madiun.jpg/220px-Official_Portrait_of_Hari_Wuryanto%2C_Vice_Regent_of_Madiun.jpg",
            "communityID": "b837c924-6ef4-4058-adc7-4060ba45e2d7",
            "sites": {
                "name": "Wikipedia",
                "url": "https://id.wikipedia.org/wiki/Hari_Wuryanto"
            }
        },
        {
            "name": "Rio Wing Dinaryhadi",
            "title": "Calon Bupati",
            "description": null,
            "profilePic": "",
            "communityID": "b837c924-6ef4-4058-adc7-4060ba45e2d7",
            "sites": null
        },
        {
            "name": "Bagus Rizki Dinarwan",
            "title": "Calon Bupati",
            "description": null,
            "profilePic": "",
            "communityID": "b837c924-6ef4-4058-adc7-4060ba45e2d7",
            "sites": null
        },
        {
            "name": "Yohanes Ristu Nugroho",
            "title": "Calon Bupati",
            "description": null,
            "profilePic": "",
            "communityID": "b837c924-6ef4-4058-adc7-4060ba45e2d7",
            "sites": null
        },
        {
            "name": "Bayu Airlangga",
            "title": "Calon Bupati",
            "description": "Bayu Airlangga adalah seorang politikus asal Indonesia.  Bayu Airlangga adalah putra dari mantan Kepala BPN Jawa Timur Gede Ariyuda. Bayu menikah dengan putri bungsu mantan Gubernur Jawa Timur Soekarwo yang bernama Kartika Prawitasari.",
            "profilePic": "https://upload.wikimedia.org/wikipedia/commons/thumb/9/97/KPU_Bayu_Airlangga.jpg/220px-KPU_Bayu_Airlangga.jpg",
            "communityID": "b837c924-6ef4-4058-adc7-4060ba45e2d7",
            "sites": {
                "name": "Wikipedia",
                "url": "https://id.wikipedia.org/wiki/Bayu_Airlangga"
            }
        },
        {
            "name": "Ferdian Timur Satyagraha",
            "title": "Calon Bupati",
            "description": "Ferdian Timur Satyagraha (lahir di Surabaya pada Januari 1982) adalah seorang bankir Indonesia, yang saat ini menjabat sebagai Direktur Keuangan dan Perencanaan Strategis PT Pegadaian sejak tahun 2022.",
            "profilePic": "https://upload.wikimedia.org/wikipedia/commons/thumb/5/57/Ferdian_Timur_Satyagraha.png/220px-Ferdian_Timur_Satyagraha.png",
            "communityID": "b837c924-6ef4-4058-adc7-4060ba45e2d7",
            "sites": {
                "name": "Wikipedia",
                "url": "https://id.wikipedia.org/wiki/Ferdian_Timur_Satyagraha"
            }
        },
        {
            "name": "Fery Sudarsono",
            "title": "Calon Bupati",
            "description": null,
            "profilePic": "",
            "communityID": "b837c924-6ef4-4058-adc7-4060ba45e2d7",
            "sites": null
        },
        {
            "name": "Mujono",
            "title": "Calon Bupati",
            "description": null,
            "profilePic": "",
            "communityID": "b837c924-6ef4-4058-adc7-4060ba45e2d7",
            "sites": null
        }
    ],
    "source": "https://id.wikipedia.org/wiki/Pemilihan_umum_Bupati_Madiun_2024",
    "path": "kabupaten-madiun"
}