{
    "title": "Pemilihan umum Bupati Ketapang 2024",
    "region": "Ketapang",
    "level": "KABUPATEN",
    "path": "kabupaten-ketapang",
    "source": "https://id.wikipedia.org/wiki/Pemilihan_umum_Bupati_Ketapang_2024",
    "communityID": "161a4319-386f-4d54-bf98-71a1d160528e",
    "candidates": [
        {
            "name": "Farhan",
            "description": "H. Farhan, S.E., M.Si., (lahir 24 November 1962) adalah Wakil Bupati Ketapang petahana yang menjabat sejak 26 Februari 2021.[1] Ia terpilih dalam Pilkada Ketapang 2020 mendampingi bupati petahana, Martin Rantan, dan diusung oleh Partai Golkar dan Partai Hanura. Sebelum terpilih sebagai wakil bupati, Farhan merupakan birokrat dengan jabatan terakhir Sekretaris Daerah Kabupaten Ketapang.[2]\n",
            "profilePic": "https://upload.wikimedia.org/wikipedia/commons/2/2f/FARHAN_2020.jpg",
            "title": "Wakil Bupati Ketapang",
            "sites": {
                "name": "Wikipedia",
                "url": "https://id.wikipedia.org/wiki/Farhan"
            },
            "communityID": "161a4319-386f-4d54-bf98-71a1d160528e"
        },
        {
            "name": "Jamhuri Amir",
            "description": "",
            "profilePic": "",
            "title": "Wakil Ketua III DPRD Kab. Ketapang",
            "sites": {},
            "communityID": "161a4319-386f-4d54-bf98-71a1d160528e"
        },
        {
            "name": "Junaidi",
            "description": "",
            "profilePic": "",
            "title": "Anggota DPRD Kab. Ketapang",
            "sites": {},
            "communityID": "161a4319-386f-4d54-bf98-71a1d160528e"
        },
        {
            "name": "Muhammad Febriadi",
            "description": "",
            "profilePic": "",
            "title": "Ketua DPRD Kab. Ketapang",
            "sites": {},
            "communityID": "161a4319-386f-4d54-bf98-71a1d160528e"
        },
        {
            "name": "Mathoji",
            "description": "",
            "profilePic": "",
            "title": "Wakil Ketua II DPRD Kab. Ketapang",
            "sites": {},
            "communityID": "161a4319-386f-4d54-bf98-71a1d160528e"
        },
        {
            "name": "Boyman Harun",
            "description": "H. Boyman Harun, S.H.[1] (lahir 13 Maret 1965) adalah politikus Indonesia yang menjabat sebagai anggota DPR-RI periode 2019\u20132024. Ia mewakili daerah pemilihan Kalimantan Barat I, yang meliputi Kabupaten Sambas, Kabupaten Bengkayang, Kota Singkawang, Kabupaten Landak, Kabupaten Kayong Utara, Kabupaten Ketapang, Kota Pontianak, Kabupaten Mempawah, dan Kabupaten Kubu Raya. Boyman merupakan kader Partai Amanat Nasional, ia bertugas di Komisi V.[2]\n",
            "profilePic": "https://upload.wikimedia.org/wikipedia/commons/0/0e/Anggota_DPR_Boyman_Harun.jpg",
            "title": "Anggota DPR RI",
            "sites": {
                "name": "Wikipedia",
                "url": "https://id.wikipedia.org/wiki/Boyman_Harun"
            },
            "communityID": "161a4319-386f-4d54-bf98-71a1d160528e"
        },
        {
            "name": "Heronimus",
            "description": "",
            "profilePic": "",
            "title": "Anggota DPRD Kalbar",
            "sites": {},
            "communityID": "161a4319-386f-4d54-bf98-71a1d160528e"
        },
        {
            "name": "Thomas Aleksander",
            "description": "",
            "profilePic": "",
            "title": "Anggota DPRD Kalbar",
            "sites": {},
            "communityID": "161a4319-386f-4d54-bf98-71a1d160528e"
        },
        {
            "name": "A. Alibata",
            "description": "",
            "profilePic": "",
            "title": "Politisi PDIP",
            "sites": {},
            "communityID": "161a4319-386f-4d54-bf98-71a1d160528e"
        },
        {
            "name": "Suma Jenny Heryanti",
            "description": "",
            "profilePic": "",
            "title": "Anggota DPRD Kalbar",
            "sites": {},
            "communityID": "161a4319-386f-4d54-bf98-71a1d160528e"
        },
        {
            "name": "Henrikus",
            "description": "",
            "profilePic": "",
            "title": "Mantan Bupati Ketapang",
            "sites": {},
            "communityID": "161a4319-386f-4d54-bf98-71a1d160528e"
        },
        {
            "name": "Soeprapto",
            "description": "Soeprapto atau Suprapto dapat mengacu pada beberapa hal berikut:\n",
            "profilePic": "",
            "title": "Wakil Ketua I DPRD Kab. Ketapang",
            "sites": {
                "name": "Wikipedia",
                "url": "https://id.wikipedia.org/wiki/Suprapto"
            },
            "communityID": "161a4319-386f-4d54-bf98-71a1d160528e"
        },
        {
            "name": "Antoni Salim",
            "description": "",
            "profilePic": "",
            "title": "Anggota DPRD Kab. Ketapang",
            "sites": {},
            "communityID": "161a4319-386f-4d54-bf98-71a1d160528e"
        },
        {
            "name": "Gusti Kamboja",
            "description": "",
            "profilePic": "",
            "title": "Ketua TP3D Kabupaten Ketapang",
            "sites": {},
            "communityID": "161a4319-386f-4d54-bf98-71a1d160528e"
        },
        {
            "name": "Leonardus Rantan",
            "description": "",
            "profilePic": "",
            "title": "Sekretaris DPD Golkar Ketapang",
            "sites": {},
            "communityID": "161a4319-386f-4d54-bf98-71a1d160528e"
        },
        {
            "name": "NATTE BANGORIS TODONG.",
            "description": "",
            "profilePic": "",
            "title": "Penduduk Asli Ketapang",
            "sites": {},
            "communityID": "161a4319-386f-4d54-bf98-71a1d160528e"
        },
        {
            "name": "NARISTO AVELLINO MESSI.",
            "description": "",
            "profilePic": "",
            "title": "Pemilik Tim Sepak Bola Kucing Oyen FC",
            "sites": {},
            "communityID": "161a4319-386f-4d54-bf98-71a1d160528e"
        },
        {
            "name": "Irvan Marsyad",
            "description": "",
            "profilePic": "",
            "title": "Mantan Anggota DPRD Kalbar",
            "sites": {},
            "communityID": "161a4319-386f-4d54-bf98-71a1d160528e"
        }
    ]
}