{
    "title": "Pemilihan umum Bupati Siak 2024",
    "region": "Siak",
    "level": "KABUPATEN",
    "candidates": [
        {
            "name": "Alfedri",
            "title": "Calon Bupati",
            "description": "Drs. H. Alfedri, M.Si. (lahir 27 Maret 1967) adalah seorang politikus Indonesia yang menjabat sebagai Bupati Siak periode 2019\u20132021 dan kembali terpilih menjadi bupati  kedua kalinya bersama Husni Merza  periode 2021-2024 pada Pilkada 9 Desember 2020 silam. Pada tanggal 21 Juni 2021, ia resmi dilantik menjadi bupati untuk periode kedua ini.",
            "profilePic": "https://upload.wikimedia.org/wikipedia/commons/thumb/2/20/Bupati_Siak_periode_2021-2024_Alfedri.png/260px-Bupati_Siak_periode_2021-2024_Alfedri.png",
            "communityID": "3c60ff2c-93cf-42d3-b764-193087830273",
            "sites": {
                "name": "Wikipedia",
                "url": "https://id.wikipedia.org/wiki/Alfedri"
            }
        },
        {
            "name": "Husni Merza",
            "title": "Calon Bupati",
            "description": "H. Husni Merza, BBA, MM (lahir 30 November 1974) adalah Wakil Bupati Siak periode 2021-2024 yang mencalonkan diri dalam Pemilihan umum Bupati Siak 2020. Husni dan pasangannya, Alfedri, diusung 5 partai pendukung yaitu PAN, PKB, Partai NasDem, Hanura, dan Partai Persatuan Pembangunan. Sebelum ditetapkan sebagai Calon Wakil Bupati Siak oleh KPU setempat, Husni Merza tercatat sebagai Direktur PT Permodalan Siak atau PT Persi pada 2010-2020. Pada tanggal 21 Juni 2021, Ia resmi dilantik sebagai Wakil Bupati Siak bersama pasangannya yaitu Alfedri oleh Gubernur Riau Syamsuar di balai pelangi, kediaman gubernur Riau, Pekanbaru.",
            "profilePic": "https://upload.wikimedia.org/wikipedia/commons/6/66/Wakil_Bupati_Siak_Husni_Merza.jpg",
            "communityID": "3c60ff2c-93cf-42d3-b764-193087830273",
            "sites": {
                "name": "Wikipedia",
                "url": "https://id.wikipedia.org/wiki/Husni_Merza"
            }
        },
        {
            "name": "Sayyed Abubakar Assegaf",
            "title": "Calon Bupati",
            "description": null,
            "profilePic": "",
            "communityID": "3c60ff2c-93cf-42d3-b764-193087830273",
            "sites": null
        },
        {
            "name": "Tengku Said Hamzah",
            "title": "Calon Bupati",
            "description": null,
            "profilePic": "",
            "communityID": "3c60ff2c-93cf-42d3-b764-193087830273",
            "sites": null
        },
        {
            "name": "Indra Gunawan.",
            "title": "Calon Bupati",
            "description": null,
            "profilePic": "",
            "communityID": "3c60ff2c-93cf-42d3-b764-193087830273",
            "sites": null
        },
        {
            "name": "Androy Ade Rianda",
            "title": "Calon Bupati",
            "description": null,
            "profilePic": "",
            "communityID": "3c60ff2c-93cf-42d3-b764-193087830273",
            "sites": null
        },
        {
            "name": "Syamsurijal",
            "title": "Calon Bupati",
            "description": null,
            "profilePic": "",
            "communityID": "3c60ff2c-93cf-42d3-b764-193087830273",
            "sites": null
        },
        {
            "name": "Suhartono.",
            "title": "Calon Bupati",
            "description": null,
            "profilePic": "",
            "communityID": "3c60ff2c-93cf-42d3-b764-193087830273",
            "sites": null
        },
        {
            "name": "Muhammad Andri",
            "title": "Calon Bupati",
            "description": null,
            "profilePic": "",
            "communityID": "3c60ff2c-93cf-42d3-b764-193087830273",
            "sites": null
        },
        {
            "name": "Markarius Anwar",
            "title": "Calon Bupati",
            "description": null,
            "profilePic": "",
            "communityID": "3c60ff2c-93cf-42d3-b764-193087830273",
            "sites": null
        },
        {
            "name": "Tengku Said Arif Fadillah",
            "title": "Calon Bupati",
            "description": null,
            "profilePic": "",
            "communityID": "3c60ff2c-93cf-42d3-b764-193087830273",
            "sites": null
        },
        {
            "name": "Afni Z",
            "title": "Calon Bupati",
            "description": null,
            "profilePic": "",
            "communityID": "3c60ff2c-93cf-42d3-b764-193087830273",
            "sites": null
        }
    ],
    "source": "https://id.wikipedia.org/wiki/Pemilihan_umum_Bupati_Siak_2024",
    "path": "kabupaten-siak"
}