{
    "title": "Pemilihan umum Bupati Donggala 2024",
    "region": "Donggala",
    "level": "KABUPATEN",
    "path": "kabupaten-donggala",
    "source": "https://id.wikipedia.org/wiki/Pemilihan_umum_Bupati_Donggala_2024",
    "communityID": "1e18e72e-5b42-4bc9-b145-a3fb3fdf030a",
    "candidates": [
        {
            "name": "Syafiah Basir",
            "description": "",
            "profilePic": "",
            "title": "Dewan Perwakilan Rakyat Daerah Kab. Donggala",
            "sites": {},
            "communityID": "1e18e72e-5b42-4bc9-b145-a3fb3fdf030a"
        },
        {
            "name": "Vera Elena Laruni",
            "description": "Vera Elena Laruni, S.E. adalah Wakil Bupati Kabupaten Donggala, Sulawesi Tengah periode 2013\u20142018. Ia adalah wakil dari Bupati Donggala, Kasman Lassa.[1]\n",
            "profilePic": "",
            "title": "Mantan Wakil Bupati Donggala",
            "sites": {
                "name": "Wikipedia",
                "url": "https://id.wikipedia.org/wiki/Vera_Elena_Laruni"
            },
            "communityID": "1e18e72e-5b42-4bc9-b145-a3fb3fdf030a"
        },
        {
            "name": "Helmy D. Yambas",
            "description": "H. Helmy D. Yambas, S.E.[1] (lahir 18 Juni 1958) adalah Wakil Ketua DPRD Sulawesi Tengah periode 2004\u20142009.\n",
            "profilePic": "",
            "title": "Mantan Wakil Ketua DPRD Sulawesi Tengah",
            "sites": {
                "name": "Wikipedia",
                "url": "https://id.wikipedia.org/wiki/Helmy_D._Yambas"
            },
            "communityID": "1e18e72e-5b42-4bc9-b145-a3fb3fdf030a"
        },
        {
            "name": "Abdul Kadir Karding",
            "description": "H. Abdul Kadir Karding, S.Pi., M.Si. (lahir 25 Maret 1973) adalah anggota Dewan Perwakilan Rakyat Republik Indonesia periode 2009-2014, 2014-2019, 2019-sekarang dari Fraksi Partai Kebangkitan Bangsa mewakili Daerah Pemilihan Jawa Tengah VI yang meliputi Magelang, Temanggung, Wonosobo, Purworejo dan Kota Magelang. Dia ditugaskan di Komisi VII. Sebelumnya, Abdul Kadir Karding menjabat sebagai Ketua Komisi VIII DPR RI. Ia merupakan alumnus Fakultas Perikanan dan Ilmu Kelautan Universitas Diponegoro Semarang, tahun 1997. Kini menjabat sebagai Ketua Umum IKA UNDIP.\n",
            "profilePic": "https://upload.wikimedia.org/wikipedia/commons/thumb/5/5c/23%C2%BA_Foro_Parlamentario_Asia_Pac%C3%ADfico_-_Abdul_Kadir_Kading_%28INDONESIA%29_%2816088757417%29.jpg/1200px-23%C2%BA_Foro_Parlamentario_Asia_Pac%C3%ADfico_-_Abdul_Kadir_Kading_%28INDONESIA%29_%2816088757417%29.jpg",
            "title": "Anggota DPR RI",
            "sites": {
                "name": "Wikipedia",
                "url": "https://id.wikipedia.org/wiki/Abdul_Kadir_Karding"
            },
            "communityID": "1e18e72e-5b42-4bc9-b145-a3fb3fdf030a"
        }
    ]
}