{
    "title": "Pemilihan umum Bupati Toraja Utara 2024",
    "region": "Toraja Utara",
    "level": "KABUPATEN",
    "path": "kabupaten-toraja-utara",
    "source": "https://id.wikipedia.org/wiki/Pemilihan_umum_Bupati_Toraja_Utara_2024",
    "communityID": "43fb5efc-c6f9-4bb3-aee9-d2327537747b",
    "candidates": [
        {
            "name": "Yohanis Bassang",
            "description": "Yohanis Bassang, S.E., M.Si. (lahir 25 Desember 1973) yang biasa disapa Ombas / Papa Randa \n",
            "profilePic": "https://upload.wikimedia.org/wikipedia/commons/5/55/Bupati_Toraja_Utara_2021-2026.jpg",
            "title": "Bupati Toraja Utara 2021-2024",
            "sites": {
                "name": "Wikipedia",
                "url": "https://id.wikipedia.org/wiki/Yohanis_Bassang"
            },
            "communityID": "43fb5efc-c6f9-4bb3-aee9-d2327537747b"
        }
    ]
}