{
    "title": "Pemilihan umum Bupati Kolaka Timur 2024",
    "region": "Kolaka Timur",
    "level": "KABUPATEN",
    "candidates": [
        {
            "name": "Tony Herbiansyah",
            "title": "Calon Bupati",
            "description": "Drs. H. Tony Herbiansyah, M.Si., (lahir 19 Agustus 1959), adalah politikus Partai NasDem yang kini menjabat sebagai Ketua DPW Partai NasDem di Provinsi Sulawesi Tenggara. Ia merupakan Bupati Kolaka Timur yang menjabat pada periode 2016-2021. Ia juga pernah menjabat sebagai Wakil Bupati Kendari mendampingi Lukman Abunawas pada 2003-2008.",
            "profilePic": "https://upload.wikimedia.org/wikipedia/commons/thumb/5/52/Acap.svg/36px-Acap.svg.png",
            "communityID": "d03e8c8a-3185-49d9-8e1a-0b94b068e5e7",
            "sites": {
                "name": "Wikipedia",
                "url": "https://id.wikipedia.org/wiki/Tony_Herbiansyah"
            }
        }
    ],
    "source": "https://id.wikipedia.org/wiki/Pemilihan_umum_Bupati_Kolaka_Timur_2024",
    "path": "kabupaten-kolaka-timur"
}