{
    "title": "Pemilihan umum Bupati Mukomuko 2024",
    "region": "Mukomuko",
    "level": "KABUPATEN",
    "candidates": [
        {
            "name": "Choirul Huda",
            "title": "Calon Bupati",
            "description": "Mayor Inf (Purn.) Choirul Huda, S.H. (lahir 1 Mei 1970) adalah Bupati Mukomuko periode 2016\u20132021. Choirul Huda pernah menjabat sebagai Wakil Bupati Mukomuko periode 2010\u20132015.",
            "profilePic": "https://upload.wikimedia.org/wikipedia/commons/thumb/b/b8/Choirul_Huda_Bupati_Mukomuko.jpg/220px-Choirul_Huda_Bupati_Mukomuko.jpg",
            "communityID": "94d88a17-83d5-4747-8183-fce74b84d7aa",
            "sites": {
                "name": "Wikipedia",
                "url": "https://id.wikipedia.org/wiki/Choirul_Huda_(militer)"
            }
        },
        {
            "name": "dr.Jiwa Zhaqi Adiguna (Dokter/Aktifis) ",
            "title": "Calon Bupati",
            "description": null,
            "profilePic": "",
            "communityID": "94d88a17-83d5-4747-8183-fce74b84d7aa",
            "sites": null
        },
        {
            "name": "Sapuan",
            "title": "Calon Bupati",
            "description": "H. Sapuan, S.E., MM, Ak, CA, CPA, CPI.(lahir 27 Mei 1974) adalah pengusaha dan politikus Indonesia yang menjabat sebagai Bupati Mukomuko sejak 26 Februari 2021.",
            "profilePic": "",
            "communityID": "94d88a17-83d5-4747-8183-fce74b84d7aa",
            "sites": {
                "name": "Wikipedia",
                "url": "https://id.wikipedia.org/wiki/Sapuan_(politikus)"
            }
        },
        {
            "name": "Rahmadi AB",
            "title": "Calon Bupati",
            "description": null,
            "profilePic": "",
            "communityID": "94d88a17-83d5-4747-8183-fce74b84d7aa",
            "sites": null
        },
        {
            "name": "Muharamin",
            "title": "Calon Bupati",
            "description": null,
            "profilePic": "",
            "communityID": "94d88a17-83d5-4747-8183-fce74b84d7aa",
            "sites": null
        },
        {
            "name": "Edwar Setiawan",
            "title": "Calon Bupati",
            "description": null,
            "profilePic": "",
            "communityID": "94d88a17-83d5-4747-8183-fce74b84d7aa",
            "sites": null
        },
        {
            "name": "Edi Kasman",
            "title": "Calon Bupati",
            "description": null,
            "profilePic": "",
            "communityID": "94d88a17-83d5-4747-8183-fce74b84d7aa",
            "sites": null
        }
    ],
    "source": "https://id.wikipedia.org/wiki/Pemilihan_umum_Bupati_Mukomuko_2024",
    "path": "kabupaten-mukomuko"
}