{
    "title": "Pemilihan umum Bupati Tapanuli Selatan 2024",
    "region": "Tapanuli Selatan",
    "level": "KABUPATEN",
    "path": "kabupaten-tapanuli-selatan",
    "source": "https://id.wikipedia.org/wiki/Pemilihan_umum_Bupati_Tapanuli_Selatan_2024",
    "communityID": "245871a8-12e3-4aeb-b504-5f105d61a217",
    "candidates": [
        {
            "name": "Dolly Putra Parlindungan Pasaribu",
            "description": "Dolly Putra Parlindungan Pasaribu, S.Pt., M.M. (lahir 29 Maret 1980) adalah seorang politikus Indonesia yang saat ini menjabat sebagai Bupati Tapanuli Selatan sejak 26 Februari 2021. Sebelum menjadi bupati, Dolly merupakan anggota Dewan Perwakilan Rakyat Daerah Kabupaten Tapanuli Selatan (DPRD Tapsel), pada tahun 2019 hingga 2020.\n",
            "profilePic": "https://upload.wikimedia.org/wikipedia/commons/5/5f/Bupati_Tapsel_periode_2021-2024_Dolly_Putra_Parlindungan_Pasaribu.jpg",
            "title": "Bupati Tapanuli Selatan",
            "sites": {
                "name": "Wikipedia",
                "url": "https://id.wikipedia.org/wiki/Dolly_Putra_Parlindungan_Pasaribu"
            },
            "communityID": "245871a8-12e3-4aeb-b504-5f105d61a217"
        },
        {
            "name": "Rasyid Assaf Dongoran",
            "description": "Rasyid Assaf Dongoran, S.Si., M.Si. (lahir 6 Februari 1976) adalah Politisi Indonesia yang saat ini menjabat sebagai Wakil Bupati Tapanuli Selatan periode 2021\u20142024.[1] Berlatar Belakang pendidikan formal bidang Biologi dan Pengelolaan Sumber Daya Alam Lingkungan, selanjutnya menjalani profesi pekerjaan pada bidang perencanaan, penelitian, aplikasi seputar kehutanan & keanekaragaman hayati, pertanian & perkebunan berkelanjutan, analisis kebijakan pengelolaan SDA & lingkungan. \nProfesi pekerjaan yang dijalani sejak menamatkan Sarjana S-1 (S.Si) sembari menyelesaikan Magister Pengelolaan SDA & Lingkungan (M.Si),yakni dibeberapa lembaga swasta baik lembaga nasional maupun lembaga internasional yang bekerja di wilayah Indonesia. Selanjutnya dalam menjalani organisasi maka posisi yang ditempatkan masih seputaran bidang lingkungan hidup, sumber daya alam, pertanian,perikanan, kebijakan. Selain itu, sebelum menjadi wakil bupati, sering mengikuti pendidikan latihan & seminar di dalam dan luar negeri, seperti Malaysia, Jepang, Hongkong, India, Vietnam. Sejak Februari 2021, dilantik sebagai Wakil Bupati Tapanuli Selatan berpasangan dengan, Dolly Putra Parlindungan Pasaribu sebagai Bupati Tapanuli Selatan.\n",
            "profilePic": "https://upload.wikimedia.org/wikipedia/commons/b/b6/Wakil_Bupati_Tapsel_periode_2021-2024_Rasyid_Assaf_Dongoran.jpg",
            "title": "Wakil Bupati Tapanuli Selatan",
            "sites": {
                "name": "Wikipedia",
                "url": "https://id.wikipedia.org/wiki/Rasyid_Assaf_Dongoran"
            },
            "communityID": "245871a8-12e3-4aeb-b504-5f105d61a217"
        },
        {
            "name": "M. Yusuf Siregar",
            "description": "",
            "profilePic": "",
            "title": "Ketua DPD Partai Nasdem Kabupaten Tapanuli Selatan",
            "sites": {},
            "communityID": "245871a8-12e3-4aeb-b504-5f105d61a217"
        },
        {
            "name": "H. Borkat",
            "description": "",
            "profilePic": "",
            "title": "Wakil Ketua DPRD Tapsel",
            "sites": {},
            "communityID": "245871a8-12e3-4aeb-b504-5f105d61a217"
        },
        {
            "name": "Ongku P. Hasibuan",
            "description": "Ir. Ongku Parmonangan Hasibuan, M.M.[1][2] (lahir 27 November 1958) adalah politikus Indonesia yang menjabat Anggota Dewan Perwakilan Rakyat Republik Indonesia (DPR-RI) pengganti antar waktu sejak 2022 menggantikan Jhoni Allen Marbun.[3] Sebelumnya ia menjabat  Bupati Tapanuli Selatan periode 2005\u20132010. Bersama wakilnya, Aldinz Rapolo Siregar, mereka berhasil memenangkan pemilihan umum Bupati Tapanuli Selatan 2005.\n",
            "profilePic": "https://upload.wikimedia.org/wikipedia/commons/7/70/Ongku_p_hasibuan.jpg",
            "title": "Anggota DPR RI",
            "sites": {
                "name": "Wikipedia",
                "url": "https://id.wikipedia.org/wiki/Ongku_P._Hasibuan"
            },
            "communityID": "245871a8-12e3-4aeb-b504-5f105d61a217"
        },
        {
            "name": "Aditya Rizky Monang Pasaribu",
            "description": "",
            "profilePic": "",
            "title": "Putra Mantan Bupati Tapsel Syahrul Martua Pasaribu",
            "sites": {},
            "communityID": "245871a8-12e3-4aeb-b504-5f105d61a217"
        },
        {
            "name": "Parulian Nasution",
            "description": "",
            "profilePic": "",
            "title": "Mantan Sekda Tapanuli Selatan",
            "sites": {},
            "communityID": "245871a8-12e3-4aeb-b504-5f105d61a217"
        },
        {
            "name": "Abdul Basith Dalimunthe",
            "description": "",
            "profilePic": "",
            "title": "Ketua DPRD Tapsel 2019-2024",
            "sites": {},
            "communityID": "245871a8-12e3-4aeb-b504-5f105d61a217"
        }
    ]
}