{
    "title": "Pemilihan umum Bupati Kebumen 2024",
    "region": "Kebumen",
    "level": "KABUPATEN",
    "candidates": [
        {
            "name": "Arif Sugiyanto",
            "title": "Calon Bupati",
            "description": "H. Arif Sugiyanto, S.H., M.H. (lahir 10 Juni 1977) adalah Bupati Kebumen periode 2021\u20132024. Sebelum menjabat Bupati, Arif Sugiyanto juga pernah menjadi Wakil Bupati Kebumen pada 2019-2021.",
            "profilePic": "https://upload.wikimedia.org/wikipedia/commons/thumb/3/3d/Bupati_Kebumen_Arif_Sugiyanto.jpg/220px-Bupati_Kebumen_Arif_Sugiyanto.jpg",
            "communityID": "b3813463-0058-4c33-a8e3-484f0295a08d",
            "sites": {
                "name": "Wikipedia",
                "url": "https://id.wikipedia.org/wiki/Arif_Sugiyanto"
            }
        },
        {
            "name": "Ristawati Purwaningsih",
            "title": "Calon Bupati",
            "description": "Hj. Ristawati Purwaningsih, S.ST., M.M. (lahir 13 Oktober 1975) adalah Wakil Bupati Kebumen periode 2021\u20132024. Ia menjabat sejak 26 Februari 2021 setelah dilantik Gubernur Jawa Tengah, Ganjar Pranowo secara daring.",
            "profilePic": "https://upload.wikimedia.org/wikipedia/commons/thumb/e/ed/Wakil_Bupati_Kebumen_Ristawati_Purwaningsih.jpg/220px-Wakil_Bupati_Kebumen_Ristawati_Purwaningsih.jpg",
            "communityID": "b3813463-0058-4c33-a8e3-484f0295a08d",
            "sites": {
                "name": "Wikipedia",
                "url": "https://id.wikipedia.org/wiki/Ristawati_Purwaningsih"
            }
        },
        {
            "name": "Yulianto",
            "title": "Calon Bupati",
            "description": "Yulianto dapat mengacu pada beberapa hal berikut:",
            "profilePic": "https://upload.wikimedia.org/wikipedia/commons/thumb/5/5f/Disambig_gray.svg/30px-Disambig_gray.svg.png",
            "communityID": "b3813463-0058-4c33-a8e3-484f0295a08d",
            "sites": {
                "name": "Wikipedia",
                "url": "https://id.wikipedia.org/wiki/Yulianto"
            }
        },
        {
            "name": "Eno Syafrudien",
            "title": "Calon Bupati",
            "description": null,
            "profilePic": "",
            "communityID": "b3813463-0058-4c33-a8e3-484f0295a08d",
            "sites": null
        },
        {
            "name": "Agus Septadi",
            "title": "Calon Bupati",
            "description": null,
            "profilePic": "",
            "communityID": "b3813463-0058-4c33-a8e3-484f0295a08d",
            "sites": null
        },
        {
            "name": "Saeful Hadi",
            "title": "Calon Bupati",
            "description": null,
            "profilePic": "",
            "communityID": "b3813463-0058-4c33-a8e3-484f0295a08d",
            "sites": null
        },
        {
            "name": "Fuad Wahyudi",
            "title": "Calon Bupati",
            "description": null,
            "profilePic": "",
            "communityID": "b3813463-0058-4c33-a8e3-484f0295a08d",
            "sites": null
        },
        {
            "name": "Agung Prabowo",
            "title": "Calon Bupati",
            "description": null,
            "profilePic": "",
            "communityID": "b3813463-0058-4c33-a8e3-484f0295a08d",
            "sites": null
        },
        {
            "name": "Halimah Nurhayati",
            "title": "Calon Bupati",
            "description": null,
            "profilePic": "",
            "communityID": "b3813463-0058-4c33-a8e3-484f0295a08d",
            "sites": null
        },
        {
            "name": "Faiz Alauddien Reza Mardhika",
            "title": "Calon Bupati",
            "description": null,
            "profilePic": "",
            "communityID": "b3813463-0058-4c33-a8e3-484f0295a08d",
            "sites": null
        },
        {
            "name": "Vicky Kurnia Aji",
            "title": "Calon Bupati",
            "description": null,
            "profilePic": "",
            "communityID": "b3813463-0058-4c33-a8e3-484f0295a08d",
            "sites": null
        },
        {
            "name": "Zaeni Miftah",
            "title": "Calon Bupati",
            "description": null,
            "profilePic": "",
            "communityID": "b3813463-0058-4c33-a8e3-484f0295a08d",
            "sites": null
        }
    ],
    "source": "https://id.wikipedia.org/wiki/Pemilihan_umum_Bupati_Kebumen_2024",
    "path": "kabupaten-kebumen"
}