{
    "title": "Pemilihan umum Bupati Kotawaringin Timur 2024",
    "region": "Kotawaringin Timur",
    "level": "KABUPATEN",
    "candidates": [
        {
            "name": "Halikinnor",
            "title": "Calon Bupati",
            "description": "H. Halikinnor, S.H., M.M. (lahir 15 November 1962) adalah Bupati Kotawaringin Timur periode 2021\u20132024. Ia menjabat sejak 26 Februari 2021 setelah dilantik Gubernur Kalimantan Tengah, Sugianto Sabran secara virtual di Gedung Dewan Perwakilan Rakyat Daerah Kabupaten Kotawaringin Timur.",
            "profilePic": "https://upload.wikimedia.org/wikipedia/commons/thumb/a/a1/2017-fr.wp-orange-source.svg/40px-2017-fr.wp-orange-source.svg.png",
            "communityID": "ee2b1133-c290-40ac-9649-65fb466e7312",
            "sites": {
                "name": "Wikipedia",
                "url": "https://id.wikipedia.org/wiki/Halikinnor"
            }
        },
        {
            "name": "Sanidin",
            "title": "Calon Bupati",
            "description": null,
            "profilePic": "",
            "communityID": "ee2b1133-c290-40ac-9649-65fb466e7312",
            "sites": null
        },
        {
            "name": "Jhon Krisli",
            "title": "Calon Bupati",
            "description": null,
            "profilePic": "",
            "communityID": "ee2b1133-c290-40ac-9649-65fb466e7312",
            "sites": null
        },
        {
            "name": "Aswin Nur",
            "title": "Calon Bupati",
            "description": null,
            "profilePic": "",
            "communityID": "ee2b1133-c290-40ac-9649-65fb466e7312",
            "sites": null
        }
    ],
    "source": "https://id.wikipedia.org/wiki/Pemilihan_umum_Bupati_Kotawaringin_Timur_2024",
    "path": "kabupaten-kotawaringin-timur"
}