{
    "title": "Pemilihan umum Bupati Belitung 2024",
    "region": "Belitung",
    "level": "KABUPATEN",
    "path": "kabupaten-belitung",
    "source": "https://id.wikipedia.org/wiki/Pemilihan_umum_Bupati_Belitung_2024",
    "communityID": "2d12e038-3d52-4e7d-92d6-7ca64f8260f4",
    "candidates": [
        {
            "name": "Isyak Meirobie",
            "description": "Isyak Meirobie (lahir 31 Mei 1978adalah seorang politikus Indonesia kelahiran Tanjung Pandan, Belitung. Ia merupakan alumni program studi Desain Interior Fakultas Seni Rupa dan Desain Universitas Tarumanagara,Magister sains STIA di jakarta serta Doktor Ilmu Manajemen Universitas Tarumanagara.Tahun 2004 ia terpilih sebagai Anggota DPRD Kabupaten Belitung termuda di usia 26 tahun dan meraih suara terbesar kedua di seluruh kabupaten Belitung melalui Partai PIB (Perhimpunan Indonesia Baru) yang Ketua Umum nya adalah Dr.Sjahrir, ayah Pandu Sjahrir, suami dari Dr.Nurmala Kartini Sjahrir Pandjaitan, adik kandung Menkomarves RI, Bapak Luhut Binsar Pandjaitan.Isyak juga menjadi Pendiri dan ketua DPP Partai PIB di usia 24 tahun.Selepas menjadi anggota DPRD kabupaten Belitung, ia ditunjuk menjadi Staf khusus Gubernur kepulauan Bangka Belitung pada tahun 2009 -2012, kemudian pada tahun yang sama ia juga mendirikan perusahaan Properti pertama di Pulau Belitung di era pasca Reformasi .Pada pemilu tahun 2014 melalui Partai Nasdem dimana ia menjadi ketua DPD Kabupaten Belitung, Isyak terpilih dengan suara terbesar se kabupaten Belitung pada tahun 2014 dan mengantakannya menjadi Wakil Ketua DPRD Belitung. \n",
            "profilePic": "https://upload.wikimedia.org/wikipedia/commons/d/db/Wakil_Bupati_Belitung_Isyak_Meirobie.jpg",
            "title": "Wakil Bupati Belitung",
            "sites": {
                "name": "Wikipedia",
                "url": "https://id.wikipedia.org/wiki/Isyak_Meirobie"
            },
            "communityID": "2d12e038-3d52-4e7d-92d6-7ca64f8260f4"
        },
        {
            "name": "Tellie Gozali",
            "description": "",
            "profilePic": "",
            "title": "Mantan Anggota DPD RI",
            "sites": {},
            "communityID": "2d12e038-3d52-4e7d-92d6-7ca64f8260f4"
        },
        {
            "name": "Pemilihan umum Bupati Belitung 2018",
            "description": "Golkar\n",
            "profilePic": "https://upload.wikimedia.org/wikipedia/commons/3/3b/KPU_Hellyana.jpg",
            "title": "Anggota DPRD Babel",
            "sites": {
                "name": "Wikipedia",
                "url": "https://id.wikipedia.org/wiki/Hellyana"
            },
            "communityID": "2d12e038-3d52-4e7d-92d6-7ca64f8260f4"
        },
        {
            "name": "Taufik Mardin",
            "description": "",
            "profilePic": "",
            "title": "Anggota DPRD Babel",
            "sites": {},
            "communityID": "2d12e038-3d52-4e7d-92d6-7ca64f8260f4"
        },
        {
            "name": "Yoga Nursiwan",
            "description": "",
            "profilePic": "",
            "title": "Anggota DPRD Babel",
            "sites": {},
            "communityID": "2d12e038-3d52-4e7d-92d6-7ca64f8260f4"
        },
        {
            "name": "Erwandi A. Rani",
            "description": "Erwandi A. Rani adalah seorang politikus Indonesia. Ia tergabung dalam Partai Keadilan Sejahtera. Ia menjabat sebagai Wakil Bupati Belitung dari 31 Desember 2013 sampai 15 Februari 2018 mendampingi Sahani Saleh selaku Bupati Belitung. Pada Pemilihan umum Bupati Belitung 2018, ia maju sebagai cawabup mendampingi Azwardy Azhar selaku cabup namun kalah dari pasangan Sahani Saleh-Isyak Meirobie.[1]\n",
            "profilePic": "https://upload.wikimedia.org/wikipedia/commons/4/4f/KPU_Erwandi_A._Rani.jpg",
            "title": "Anggota DPRD Babel & Mantan Wakil Bupati Belitung",
            "sites": {
                "name": "Wikipedia",
                "url": "https://id.wikipedia.org/wiki/Erwandi_A._Rani"
            },
            "communityID": "2d12e038-3d52-4e7d-92d6-7ca64f8260f4"
        },
        {
            "name": "Hendra Pramono",
            "description": "",
            "profilePic": "",
            "title": "Wakil Ketua II DPRD Belitung",
            "sites": {},
            "communityID": "2d12e038-3d52-4e7d-92d6-7ca64f8260f4"
        },
        {
            "name": "Djoni Alamsyah Hidayat",
            "description": "",
            "profilePic": "",
            "title": "Direktur Utama PT Biliton Jaya Raya",
            "sites": {},
            "communityID": "2d12e038-3d52-4e7d-92d6-7ca64f8260f4"
        },
        {
            "name": "Syarifah Amelia",
            "description": "",
            "profilePic": "",
            "title": "Direktur DirDik di Yayasan Al-Farabi Khasanah Indonesia",
            "sites": {},
            "communityID": "2d12e038-3d52-4e7d-92d6-7ca64f8260f4"
        },
        {
            "name": "MZ Hendra Caya",
            "description": "",
            "profilePic": "",
            "title": "Sekda Kabupaten Belitung",
            "sites": {},
            "communityID": "2d12e038-3d52-4e7d-92d6-7ca64f8260f4"
        },
        {
            "name": "Muchtar Motong",
            "description": "",
            "profilePic": "",
            "title": "Ketua DPC HNSI Kabupaten Belitung",
            "sites": {},
            "communityID": "2d12e038-3d52-4e7d-92d6-7ca64f8260f4"
        },
        {
            "name": "Azwardy Azhar",
            "description": "",
            "profilePic": "",
            "title": "Pengusaha",
            "sites": {},
            "communityID": "2d12e038-3d52-4e7d-92d6-7ca64f8260f4"
        },
        {
            "name": "Fendi Haryono",
            "description": "",
            "profilePic": "",
            "title": "Ketua DPD Partai NasDem Kabupaten Belitung",
            "sites": {},
            "communityID": "2d12e038-3d52-4e7d-92d6-7ca64f8260f4"
        }
    ]
}