{
    "title": "Pemilihan umum Bupati Pulau Morotai 2024",
    "region": "Pulau Morotai",
    "level": "KABUPATEN",
    "candidates": [
        {
            "name": "Benny Laos",
            "title": "Calon Bupati",
            "description": "Benny Laos (lahir 8 Agustus 1972) adalah seorang politikus Indonesia yang menjabat sebagai Bupati Pulau Morotai periode 2017\u20132022.",
            "profilePic": "https://upload.wikimedia.org/wikipedia/commons/thumb/a/ae/Benny_Laos%2C_2017.jpg/200px-Benny_Laos%2C_2017.jpg",
            "communityID": "033e1d0e-cfc6-4f7b-9c5b-50c37a26f78f",
            "sites": {
                "name": "Wikipedia",
                "url": "https://id.wikipedia.org/wiki/Benny_Laos"
            }
        },
        {
            "name": "Rusli Sibua",
            "title": "Calon Bupati",
            "description": null,
            "profilePic": "",
            "communityID": "033e1d0e-cfc6-4f7b-9c5b-50c37a26f78f",
            "sites": null
        },
        {
            "name": "Sahril Thahir",
            "title": "Calon Bupati",
            "description": null,
            "profilePic": "",
            "communityID": "033e1d0e-cfc6-4f7b-9c5b-50c37a26f78f",
            "sites": null
        },
        {
            "name": "Asrun Padoma",
            "title": "Calon Bupati",
            "description": "Asrun Padoma (lahir 2 April 1975) adalah seorang politikus kelahiran Sakita. Dari 1992 sampai 1994, Ia bergabung dalam Ikatan Pelajar Muhammadiyah. Dari 1994 sampai 1998, ia bergabung dalam Ikatan Mahasiswa Muhammadiyah. Dari 1998 sampai 2010, ia bergabung dalam Pemuda Muhammadiyah. Pada 2016, ia diangkat menjadi Ketua Pimpinan Daerah Muhammadiyah.",
            "profilePic": "https://upload.wikimedia.org/wikipedia/commons/thumb/0/0f/Asrun_Podoma%2C_2017.jpg/220px-Asrun_Podoma%2C_2017.jpg",
            "communityID": "033e1d0e-cfc6-4f7b-9c5b-50c37a26f78f",
            "sites": {
                "name": "Wikipedia",
                "url": "https://id.wikipedia.org/wiki/Asrun_Padoma"
            }
        },
        {
            "name": "Ali Sangaji",
            "title": "Calon Bupati",
            "description": null,
            "profilePic": "",
            "communityID": "033e1d0e-cfc6-4f7b-9c5b-50c37a26f78f",
            "sites": null
        },
        {
            "name": "Fahri Haeruddi",
            "title": "Calon Bupati",
            "description": null,
            "profilePic": "",
            "communityID": "033e1d0e-cfc6-4f7b-9c5b-50c37a26f78f",
            "sites": null
        },
        {
            "name": "Zainal Karim",
            "title": "Calon Bupati",
            "description": null,
            "profilePic": "",
            "communityID": "033e1d0e-cfc6-4f7b-9c5b-50c37a26f78f",
            "sites": null
        },
        {
            "name": "Deny Garuda",
            "title": "Calon Bupati",
            "description": null,
            "profilePic": "",
            "communityID": "033e1d0e-cfc6-4f7b-9c5b-50c37a26f78f",
            "sites": null
        },
        {
            "name": "MicBill Abdul Aziz",
            "title": "Calon Bupati",
            "description": null,
            "profilePic": "",
            "communityID": "033e1d0e-cfc6-4f7b-9c5b-50c37a26f78f",
            "sites": null
        },
        {
            "name": "Richard Samatara",
            "title": "Calon Bupati",
            "description": null,
            "profilePic": "",
            "communityID": "033e1d0e-cfc6-4f7b-9c5b-50c37a26f78f",
            "sites": null
        },
        {
            "name": "Feri Lewasiwal",
            "title": "Calon Bupati",
            "description": null,
            "profilePic": "",
            "communityID": "033e1d0e-cfc6-4f7b-9c5b-50c37a26f78f",
            "sites": null
        },
        {
            "name": "F Revi Dara",
            "title": "Calon Bupati",
            "description": null,
            "profilePic": "",
            "communityID": "033e1d0e-cfc6-4f7b-9c5b-50c37a26f78f",
            "sites": null
        },
        {
            "name": "Tony Laos",
            "title": "Calon Bupati",
            "description": null,
            "profilePic": "",
            "communityID": "033e1d0e-cfc6-4f7b-9c5b-50c37a26f78f",
            "sites": null
        }
    ],
    "source": "https://id.wikipedia.org/wiki/Pemilihan_umum_Bupati_Pulau_Morotai_2024",
    "path": "kabupaten-pulau-morotai"
}