{
    "title": "Pemilihan umum Bupati Dompu 2024",
    "region": "Dompu",
    "level": "KABUPATEN",
    "candidates": [
        {
            "name": "Kader Jaelani",
            "title": "Calon Bupati",
            "description": "Kader Jaelani (lahir 24 Oktober 1976) adalah Bupati Dompu periode 2021\u20132024. Ia menjabat sejak 26 Februari 2021 setelah dilantik Gubernur Nusa Tenggara Barat, Zulkieflimansyah di Gedung Graha Bhakti Praja Kompleks Kantor Gubernur Nusa Tenggara Barat, Mataram.",
            "profilePic": "https://upload.wikimedia.org/wikipedia/commons/thumb/4/4a/Bupati_Dompu_Kader_Jaelani.jpg/150px-Bupati_Dompu_Kader_Jaelani.jpg",
            "communityID": "db208137-96f9-47ef-877e-728f67476ff0",
            "sites": {
                "name": "Wikipedia",
                "url": "https://id.wikipedia.org/wiki/Kader_Jaelani"
            }
        },
        {
            "name": "Bambang Firdaus",
            "title": "Calon Bupati",
            "description": null,
            "profilePic": "",
            "communityID": "db208137-96f9-47ef-877e-728f67476ff0",
            "sites": null
        },
        {
            "name": "Ridwan Syah",
            "title": "Calon Bupati",
            "description": null,
            "profilePic": "",
            "communityID": "db208137-96f9-47ef-877e-728f67476ff0",
            "sites": null
        }
    ],
    "source": "https://id.wikipedia.org/wiki/Pemilihan_umum_Bupati_Dompu_2024",
    "path": "kabupaten-dompu"
}