{
    "title": "Pemilihan umum Bupati Pidie Jaya 2024",
    "region": "Pidie Jaya",
    "level": "KABUPATEN",
    "candidates": [
        {
            "name": "dr. Mahfudhdinsyah",
            "title": "Calon Bupati",
            "description": null,
            "profilePic": "",
            "communityID": "e5dff4e4-2b8f-4f54-8392-626b70a83c33",
            "sites": null
        },
        {
            "name": "Sarjani Abdullah",
            "title": "Calon Bupati",
            "description": "Teungku Sarjani Abdullah, lebih dikenal dengan nama Awan (lahir 20 Maret 1970) adalah mantan tokoh pejuang GAM. Dia pernah menjabat sebagai Panglima Gerakan Aceh Merdeka wilayah Pidie dan Bupati Pidie periode 2012\u20142017.",
            "profilePic": "https://upload.wikimedia.org/wikipedia/commons/thumb/1/19/Flag_of_Free_Aceh_Movement.svg/23px-Flag_of_Free_Aceh_Movement.svg.png",
            "communityID": "e5dff4e4-2b8f-4f54-8392-626b70a83c33",
            "sites": {
                "name": "Wikipedia",
                "url": "https://id.wikipedia.org/wiki/Sarjani_Abdullah"
            }
        },
        {
            "name": "Muhammad A.R.",
            "title": "Calon Bupati",
            "description": null,
            "profilePic": "",
            "communityID": "e5dff4e4-2b8f-4f54-8392-626b70a83c33",
            "sites": null
        },
        {
            "name": "Muhibbuddin Husen",
            "title": "Calon Bupati",
            "description": null,
            "profilePic": "",
            "communityID": "e5dff4e4-2b8f-4f54-8392-626b70a83c33",
            "sites": null
        },
        {
            "name": "Abubakar Muhammad",
            "title": "Calon Bupati",
            "description": null,
            "profilePic": "",
            "communityID": "e5dff4e4-2b8f-4f54-8392-626b70a83c33",
            "sites": null
        }
    ],
    "source": "https://id.wikipedia.org/wiki/Pemilihan_umum_Bupati_Pidie_Jaya_2024",
    "path": "kabupaten-pidie-jaya"
}