{
    "title": "Pemilihan umum Bupati Karimun 2024",
    "region": "Karimun",
    "level": "KABUPATEN",
    "candidates": [
        {
            "name": "Anwar Hasyim",
            "title": "Calon Bupati",
            "description": "H. Anwar Hasyim, S.Ag., M.Si. (lahir 14 Mei 1954) adalah Wakil Bupati Karimun 2 periode yakni 2016\u20132021 dan 2021\u20132024.",
            "profilePic": "https://upload.wikimedia.org/wikipedia/commons/thumb/2/27/Anwar_Hasyim_2016.jpg/200px-Anwar_Hasyim_2016.jpg",
            "communityID": "da74605a-e88a-4e2b-899b-889a95793c61",
            "sites": {
                "name": "Wikipedia",
                "url": "https://id.wikipedia.org/wiki/Anwar_Hasyim"
            }
        },
        {
            "name": "Raja Bakhtiar",
            "title": "Calon Bupati",
            "description": null,
            "profilePic": "",
            "communityID": "da74605a-e88a-4e2b-899b-889a95793c61",
            "sites": null
        },
        {
            "name": "T.S. Arif Fadillah",
            "title": "Calon Bupati",
            "description": null,
            "profilePic": "",
            "communityID": "da74605a-e88a-4e2b-899b-889a95793c61",
            "sites": null
        },
        {
            "name": "Huzrin Hood",
            "title": "Calon Bupati",
            "description": "H. Huzrin Hood, S.H., M.H., M.Pd.I. (lahir 10 Oktober 1954) adalah seorang politikus Indonesia yang pernah menjabat sebagai Bupati Kepulauan Riau  (Bintan) periode 2001\u20142003.",
            "profilePic": "https://upload.wikimedia.org/wikipedia/commons/thumb/b/b2/KPU_Huzrin_Hood.jpg/220px-KPU_Huzrin_Hood.jpg",
            "communityID": "da74605a-e88a-4e2b-899b-889a95793c61",
            "sites": {
                "name": "Wikipedia",
                "url": "https://id.wikipedia.org/wiki/Huzrin_Hood"
            }
        },
        {
            "name": "Iskandarsyah",
            "title": "Calon Bupati",
            "description": null,
            "profilePic": "",
            "communityID": "da74605a-e88a-4e2b-899b-889a95793c61",
            "sites": null
        },
        {
            "name": "Muhammad Yusuf Sirat",
            "title": "Calon Bupati",
            "description": null,
            "profilePic": "",
            "communityID": "da74605a-e88a-4e2b-899b-889a95793c61",
            "sites": null
        },
        {
            "name": "Muhammad Firmansyah",
            "title": "Calon Bupati",
            "description": "Drs. Muhammad Firmansyah, M.Si (lahir di Penyengat, 12 September 1968) merupakan seorang birokrat lulusan Akademi Pemerintahan Dalam Negeri (APDN) atau sekarang dikenal dengan Institut Pemerintahan Dalam Negeri (IPDN) tahun 1991 yang saat ini menjabat sebagai Sekretaris Daerah Kabupaten Karimun, Provinsi Kepulauan Riau.",
            "profilePic": "https://upload.wikimedia.org/wikipedia/commons/thumb/9/9f/Flag_of_Indonesia.svg/23px-Flag_of_Indonesia.svg.png",
            "communityID": "da74605a-e88a-4e2b-899b-889a95793c61",
            "sites": {
                "name": "Wikipedia",
                "url": "https://id.wikipedia.org/wiki/Muhammad_Firmansyah"
            }
        },
        {
            "name": "Sabari Basirun",
            "title": "Calon Bupati",
            "description": null,
            "profilePic": "",
            "communityID": "da74605a-e88a-4e2b-899b-889a95793c61",
            "sites": null
        },
        {
            "name": "Bakti Lubis",
            "title": "Calon Bupati",
            "description": null,
            "profilePic": "",
            "communityID": "da74605a-e88a-4e2b-899b-889a95793c61",
            "sites": null
        },
        {
            "name": "Herry Andrianto",
            "title": "Calon Bupati",
            "description": null,
            "profilePic": "",
            "communityID": "da74605a-e88a-4e2b-899b-889a95793c61",
            "sites": null
        },
        {
            "name": "Rocky Marciano Bawole",
            "title": "Calon Bupati",
            "description": null,
            "profilePic": "",
            "communityID": "da74605a-e88a-4e2b-899b-889a95793c61",
            "sites": null
        },
        {
            "name": "Marlin Agustina",
            "title": "Calon Bupati",
            "description": "Marlin Agustina Nasution, S.E., S.H. (lahir 15 Agustus 1971) adalah seorang politikus Indonesia dari Partai Gerindra yang menjabat sebagai Wakil Gubernur Kepulauan Riau sejak 25 Februari 2021. Ia merupakan istri Muhammad Rudi yang kini menjabat Wali Kota Batam.",
            "profilePic": "https://upload.wikimedia.org/wikipedia/commons/thumb/0/06/Marlin_Agustina%2C_Wakil_Gubernur_Kepulauan_Riau_%282021%29.jpg/220px-Marlin_Agustina%2C_Wakil_Gubernur_Kepulauan_Riau_%282021%29.jpg",
            "communityID": "da74605a-e88a-4e2b-899b-889a95793c61",
            "sites": {
                "name": "Wikipedia",
                "url": "https://id.wikipedia.org/wiki/Marlin_Agustina"
            }
        }
    ],
    "source": "https://id.wikipedia.org/wiki/Pemilihan_umum_Bupati_Karimun_2024",
    "path": "kabupaten-karimun"
}