{
    "title": "Pemilihan umum Bupati Musi Rawas 2024",
    "region": "Musi Rawas",
    "level": "KABUPATEN",
    "candidates": [
        {
            "name": "Ratna Machmud",
            "title": "Calon Bupati",
            "description": "Ir. Hj. Ratna Machmud.,M.M (lahir 8 Agustus 1964) adalah Bupati Musi Rawas periode 2021\u20132024. Ia menjabat sejak 26 Februari 2021 setelah dilantik Gubernur Sumatera Selatan, Herman Deru di Griya Agung, Palembang.",
            "profilePic": "https://upload.wikimedia.org/wikipedia/commons/thumb/e/e3/Bupati_Musi_Rawas_Ratna_Machmud.png/220px-Bupati_Musi_Rawas_Ratna_Machmud.png",
            "communityID": "ed2d3a40-9122-4148-b995-573039bc375f",
            "sites": {
                "name": "Wikipedia",
                "url": "https://id.wikipedia.org/wiki/Ratna_Machmud"
            }
        },
        {
            "name": "Suwarti",
            "title": "Calon Bupati",
            "description": "Hj. Suwarti, S.IP. (lahir 27 Oktober 1958) adalah Wakil Bupati Musi Rawas periode 2016\u20132021 dan 2021\u20132024. Ia menjabat untuk periode kedua sejak 26 Februari 2021 setelah dilantik Gubernur Sumatera Selatan, Herman Deru di Griya Agung, Palembang.",
            "profilePic": "https://upload.wikimedia.org/wikipedia/commons/thumb/0/0a/Wakil_Bupati_Musi_Rawas_Suwarti.png/220px-Wakil_Bupati_Musi_Rawas_Suwarti.png",
            "communityID": "ed2d3a40-9122-4148-b995-573039bc375f",
            "sites": {
                "name": "Wikipedia",
                "url": "https://id.wikipedia.org/wiki/Suwarti_(politikus,_lahir_1958)"
            }
        },
        {
            "name": "KH. Bahana Jaalhaq Taqwallah",
            "title": "Calon Bupati",
            "description": null,
            "profilePic": "",
            "communityID": "ed2d3a40-9122-4148-b995-573039bc375f",
            "sites": null
        },
        {
            "name": "Sulaiman Kohar",
            "title": "Calon Bupati",
            "description": "H. Sulaiman Kohar, S.H., M.H. (lahir 22 Februari 1955) adalah birokrat dan politikus Indonesia yang menjabat sebagai Wakil Wali Kota Lubuklinggau 2 periode yakni 2013\u20142018 dan 2018\u20142023. Ia adalah wakil dari Wali Kota Lubuklinggau, SN Prana Putra Sohe.",
            "profilePic": "https://upload.wikimedia.org/wikipedia/commons/thumb/2/25/Lambang_Kota_Lubuklinggau.jpeg/50px-Lambang_Kota_Lubuklinggau.jpeg",
            "communityID": "ed2d3a40-9122-4148-b995-573039bc375f",
            "sites": {
                "name": "Wikipedia",
                "url": "https://id.wikipedia.org/wiki/Sulaiman_Kohar"
            }
        },
        {
            "name": "Zabur Nawawi",
            "title": "Calon Bupati",
            "description": null,
            "profilePic": "",
            "communityID": "ed2d3a40-9122-4148-b995-573039bc375f",
            "sites": null
        },
        {
            "name": "Raynaldi Akbar Nugraha",
            "title": "Calon Bupati",
            "description": null,
            "profilePic": "",
            "communityID": "ed2d3a40-9122-4148-b995-573039bc375f",
            "sites": null
        }
    ],
    "source": "https://id.wikipedia.org/wiki/Pemilihan_umum_Bupati_Musi_Rawas_2024",
    "path": "kabupaten-musi-rawas"
}