{
    "title": "Pemilihan umum Bupati Timor Tengah Selatan 2024",
    "region": "Timor Tengah Selatan",
    "level": "KABUPATEN",
    "candidates": [
        {
            "name": "Egusem Pieter Tahun",
            "title": "Calon Bupati",
            "description": "Egusem Pieter Tahun, S.T., M.M. (lahir 4 Maret 1961) adalah politikus Indonesia yang menjabat sebagai bupati Timor Tengah Selatan sejak 14 Februari 2019.",
            "profilePic": "https://upload.wikimedia.org/wikipedia/commons/thumb/7/75/Egusem_Pieter_Tahun_Bupati_TTS.png/200px-Egusem_Pieter_Tahun_Bupati_TTS.png",
            "communityID": "7fe535d7-297d-4001-a520-f8f5e4f8502c",
            "sites": {
                "name": "Wikipedia",
                "url": "https://id.wikipedia.org/wiki/Egusem_Pieter_Tahun"
            }
        },
        {
            "name": "Amos Aleksander Lafu",
            "title": "Calon Bupati",
            "description": null,
            "profilePic": "",
            "communityID": "7fe535d7-297d-4001-a520-f8f5e4f8502c",
            "sites": null
        },
        {
            "name": "Uksam Selan",
            "title": "Calon Bupati",
            "description": null,
            "profilePic": "",
            "communityID": "7fe535d7-297d-4001-a520-f8f5e4f8502c",
            "sites": null
        },
        {
            "name": "R.E.S Fobia",
            "title": "Calon Bupati",
            "description": null,
            "profilePic": "",
            "communityID": "7fe535d7-297d-4001-a520-f8f5e4f8502c",
            "sites": null
        }
    ],
    "source": "https://id.wikipedia.org/wiki/Pemilihan_umum_Bupati_Timor_Tengah_Selatan_2024",
    "path": "kabupaten-timor-tengah-selatan"
}