{
    "title": "Pemilihan umum Bupati Gorontalo 2024",
    "region": "Gorontalo",
    "level": "KABUPATEN",
    "candidates": [
        {
            "name": "Hendra Hemeto",
            "title": "Calon Bupati",
            "description": "H. Hendra S. Hemeto, ST., M.Si. (lahir 5 Januari 1973) adalah Wakil Bupati Gorontalo periode 2021\u20142024. Ia adalah wakil dari Bupati Gorontalo, Nelson Pomalingo.",
            "profilePic": "",
            "communityID": "858623b9-d0bb-4c8b-b814-4014c0c9d87c",
            "sites": {
                "name": "Wikipedia",
                "url": "https://id.wikipedia.org/wiki/Hendra_Hemeto"
            }
        },
        {
            "name": "Adhan Dambea",
            "title": "Calon Bupati",
            "description": "H. Adhan Dambea, S.Sos., S.H., M.A. (lahir 7 Juni 1958) adalah Anggota DPRD Provinsi Gorontalo periode 2019\u20132024. Sebelumnya ia menjabat sebagai Wali Kota Gorontalo periode 2008\u20132013.",
            "profilePic": "https://upload.wikimedia.org/wikipedia/commons/thumb/e/ea/Adhan_Dambea%2C_2017.jpg/220px-Adhan_Dambea%2C_2017.jpg",
            "communityID": "858623b9-d0bb-4c8b-b814-4014c0c9d87c",
            "sites": {
                "name": "Wikipedia",
                "url": "https://id.wikipedia.org/wiki/Adhan_Dambea"
            }
        },
        {
            "name": "Mochtar Mohamad",
            "title": "Calon Bupati",
            "description": "Mochtar Mohamad (lahir 26 Oktober 1964) adalah politikus Indonesia yang menjabat Wali Kota Bekasi periode 2008\u20142012. Mochtar pernah menjabat sebagai Wakil Wali Kota Bekasi periode 2003\u20142008. Sebelum akhirnya dia dihukum karena terjerat kasus korupsi , Dan digantikan oleh wakilnya Rahmat Effendi, dia terlibat dalam kasus penyuapan dan dijatuhi hukuman penjara selama beberapa tahun sebelum akhirnya dibebaskan pada tahun 2015, dan kembali ke dunia politik melalui PDI-P.",
            "profilePic": "https://upload.wikimedia.org/wikipedia/commons/thumb/8/85/Mochtar_Mohamad.jpg/220px-Mochtar_Mohamad.jpg",
            "communityID": "858623b9-d0bb-4c8b-b814-4014c0c9d87c",
            "sites": {
                "name": "Wikipedia",
                "url": "https://id.wikipedia.org/wiki/Mochtar_Mohamad"
            }
        },
        {
            "name": "Rustam HS Akili",
            "title": "Calon Bupati",
            "description": "Prof. Dr. Rustam H.S. Akili, S.E., S.H., M.H. (lahir 23 Maret 1964) adalah Ketua DPRD Provinsi Gorontalo periode 2014. Sebelumnya ia menjabat sebagai Anggota DPRD Provinsi Gorontalo 3 periode yakni 2001\u20142004, 2004\u20142009, dan 2009\u20142014.",
            "profilePic": "https://upload.wikimedia.org/wikipedia/commons/thumb/1/1d/KPU_Rustam_H.S._Akili.jpg/220px-KPU_Rustam_H.S._Akili.jpg",
            "communityID": "858623b9-d0bb-4c8b-b814-4014c0c9d87c",
            "sites": {
                "name": "Wikipedia",
                "url": "https://id.wikipedia.org/wiki/Rustam_HS_Akili"
            }
        }
    ],
    "source": "https://id.wikipedia.org/wiki/Pemilihan_umum_Bupati_Gorontalo_2024",
    "path": "kabupaten-gorontalo"
}