{
    "title": "Pemilihan umum Bupati Lampung Utara 2024",
    "region": "Lampung Utara",
    "level": "KABUPATEN",
    "candidates": [
        {
            "name": "Budi Utomo",
            "title": "Calon Bupati",
            "description": null,
            "profilePic": "",
            "communityID": "8a9a155a-65f6-442e-9c6a-3ee4f3b69e32",
            "sites": null
        },
        {
            "name": "Zainal Abidin",
            "title": "Calon Bupati",
            "description": "Zainal Abidin dapat mengacu pada beberapa hal berikut:",
            "profilePic": "https://upload.wikimedia.org/wikipedia/commons/thumb/5/5f/Disambig_gray.svg/30px-Disambig_gray.svg.png",
            "communityID": "8a9a155a-65f6-442e-9c6a-3ee4f3b69e32",
            "sites": {
                "name": "Wikipedia",
                "url": "https://id.wikipedia.org/wiki/Zainal_Abidin"
            }
        },
        {
            "name": "Endah Kartika Prajawati",
            "title": "Calon Bupati",
            "description": null,
            "profilePic": "",
            "communityID": "8a9a155a-65f6-442e-9c6a-3ee4f3b69e32",
            "sites": null
        },
        {
            "name": "Wansori",
            "title": "Calon Bupati",
            "description": null,
            "profilePic": "",
            "communityID": "8a9a155a-65f6-442e-9c6a-3ee4f3b69e32",
            "sites": null
        },
        {
            "name": "Madri Daud",
            "title": "Calon Bupati",
            "description": null,
            "profilePic": "",
            "communityID": "8a9a155a-65f6-442e-9c6a-3ee4f3b69e32",
            "sites": null
        },
        {
            "name": "Imam Syuhada",
            "title": "Calon Bupati",
            "description": null,
            "profilePic": "",
            "communityID": "8a9a155a-65f6-442e-9c6a-3ee4f3b69e32",
            "sites": null
        },
        {
            "name": "Yose Rizal",
            "title": "Calon Bupati",
            "description": null,
            "profilePic": "",
            "communityID": "8a9a155a-65f6-442e-9c6a-3ee4f3b69e32",
            "sites": null
        },
        {
            "name": "Mardani Umar",
            "title": "Calon Bupati",
            "description": null,
            "profilePic": "",
            "communityID": "8a9a155a-65f6-442e-9c6a-3ee4f3b69e32",
            "sites": null
        },
        {
            "name": "Ardian Saputra",
            "title": "Calon Bupati",
            "description": null,
            "profilePic": "",
            "communityID": "8a9a155a-65f6-442e-9c6a-3ee4f3b69e32",
            "sites": null
        }
    ],
    "source": "https://id.wikipedia.org/wiki/Pemilihan_umum_Bupati_Lampung_Utara_2024",
    "path": "kabupaten-lampung-utara"
}