{
    "title": "Pemilihan umum Bupati Belitung 2024",
    "region": "Belitung",
    "level": "KABUPATEN",
    "candidates": [
        {
            "name": "Isyak Meirobie",
            "title": "Calon Bupati",
            "description": "Isyak Meirobie (lahir 31 Mei 1978adalah seorang politikus Indonesia kelahiran Tanjung Pandan, Belitung. Ia merupakan alumni program studi Desain Interior Fakultas Seni Rupa dan Desain Universitas Tarumanagara,Magister sains STIA di jakarta serta Doktor Ilmu Manajemen Universitas Tarumanagara.Tahun 2004 ia terpilih sebagai Anggota DPRD Kabupaten Belitung termuda di usia 26 tahun dan meraih suara terbesar kedua di seluruh kabupaten Belitung melalui Partai PIB (Perhimpunan Indonesia Baru) yang Ketua Umum nya adalah Dr.Sjahrir, ayah Pandu Sjahrir, suami dari Dr.Nurmala Kartini Sjahrir Pandjaitan, adik kandung Menkomarves RI, Bapak Luhut Binsar Pandjaitan.Isyak juga menjadi Pendiri dan ketua DPP Partai PIB di usia 24 tahun.Selepas menjadi anggota DPRD kabupaten Belitung, ia ditunjuk menjadi Staf khusus Gubernur kepulauan Bangka Belitung pada tahun 2009 -2012, kemudian pada tahun yang sama ia juga mendirikan perusahaan Properti pertama di Pulau Belitung di era pasca Reformasi .Pada pemilu tahun 2014 melalui Partai Nasdem dimana ia menjadi ketua DPD Kabupaten Belitung, Isyak terpilih dengan suara terbesar se kabupaten Belitung pada tahun 2014 dan mengantakannya menjadi Wakil Ketua DPRD Belitung.",
            "profilePic": "https://upload.wikimedia.org/wikipedia/commons/thumb/d/db/Wakil_Bupati_Belitung_Isyak_Meirobie.jpg/220px-Wakil_Bupati_Belitung_Isyak_Meirobie.jpg",
            "communityID": "2d12e038-3d52-4e7d-92d6-7ca64f8260f4",
            "sites": {
                "name": "Wikipedia",
                "url": "https://id.wikipedia.org/wiki/Isyak_Meirobie"
            }
        },
        {
            "name": "Tellie Gozali",
            "title": "Calon Bupati",
            "description": null,
            "profilePic": "",
            "communityID": "2d12e038-3d52-4e7d-92d6-7ca64f8260f4",
            "sites": null
        },
        {
            "name": "Hellyana",
            "title": "Calon Bupati",
            "description": "Golkar",
            "profilePic": "https://upload.wikimedia.org/wikipedia/commons/thumb/b/b3/Lambang_Kabupaten_Belitung.png/50px-Lambang_Kabupaten_Belitung.png",
            "communityID": "2d12e038-3d52-4e7d-92d6-7ca64f8260f4",
            "sites": {
                "name": "Wikipedia",
                "url": "https://id.wikipedia.org/wiki/Hellyana"
            }
        },
        {
            "name": "Taufik Mardin",
            "title": "Calon Bupati",
            "description": null,
            "profilePic": "",
            "communityID": "2d12e038-3d52-4e7d-92d6-7ca64f8260f4",
            "sites": null
        },
        {
            "name": "Yoga Nursiwan",
            "title": "Calon Bupati",
            "description": null,
            "profilePic": "",
            "communityID": "2d12e038-3d52-4e7d-92d6-7ca64f8260f4",
            "sites": null
        },
        {
            "name": "Erwandi A. Rani",
            "title": "Calon Bupati",
            "description": "Erwandi A. Rani adalah seorang politikus Indonesia. Ia tergabung dalam Partai Keadilan Sejahtera. Ia menjabat sebagai Wakil Bupati Belitung dari 31 Desember 2013 sampai 15 Februari 2018 mendampingi Sahani Saleh selaku Bupati Belitung. Pada Pemilihan umum Bupati Belitung 2018, ia maju sebagai cawabup mendampingi Azwardy Azhar selaku cabup namun kalah dari pasangan Sahani Saleh-Isyak Meirobie.",
            "profilePic": "https://upload.wikimedia.org/wikipedia/commons/thumb/4/4f/KPU_Erwandi_A._Rani.jpg/220px-KPU_Erwandi_A._Rani.jpg",
            "communityID": "2d12e038-3d52-4e7d-92d6-7ca64f8260f4",
            "sites": {
                "name": "Wikipedia",
                "url": "https://id.wikipedia.org/wiki/Erwandi_A._Rani"
            }
        },
        {
            "name": "Hendra Pramono",
            "title": "Calon Bupati",
            "description": null,
            "profilePic": "",
            "communityID": "2d12e038-3d52-4e7d-92d6-7ca64f8260f4",
            "sites": null
        },
        {
            "name": "Djoni Alamsyah Hidayat",
            "title": "Calon Bupati",
            "description": null,
            "profilePic": "",
            "communityID": "2d12e038-3d52-4e7d-92d6-7ca64f8260f4",
            "sites": null
        },
        {
            "name": "Syarifah Amelia",
            "title": "Calon Bupati",
            "description": null,
            "profilePic": "",
            "communityID": "2d12e038-3d52-4e7d-92d6-7ca64f8260f4",
            "sites": null
        },
        {
            "name": "MZ Hendra Caya",
            "title": "Calon Bupati",
            "description": null,
            "profilePic": "",
            "communityID": "2d12e038-3d52-4e7d-92d6-7ca64f8260f4",
            "sites": null
        },
        {
            "name": "Muchtar Motong",
            "title": "Calon Bupati",
            "description": null,
            "profilePic": "",
            "communityID": "2d12e038-3d52-4e7d-92d6-7ca64f8260f4",
            "sites": null
        },
        {
            "name": "Azwardy Azhar",
            "title": "Calon Bupati",
            "description": null,
            "profilePic": "",
            "communityID": "2d12e038-3d52-4e7d-92d6-7ca64f8260f4",
            "sites": null
        },
        {
            "name": "Fendi Haryono",
            "title": "Calon Bupati",
            "description": null,
            "profilePic": "",
            "communityID": "2d12e038-3d52-4e7d-92d6-7ca64f8260f4",
            "sites": null
        }
    ],
    "source": "https://id.wikipedia.org/wiki/Pemilihan_umum_Bupati_Belitung_2024",
    "path": "kabupaten-belitung"
}