{
    "title": "Pemilihan umum Bupati Tulang Bawang 2024",
    "region": "Tulang Bawang",
    "level": "KABUPATEN",
    "candidates": [
        {
            "name": "Winarti",
            "title": "Calon Bupati",
            "description": "Winarti, S.E., M.H. (lahir 4 April 1975) merupakan Bupati Tulang Bawang periode 2017-2022. Winarti merupakan bupati wanita pertama di Tulang Bawang. Karier politiknya diawali dengan menjadi kader ranting PDI Perjuangan. Ia memiliki suami seorang Anggota DPRD Provinsi Lampung yaitu Kadek Suwartika.",
            "profilePic": "https://upload.wikimedia.org/wikipedia/commons/thumb/8/8f/Winarti_Calon_Kepala_Tulang_Bawang_2017.jpg/220px-Winarti_Calon_Kepala_Tulang_Bawang_2017.jpg",
            "communityID": "cdf62742-9ecf-4dde-8866-e95f6ce57f83",
            "sites": {
                "name": "Wikipedia",
                "url": "https://id.wikipedia.org/wiki/Winarti"
            }
        },
        {
            "name": "Hendriwansyah",
            "title": "Calon Bupati",
            "description": "Hendriwansyah (lahir 4 Maret 1974) adalah seorang politikus Indonesia kelahiran Mengggala. Ia tergabung dalam Partai Amanat Nasional. Ia menikahi Mursidah dan memiliki dua anak yakni Alsana Yuta Rahmandita dan Azahra Nadine Yuta Rahmandita.  Ia sempat menjabat sebagai Wakil Ketua III Dewan Perwakilan Rakyat Daerah (DPRD) Tulang Bawang. Pada 18 Desember 2017, ia menjabat sebagai Wakil Bupati Tulang Bawang mendampingi Winarti selaku Bupati Tulang Bawang.",
            "profilePic": "https://upload.wikimedia.org/wikipedia/commons/thumb/8/82/KPU_Hendriwansyah.jpg/220px-KPU_Hendriwansyah.jpg",
            "communityID": "cdf62742-9ecf-4dde-8866-e95f6ce57f83",
            "sites": {
                "name": "Wikipedia",
                "url": "https://id.wikipedia.org/wiki/Hendriwansyah"
            }
        },
        {
            "name": "Hi.SYARNUBI",
            "title": "Calon Bupati",
            "description": null,
            "profilePic": "",
            "communityID": "cdf62742-9ecf-4dde-8866-e95f6ce57f83",
            "sites": null
        },
        {
            "name": "ZULDIN  3 Periode",
            "title": "Calon Bupati",
            "description": null,
            "profilePic": "",
            "communityID": "cdf62742-9ecf-4dde-8866-e95f6ce57f83",
            "sites": null
        },
        {
            "name": "Hanan A. Rozak",
            "title": "Calon Bupati",
            "description": "Ir. Hi. Hanan A. Rozak, M.S. (lahir 25 Desember 1960) adalah Bupati Kabupaten Tulang Bawang periode 2012 - 2017.",
            "profilePic": "https://upload.wikimedia.org/wikipedia/commons/thumb/e/e2/Anggota_DPR_Hanan_A._Rozak.jpg/220px-Anggota_DPR_Hanan_A._Rozak.jpg",
            "communityID": "cdf62742-9ecf-4dde-8866-e95f6ce57f83",
            "sites": {
                "name": "Wikipedia",
                "url": "https://id.wikipedia.org/wiki/Hanan_A._Rozak"
            }
        },
        {
            "name": "Qodratul Ikhwan",
            "title": "Calon Bupati",
            "description": "Drs. Hi. Qudrotul Ikhwan, M.M. (lahir 7 Januari 1965) adalah Penjabat Bupati Kabupaten Tulang Bawang (18 Desember 2022 - sekarang) dan Penjabat Bupati Kabupaten Pesisir Barat Ke-2 (23 April 2015 - 17 Februari 2016). Nama Qudrotul Ikhwan di dalam berbagai pemberitaan sering tertulis sebagai nama Qodratul Ikhwan.",
            "profilePic": "https://upload.wikimedia.org/wikipedia/id/8/81/Qudratul_Ikhwan_Official.jpg",
            "communityID": "cdf62742-9ecf-4dde-8866-e95f6ce57f83",
            "sites": {
                "name": "Wikipedia",
                "url": "https://id.wikipedia.org/wiki/Qodratul_Ikhwan"
            }
        },
        {
            "name": "Heri Wardoyo",
            "title": "Calon Bupati",
            "description": "Winarti",
            "profilePic": "https://upload.wikimedia.org/wikipedia/commons/thumb/9/9f/Flag_of_Indonesia.svg/50px-Flag_of_Indonesia.svg.png",
            "communityID": "cdf62742-9ecf-4dde-8866-e95f6ce57f83",
            "sites": {
                "name": "Wikipedia",
                "url": "https://id.wikipedia.org/wiki/Heri_Wardoyo"
            }
        },
        {
            "name": "Frans Agung Mula Putra",
            "title": "Calon Bupati",
            "description": null,
            "profilePic": "",
            "communityID": "cdf62742-9ecf-4dde-8866-e95f6ce57f83",
            "sites": null
        },
        {
            "name": "Veri Agusli HTB",
            "title": "Calon Bupati",
            "description": null,
            "profilePic": "",
            "communityID": "cdf62742-9ecf-4dde-8866-e95f6ce57f83",
            "sites": null
        },
        {
            "name": "Supriyadi Alfian",
            "title": "Calon Bupati",
            "description": null,
            "profilePic": "",
            "communityID": "cdf62742-9ecf-4dde-8866-e95f6ce57f83",
            "sites": null
        },
        {
            "name": "Semin.",
            "title": "Calon Bupati",
            "description": null,
            "profilePic": "",
            "communityID": "cdf62742-9ecf-4dde-8866-e95f6ce57f83",
            "sites": null
        },
        {
            "name": "Aliasan",
            "title": "Calon Bupati",
            "description": null,
            "profilePic": "",
            "communityID": "cdf62742-9ecf-4dde-8866-e95f6ce57f83",
            "sites": null
        },
        {
            "name": "Sopi'i Azhari",
            "title": "Calon Bupati",
            "description": null,
            "profilePic": "",
            "communityID": "cdf62742-9ecf-4dde-8866-e95f6ce57f83",
            "sites": null
        },
        {
            "name": "Kolonel Ahmad Yani",
            "title": "Calon Bupati",
            "description": null,
            "profilePic": "",
            "communityID": "cdf62742-9ecf-4dde-8866-e95f6ce57f83",
            "sites": null
        },
        {
            "name": "Dedi Afrizal",
            "title": "Calon Bupati",
            "description": "",
            "profilePic": "https://upload.wikimedia.org/wikipedia/commons/thumb/e/e1/Ambox_wikify.svg/50px-Ambox_wikify.svg.png",
            "communityID": "cdf62742-9ecf-4dde-8866-e95f6ce57f83",
            "sites": {
                "name": "Wikipedia",
                "url": "https://id.wikipedia.org/wiki/Dedi_Afrizal"
            }
        }
    ],
    "source": "https://id.wikipedia.org/wiki/Pemilihan_umum_Bupati_Tulang_Bawang_2024",
    "path": "kabupaten-tulang-bawang"
}