{
    "title": "Pemilihan umum Bupati Lebong 2024",
    "region": "Lebong",
    "level": "KABUPATEN",
    "candidates": [
        {
            "name": "Kopli Ansori",
            "title": "Calon Bupati",
            "description": "Kopli Ansori (lahir 30 November 1981) adalah Bupati Lebong periode 2021\u20132024. Ia menjabat sejak 26 Februari 2021 setelah dilantik Gubernur Bengkulu, Rohidin Mersyah di Gedung Balai Raya Semarak, Kota Bengkulu.",
            "profilePic": "https://upload.wikimedia.org/wikipedia/commons/thumb/c/c7/Bupati_Kabupaten_Lebong_Kopli_Ansori.jpg/220px-Bupati_Kabupaten_Lebong_Kopli_Ansori.jpg",
            "communityID": "91027acd-448e-4fb9-8dff-8dbbb7a619ee",
            "sites": {
                "name": "Wikipedia",
                "url": "https://id.wikipedia.org/wiki/Kopli_Ansori"
            }
        },
        {
            "name": "Mohd Gustiadi",
            "title": "Calon Bupati",
            "description": null,
            "profilePic": "",
            "communityID": "91027acd-448e-4fb9-8dff-8dbbb7a619ee",
            "sites": null
        },
        {
            "name": "Roby Wijaya",
            "title": "Calon Bupati",
            "description": null,
            "profilePic": "",
            "communityID": "91027acd-448e-4fb9-8dff-8dbbb7a619ee",
            "sites": null
        }
    ],
    "source": "https://id.wikipedia.org/wiki/Pemilihan_umum_Bupati_Lebong_2024",
    "path": "kabupaten-lebong"
}