{
    "title": "Pemilihan umum Bupati Toba 2024",
    "region": "Toba",
    "level": "KABUPATEN",
    "candidates": [
        {
            "name": "Poltak Sitorus",
            "title": "Calon Bupati",
            "description": "Ir. Poltak Sitorus, M.Sc. (lahir 6 Juli 1965) adalah seorang pengusaha yang saat ini menjabat sebagai Bupati Toba periode 2021-2024.",
            "profilePic": "https://upload.wikimedia.org/wikipedia/commons/thumb/5/5b/Bupati_Toba_periode_2021-2024_Poltak_Sitorus.jpg/220px-Bupati_Toba_periode_2021-2024_Poltak_Sitorus.jpg",
            "communityID": "f10aa124-aae3-4dbb-ad45-0e6f72e37c2a",
            "sites": {
                "name": "Wikipedia",
                "url": "https://id.wikipedia.org/wiki/Poltak_Sitorus"
            }
        },
        {
            "name": "Tonny Simanjuntak",
            "title": "Calon Bupati",
            "description": "Tonny M. Simanjuntak, S.E. (lahir 22 Agustus 1979) adalah Wakil Bupati Toba periode 2021\u20132024. Ia menjabat sejak 26 Februari 2021 setelah dilantik Gubernur Sumatera Utara, Edy Rahmayadi di Aula Tengku Rizal Nurdin Rumah Dinas Gubernur Sumatera Utara, Medan.",
            "profilePic": "https://upload.wikimedia.org/wikipedia/commons/thumb/5/5a/Wakil_Bupati_Toba_periode_2021-2024_Tonny_M_Simanjuntak.jpg/130px-Wakil_Bupati_Toba_periode_2021-2024_Tonny_M_Simanjuntak.jpg",
            "communityID": "f10aa124-aae3-4dbb-ad45-0e6f72e37c2a",
            "sites": {
                "name": "Wikipedia",
                "url": "https://id.wikipedia.org/wiki/Tonny_Simanjuntak"
            }
        },
        {
            "name": "Darwin Siagian",
            "title": "Calon Bupati",
            "description": "Ir. Darwin Siagian, M.M. (lahir 5 Oktober 1952) adalah Politikus Indonesia. Ia menjabat Bupati Toba Samosir dari 12 Februari 2016 sampai 17 Februari 2021.",
            "profilePic": "https://upload.wikimedia.org/wikipedia/id/thumb/9/9a/Darwin_siagian.jpg/220px-Darwin_siagian.jpg",
            "communityID": "f10aa124-aae3-4dbb-ad45-0e6f72e37c2a",
            "sites": {
                "name": "Wikipedia",
                "url": "https://id.wikipedia.org/wiki/Darwin_Siagian"
            }
        },
        {
            "name": "Robinson Tampubolon",
            "title": "Calon Bupati",
            "description": null,
            "profilePic": "",
            "communityID": "f10aa124-aae3-4dbb-ad45-0e6f72e37c2a",
            "sites": null
        },
        {
            "name": "Efendi S. Panangian Napitupulu",
            "title": "Calon Bupati",
            "description": null,
            "profilePic": "",
            "communityID": "f10aa124-aae3-4dbb-ad45-0e6f72e37c2a",
            "sites": null
        },
        {
            "name": "Pintor Sitorus",
            "title": "Calon Bupati",
            "description": null,
            "profilePic": "",
            "communityID": "f10aa124-aae3-4dbb-ad45-0e6f72e37c2a",
            "sites": null
        },
        {
            "name": "Jubel Tambunan",
            "title": "Calon Bupati",
            "description": null,
            "profilePic": "",
            "communityID": "f10aa124-aae3-4dbb-ad45-0e6f72e37c2a",
            "sites": null
        },
        {
            "name": "Boike Pasaribu",
            "title": "Calon Bupati",
            "description": null,
            "profilePic": "",
            "communityID": "f10aa124-aae3-4dbb-ad45-0e6f72e37c2a",
            "sites": null
        },
        {
            "name": "Mantan Wakil Bupati Toba",
            "title": "Calon Bupati",
            "description": "Berikut ini adalah daftar Wakil Bupati Toba dari masa ke masa.",
            "profilePic": "https://upload.wikimedia.org/wikipedia/commons/thumb/a/ae/Seal_of_Toba_Regency_%282020%29.svg/75px-Seal_of_Toba_Regency_%282020%29.svg.png",
            "communityID": "f10aa124-aae3-4dbb-ad45-0e6f72e37c2a",
            "sites": {
                "name": "Wikipedia",
                "url": "https://id.wikipedia.org/wiki/Wakil_Bupati_Toba"
            }
        },
        {
            "name": "Mindo Tua Siagian",
            "title": "Calon Bupati",
            "description": null,
            "profilePic": "",
            "communityID": "f10aa124-aae3-4dbb-ad45-0e6f72e37c2a",
            "sites": null
        },
        {
            "name": "Sahat Panjaitan",
            "title": "Calon Bupati",
            "description": null,
            "profilePic": "",
            "communityID": "f10aa124-aae3-4dbb-ad45-0e6f72e37c2a",
            "sites": null
        }
    ],
    "source": "https://id.wikipedia.org/wiki/Pemilihan_umum_Bupati_Toba_2024",
    "path": "kabupaten-toba"
}