{
    "title": "Pemilihan umum Bupati Agam 2024",
    "region": "Agam",
    "level": "KABUPATEN",
    "candidates": [
        {
            "name": "Andri Warman",
            "title": "Calon Bupati",
            "description": "Dr. H. Andri Warman, S.Sos., M.M. (lahir 4 Januari 1963) adalah dosen, pengusaha, dan politikus yang menjabat Bupati Agam periode 2021\u20132024. Sebelumnya, ia adalah Anggota DPRD Sumatera Barat Fraksi Partai Amanat Nasional (PAN) periode 2019\u20132020. Ia juga menjabat sebagai Ketua DPD PAN Kabupaten Agam.",
            "profilePic": "https://upload.wikimedia.org/wikipedia/commons/thumb/1/1e/Bupati_Agam_Andri_Warman.jpg/250px-Bupati_Agam_Andri_Warman.jpg",
            "communityID": "39641eac-9ef8-4ce3-bb64-59150d0813ef",
            "sites": {
                "name": "Wikipedia",
                "url": "https://id.wikipedia.org/wiki/Andri_Warman"
            }
        },
        {
            "name": "Irwan Fikri",
            "title": "Calon Bupati",
            "description": "Irwan Fikri, S.H. gelar Datuak Nagari Batuah atau Datuak Parpatiah (lahir 3 November 1968) adalah seorang pengusaha dan politikus Indonesia dari Partai Demokrat. Ia menjabat sebagai Wakil Bupati Agam periode 2013\u20132015 dan 2021\u20142023. Sebelum menjabat sebagai Wakil Bupati Agam, Irwan duduk sebagai anggota Dewan Perwakilan Rakyat Daerah (DPRD) Kota Padang periode 2009\u20132013.",
            "profilePic": "https://upload.wikimedia.org/wikipedia/commons/thumb/9/97/Wakil_Bupati_Agam_Irwan_Fikri.jpg/220px-Wakil_Bupati_Agam_Irwan_Fikri.jpg",
            "communityID": "39641eac-9ef8-4ce3-bb64-59150d0813ef",
            "sites": {
                "name": "Wikipedia",
                "url": "https://id.wikipedia.org/wiki/Irwan_Fikri"
            }
        },
        {
            "name": "Trinda Farhan Satria",
            "title": "Calon Bupati",
            "description": "H. Trinda Farhan Satria, S.T., M.T. gelar Datuak Tumangguang Putiah (lahir 28 September 1969) adalah politikus dari Partai Keadilan Sejahtera, mubalig, dosen, dan akademikus Indonesia. Ia dilantik sebagai Wakil Bupati Agam periode 2016\u20132021 pada 17 Februari 2016 mendampingi Indra Catri. Ia pernah menjabat sebagai Wakil Ketua DPRD Sumatera Barat periode 2009\u20132014.",
            "profilePic": "https://upload.wikimedia.org/wikipedia/commons/thumb/4/4a/Trinda_Farhan.jpg/250px-Trinda_Farhan.jpg",
            "communityID": "39641eac-9ef8-4ce3-bb64-59150d0813ef",
            "sites": {
                "name": "Wikipedia",
                "url": "https://id.wikipedia.org/wiki/Trinda_Farhan_Satria"
            }
        },
        {
            "name": "Ekos Albar",
            "title": "Calon Bupati",
            "description": "H. Ekos Albar, S.E., M.M. (lahir 26 Agustus 1971) adalah seorang pengusaha dan politikus yang menjabat sebagai Wakil Wali Kota Padang sejak 9 Mei 2023 hingga 13 Mei 2024. Ia merupakan kader Partai Amanat Nasional (PAN), dan menjabat sebagai Bendahara Dewan Pimpinan Pusat (DPP) PAN periode 2020\u20132025. Ia berlatar belakang sebagai pengusaha di Jakarta asal Balaigurah, Ampek Angkek, Agam.",
            "profilePic": "https://upload.wikimedia.org/wikipedia/commons/thumb/b/b1/Wakil_Wali_Kota_Padang_Ekos_Albar_2023.png/220px-Wakil_Wali_Kota_Padang_Ekos_Albar_2023.png",
            "communityID": "39641eac-9ef8-4ce3-bb64-59150d0813ef",
            "sites": {
                "name": "Wikipedia",
                "url": "https://id.wikipedia.org/wiki/Ekos_Albar"
            }
        },
        {
            "name": "Hariadi",
            "title": "Calon Bupati",
            "description": null,
            "profilePic": "",
            "communityID": "39641eac-9ef8-4ce3-bb64-59150d0813ef",
            "sites": null
        },
        {
            "name": "Ardinal Hasan",
            "title": "Calon Bupati",
            "description": "H. Ardinal Hasan, S.Ag., M.M. (lahir 14 Mei 1968) adalah Wakil Bupati Agam, Sumatera Barat periode 2005\u20132010. Ia adalah wakil dari Bupati Agam, Aristo Munandar. Ia pernah menjadi Ketua DPW Partai Bulan Bintang Sumatera Barat.",
            "profilePic": "https://upload.wikimedia.org/wikipedia/commons/thumb/6/60/Ardinal_Hasan.jpg/250px-Ardinal_Hasan.jpg",
            "communityID": "39641eac-9ef8-4ce3-bb64-59150d0813ef",
            "sites": {
                "name": "Wikipedia",
                "url": "https://id.wikipedia.org/wiki/Ardinal_Hasan"
            }
        },
        {
            "name": "Novi Irwan",
            "title": "Calon Bupati",
            "description": null,
            "profilePic": "",
            "communityID": "39641eac-9ef8-4ce3-bb64-59150d0813ef",
            "sites": null
        },
        {
            "name": "Suharman",
            "title": "Calon Bupati",
            "description": null,
            "profilePic": "",
            "communityID": "39641eac-9ef8-4ce3-bb64-59150d0813ef",
            "sites": null
        },
        {
            "name": "Irfan Amran",
            "title": "Calon Bupati",
            "description": null,
            "profilePic": "",
            "communityID": "39641eac-9ef8-4ce3-bb64-59150d0813ef",
            "sites": null
        },
        {
            "name": "Aderia",
            "title": "Calon Bupati",
            "description": null,
            "profilePic": "",
            "communityID": "39641eac-9ef8-4ce3-bb64-59150d0813ef",
            "sites": null
        },
        {
            "name": "Ade Rezki Pratama",
            "title": "Calon Bupati",
            "description": "Ade Rezki Pratama (lahir 8 November 1988) adalah seorang pengusaha dan politisi Indonesia. Ia merupakan anggota DPR-RI periode 2014\u20132019 dan 2019\u20132024 mewakili pemilihnya dari Daerah Pemilihan Sumatera Barat II melalui Partai Gerindra.",
            "profilePic": "https://upload.wikimedia.org/wikipedia/commons/thumb/c/cc/Ade_Rezki_Pratama_2019.jpg/220px-Ade_Rezki_Pratama_2019.jpg",
            "communityID": "39641eac-9ef8-4ce3-bb64-59150d0813ef",
            "sites": {
                "name": "Wikipedia",
                "url": "https://id.wikipedia.org/wiki/Ade_Rezki_Pratama"
            }
        },
        {
            "name": "Martias Wanto",
            "title": "Calon Bupati",
            "description": null,
            "profilePic": "",
            "communityID": "39641eac-9ef8-4ce3-bb64-59150d0813ef",
            "sites": null
        },
        {
            "name": "Lazuardi Erman",
            "title": "Calon Bupati",
            "description": null,
            "profilePic": "",
            "communityID": "39641eac-9ef8-4ce3-bb64-59150d0813ef",
            "sites": null
        },
        {
            "name": "Syafirman",
            "title": "Calon Bupati",
            "description": "H. Syafirman, S.H. (lahir 24 Mei 1958) adalah seorang birokrat Indonesia. Ia menjabat Sekretaris Daerah Kabupaten Agam periode 2008\u20142016. Ia pernah menjabat sebagai Pelaksana Harian Bupati Agam dua periode yakni 11 September 2010 \u2014 26 Oktober 2010 dan 26 Oktober 2015 \u2014 29 Januari 2016.",
            "profilePic": "https://upload.wikimedia.org/wikipedia/commons/thumb/3/36/Sekretaris_Daerah_Kabupaten_Agam_Syafirman.jpg/220px-Sekretaris_Daerah_Kabupaten_Agam_Syafirman.jpg",
            "communityID": "39641eac-9ef8-4ce3-bb64-59150d0813ef",
            "sites": {
                "name": "Wikipedia",
                "url": "https://id.wikipedia.org/wiki/Syafirman"
            }
        },
        {
            "name": "Syafrizal",
            "title": "Calon Bupati",
            "description": null,
            "profilePic": "",
            "communityID": "39641eac-9ef8-4ce3-bb64-59150d0813ef",
            "sites": null
        },
        {
            "name": "Azwar Risman Taher",
            "title": "Calon Bupati",
            "description": null,
            "profilePic": "",
            "communityID": "39641eac-9ef8-4ce3-bb64-59150d0813ef",
            "sites": null
        },
        {
            "name": "Syafruddin Arifin",
            "title": "Calon Bupati",
            "description": "H. Syafruddin Arifin, S.H. gelar Datuak Bandaro Nan Kuniang (lahir 15 Mei 1950) adalah politikus Indonesia. Ia merupakan Wakil Bupati Agam periode 2000\u20132005 mendampingi Bupati Agam, Aristo Munandar.",
            "profilePic": "",
            "communityID": "39641eac-9ef8-4ce3-bb64-59150d0813ef",
            "sites": {
                "name": "Wikipedia",
                "url": "https://id.wikipedia.org/wiki/Syafruddin_Arifin"
            }
        },
        {
            "name": "Muhammad Iqbal",
            "title": "Calon Bupati",
            "description": "Muhammad Iqbal, S.E., M.Com. (lahir 6 April 1975) adalah seorang pengusaha dan politikus Indonesia. Ia menjadi anggota DPR-RI tiga periode sejak 2009 dari Fraksi Partai Persatuan Pembangunan (PPP). Muhammad Iqbal berhasil mendapatkan 22.429 suara dalam Pemilu 2009 di daerah pemilihan (dapil) Sumatera Barat II yang mencakup beberapa daerah tingkat II, yaitu Kota Bukittinggi, Kabupaten Agam, Kabupaten Padang Pariaman, Kota Pariaman, Kabupaten Pasaman, Kabupaten Pasaman Barat, Kabupaten Lima Puluh Kota dan Kota Payakumbuh.",
            "profilePic": "https://upload.wikimedia.org/wikipedia/commons/thumb/d/d4/Muhammad_Iqbal_DPR.jpg/220px-Muhammad_Iqbal_DPR.jpg",
            "communityID": "39641eac-9ef8-4ce3-bb64-59150d0813ef",
            "sites": {
                "name": "Wikipedia",
                "url": "https://id.wikipedia.org/wiki/Muhammad_Iqbal_(politikus)"
            }
        }
    ],
    "source": "https://id.wikipedia.org/wiki/Pemilihan_umum_Bupati_Agam_2024",
    "path": "kabupaten-agam"
}