{
    "title": "Pemilihan umum Bupati Nduga 2024",
    "region": "Nduga",
    "level": "KABUPATEN",
    "path": "kabupaten-nduga",
    "source": "https://id.wikipedia.org/wiki/Pemilihan_umum_Bupati_Nduga_2024",
    "communityID": "d1d1180b-5900-4c7b-9a81-e8fbd0c63b1b",
    "candidates": [
        {
            "name": "Edison Nggwijangge",
            "description": "Edison Nggwijangge adalah seorang birokrat Indonesia. Ia sempat menjabat sebagai ketua Palang Merah Indonesia (PMI) Kabupaten Nduga. Ia juga sempat menjabat sebagai Asisten III Setda Provinsi Papua Pegunungan. Pada 5 Juni 2023, ia diangkat menjadi pelaksana jabatan Bupati Nduga.[1]\n",
            "profilePic": "https://upload.wikimedia.org/wikipedia/commons/1/1b/Edison_Nggwijangge.jpg",
            "title": "Penjabat Bupati Nduga 2023\u20132024",
            "sites": {
                "name": "Wikipedia",
                "url": "https://id.wikipedia.org/wiki/Edison_Nggwijangge"
            },
            "communityID": "d1d1180b-5900-4c7b-9a81-e8fbd0c63b1b"
        }
    ]
}