{
    "title": "Pemilihan umum Bupati Manggarai Barat 2024",
    "region": "Manggarai Barat",
    "level": "KABUPATEN",
    "path": "kabupaten-manggarai-barat",
    "source": "https://id.wikipedia.org/wiki/Pemilihan_umum_Bupati_Manggarai_Barat_2024",
    "communityID": "6786d0e9-da45-4715-96fc-c14f18df4da5",
    "candidates": [
        {
            "name": "Edistasius Endi",
            "description": "Edistasius Endi, S.E. (lahir 25 September 1972) adalah Bupati Manggarai Barat periode 2021\u20132024. Ia menjabat sejak 26 Februari 2021 setelah dilantik Gubernur Nusa Tenggara Timur, Viktor Laiskodat di Aula Rumah Jabatan Gubernur Nusa Tenggara Timur, Kupang.[1]\n",
            "profilePic": "https://upload.wikimedia.org/wikipedia/commons/8/8b/Bupati_Manggarai_Barat_Edistasius_Endi.jpg",
            "title": "Bupati Manggarai Barat periode 2021\u20132024",
            "sites": {
                "name": "Wikipedia",
                "url": "https://id.wikipedia.org/wiki/Edistasius_Endi"
            },
            "communityID": "6786d0e9-da45-4715-96fc-c14f18df4da5"
        },
        {
            "name": "Marselinus Jeramun",
            "description": "",
            "profilePic": "",
            "title": "Wakil Ketua DPRD Kabupaten Manggarai Barat",
            "sites": {},
            "communityID": "6786d0e9-da45-4715-96fc-c14f18df4da5"
        },
        {
            "name": "Irenius Surya",
            "description": "",
            "profilePic": "",
            "title": "Mantan Sekretaris DPD Partai NasDem Kabupaten Manggarai Barat",
            "sites": {},
            "communityID": "6786d0e9-da45-4715-96fc-c14f18df4da5"
        }
    ]
}