{
    "title": "Pemilihan umum Bupati Bangka Barat 2024",
    "region": "Bangka Barat",
    "level": "KABUPATEN",
    "path": "kabupaten-bangka-barat",
    "source": "https://id.wikipedia.org/wiki/Pemilihan_umum_Bupati_Bangka_Barat_2024",
    "communityID": "a791cf1e-1dd5-4b92-a077-1419d3d7eea0",
    "candidates": [
        {
            "name": "Sukirman (politikus, lahir 1961)",
            "description": "H. Sukirman, S.H. (lahir 20 Mei 1961) adalah seorang politikus Indonesia yang menjabat sebagai Bupati Bangka Barat sejak 2021. Sukirman pernah menjabat sebagai Wakil Bupati Bangka Barat pada tahun 2010 hingga 2015. Selain itu, ia juga sempat menjabat sebagai anggota DPRD Kepulauan Bangka Belitung pada 2019 hingga 2020 dan anggota DPRD Bangka Barat dari tahun 2009 sampai 2010.\n",
            "profilePic": "https://upload.wikimedia.org/wikipedia/commons/thumb/2/20/Bupati_Bangka_Barat_H.Sukirman_SH.jpg/1200px-Bupati_Bangka_Barat_H.Sukirman_SH.jpg",
            "title": "Bupati Bangka Barat",
            "sites": {
                "name": "Wikipedia",
                "url": "https://id.wikipedia.org/wiki/Sukirman_(politikus,_lahir_1961)"
            },
            "communityID": "a791cf1e-1dd5-4b92-a077-1419d3d7eea0"
        },
        {
            "name": "Markus (politikus)",
            "description": "Markus, S.H. (lahir 21 April 1985) adalah seorang politikus Indonesia yang menjabat sebagai Bupati Bangka Barat dari tahun 2019 hingga 2021. Ia menggantikan bupati sebelumnya, Parhan Ali yang meninggal dunia ketika sedang menjabat pada 2019. Markus sebelumnya merupakan Wakil Bupati Bangka Barat dari 2016 sampai 2019. Markus juga pernah menjabat sebagai anggota DPRD Kabupaten Bangka Barat dari 2009 hingga 2015.\n",
            "profilePic": "https://upload.wikimedia.org/wikipedia/commons/e/eb/Bupati_Bangka_Barat%2C_Markus.jpg",
            "title": "Mantan Bupati Bangka Barat",
            "sites": {
                "name": "Wikipedia",
                "url": "https://id.wikipedia.org/wiki/Markus_(politikus)"
            },
            "communityID": "a791cf1e-1dd5-4b92-a077-1419d3d7eea0"
        },
        {
            "name": "Zuristyo Firmadata",
            "description": "Zuristyo Firmadata, S.E., M.M. (lahir 7 Januari 1973) adalah politikus Indonesia yang menjabat sebagai anggota DPR-RI periode 2019\u20132024. Ia mewakili daerah pemilihan Kepulauan Bangka Belitung. Zuristyo merupakan kader Partai NasDem, ia duduk di Komisi VI.\n",
            "profilePic": "https://upload.wikimedia.org/wikipedia/commons/c/c6/ZURISTYO_FIRMADATA.jpg",
            "title": "Anggota DPR RI 2019-24",
            "sites": {
                "name": "Wikipedia",
                "url": "https://id.wikipedia.org/wiki/Zuristyo_Firmadata"
            },
            "communityID": "a791cf1e-1dd5-4b92-a077-1419d3d7eea0"
        }
    ]
}