{
    "title": "Pemilihan umum Bupati Murung Raya 2024",
    "region": "Murung Raya",
    "level": "KABUPATEN",
    "candidates": [
        {
            "name": "Rejikinoor",
            "title": "Calon Bupati",
            "description": "Rejikinoor, S.Sos. (lahir 11 Februari 1970) adalah politisi PPP yang menjabat sebagai Wakil Bupati Murung Raya periode 2018-2023.",
            "profilePic": "https://upload.wikimedia.org/wikipedia/commons/thumb/0/01/KPU_Rejikinoor.jpg/220px-KPU_Rejikinoor.jpg",
            "communityID": "bb2b6199-0f23-4514-a0d9-a9a59d92ea01",
            "sites": {
                "name": "Wikipedia",
                "url": "https://id.wikipedia.org/wiki/Rejikinoor"
            }
        },
        {
            "name": "Yetro M Yosefh",
            "title": "Calon Bupati",
            "description": null,
            "profilePic": "",
            "communityID": "bb2b6199-0f23-4514-a0d9-a9a59d92ea01",
            "sites": null
        },
        {
            "name": "Doni",
            "title": "Calon Bupati",
            "description": null,
            "profilePic": "",
            "communityID": "bb2b6199-0f23-4514-a0d9-a9a59d92ea01",
            "sites": null
        },
        {
            "name": "Henry M Yoseph",
            "title": "Calon Bupati",
            "description": null,
            "profilePic": "",
            "communityID": "bb2b6199-0f23-4514-a0d9-a9a59d92ea01",
            "sites": null
        },
        {
            "name": "Jimmy Carter.",
            "title": "Calon Bupati",
            "description": null,
            "profilePic": "",
            "communityID": "bb2b6199-0f23-4514-a0d9-a9a59d92ea01",
            "sites": null
        },
        {
            "name": "Akhmad Tafruji",
            "title": "Calon Bupati",
            "description": null,
            "profilePic": "",
            "communityID": "bb2b6199-0f23-4514-a0d9-a9a59d92ea01",
            "sites": null
        }
    ],
    "source": "https://id.wikipedia.org/wiki/Pemilihan_umum_Bupati_Murung_Raya_2024",
    "path": "kabupaten-murung-raya"
}