{
    "title": "Pemilihan umum Bupati Maluku Tenggara 2024",
    "region": "Maluku Tenggara",
    "level": "KABUPATEN",
    "candidates": [
        {
            "name": "Muhammad Thaher Hanubun",
            "title": "Calon Bupati",
            "description": "H. Muhammad Thaher Hanubun (lahir 3 Agustus 1958) adalah Bupati Maluku Tenggara periode 2018\u20132023. Ia diusung oleh Partai Kebangkitan Bangsa, Partai Keadilan Sejahtera dan Partai Amanat Nasional yang berhasil memenangkan Pemilihan umum Bupati Maluku Tenggara 2018.",
            "profilePic": "https://upload.wikimedia.org/wikipedia/commons/thumb/d/d6/Muhammad_Thaher_Hanubun.png/220px-Muhammad_Thaher_Hanubun.png",
            "communityID": "9216a327-034c-4d7c-9ab4-ca7216d006c2",
            "sites": {
                "name": "Wikipedia",
                "url": "https://id.wikipedia.org/wiki/Muhammad_Thaher_Hanubun"
            }
        },
        {
            "name": "Xaverius Kameubun",
            "title": "Calon Bupati",
            "description": null,
            "profilePic": "",
            "communityID": "9216a327-034c-4d7c-9ab4-ca7216d006c2",
            "sites": null
        },
        {
            "name": "Agustinus Ufie",
            "title": "Calon Bupati",
            "description": null,
            "profilePic": "",
            "communityID": "9216a327-034c-4d7c-9ab4-ca7216d006c2",
            "sites": null
        },
        {
            "name": "Minduchri Koedoeboen",
            "title": "Calon Bupati",
            "description": null,
            "profilePic": "",
            "communityID": "9216a327-034c-4d7c-9ab4-ca7216d006c2",
            "sites": null
        }
    ],
    "source": "https://id.wikipedia.org/wiki/Pemilihan_umum_Bupati_Maluku_Tenggara_2024",
    "path": "kabupaten-maluku-tenggara"
}