{
    "title": "Pemilihan umum Bupati Ogan Ilir 2024",
    "region": "Ogan Ilir",
    "level": "KABUPATEN",
    "candidates": [
        {
            "name": "Panca Wijaya Akbar",
            "title": "Calon Bupati",
            "description": "Panca Wijaya Akbar, S.H. (lahir 19 Desember 1991) adalah pengusaha asal Sumatera Selatan yang terpilih sebagai Bupati Ogan Ilir pada periode 2021-2026.",
            "profilePic": "https://upload.wikimedia.org/wikipedia/commons/thumb/0/08/Panca_Wijaya_Akbar.jpg/220px-Panca_Wijaya_Akbar.jpg",
            "communityID": "86a3956f-01f8-4e46-969c-c8cf4f157d7e",
            "sites": {
                "name": "Wikipedia",
                "url": "https://id.wikipedia.org/wiki/Panca_Wijaya_Akbar"
            }
        },
        {
            "name": "Ardani",
            "title": "Calon Bupati",
            "description": null,
            "profilePic": "",
            "communityID": "86a3956f-01f8-4e46-969c-c8cf4f157d7e",
            "sites": null
        },
        {
            "name": "Ilyas Panji Alam",
            "title": "Calon Bupati",
            "description": "H. M. Ilyas Panji Alam, S.E., S.H., M.M. (lahir 15 Juli 1966) adalah Bupati Ogan Ilir sejak 7 Agustus 2017. Ia pernah menjabat sebagai Wakil Bupati Ogan Ilir sejak 17 Februari 2016 hingga 7 Agustus 2017.",
            "profilePic": "https://upload.wikimedia.org/wikipedia/id/thumb/b/ba/Ilyas_Panji_Alam.jpg/220px-Ilyas_Panji_Alam.jpg",
            "communityID": "86a3956f-01f8-4e46-969c-c8cf4f157d7e",
            "sites": {
                "name": "Wikipedia",
                "url": "https://id.wikipedia.org/wiki/Ilyas_Panji_Alam"
            }
        },
        {
            "name": "Husin Yazid",
            "title": "Calon Bupati",
            "description": null,
            "profilePic": "",
            "communityID": "86a3956f-01f8-4e46-969c-c8cf4f157d7e",
            "sites": null
        },
        {
            "name": "Helmy Yahya",
            "title": "Calon Bupati",
            "description": "",
            "profilePic": "https://upload.wikimedia.org/wikipedia/commons/thumb/f/f2/Edit-clear.svg/40px-Edit-clear.svg.png",
            "communityID": "86a3956f-01f8-4e46-969c-c8cf4f157d7e",
            "sites": {
                "name": "Wikipedia",
                "url": "https://id.wikipedia.org/wiki/Helmy_Yahya"
            }
        },
        {
            "name": "Suharto H.S",
            "title": "Calon Bupati",
            "description": null,
            "profilePic": "",
            "communityID": "86a3956f-01f8-4e46-969c-c8cf4f157d7e",
            "sites": null
        },
        {
            "name": "Ahmad Syafe'i",
            "title": "Calon Bupati",
            "description": null,
            "profilePic": "",
            "communityID": "86a3956f-01f8-4e46-969c-c8cf4f157d7e",
            "sites": null
        },
        {
            "name": "Rusdi Tahar",
            "title": "Calon Bupati",
            "description": null,
            "profilePic": "",
            "communityID": "86a3956f-01f8-4e46-969c-c8cf4f157d7e",
            "sites": null
        },
        {
            "name": "M. Kanoviyandri",
            "title": "Calon Bupati",
            "description": null,
            "profilePic": "",
            "communityID": "86a3956f-01f8-4e46-969c-c8cf4f157d7e",
            "sites": null
        },
        {
            "name": "Mohammad Iqbal Romzi",
            "title": "Calon Bupati",
            "description": "Mohammad Iqbal Romzi (lahir 05 November 1960) adalah salah satu anggota Dewan Perwakilan Rakyat Republik Indonesia (DPR RI) terpilih pada pemilihan umum legislatif Indonesia untuk periode tahun 2014-2019 dari Fraksi PKS (Partai Keadilan Sejahtera) melalui Daerah pemilihan Sumatera Selatan II yang meliputi Ogan Komering Ulu, Ogan Komering Ilir, Muara Enim, Lahat, Oku Timur, Oku Selatan, Ogan Ilir, Empat Lawang, Kota Pagar Alam, dan Kota Prabumulih. Ia bertugas di Komisi VIII yang membidangi agama, sosial, dan pemberdayaan perempuan.",
            "profilePic": "https://upload.wikimedia.org/wikipedia/commons/thumb/f/f1/KPU_Mohammad_Iqbal_Romzi.jpg/220px-KPU_Mohammad_Iqbal_Romzi.jpg",
            "communityID": "86a3956f-01f8-4e46-969c-c8cf4f157d7e",
            "sites": {
                "name": "Wikipedia",
                "url": "https://id.wikipedia.org/wiki/Mohammad_Iqbal_Romzi"
            }
        },
        {
            "name": "Muchendi Mahzareki",
            "title": "Calon Bupati",
            "description": null,
            "profilePic": "",
            "communityID": "86a3956f-01f8-4e46-969c-c8cf4f157d7e",
            "sites": null
        }
    ],
    "source": "https://id.wikipedia.org/wiki/Pemilihan_umum_Bupati_Ogan_Ilir_2024",
    "path": "kabupaten-ogan-ilir"
}