{
    "title": "Pemilihan umum Bupati Lebong 2024",
    "region": "Lebong",
    "level": "KABUPATEN",
    "path": "kabupaten-lebong",
    "source": "https://id.wikipedia.org/wiki/Pemilihan_umum_Bupati_Lebong_2024",
    "communityID": "91027acd-448e-4fb9-8dff-8dbbb7a619ee",
    "candidates": [
        {
            "name": "Kopli Ansori",
            "description": "Kopli Ansori (lahir 30 November 1981) adalah Bupati Lebong periode 2021\u20132024. Ia menjabat sejak 26 Februari 2021 setelah dilantik Gubernur Bengkulu, Rohidin Mersyah di Gedung Balai Raya Semarak, Kota Bengkulu.[1]\n",
            "profilePic": "https://upload.wikimedia.org/wikipedia/commons/c/c7/Bupati_Kabupaten_Lebong_Kopli_Ansori.jpg",
            "title": "Bupati Lebong periode 2021\u20132024",
            "sites": {
                "name": "Wikipedia",
                "url": "https://id.wikipedia.org/wiki/Kopli_Ansori"
            },
            "communityID": "91027acd-448e-4fb9-8dff-8dbbb7a619ee"
        },
        {
            "name": "Mohd Gustiadi",
            "description": "",
            "profilePic": "",
            "title": "Anggota DPRD Propinsi Bengkulu",
            "sites": {},
            "communityID": "91027acd-448e-4fb9-8dff-8dbbb7a619ee"
        },
        {
            "name": "Azhari",
            "description": "",
            "profilePic": "",
            "title": "ASN Kejaksaan Agung RI",
            "sites": {},
            "communityID": "91027acd-448e-4fb9-8dff-8dbbb7a619ee"
        },
        {
            "name": "Roby Wijaya",
            "description": "",
            "profilePic": "",
            "title": "Corporate Secretary Bank Bengkulu",
            "sites": {},
            "communityID": "91027acd-448e-4fb9-8dff-8dbbb7a619ee"
        }
    ]
}