{
    "title": "Pemilihan umum Bupati Takalar 2024",
    "region": "Takalar",
    "level": "KABUPATEN",
    "candidates": [
        {
            "name": "Makmur Mustakim Daeng Lewa",
            "title": "Calon Bupati",
            "description": null,
            "profilePic": "",
            "communityID": "0f026bf6-9ece-4f21-ad1a-fbbb54c923e7",
            "sites": null
        },
        {
            "name": "Mohammad Firdaus Daeng Manye",
            "title": "Calon Bupati",
            "description": null,
            "profilePic": "",
            "communityID": "0f026bf6-9ece-4f21-ad1a-fbbb54c923e7",
            "sites": null
        },
        {
            "name": "Hengky Yasin",
            "title": "Calon Bupati",
            "description": null,
            "profilePic": "",
            "communityID": "0f026bf6-9ece-4f21-ad1a-fbbb54c923e7",
            "sites": null
        },
        {
            "name": "Ahmad Daeng Tonang",
            "title": "Calon Bupati",
            "description": null,
            "profilePic": "",
            "communityID": "0f026bf6-9ece-4f21-ad1a-fbbb54c923e7",
            "sites": null
        },
        {
            "name": "Irwan Iskandar",
            "title": "Calon Bupati",
            "description": null,
            "profilePic": "",
            "communityID": "0f026bf6-9ece-4f21-ad1a-fbbb54c923e7",
            "sites": null
        }
    ],
    "source": "https://id.wikipedia.org/wiki/Pemilihan_umum_Bupati_Takalar_2024",
    "path": "kabupaten-takalar"
}