{
    "title": "Pemilihan umum Bupati Wakatobi 2024",
    "region": "Wakatobi",
    "level": "KABUPATEN",
    "candidates": [
        {
            "name": "Haliana",
            "title": "Calon Bupati",
            "description": "Haliana (lahir 31 Desember 1973) adalah seorang politisi Indonesia yang menjabat Bupati Wakatobi. Ia memenangkan pemilu Bupati Wakatobi untuk periode 2021-2024 dengan perolehan suaran 31.937 (51,6%).",
            "profilePic": "https://upload.wikimedia.org/wikipedia/commons/thumb/7/71/Bupati_Wakatobi_Haliana.jpg/220px-Bupati_Wakatobi_Haliana.jpg",
            "communityID": "267a9735-cba4-491a-aabc-8af4d7a8696b",
            "sites": {
                "name": "Wikipedia",
                "url": "https://id.wikipedia.org/wiki/Haliana"
            }
        },
        {
            "name": "Ilmiati Daud",
            "title": "Calon Bupati",
            "description": "Ilmiati Daud (lahir 5 Maret 1972) adalah seorang birokrat dan politikus Indonesia kelahiran Malang. Ilmiati Daud mula-mula menjabat sebagai seorang Aparatur Sipil Negara (ASN). Ilmiati Daud tercatat sebagai Direktur PT Nyiur Tapaa Permai (1998-2000). Ia kemudian bertugas di Badan Kepegawaian Daerah (BKD) Kabupaten Kolaka pada tahun 2000. Ilmiati Daud juga pernah menjabat Kasubbag Keuangan Bappeda Sulawesi Tenggara pada tahun 2013. Hingga akhirnya Ilmiati Daud memutuskan untuk berhenti sebagai ASN, lantas mulai terjun ke dunia politik.",
            "profilePic": "https://upload.wikimedia.org/wikipedia/commons/thumb/a/a8/Wakil_Bupati_Wakatobi_Ilmiati_Daud.jpg/220px-Wakil_Bupati_Wakatobi_Ilmiati_Daud.jpg",
            "communityID": "267a9735-cba4-491a-aabc-8af4d7a8696b",
            "sites": {
                "name": "Wikipedia",
                "url": "https://id.wikipedia.org/wiki/Ilmiati_Daud"
            }
        },
        {
            "name": "H. Hamirudin, S.E.",
            "title": "Calon Bupati",
            "description": null,
            "profilePic": "",
            "communityID": "267a9735-cba4-491a-aabc-8af4d7a8696b",
            "sites": null
        },
        {
            "name": "Arhawi",
            "title": "Calon Bupati",
            "description": "Arhawi (lahir 10 November 1964) adalah seorang politisi Indonesia. Ia lahir dari pasangan La Ruda dan Wa Ode Alifah sebagai anak sulung dari delapan bersaudara. Ia menyelesaikan studi jenjang Sekolah Dasar (SD) di SDN 2 Wanci Tahun 1971\u20131977. Setelah itu, ia masuk SMPN Wanci dan lulus pada 1981 serta SMAN 1 Baubau dan lulus pada 1984. Ia melanjutkan pendidikan dengan kuliah di Universitas Islam Malang, dan lulus pada 1990.",
            "profilePic": "https://upload.wikimedia.org/wikipedia/commons/thumb/3/30/Arhawi.jpg/220px-Arhawi.jpg",
            "communityID": "267a9735-cba4-491a-aabc-8af4d7a8696b",
            "sites": {
                "name": "Wikipedia",
                "url": "https://id.wikipedia.org/wiki/Arhawi"
            }
        },
        {
            "name": "Hugua",
            "title": "Calon Bupati",
            "description": "Hugua (lahir 31 Desember 1961) adalah seorang politisi Indonesia yang menjabat Anggota DPR-RI mewakili daerah perwakilan Sulawesi Tenggara. Sebelum menjadi Anggota DPR, Hugua pernah menjabat sebagai Bupati Wakatobi pada periode 2006\u20142016. Sebelumnya ia seorang aktivis.",
            "profilePic": "https://upload.wikimedia.org/wikipedia/commons/thumb/c/c7/Hugua.jpg/150px-Hugua.jpg",
            "communityID": "267a9735-cba4-491a-aabc-8af4d7a8696b",
            "sites": {
                "name": "Wikipedia",
                "url": "https://id.wikipedia.org/wiki/Hugua"
            }
        }
    ],
    "source": "https://id.wikipedia.org/wiki/Pemilihan_umum_Bupati_Wakatobi_2024",
    "path": "kabupaten-wakatobi"
}