{
    "title": "Pemilihan umum Bupati Pacitan 2024",
    "region": "Pacitan",
    "level": "KABUPATEN",
    "candidates": [
        {
            "name": "Indrata Nur Bayuaji",
            "title": "Calon Bupati",
            "description": "Indrata Nur Bayuaji, S.S. (lahir 16 Desember 1978) adalah seorang politikus asal Jawa Timur yang terpilih sebagai Bupati Pacitan pada periode 2021-2024.",
            "profilePic": "https://upload.wikimedia.org/wikipedia/commons/thumb/b/b3/Official_Portrait_of_Indrata_Nur_Bayuaji%2C_Regent_of_Pacitan.jpg/220px-Official_Portrait_of_Indrata_Nur_Bayuaji%2C_Regent_of_Pacitan.jpg",
            "communityID": "f58da4ef-c634-4131-be65-79f70be8a687",
            "sites": {
                "name": "Wikipedia",
                "url": "https://id.wikipedia.org/wiki/Indrata_Nur_Bayuaji"
            }
        },
        {
            "name": "Gagarin",
            "title": "Calon Bupati",
            "description": "Gagarin, S.Sos. (lahir 10 Mei 1970) atau yang sering dipanggil Gagarin Sumrambah adalah seorang politikus asal Jawa Timur yang terpilih sebagai Wakil Bupati Pacitan pada periode 2021-2024 mendampingi Indrata Nur Bayuaji.",
            "profilePic": "https://upload.wikimedia.org/wikipedia/commons/thumb/f/f5/Wakil_Bupati_Pacitan_Gagarin.jpg/220px-Wakil_Bupati_Pacitan_Gagarin.jpg",
            "communityID": "f58da4ef-c634-4131-be65-79f70be8a687",
            "sites": {
                "name": "Wikipedia",
                "url": "https://id.wikipedia.org/wiki/Gagarin"
            }
        },
        {
            "name": "Eko Prasetyo Wahyudiarto",
            "title": "Calon Bupati",
            "description": null,
            "profilePic": "",
            "communityID": "f58da4ef-c634-4131-be65-79f70be8a687",
            "sites": null
        },
        {
            "name": "Fibi Irawan",
            "title": "Calon Bupati",
            "description": null,
            "profilePic": "",
            "communityID": "f58da4ef-c634-4131-be65-79f70be8a687",
            "sites": null
        },
        {
            "name": "Heru Wiwoho",
            "title": "Calon Bupati",
            "description": null,
            "profilePic": "",
            "communityID": "f58da4ef-c634-4131-be65-79f70be8a687",
            "sites": null
        },
        {
            "name": "Ronny Wahyono",
            "title": "Calon Bupati",
            "description": null,
            "profilePic": "",
            "communityID": "f58da4ef-c634-4131-be65-79f70be8a687",
            "sites": null
        }
    ],
    "source": "https://id.wikipedia.org/wiki/Pemilihan_umum_Bupati_Pacitan_2024",
    "path": "kabupaten-pacitan"
}