{
    "title": "Pemilihan umum Bupati Sorong 2024",
    "region": "Sorong",
    "level": "KABUPATEN",
    "candidates": [
        {
            "name": "Johny Kamuru",
            "title": "Calon Bupati",
            "description": "Dr. Johny Kamuru, S.H., M.Si, (lahir 24 Juni 1970), adalah politikus Partai Golongan Karya yang menjabat sebagai Bupati Sorong sejak 22 Mei 2017. Ia terpilih sebagai Bupati Sorong dalam Pilbup Sorong 2017. Sebelum menjadi bupati, pria yang biasa dipanggi John ini merupakan pegawai negeri sipil di Pemerintah Kabupaten Sorong dengan jabatan terakhir Kepala Badan Pengelola Keuangan dan Aset Daerah (BPKAD).",
            "profilePic": "https://upload.wikimedia.org/wikipedia/commons/thumb/2/25/Bupati_Sorong_Johny_Kamuru.png/150px-Bupati_Sorong_Johny_Kamuru.png",
            "communityID": "7805f4e4-2e71-470b-b9c0-23d84b7e02bb",
            "sites": {
                "name": "Wikipedia",
                "url": "https://id.wikipedia.org/wiki/Johny_Kamuru"
            }
        },
        {
            "name": "Ishak Kambuaya",
            "title": "Calon Bupati",
            "description": null,
            "profilePic": "",
            "communityID": "7805f4e4-2e71-470b-b9c0-23d84b7e02bb",
            "sites": null
        },
        {
            "name": "Frans bothor Malak",
            "title": "Calon Bupati",
            "description": null,
            "profilePic": "",
            "communityID": "7805f4e4-2e71-470b-b9c0-23d84b7e02bb",
            "sites": null
        }
    ],
    "source": "https://id.wikipedia.org/wiki/Pemilihan_umum_Bupati_Sorong_2024",
    "path": "kabupaten-sorong"
}