{
    "title": "Pemilihan umum Bupati Bima 2024",
    "region": "Bima",
    "level": "KABUPATEN",
    "candidates": [
        {
            "name": "Dahlan M. Noer",
            "title": "Calon Bupati",
            "description": "Dahlan M. Noer (lahir 10 Oktober 1957) adalah politisi Partai Gerindra yang menjabat sebagai Wakil Bupati Bima periode 2016-2021 dan 2021-2024.",
            "profilePic": "https://upload.wikimedia.org/wikipedia/commons/thumb/1/1c/Lambang_Kabupaten_Bima.png/50px-Lambang_Kabupaten_Bima.png",
            "communityID": "5c37fb34-7d42-4210-9411-2fb8e2e6485c",
            "sites": {
                "name": "Wikipedia",
                "url": "https://id.wikipedia.org/wiki/Dahlan_M._Noer"
            }
        },
        {
            "name": "Syafruddin H.M. Nur",
            "title": "Calon Bupati",
            "description": null,
            "profilePic": "",
            "communityID": "5c37fb34-7d42-4210-9411-2fb8e2e6485c",
            "sites": null
        },
        {
            "name": "Ady Mahyudi",
            "title": "Calon Bupati",
            "description": null,
            "profilePic": "",
            "communityID": "5c37fb34-7d42-4210-9411-2fb8e2e6485c",
            "sites": null
        },
        {
            "name": "Herman Alfa Edison",
            "title": "Calon Bupati",
            "description": "Herman Alfa Edison atau HAE (lahir 7 April 1977) adalah seorang pengusaha Indonesia. HAE merupakan anak ke-2 dari empat bersaudara dari pasangan Lazarus dengan Fatimah Umar. Lazarus atau yang akrab dipanggil Guru Saru merupakan seorang cendekiawan yang telah menghabiskan waktu puluhan tahun demi mengabdi sebagai seorang guru di Donggo, desa Kala, dusun Wadukopa.",
            "profilePic": "https://upload.wikimedia.org/wikipedia/commons/thumb/c/c5/Soekarno.jpg/20px-Soekarno.jpg",
            "communityID": "5c37fb34-7d42-4210-9411-2fb8e2e6485c",
            "sites": {
                "name": "Wikipedia",
                "url": "https://id.wikipedia.org/wiki/Herman_Alfa_Edison"
            }
        },
        {
            "name": "Mujahid Abdul Latief",
            "title": "Calon Bupati",
            "description": null,
            "profilePic": "",
            "communityID": "5c37fb34-7d42-4210-9411-2fb8e2e6485c",
            "sites": null
        },
        {
            "name": "Hermawan Saputra",
            "title": "Calon Bupati",
            "description": "",
            "profilePic": "https://upload.wikimedia.org/wikipedia/commons/thumb/a/a1/2017-fr.wp-orange-source.svg/40px-2017-fr.wp-orange-source.svg.png",
            "communityID": "5c37fb34-7d42-4210-9411-2fb8e2e6485c",
            "sites": {
                "name": "Wikipedia",
                "url": "https://id.wikipedia.org/wiki/Hermawan_Saputra"
            }
        },
        {
            "name": "Muhammad Syafrudin",
            "title": "Calon Bupati",
            "description": "H. Muhammad Syafrudin, S.T., M.M. (lahir 6 Agustus 1968) adalah politikus Indonesia yang menjabat sebagai anggota DPR-RI selama tiga periode (2009\u20132014, 2014\u20132019, dan 2019\u20132024). Untuk periode ketiga, ia mewakili daerah pemilihan Nusa Tenggara Barat I, yang meliputi Kabupaten Sumbawa Barat, Kabupaten Dompu, Kabupaten Sumbawa, Kabupaten Bima dan Kota Bima. Syafrudin merupakan kader Partai Amanat Nasional. Saat ini, ia bertugas di Komisi IV.",
            "profilePic": "https://upload.wikimedia.org/wikipedia/commons/thumb/3/33/Anggota_DPR_Muhammad_Syafrudin.jpg/220px-Anggota_DPR_Muhammad_Syafrudin.jpg",
            "communityID": "5c37fb34-7d42-4210-9411-2fb8e2e6485c",
            "sites": {
                "name": "Wikipedia",
                "url": "https://id.wikipedia.org/wiki/Muhammad_Syafrudin"
            }
        },
        {
            "name": "Muhammad Putera Ferryandi",
            "title": "Calon Bupati",
            "description": "Muhammad Putera Ferryandi, S.IP atau biasa disapa Ama Ka'u yandi atau Dae Yandi, lahir di Dompu, 12 Desember 1995. Merupakan ketua DPRD Kabupaten Bima sekaligus Putra pertama dari Almarhum H.Ferry Zulkarnain, ST. (Sultan Bima ke-XVI) dan Permaisuri Hj. Indah Dhamayanti Putri, SE. (Bupati Bima 2015-2020). Saat ini Muhammad Putera Ferryandi dinobatkan menjadi Jenateke XVII berdasarkan keputusan Tim Sembilan Majelis Adat Sara Dana Mbojo, Nomor 01/Ncuhi/VII/2016. Jenateke sendiri adalah Gelar untuk Putra Mahkota Kesultanan Bima sebelum dinobatkan menjadi Sultan.",
            "profilePic": "https://upload.wikimedia.org/wikipedia/commons/thumb/c/cd/KPU_Muhammad_Putera_Ferryandi.jpg/220px-KPU_Muhammad_Putera_Ferryandi.jpg",
            "communityID": "5c37fb34-7d42-4210-9411-2fb8e2e6485c",
            "sites": {
                "name": "Wikipedia",
                "url": "https://id.wikipedia.org/wiki/Dae_Yandi"
            }
        },
        {
            "name": "Edy Muhlis",
            "title": "Calon Bupati",
            "description": null,
            "profilePic": "",
            "communityID": "5c37fb34-7d42-4210-9411-2fb8e2e6485c",
            "sites": null
        },
        {
            "name": "Muhammad Erwin",
            "title": "Calon Bupati",
            "description": null,
            "profilePic": "",
            "communityID": "5c37fb34-7d42-4210-9411-2fb8e2e6485c",
            "sites": null
        },
        {
            "name": "dr.H.Sanusi H. Ibrahim",
            "title": "Calon Bupati",
            "description": null,
            "profilePic": "",
            "communityID": "5c37fb34-7d42-4210-9411-2fb8e2e6485c",
            "sites": null
        },
        {
            "name": "Mahdalena",
            "title": "Calon Bupati",
            "description": null,
            "profilePic": "",
            "communityID": "5c37fb34-7d42-4210-9411-2fb8e2e6485c",
            "sites": null
        }
    ],
    "source": "https://id.wikipedia.org/wiki/Pemilihan_umum_Bupati_Bima_2024",
    "path": "kabupaten-bima"
}