{
    "title": "Pemilihan umum Bupati Kediri 2024",
    "region": "Kediri",
    "level": "KABUPATEN",
    "candidates": [
        {
            "name": "Hanindhito Himawan Pramana",
            "title": "Calon Bupati",
            "description": "Hanindhito Himawan Pramana, S.H. (lahir 31 Juli 1992, dikenal sebagai Dhito atau Mas Dhito) adalah seorang politisi yang saat ini menjabat sebagai Bupati Kediri periode 2021-2024. Dhito terpilih sebagai bupati melalui pilkada tahun 2020. Pada pemilihan tersebut, Ia diusung oleh sembilan partai politik dan menjadi calon tunggal.",
            "profilePic": "https://upload.wikimedia.org/wikipedia/commons/thumb/a/ad/Hanindhito_Himawan_Pramana.jpg/200px-Hanindhito_Himawan_Pramana.jpg",
            "communityID": "11547604-5374-42fd-9aa3-6ea2a820eb87",
            "sites": {
                "name": "Wikipedia",
                "url": "https://id.wikipedia.org/wiki/Hanindhito_Himawan_Pramana"
            }
        },
        {
            "name": "Dewi Mariya Ulfa",
            "title": "Calon Bupati",
            "description": "Dewi Mariya Ulfa, S.T. (lahir 1 September 1980) adalah Wakil Bupati Kediri periode 2021\u20132024. Ia menjabat sejak 26 Februari 2021 setelah dilantik Gubernur Jawa Timur, Khofifah Indar Parawansa di Gedung Negara Grahadi, Surabaya.",
            "profilePic": "https://upload.wikimedia.org/wikipedia/commons/thumb/3/31/Wakil_Bupati_Kediri_Dewi_Mariya_Ulfa.jpg/220px-Wakil_Bupati_Kediri_Dewi_Mariya_Ulfa.jpg",
            "communityID": "11547604-5374-42fd-9aa3-6ea2a820eb87",
            "sites": {
                "name": "Wikipedia",
                "url": "https://id.wikipedia.org/wiki/Dewi_Mariya_Ulfa"
            }
        },
        {
            "name": "Subianto",
            "title": "Calon Bupati",
            "description": "Subianto adalah nama keluarga. Orang-orang terkenal dengan nama keluarga meliputi:",
            "profilePic": "https://upload.wikimedia.org/wikipedia/commons/thumb/4/44/OOjs_UI_indicator_search-ltr-progressive.svg/15px-OOjs_UI_indicator_search-ltr-progressive.svg.png",
            "communityID": "11547604-5374-42fd-9aa3-6ea2a820eb87",
            "sites": {
                "name": "Wikipedia",
                "url": "https://id.wikipedia.org/wiki/Subianto"
            }
        },
        {
            "name": "An\u2019im Falachuddin Mahrus",
            "title": "Calon Bupati",
            "description": "H. An'im Falachuddin Mahrus (lahir 6 Juni 1964) adalah politikus Indonesia yang menjabat sebagai anggota DPR-RI selama dua periode (2014\u20132019 dan 2019\u20132024). Ia mewakili daerah pemilihan Jawa Timur VI, yang meliputi Kabupaten Blitar, Kabupaten Kediri, Kabupaten Tulungagung, Kota Blitar, dan Kota Kediri. An'im merupakan kader Partai Kebangkitan Bangsa, ia bertugas di Komisi X.",
            "profilePic": "https://upload.wikimedia.org/wikipedia/commons/thumb/9/9a/Anggota_DPR_An%E2%80%99im_Falachuddin_Mahrus.jpg/220px-Anggota_DPR_An%E2%80%99im_Falachuddin_Mahrus.jpg",
            "communityID": "11547604-5374-42fd-9aa3-6ea2a820eb87",
            "sites": {
                "name": "Wikipedia",
                "url": "https://id.wikipedia.org/wiki/An%E2%80%99im_Falachuddin_Mahrus"
            }
        },
        {
            "name": "Erjik Bintoro",
            "title": "Calon Bupati",
            "description": null,
            "profilePic": "",
            "communityID": "11547604-5374-42fd-9aa3-6ea2a820eb87",
            "sites": null
        },
        {
            "name": "Sentot Djamaludin",
            "title": "Calon Bupati",
            "description": null,
            "profilePic": "",
            "communityID": "11547604-5374-42fd-9aa3-6ea2a820eb87",
            "sites": null
        },
        {
            "name": "Agus Ferry Chusnul Ma'ab",
            "title": "Calon Bupati",
            "description": null,
            "profilePic": "",
            "communityID": "11547604-5374-42fd-9aa3-6ea2a820eb87",
            "sites": null
        },
        {
            "name": "Adi Suwono",
            "title": "Calon Bupati",
            "description": null,
            "profilePic": "",
            "communityID": "11547604-5374-42fd-9aa3-6ea2a820eb87",
            "sites": null
        },
        {
            "name": "Yekti Murih Wiyati",
            "title": "Calon Bupati",
            "description": null,
            "profilePic": "",
            "communityID": "11547604-5374-42fd-9aa3-6ea2a820eb87",
            "sites": null
        },
        {
            "name": "Rahmadi Yogianto",
            "title": "Calon Bupati",
            "description": null,
            "profilePic": "",
            "communityID": "11547604-5374-42fd-9aa3-6ea2a820eb87",
            "sites": null
        },
        {
            "name": "Dede Sujana",
            "title": "Calon Bupati",
            "description": null,
            "profilePic": "",
            "communityID": "11547604-5374-42fd-9aa3-6ea2a820eb87",
            "sites": null
        },
        {
            "name": "Sudjono Teguh Widjaja",
            "title": "Calon Bupati",
            "description": null,
            "profilePic": "",
            "communityID": "11547604-5374-42fd-9aa3-6ea2a820eb87",
            "sites": null
        },
        {
            "name": "Ari Purnomo Adi",
            "title": "Calon Bupati",
            "description": null,
            "profilePic": "",
            "communityID": "11547604-5374-42fd-9aa3-6ea2a820eb87",
            "sites": null
        },
        {
            "name": "A. Basuki Babussalam",
            "title": "Calon Bupati",
            "description": null,
            "profilePic": "",
            "communityID": "11547604-5374-42fd-9aa3-6ea2a820eb87",
            "sites": null
        },
        {
            "name": "Sulkani",
            "title": "Calon Bupati",
            "description": null,
            "profilePic": "",
            "communityID": "11547604-5374-42fd-9aa3-6ea2a820eb87",
            "sites": null
        }
    ],
    "source": "https://id.wikipedia.org/wiki/Pemilihan_umum_Bupati_Kediri_2024",
    "path": "kabupaten-kediri"
}