{
    "title": "Pemilihan umum Bupati Sumedang 2024",
    "region": "Sumedang",
    "level": "KABUPATEN",
    "candidates": [
        {
            "name": "Dony Ahmad Munir",
            "title": "Calon Bupati",
            "description": "Dr. H. Dony Ahmad Munir, S.T., M.M. (lahir 5 Desember 1973) merupakan Bupati Sumedang periode 2018\u20132023. Ia merupakan politisi PPP yang pernah menjadi anggota DPRD Kabupaten Sumedang, DPRD Provinsi Jawa Barat hingga DPR RI dari tahun 1997 hingga 2018. Pada Pilkada Sumedang 2018, ia mencalonkan diri sebagai Bupati Sumedang bersama Erwan Setiawan dan memenangkan pemilihan tersebut. Setelah kemenangan tersebut, mereka kemudian dilantik menjadi Bupati dan Wakil Bupati Sumedang pada 20 September 2018 di Kota Bandung bersama bupati daerah tingkat dua lainnya di Provinsi Jawa Barat oleh Gubernur Ridwan Kamil.",
            "profilePic": "https://upload.wikimedia.org/wikipedia/commons/thumb/b/ba/Dony_Ahmad_Munir.jpg/220px-Dony_Ahmad_Munir.jpg",
            "communityID": "b2d19f23-2b16-41bc-b74a-3c13e907b73a",
            "sites": {
                "name": "Wikipedia",
                "url": "https://id.wikipedia.org/wiki/Dony_Ahmad_Munir"
            }
        },
        {
            "name": "Erwan Setiawan",
            "title": "Calon Bupati",
            "description": null,
            "profilePic": "",
            "communityID": "b2d19f23-2b16-41bc-b74a-3c13e907b73a",
            "sites": null
        },
        {
            "name": "Boy Sadikin",
            "title": "Calon Bupati",
            "description": "Boy Bernardi Sadikin (lahir 15 September 1955) adalah Wakil Ketua DPRD DKI Jakarta yang menjabat sejak 27 November 2013 hingga 25 Agustus 2014. Sebelumnya, ia menjabat sebagai Anggota Komisi D DPRD DKI Jakarta dari 2009 hingga 2013. Boy merupakan anak pertama mantan Gubernur DKI Jakarta Letjen TNI KKO (Purn.) Ali Sadikin.",
            "profilePic": "https://upload.wikimedia.org/wikipedia/commons/thumb/8/83/David_face.png/33px-David_face.png",
            "communityID": "b2d19f23-2b16-41bc-b74a-3c13e907b73a",
            "sites": {
                "name": "Wikipedia",
                "url": "https://id.wikipedia.org/wiki/Boy_Sadikin"
            }
        },
        {
            "name": "Murdoko",
            "title": "Calon Bupati",
            "description": "H. Murdoko, S.H. (lahir 6 Maret 1963) adalah politikus Indonesia. Ia adalah Ketua DPRD Jawa Tengah 2 periode yakni 2004\u20142009 dan 2009\u20142012. Murdoko merupakan adik kandung mantan Bupati Sumedang Don Murdono. Selain itu juga berasal dari keluarga campuran Kendal, Jawa Tengah dan Wanakerta, Situraja, Sumedang, Jawa Barat.",
            "profilePic": "",
            "communityID": "b2d19f23-2b16-41bc-b74a-3c13e907b73a",
            "sites": {
                "name": "Wikipedia",
                "url": "https://id.wikipedia.org/wiki/Murdoko"
            }
        },
        {
            "name": "Taufiq Gunawansyah",
            "title": "Calon Bupati",
            "description": null,
            "profilePic": "",
            "communityID": "b2d19f23-2b16-41bc-b74a-3c13e907b73a",
            "sites": null
        },
        {
            "name": "Dr. H. Hery H, SH.,M.Kn",
            "title": "Calon Bupati",
            "description": null,
            "profilePic": "",
            "communityID": "b2d19f23-2b16-41bc-b74a-3c13e907b73a",
            "sites": null
        }
    ],
    "source": "https://id.wikipedia.org/wiki/Pemilihan_umum_Bupati_Sumedang_2024",
    "path": "kabupaten-sumedang"
}