{
    "title": "Pemilihan umum Bupati Nganjuk 2024",
    "region": "Nganjuk",
    "level": "KABUPATEN",
    "candidates": [
        {
            "name": "Bimantoro Wiyono, S.H",
            "title": "Calon Bupati",
            "description": null,
            "profilePic": "",
            "communityID": "b7f3ec9e-7e11-4c3a-930e-92a16c5419db",
            "sites": null
        },
        {
            "name": "Marhaen Djumadi",
            "title": "Calon Bupati",
            "description": "Dr. Drs. H. Marhaen Djumadi, S.E., S.H., M.M., MBA. (lahir 15 Desember 1968) adalah politisi Indonesia yang menjabat sebagai Pelaksana Tugas Bupati Nganjuk sejak 11 Mei 2021. Sebelumnya, ia menjabat sebagai Wakil Bupati Nganjuk sejak 24 September 2018 hingga 10 Mei 2021. Ia adalah kader dari Partai Demokrasi Indonesia Perjuangan (PDI-P).",
            "profilePic": "https://upload.wikimedia.org/wikipedia/commons/thumb/5/52/Acap.svg/36px-Acap.svg.png",
            "communityID": "b7f3ec9e-7e11-4c3a-930e-92a16c5419db",
            "sites": {
                "name": "Wikipedia",
                "url": "https://id.wikipedia.org/wiki/Marhaen_Djumadi"
            }
        },
        {
            "name": "Ulum Basthomi",
            "title": "Calon Bupati",
            "description": null,
            "profilePic": "",
            "communityID": "b7f3ec9e-7e11-4c3a-930e-92a16c5419db",
            "sites": null
        },
        {
            "name": "Raditya Haria Yuangga",
            "title": "Calon Bupati",
            "description": null,
            "profilePic": "",
            "communityID": "b7f3ec9e-7e11-4c3a-930e-92a16c5419db",
            "sites": null
        },
        {
            "name": "Imam Makruf",
            "title": "Calon Bupati",
            "description": null,
            "profilePic": "",
            "communityID": "b7f3ec9e-7e11-4c3a-930e-92a16c5419db",
            "sites": null
        },
        {
            "name": "Istu Hari Subagio",
            "title": "Calon Bupati",
            "description": "Mayor Jenderal TNI (Purn) Istu Hari Subagio, S.E. (lahir 13 November 1958) adalah seorang Purnawirawan perwira tinggi TNI-AD. Saat ini ia menjabat sebagai Anggota DPRD Jawa Timur Fraksi Golkar periode 2019\u20142024.",
            "profilePic": "https://upload.wikimedia.org/wikipedia/commons/thumb/e/ee/Istu_Hari_Subagio.jpg/220px-Istu_Hari_Subagio.jpg",
            "communityID": "b7f3ec9e-7e11-4c3a-930e-92a16c5419db",
            "sites": {
                "name": "Wikipedia",
                "url": "https://id.wikipedia.org/wiki/Istu_Hari_Subagio"
            }
        }
    ],
    "source": "https://id.wikipedia.org/wiki/Pemilihan_umum_Bupati_Nganjuk_2024",
    "path": "kabupaten-nganjuk"
}