{
    "title": "Pemilihan umum Bupati Polewali Mandar 2024",
    "region": "Polewali Mandar",
    "level": "KABUPATEN",
    "candidates": [
        {
            "name": "H. Samsul Mahmud",
            "title": "Calon Bupati",
            "description": null,
            "profilePic": "",
            "communityID": "925a2bcf-b8e6-4d98-a39c-c834d5756f78",
            "sites": null
        },
        {
            "name": "M. Natsir Rahmat",
            "title": "Calon Bupati",
            "description": null,
            "profilePic": "",
            "communityID": "925a2bcf-b8e6-4d98-a39c-c834d5756f78",
            "sites": null
        },
        {
            "name": "Dirga A.P. Singkarru",
            "title": "Calon Bupati",
            "description": null,
            "profilePic": "",
            "communityID": "925a2bcf-b8e6-4d98-a39c-c834d5756f78",
            "sites": null
        },
        {
            "name": "Salim S. Mengga",
            "title": "Calon Bupati",
            "description": "Mayor Jenderal TNI (Purn.) Salim S. Mengga (lahir 24 Agustus 1951) adalah seorang Purnawirawan TNI-AD yang sebelumnya menjabat sebagai Wadakodiklatad.",
            "profilePic": "https://upload.wikimedia.org/wikipedia/commons/thumb/8/83/KPU_Salim_S._Mengga.jpg/220px-KPU_Salim_S._Mengga.jpg",
            "communityID": "925a2bcf-b8e6-4d98-a39c-c834d5756f78",
            "sites": {
                "name": "Wikipedia",
                "url": "https://id.wikipedia.org/wiki/Salim_S._Mengga"
            }
        },
        {
            "name": "Andi Masri Masdar",
            "title": "Calon Bupati",
            "description": null,
            "profilePic": "",
            "communityID": "925a2bcf-b8e6-4d98-a39c-c834d5756f78",
            "sites": null
        },
        {
            "name": "Andi Nursami Masdar",
            "title": "Calon Bupati",
            "description": null,
            "profilePic": "",
            "communityID": "925a2bcf-b8e6-4d98-a39c-c834d5756f78",
            "sites": null
        },
        {
            "name": "Jupri Mahmud",
            "title": "Calon Bupati",
            "description": null,
            "profilePic": "",
            "communityID": "925a2bcf-b8e6-4d98-a39c-c834d5756f78",
            "sites": null
        },
        {
            "name": "Amiruddin",
            "title": "Calon Bupati",
            "description": null,
            "profilePic": "",
            "communityID": "925a2bcf-b8e6-4d98-a39c-c834d5756f78",
            "sites": null
        },
        {
            "name": "Andi Bebas Manggazali",
            "title": "Calon Bupati",
            "description": null,
            "profilePic": "",
            "communityID": "925a2bcf-b8e6-4d98-a39c-c834d5756f78",
            "sites": null
        },
        {
            "name": "Chuduriah Sahabuddin",
            "title": "Calon Bupati",
            "description": null,
            "profilePic": "",
            "communityID": "925a2bcf-b8e6-4d98-a39c-c834d5756f78",
            "sites": null
        },
        {
            "name": "Andi Ruskati Radjab",
            "title": "Calon Bupati",
            "description": "Dra. Hj. Andi Andi Ruskati Ali Baal (lahir 27 Juli 1958) adalah seorang politikus Indonesia yang menjabat sebagai anggota DPR-RI selama dua periode (2014\u20132019 dan 2019\u20132024). Ia mewakili daerah pemilihan Sulawesi Barat. Ruskati merupakan kader Partai Gerakan Indonesia Raya, ia bertugas di Komisi IX.",
            "profilePic": "https://upload.wikimedia.org/wikipedia/commons/thumb/2/2d/KPU_Andi_Ruskati_Ali_Baal.jpg/220px-KPU_Andi_Ruskati_Ali_Baal.jpg",
            "communityID": "925a2bcf-b8e6-4d98-a39c-c834d5756f78",
            "sites": {
                "name": "Wikipedia",
                "url": "https://id.wikipedia.org/wiki/Andi_Ruskati_Radjab"
            }
        },
        {
            "name": "Abdul Rahim",
            "title": "Calon Bupati",
            "description": null,
            "profilePic": "",
            "communityID": "925a2bcf-b8e6-4d98-a39c-c834d5756f78",
            "sites": null
        }
    ],
    "source": "https://id.wikipedia.org/wiki/Pemilihan_umum_Bupati_Polewali_Mandar_2024",
    "path": "kabupaten-polewali-mandar"
}