{
    "title": "Pemilihan umum Bupati Balangan 2024",
    "region": "Balangan",
    "level": "KABUPATEN",
    "candidates": [
        {
            "name": "Abdul Hadi",
            "title": "Calon Bupati",
            "description": "H. Abdul Hadi (politikus), S.Ag., M.I.Kom. (lahir 3 Juni 1971) adalah politikus PPP yang menjabat sebagai Bupati Balangan periode 2021-2024.",
            "profilePic": "https://upload.wikimedia.org/wikipedia/commons/thumb/e/e6/Lambang_Kabupaten_Balangan.png/50px-Lambang_Kabupaten_Balangan.png",
            "communityID": "bab6b404-4247-4e9b-b4d7-3bfacf3fb8f6",
            "sites": {
                "name": "Wikipedia",
                "url": "https://id.wikipedia.org/wiki/Abdul_Hadi"
            }
        },
        {
            "name": "Hifziani",
            "title": "Calon Bupati",
            "description": null,
            "profilePic": "",
            "communityID": "bab6b404-4247-4e9b-b4d7-3bfacf3fb8f6",
            "sites": null
        }
    ],
    "source": "https://id.wikipedia.org/wiki/Pemilihan_umum_Bupati_Balangan_2024",
    "path": "kabupaten-balangan"
}