{
    "title": "Pemilihan umum Bupati Enrekang 2024",
    "region": "Enrekang",
    "level": "KABUPATEN",
    "candidates": [
        {
            "name": "Mitra Fakhruddin",
            "title": "Calon Bupati",
            "description": "Mitra Fakhruddin M.B. (lahir 20 September 1986) adalah seorang politikus Indonesia yang saat ini menjabat sebagai anggota DPR-RI sejak 2019. Ia mewakili daerah pemilihan Sulawesi Selatan III. Mitra merupakan kader Partai Amanat Nasional, ia bertugas di Komisi X.",
            "profilePic": "https://upload.wikimedia.org/wikipedia/commons/thumb/7/7a/DPR_Mitra_Fakhruddin_M.B.jpg/220px-DPR_Mitra_Fakhruddin_M.B.jpg",
            "communityID": "76e5310c-d0c5-447d-a491-12d47c6ed7f4",
            "sites": {
                "name": "Wikipedia",
                "url": "https://id.wikipedia.org/wiki/Mitra_Fakhruddin"
            }
        },
        {
            "name": "Saharuddin",
            "title": "Calon Bupati",
            "description": null,
            "profilePic": "",
            "communityID": "76e5310c-d0c5-447d-a491-12d47c6ed7f4",
            "sites": null
        },
        {
            "name": "Asman",
            "title": "Calon Bupati",
            "description": null,
            "profilePic": "",
            "communityID": "76e5310c-d0c5-447d-a491-12d47c6ed7f4",
            "sites": null
        },
        {
            "name": "Andi Liu Were La Tinro",
            "title": "Calon Bupati",
            "description": null,
            "profilePic": "",
            "communityID": "76e5310c-d0c5-447d-a491-12d47c6ed7f4",
            "sites": null
        },
        {
            "name": "M Ansar",
            "title": "Calon Bupati",
            "description": null,
            "profilePic": "",
            "communityID": "76e5310c-d0c5-447d-a491-12d47c6ed7f4",
            "sites": null
        }
    ],
    "source": "https://id.wikipedia.org/wiki/Pemilihan_umum_Bupati_Enrekang_2024",
    "path": "kabupaten-enrekang"
}