{
    "title": "Pemilihan umum Bupati Kolaka Utara 2024",
    "region": "Kolaka Utara",
    "level": "KABUPATEN",
    "candidates": [
        {
            "name": "Nur Rahman Umar",
            "title": "Calon Bupati",
            "description": "Drs. H. Nur Rahman Umar, M.H(lahir 04 April 1962), adalah Bupati Kolaka Utara yang menjabat sejak 22 Agustus 2017. Ia berhasil terpilih dalam Pilbup Kolut 2017 bersama H. Abbas, S.E Sebelumnya, Nur Rahman merupakan seorang pegawai negeri sipil dengan jabatan terakhir sebagai Kepala Dinas Pertambangan dan Energi Kabupaten Kolaka Utara.",
            "profilePic": "https://upload.wikimedia.org/wikipedia/commons/thumb/5/52/Acap.svg/36px-Acap.svg.png",
            "communityID": "81c00889-46fb-4ad6-ba22-45117f512be1",
            "sites": {
                "name": "Wikipedia",
                "url": "https://id.wikipedia.org/wiki/Nur_Rahman_Umar"
            }
        },
        {
            "name": "Abbas",
            "title": "Calon Bupati",
            "description": "H. Abbas, S.E., (lahir 05 Januari 1968), adalah politikus Partai Kebangkitan Bangsa yang menjabat Wakil Bupati Kolaka Utara sejak 22 Agustus 2017. Abbas juga menjabat sebagai Ketua DPC Partai Kebangkitan Bangsa Kabupaten Kolaka Utara sejak 2009. Sebelum menjadi wakil bupati, Abbas merupakan anggota DPRD Kabupaten Kolaka Utara yang terpilih dua kali dalam Pemilu 2009 dan Pemilu 2014.",
            "profilePic": "https://upload.wikimedia.org/wikipedia/commons/thumb/b/b6/Wakil_Bupati_Kolaka_Utara_Abbas.jpg/150px-Wakil_Bupati_Kolaka_Utara_Abbas.jpg",
            "communityID": "81c00889-46fb-4ad6-ba22-45117f512be1",
            "sites": {
                "name": "Wikipedia",
                "url": "https://id.wikipedia.org/wiki/Abbas_(politikus)"
            }
        },
        {
            "name": "Boby Alimuddin",
            "title": "Calon Bupati",
            "description": "Boby Alimuddin, S.E., (lahir 05 April 1973), adalah politikus Partai Golongan Karya yang menjabat Wakil Bupati Kolaka Utara periode 2012-2017. Ia sebelumnya merupakan anggota DPRD Kabupaten Bone dua periode yang terpilih dalam Pemilu 2004 dan Pemilu 2009. Pada Pilbup Kolut 2017, ia mencalonkan diri sebagai Bupati Kolaka Utara didampingi oleh Maksum Ramli, tetapi hanya berada diposisi kedua setelah pasangan Nur Rahman Umar-Abbas.",
            "profilePic": "https://upload.wikimedia.org/wikipedia/id/thumb/3/38/Bobby_Alimuddin.jpg/150px-Bobby_Alimuddin.jpg",
            "communityID": "81c00889-46fb-4ad6-ba22-45117f512be1",
            "sites": {
                "name": "Wikipedia",
                "url": "https://id.wikipedia.org/wiki/Boby_Alimuddin"
            }
        },
        {
            "name": "Buhari",
            "title": "Calon Bupati",
            "description": null,
            "profilePic": "",
            "communityID": "81c00889-46fb-4ad6-ba22-45117f512be1",
            "sites": null
        },
        {
            "name": "Agusdin",
            "title": "Calon Bupati",
            "description": null,
            "profilePic": "",
            "communityID": "81c00889-46fb-4ad6-ba22-45117f512be1",
            "sites": null
        },
        {
            "name": "Jumarding",
            "title": "Calon Bupati",
            "description": null,
            "profilePic": "",
            "communityID": "81c00889-46fb-4ad6-ba22-45117f512be1",
            "sites": null
        },
        {
            "name": "H. Anton",
            "title": "Calon Bupati",
            "description": null,
            "profilePic": "",
            "communityID": "81c00889-46fb-4ad6-ba22-45117f512be1",
            "sites": null
        },
        {
            "name": "Ulfah Haeruddin",
            "title": "Calon Bupati",
            "description": null,
            "profilePic": "",
            "communityID": "81c00889-46fb-4ad6-ba22-45117f512be1",
            "sites": null
        },
        {
            "name": "Sumarling Majja",
            "title": "Calon Bupati",
            "description": null,
            "profilePic": "",
            "communityID": "81c00889-46fb-4ad6-ba22-45117f512be1",
            "sites": null
        },
        {
            "name": "Sukanto Toding",
            "title": "Calon Bupati",
            "description": "Dr. Ir. Sukanto Toding, MSP, MA (lahir 20 Juli 1968) adalah seorang birokrat asal Indonesia. Saat ini ia menjabat sebagai Asisten III Bidang Administrasi Umum Sekretariat Daerah Provinsi Sulawesi Tenggara. Pada tanggal 04 September 2023, ia diangkat menjadi pelaksana jabatan Bupati Kolaka Utara. yang dilantik berdasarkan Keputusan Menteri Dalam Negeri Nomor 100.2.1.3-3217 Tahun 2023.",
            "profilePic": "https://upload.wikimedia.org/wikipedia/commons/thumb/5/5e/Sukanto_Toding.jpg/220px-Sukanto_Toding.jpg",
            "communityID": "81c00889-46fb-4ad6-ba22-45117f512be1",
            "sites": {
                "name": "Wikipedia",
                "url": "https://id.wikipedia.org/wiki/Sukanto_Toding"
            }
        }
    ],
    "source": "https://id.wikipedia.org/wiki/Pemilihan_umum_Bupati_Kolaka_Utara_2024",
    "path": "kabupaten-kolaka-utara"
}