{
    "title": "Pemilihan umum Bupati Hulu Sungai Utara 2024",
    "region": "Hulu Sungai Utara",
    "level": "KABUPATEN",
    "candidates": [
        {
            "name": "Ahmad Riza Patria",
            "title": "Calon Bupati",
            "description": "Ir. H. Ahmad Riza Patria, M.B.A. (lahir 17 Desember 1969), lebih dikenal dengan nama Ariza adalah seorang politikus Indonesia yang menjabat sebagai Wakil Gubernur DKI Jakarta sejak 15 April 2020 hingga 16 Oktober 2022. Sebelumnya, ia menjabat sebagai anggota Dewan Perwakilan Rakyat Republik Indonesia Fraksi Partai Gerakan Indonesia Raya selama dua periode yakni 2014\u20132019 dan 2019\u20132024. Pada periode pertama, ia menjabat sebagai Wakil Ketua Komisi II DPR RI. Ia terpilih di daerah pemilihan Jawa Barat V setelah menang dengan perolehan 23.991 suara dalam Pemilu 2014.",
            "profilePic": "https://upload.wikimedia.org/wikipedia/commons/thumb/c/c2/Wakil_Gubernur_DKI_Jakarta_Ahmad_Riza_Patria.jpg/210px-Wakil_Gubernur_DKI_Jakarta_Ahmad_Riza_Patria.jpg",
            "communityID": "e316ffd0-d6f1-4ae4-bfd7-5ef9eac14994",
            "sites": {
                "name": "Wikipedia",
                "url": "https://id.wikipedia.org/wiki/Ahmad_Riza_Patria"
            }
        }
    ],
    "source": "https://id.wikipedia.org/wiki/Pemilihan_umum_Bupati_Hulu_Sungai_Utara_2024",
    "path": "kabupaten-hulu-sungai-utara"
}