{
    "title": "Pemilihan umum Bupati Aceh Barat 2024",
    "region": "Aceh Barat",
    "level": "KABUPATEN",
    "candidates": [
        {
            "name": "Bustamam.",
            "title": "Calon Bupati",
            "description": null,
            "profilePic": "",
            "communityID": "7ab9ea69-5ea8-4673-904a-54ded8f3e21b",
            "sites": null
        },
        {
            "name": "Syamsi Barmi",
            "title": "Calon Bupati",
            "description": null,
            "profilePic": "",
            "communityID": "7ab9ea69-5ea8-4673-904a-54ded8f3e21b",
            "sites": null
        },
        {
            "name": "Ishak Yusuf",
            "title": "Calon Bupati",
            "description": null,
            "profilePic": "",
            "communityID": "7ab9ea69-5ea8-4673-904a-54ded8f3e21b",
            "sites": null
        },
        {
            "name": "Hamdan",
            "title": "Calon Bupati",
            "description": null,
            "profilePic": "",
            "communityID": "7ab9ea69-5ea8-4673-904a-54ded8f3e21b",
            "sites": null
        },
        {
            "name": "Ramli",
            "title": "Calon Bupati",
            "description": "Ramli Sarwi Gozali Kartowidjojo (01 November 1950\u00a0\u2013\u00a023 Januari 2013) adalah seorang perancang busana berkebangsaan Indonesia. Profesi ini dijalaninya sejak 1975. Busana rancangannya dikenal berbasis bahan tradisional Indonesia, seperti batik, bordir, kain songket, dan tenun ikat.",
            "profilePic": "https://upload.wikimedia.org/wikipedia/commons/thumb/c/c5/Soekarno.jpg/20px-Soekarno.jpg",
            "communityID": "7ab9ea69-5ea8-4673-904a-54ded8f3e21b",
            "sites": {
                "name": "Wikipedia",
                "url": "https://id.wikipedia.org/wiki/Ramli"
            }
        },
        {
            "name": "Teuku Alaidinsyah",
            "title": "Calon Bupati",
            "description": "H. Teuku Alaidinsyah (dikenal juga dengan H. Tito; lahir 8 Oktober 1964) adalah Bupati Aceh Barat periode 2012\u20142017.",
            "profilePic": "https://upload.wikimedia.org/wikipedia/commons/thumb/e/ed/Bupati_Aceh_Barat_Teuku_Alaidinsyah.jpg/200px-Bupati_Aceh_Barat_Teuku_Alaidinsyah.jpg",
            "communityID": "7ab9ea69-5ea8-4673-904a-54ded8f3e21b",
            "sites": {
                "name": "Wikipedia",
                "url": "https://id.wikipedia.org/wiki/Teuku_Alaidinsyah"
            }
        },
        {
            "name": "Amiruddin",
            "title": "Calon Bupati",
            "description": null,
            "profilePic": "",
            "communityID": "7ab9ea69-5ea8-4673-904a-54ded8f3e21b",
            "sites": null
        }
    ],
    "source": "https://id.wikipedia.org/wiki/Pemilihan_umum_Bupati_Aceh_Barat_2024",
    "path": "kabupaten-aceh-barat"
}