{
    "title": "Pemilihan umum Bupati Kubu Raya 2024",
    "region": "Kubu Raya",
    "level": "KABUPATEN",
    "candidates": [
        {
            "name": "Sujiwo",
            "title": "Calon Bupati",
            "description": "Sujiwo, S.E., M.Sos., (lahir 5 September 1969) adalah Wakil Bupati Kubu Raya periode 2019\u20132024, ia berpasangan dengan Muda Mahendrawan pada Pilkada 2018, ia menduduki kursi legislator di tingkat Kabupaten (DPRD) selama empat periode berturut-turut.",
            "profilePic": "https://upload.wikimedia.org/wikipedia/commons/thumb/5/52/Acap.svg/36px-Acap.svg.png",
            "communityID": "dbef8910-c174-4c15-9a3a-c13f6aad06f9",
            "sites": {
                "name": "Wikipedia",
                "url": "https://id.wikipedia.org/wiki/Sujiwo"
            }
        },
        {
            "name": "Hamzah Tawil",
            "title": "Calon Bupati",
            "description": null,
            "profilePic": "",
            "communityID": "dbef8910-c174-4c15-9a3a-c13f6aad06f9",
            "sites": null
        },
        {
            "name": "Rusman Ali",
            "title": "Calon Bupati",
            "description": "Rusman H. M. Ali (lahir 14 September 1956) yang lebih dikenal dengan nama Rusman Ali adalah anggota DPR-RI masa jabatan 2004-2009 adalah bupati Kabupaten Kubu Raya periode 2014-2019.",
            "profilePic": "",
            "communityID": "dbef8910-c174-4c15-9a3a-c13f6aad06f9",
            "sites": {
                "name": "Wikipedia",
                "url": "https://id.wikipedia.org/wiki/Rusman_Ali"
            }
        },
        {
            "name": "Yoga Irawan",
            "title": "Calon Bupati",
            "description": null,
            "profilePic": "",
            "communityID": "dbef8910-c174-4c15-9a3a-c13f6aad06f9",
            "sites": null
        },
        {
            "name": "M. Amri",
            "title": "Calon Bupati",
            "description": null,
            "profilePic": "",
            "communityID": "dbef8910-c174-4c15-9a3a-c13f6aad06f9",
            "sites": null
        },
        {
            "name": "Benny Farianto",
            "title": "Calon Bupati",
            "description": null,
            "profilePic": "",
            "communityID": "dbef8910-c174-4c15-9a3a-c13f6aad06f9",
            "sites": null
        },
        {
            "name": "Syarif Amin Muhammad",
            "title": "Calon Bupati",
            "description": null,
            "profilePic": "",
            "communityID": "dbef8910-c174-4c15-9a3a-c13f6aad06f9",
            "sites": null
        },
        {
            "name": "Agus Sudarmansyah",
            "title": "Calon Bupati",
            "description": null,
            "profilePic": "",
            "communityID": "dbef8910-c174-4c15-9a3a-c13f6aad06f9",
            "sites": null
        },
        {
            "name": "H. Alifudin",
            "title": "Calon Bupati",
            "description": null,
            "profilePic": "",
            "communityID": "dbef8910-c174-4c15-9a3a-c13f6aad06f9",
            "sites": null
        },
        {
            "name": "Nofal Nofiendra",
            "title": "Calon Bupati",
            "description": null,
            "profilePic": "",
            "communityID": "dbef8910-c174-4c15-9a3a-c13f6aad06f9",
            "sites": null
        },
        {
            "name": "Syarif Abdullah Alkadrie",
            "title": "Calon Bupati",
            "description": null,
            "profilePic": "",
            "communityID": "dbef8910-c174-4c15-9a3a-c13f6aad06f9",
            "sites": null
        },
        {
            "name": "Suharso.",
            "title": "Calon Bupati",
            "description": null,
            "profilePic": "",
            "communityID": "dbef8910-c174-4c15-9a3a-c13f6aad06f9",
            "sites": null
        },
        {
            "name": "Rosalina Muda Mahendrawan",
            "title": "Calon Bupati",
            "description": null,
            "profilePic": "",
            "communityID": "dbef8910-c174-4c15-9a3a-c13f6aad06f9",
            "sites": null
        },
        {
            "name": "Ardiansyah.",
            "title": "Calon Bupati",
            "description": null,
            "profilePic": "",
            "communityID": "dbef8910-c174-4c15-9a3a-c13f6aad06f9",
            "sites": null
        },
        {
            "name": "Yusran Anizam",
            "title": "Calon Bupati",
            "description": null,
            "profilePic": "",
            "communityID": "dbef8910-c174-4c15-9a3a-c13f6aad06f9",
            "sites": null
        },
        {
            "name": "BERNADUS ",
            "title": "Calon Bupati",
            "description": null,
            "profilePic": "",
            "communityID": "dbef8910-c174-4c15-9a3a-c13f6aad06f9",
            "sites": null
        }
    ],
    "source": "https://id.wikipedia.org/wiki/Pemilihan_umum_Bupati_Kubu_Raya_2024",
    "path": "kabupaten-kubu-raya"
}