{
    "title": "Pemilihan umum Bupati Batang 2024",
    "region": "Batang",
    "level": "KABUPATEN",
    "candidates": [
        {
            "name": "Wihaji",
            "title": "Calon Bupati",
            "description": "Wihaji (lahir 22 Agustus 1976) adalah Bupati Batang yang menjabat pada periode 2017-2022. Ia bersama pasangannya Suyono berhasil memenangkan Pilkada Batang 2017 dengan perolehan suara sebanyak 56,6 persen atau sebesar 245.181 suara. Ia dan wakilnya dilantik bersama dengan 3 pasang kepala daerah lainnya oleh Gubernur Jawa Tengah Ganjar Pranowo pada 22 Mei 2017.",
            "profilePic": "",
            "communityID": "6ace2d23-1b62-421d-bcca-7f6f1d36aadb",
            "sites": {
                "name": "Wikipedia",
                "url": "https://id.wikipedia.org/wiki/Wihaji"
            }
        },
        {
            "name": "Dhedy Irawan",
            "title": "Calon Bupati",
            "description": null,
            "profilePic": "",
            "communityID": "6ace2d23-1b62-421d-bcca-7f6f1d36aadb",
            "sites": null
        },
        {
            "name": "Suyono",
            "title": "Calon Bupati",
            "description": "Suyono S.IP M.Si (lahir 27 April 1966) Adalah Wakil Bupati Batang Jawa Tengah Periode 2017-2022 Mendampingi Bupati Wihaji. Tagline Pemerintahan Bupati Wihaji Dan Wakil Bupati Suyono adalah Guyub Rukun Mbangun Batang.",
            "profilePic": "https://upload.wikimedia.org/wikipedia/commons/thumb/9/94/Wakil_Bupati_Batang_Suyono.png/220px-Wakil_Bupati_Batang_Suyono.png",
            "communityID": "6ace2d23-1b62-421d-bcca-7f6f1d36aadb",
            "sites": {
                "name": "Wikipedia",
                "url": "https://id.wikipedia.org/wiki/Suyono"
            }
        },
        {
            "name": "Mohammad Saleh.",
            "title": "Calon Bupati",
            "description": null,
            "profilePic": "",
            "communityID": "6ace2d23-1b62-421d-bcca-7f6f1d36aadb",
            "sites": null
        },
        {
            "name": "Lafran Pancaputranto",
            "title": "Calon Bupati",
            "description": null,
            "profilePic": "",
            "communityID": "6ace2d23-1b62-421d-bcca-7f6f1d36aadb",
            "sites": null
        },
        {
            "name": "Yoyok Riyo Sudibyo",
            "title": "Calon Bupati",
            "description": "Mayor Arh. (Purn.) H. Yoyok Riyo Sudibyo (lahir 23 April 1972) adalah seorang politisi Indonesia yang menjabat Bupati Batang ke-9 sejak 13 Februari 2012 hingga 13 Februari 2017. Bersama wakilnya Soetadi, ia dilantik pada 13 Februari 2012 setelah memenangkan pilkada Batang pada Desember 2011 dengan perolehan 113.027 suara (40,03 persen) mengalahkan dua kandidat lainnya, yakni Susi Iriani-Lafran Panca Putranto (62.397 suara atau 22,10 persen), dan Dheddy Irawan-Mujarwo (107.992 suara atua 37,87 persen). Yoyok-Soetadi mengusung visi \u201cBirokrasi Bersih, Ekonomi Bangkit\u201d.",
            "profilePic": "https://upload.wikimedia.org/wikipedia/commons/thumb/e/e5/Bupati_Batang_Yoyok_Riyo_Sudibyo.png/220px-Bupati_Batang_Yoyok_Riyo_Sudibyo.png",
            "communityID": "6ace2d23-1b62-421d-bcca-7f6f1d36aadb",
            "sites": {
                "name": "Wikipedia",
                "url": "https://id.wikipedia.org/wiki/Yoyok_Riyo_Sudibyo"
            }
        },
        {
            "name": "Lani Dwi Rejeki",
            "title": "Calon Bupati",
            "description": "Lani Dwi Rejeki (lahir 25 Maret 1965) adalah seorang birokrat asal Indonesia kelahiran Purwokerto. Ia sempat menjadi Sekretaris Daerah Kabupaten Batang. Pada 2022, ia diangkat menjadi pelaksana jabatan Bupati Batang. Ia juga meraih 24 penghargaan yang meliputi Kabupaten Ramah Investasi dari Anugrah Jawa POS, Peringkat 1 JDIH Kategori Kabupaten dari Kemenkumham, Kabupaten Peduli Hak Asasi Manusia (HAM) dari Kemenkumhan serta TOP Pembina BUMD Award 2023 tingkat nasional.",
            "profilePic": "https://upload.wikimedia.org/wikipedia/commons/thumb/c/c5/Soekarno.jpg/20px-Soekarno.jpg",
            "communityID": "6ace2d23-1b62-421d-bcca-7f6f1d36aadb",
            "sites": {
                "name": "Wikipedia",
                "url": "https://id.wikipedia.org/wiki/Lani_Dwi_Rejeki"
            }
        },
        {
            "name": "Maulana Yusup",
            "title": "Calon Bupati",
            "description": null,
            "profilePic": "",
            "communityID": "6ace2d23-1b62-421d-bcca-7f6f1d36aadb",
            "sites": null
        },
        {
            "name": "Junaenah",
            "title": "Calon Bupati",
            "description": null,
            "profilePic": "",
            "communityID": "6ace2d23-1b62-421d-bcca-7f6f1d36aadb",
            "sites": null
        },
        {
            "name": "Nur Untung Slamet",
            "title": "Calon Bupati",
            "description": null,
            "profilePic": "",
            "communityID": "6ace2d23-1b62-421d-bcca-7f6f1d36aadb",
            "sites": null
        },
        {
            "name": "Taufik Hidayat",
            "title": "Calon Bupati",
            "description": "Taufik Hidayat (lahir 10 Agustus 1981) adalah mantan pemain bulu tangkis tunggal putra asal Indonesia. Awalnya, ia bermain di klub SGS PLN Bandung. Putra pasangan Aris Haris dan Enok Dartilah ini adalah peraih medali emas untuk Indonesia pada Olimpiade Athena 2004 dengan mengalahkan Shon Seung-mo dari Korea Selatan di babak final. Pada 21 Agustus 2005, dia menjadi juara dunia dengan mengalahkan pemain peringkat 1 dunia pada saat itu, Lin Dan di babak final, sehingga menjadi pemain tunggal putra pertama yang memegang gelar Kejuaraan Dunia BWF dan Olimpiade secara berturut-turut. Selain itu, ia juga memegang gelar juara tunggal putra Pesta Olahraga Asia 2002 di Busan dan 2006 di Doha.",
            "profilePic": "https://upload.wikimedia.org/wikipedia/commons/thumb/a/ac/Badminton-taufik_hidayat.jpg/220px-Badminton-taufik_hidayat.jpg",
            "communityID": "6ace2d23-1b62-421d-bcca-7f6f1d36aadb",
            "sites": {
                "name": "Wikipedia",
                "url": "https://id.wikipedia.org/wiki/Taufik_Hidayat"
            }
        },
        {
            "name": "Ahmad Ridwan",
            "title": "Calon Bupati",
            "description": null,
            "profilePic": "",
            "communityID": "6ace2d23-1b62-421d-bcca-7f6f1d36aadb",
            "sites": null
        },
        {
            "name": "Prih Budi Aryatmoko",
            "title": "Calon Bupati",
            "description": null,
            "profilePic": "",
            "communityID": "6ace2d23-1b62-421d-bcca-7f6f1d36aadb",
            "sites": null
        },
        {
            "name": "Marlinda Irwanti",
            "title": "Calon Bupati",
            "description": null,
            "profilePic": "",
            "communityID": "6ace2d23-1b62-421d-bcca-7f6f1d36aadb",
            "sites": null
        },
        {
            "name": "Toni Triyanto",
            "title": "Calon Bupati",
            "description": null,
            "profilePic": "",
            "communityID": "6ace2d23-1b62-421d-bcca-7f6f1d36aadb",
            "sites": null
        },
        {
            "name": "Fauzi Fallas",
            "title": "Calon Bupati",
            "description": null,
            "profilePic": "",
            "communityID": "6ace2d23-1b62-421d-bcca-7f6f1d36aadb",
            "sites": null
        }
    ],
    "source": "https://id.wikipedia.org/wiki/Pemilihan_umum_Bupati_Batang_2024",
    "path": "kabupaten-batang"
}