{
    "title": "Pemilihan umum Bupati Bangli 2024",
    "region": "Bangli",
    "level": "KABUPATEN",
    "candidates": [
        {
            "name": "Sang Nyoman Sedana Arta",
            "title": "Calon Bupati",
            "description": "Sang Nyoman Sedana Arta, S.E. (lahir 15 November 1972) adalah seorang politikus Bali yang menjabat sebagai Bupati Bangli pada periode 2021-2024 serta Wakil Bupati Bangli pada periode 2010-2015 dan 2016-2021 mendampingi I Made Gianyar.",
            "profilePic": "https://upload.wikimedia.org/wikipedia/commons/thumb/3/39/Lambang_Kab_Bangli.png/50px-Lambang_Kab_Bangli.png",
            "communityID": "c0530832-d91c-4af3-950a-f89712780450",
            "sites": {
                "name": "Wikipedia",
                "url": "https://id.wikipedia.org/wiki/Sang_Nyoman_Sedana_Arta"
            }
        }
    ],
    "source": "https://id.wikipedia.org/wiki/Pemilihan_umum_Bupati_Bangli_2024",
    "path": "kabupaten-bangli"
}