{
    "title": "Pemilihan umum Bupati Buton Selatan 2024",
    "region": "Buton Selatan",
    "level": "KABUPATEN",
    "candidates": [
        {
            "name": "Burhan Zahim",
            "title": "Calon Bupati",
            "description": null,
            "profilePic": "",
            "communityID": "da67aee1-9bbf-469e-b49d-709fd45ff376",
            "sites": null
        },
        {
            "name": "LM Yamin Dabu",
            "title": "Calon Bupati",
            "description": null,
            "profilePic": "",
            "communityID": "da67aee1-9bbf-469e-b49d-709fd45ff376",
            "sites": null
        },
        {
            "name": "Aliadi",
            "title": "Calon Bupati",
            "description": null,
            "profilePic": "",
            "communityID": "da67aee1-9bbf-469e-b49d-709fd45ff376",
            "sites": null
        },
        {
            "name": "Aris Marwan Saputra",
            "title": "Calon Bupati",
            "description": null,
            "profilePic": "",
            "communityID": "da67aee1-9bbf-469e-b49d-709fd45ff376",
            "sites": null
        },
        {
            "name": "La Siambo",
            "title": "Calon Bupati",
            "description": null,
            "profilePic": "",
            "communityID": "da67aee1-9bbf-469e-b49d-709fd45ff376",
            "sites": null
        }
    ],
    "source": "https://id.wikipedia.org/wiki/Pemilihan_umum_Bupati_Buton_Selatan_2024",
    "path": "kabupaten-buton-selatan"
}