{
    "title": "Pemilihan umum Bupati Rote Ndao 2024",
    "region": "Rote Ndao",
    "level": "KABUPATEN",
    "candidates": [
        {
            "name": "Paulina Haning-Bullu",
            "title": "Calon Bupati",
            "description": "Paulina Haning-Bullu (lahir 10 April 1956) adalah seorang politikus Indonesia. Paulina Haning-Bullu adalah salah satu perempuan pertama di Nusa Tenggara Timur melalui proses panjang akhirnya dilantik sebagai Bupati Rote Ndao periode 2019\u20132024 di Aula Fernandes Kantor Gubernur NTT, pada Kamis, 14 Februari 2019.",
            "profilePic": "https://upload.wikimedia.org/wikipedia/id/9/9d/Paulina_Haning-Bullu_Bupati_Rote_Ndao.png",
            "communityID": "13a7ea6d-8b2f-457f-ad02-a2abe8d98059",
            "sites": {
                "name": "Wikipedia",
                "url": "https://id.wikipedia.org/wiki/Paulina_Haning-Bullu"
            }
        },
        {
            "name": "Vicoas Amalo",
            "title": "Calon Bupati",
            "description": null,
            "profilePic": "",
            "communityID": "13a7ea6d-8b2f-457f-ad02-a2abe8d98059",
            "sites": null
        },
        {
            "name": "Paulus Henuk",
            "title": "Calon Bupati",
            "description": null,
            "profilePic": "",
            "communityID": "13a7ea6d-8b2f-457f-ad02-a2abe8d98059",
            "sites": null
        }
    ],
    "source": "https://id.wikipedia.org/wiki/Pemilihan_umum_Bupati_Rote_Ndao_2024",
    "path": "kabupaten-rote-ndao"
}