{
    "title": "Pemilihan umum Bupati Manggarai Timur 2024",
    "region": "Manggarai Timur",
    "level": "KABUPATEN",
    "path": "kabupaten-manggarai-timur",
    "source": "https://id.wikipedia.org/wiki/Pemilihan_umum_Bupati_Manggarai_Timur_2024",
    "communityID": "8a32e544-8287-4343-b839-2dd8dffc1ea4",
    "candidates": [
        {
            "name": "Agas Andreas",
            "description": "Agas Andreas (lahir 1 September 1959) adalah seorang politikus Indonesia kelahiran Nunang-Lambaleda dan dibesarkan di Ceka Likang \u2013 Poco Ranaka. Ia menempuh pendidikan di Sekolah Dasar Katolik Lewe dari 1968 sampai 1973. Ia lulus dari STP Bina Kusuma Ruteng pada tahun 1976. Ia kemudian lulus dari SMA Muhamaddiyah Ende pada tahun 1980. Pada tahun 1980, ia datang ke Kupang dan masuk Fakultas Hukum Universitas Nusa Cendana dan diwisuda pada tahun 1985. Pada tahun 1995, ia meraih Magister Humaniora pada Program Pascasarjana Universitas Airlangga Surabaya.[1]\n",
            "profilePic": "",
            "title": "Bupati Manggarai Timur periode 2019\u20132024",
            "sites": {
                "name": "Wikipedia",
                "url": "https://id.wikipedia.org/wiki/Agas_Andreas"
            },
            "communityID": "8a32e544-8287-4343-b839-2dd8dffc1ea4"
        },
        {
            "name": "Lucius Modo",
            "description": "",
            "profilePic": "",
            "title": "Ketua DPC Partai Demokrat Kabupaten Manggarai Timur",
            "sites": {},
            "communityID": "8a32e544-8287-4343-b839-2dd8dffc1ea4"
        },
        {
            "name": "Herman Hemmy",
            "description": "",
            "profilePic": "",
            "title": "Profesional karir",
            "sites": {},
            "communityID": "8a32e544-8287-4343-b839-2dd8dffc1ea4"
        },
        {
            "name": "Ferdinandus Hasiman",
            "description": "",
            "profilePic": "",
            "title": "Konsultan PT PLN",
            "sites": {},
            "communityID": "8a32e544-8287-4343-b839-2dd8dffc1ea4"
        },
        {
            "name": "Fransiskus Gero",
            "description": "",
            "profilePic": "",
            "title": "Kepala Dinas Pendidikan Kabupaten Manggarai",
            "sites": {},
            "communityID": "8a32e544-8287-4343-b839-2dd8dffc1ea4"
        }
    ]
}