{
    "title": "Pemilihan umum Bupati Teluk Bintuni 2024",
    "source": "https://id.wikipedia.org/wiki/Pemilihan_umum_Bupati_Teluk_Bintuni_2024",
    "region": "Teluk Bintuni",
    "level": "KABUPATEN",
    "candidates": [
        {
            "name": "Irene Manibuy",
            "title": "Calon Bupati",
            "description": "Irene Manibuy (lahir 19 Februari 1962) adalah seorang politikus Indonesia. Ia menjabat sebagai Wakil Gubernur Papua Barat dari 2015 hingga 2017, menggantikan Rahimin Katjong yang meninggal dunia.",
            "profilePic": "https://upload.wikimedia.org/wikipedia/commons/thumb/2/24/Irene_Manibuy%2C_Vice_Governor_of_West_Papua.jpg/220px-Irene_Manibuy%2C_Vice_Governor_of_West_Papua.jpg",
            "communityID": "85c80668-4204-4c46-bd48-15b6cd77b902",
            "sites": {
                "name": "Wikipedia",
                "url": "https://id.wikipedia.org/wiki/Irene_Manibuy"
            }
        },
        {
            "name": "Matret Kokop",
            "title": "Calon Bupati",
            "description": "Matret Kokop, S.H.(lahir 29 September 1961) adalah Wakil Bupati Teluk Bintuni 2 periode yakni 2016\u20142021 dan 2021\u20142024. Ia adalah wakil dari Bupati Teluk Bintuni, Petrus Kasihiw.",
            "profilePic": "https://upload.wikimedia.org/wikipedia/commons/thumb/d/de/Coat_of_arms_of_West_Papua.svg/100px-Coat_of_arms_of_West_Papua.svg.png",
            "communityID": "85c80668-4204-4c46-bd48-15b6cd77b902",
            "sites": {
                "name": "Wikipedia",
                "url": "https://id.wikipedia.org/wiki/Matret_Kokop"
            }
        }
    ],
    "path": "kabupaten-teluk-bintuni"
}