{
    "title": "Pemilihan umum Bupati Seruyan 2024",
    "region": "Seruyan",
    "level": "KABUPATEN",
    "candidates": [
        {
            "name": "Akhmad Pajriannor",
            "title": "Calon Bupati",
            "description": null,
            "profilePic": "",
            "communityID": "2cba62e8-efba-4816-b748-a010749457fe",
            "sites": null
        },
        {
            "name": "Sudarsono",
            "title": "Calon Bupati",
            "description": "H. Sudarsono, S.H. (lahir 17 November 1965) adalah politikus dan bupati kedua Kabupaten Seruyan yang menjabat pada periode 2013 hingga 2018. Ia terutama dikenal karena berhasil memenangkan pemilihan umum bupati dengan jalur independen dan berhasil mengalahkan lawannya yang didukung oleh belasan partai besar di Seruyan.",
            "profilePic": "https://upload.wikimedia.org/wikipedia/id/thumb/2/24/BUPATI-SERUYAN.jpg/200px-BUPATI-SERUYAN.jpg",
            "communityID": "2cba62e8-efba-4816-b748-a010749457fe",
            "sites": {
                "name": "Wikipedia",
                "url": "https://id.wikipedia.org/wiki/Sudarsono"
            }
        },
        {
            "name": "Ahmad Selanor Wanda",
            "title": "Calon Bupati",
            "description": null,
            "profilePic": "",
            "communityID": "2cba62e8-efba-4816-b748-a010749457fe",
            "sites": null
        },
        {
            "name": "Zuli Eko Prasetyo",
            "title": "Calon Bupati",
            "description": null,
            "profilePic": "",
            "communityID": "2cba62e8-efba-4816-b748-a010749457fe",
            "sites": null
        },
        {
            "name": "Anang Dirjo",
            "title": "Calon Bupati",
            "description": "Anang Dirjo (lahir 3 Oktober 1974) adalah seorang birokrat Indonesia kelahiran Kuala Pembuang. Ia sempat menjabat sebagai Kepala Badan Pendapatan Daerah Provinsi Kalimantan Tengah. Pada 2022, ia diangkat menjadi pelaksana jabatan Bupati Kotawaringin Barat.",
            "profilePic": "https://upload.wikimedia.org/wikipedia/commons/thumb/c/c5/Soekarno.jpg/20px-Soekarno.jpg",
            "communityID": "2cba62e8-efba-4816-b748-a010749457fe",
            "sites": {
                "name": "Wikipedia",
                "url": "https://id.wikipedia.org/wiki/Anang_Dirjo"
            }
        },
        {
            "name": "Bejo Riyanto",
            "title": "Calon Bupati",
            "description": null,
            "profilePic": "",
            "communityID": "2cba62e8-efba-4816-b748-a010749457fe",
            "sites": null
        }
    ],
    "source": "https://id.wikipedia.org/wiki/Pemilihan_umum_Bupati_Seruyan_2024",
    "path": "kabupaten-seruyan"
}