{
    "title": "Pemilihan umum Bupati Jombang 2024",
    "region": "Jombang",
    "level": "KABUPATEN",
    "path": "kabupaten-jombang",
    "source": "https://id.wikipedia.org/wiki/Pemilihan_umum_Bupati_Jombang_2024",
    "communityID": "3e01dc74-8b77-4490-b85f-a78340b82445",
    "candidates": [
        {
            "name": "H. Warsubi",
            "description": "",
            "profilePic": "",
            "title": "Pengusaha sekaligus Ketua Asosiasi Kepala Desa Jombang",
            "sites": {},
            "communityID": "3e01dc74-8b77-4490-b85f-a78340b82445"
        },
        {
            "name": "Mundjidah Wahab",
            "description": "Hj. Mundjidah Wahab (lahir 22 Mei 1948) adalah politisi asal Jombang. Saat ini merupakan mantan Bupati Jombang periode 2018-2023.[1] Sejak tahun 1971, perempuan ini sudah menjadi anggota DPRD Jombang. Pada periode berikutnya, dari tahun 1997 hingga 2012, ia juga pernah menjadi anggota DPRD Jawa Timur. Ia merupakan anak kelima dari salah satu tokoh pendiri Nahdlatul Ulama, yaitu K.H. Abdul Wahab Hasbullah.\n",
            "profilePic": "https://upload.wikimedia.org/wikipedia/commons/7/7e/KPU_Mundjidah_Wahab.jpg",
            "title": "Bupati Jombang",
            "sites": {
                "name": "Wikipedia",
                "url": "https://id.wikipedia.org/wiki/Mundjidah_Wahab"
            },
            "communityID": "3e01dc74-8b77-4490-b85f-a78340b82445"
        },
        {
            "name": "Sumrambah",
            "description": "Sumrambah (lahir 25 Oktober 1975) adalah politisi asal Jombang. Saat ini, Ia menjabat sebagai wakil bupati jombang periode 2018-2023.[1] Ia juga pernah menjabat sebagai Ketua DPC PDIP Jombang dan menjadi anggota DPRD Jawa Timur dari Fraksi PDIP periode 2009 hingga 2014.[2]\n",
            "profilePic": "",
            "title": "Wakil Bupati Jombang",
            "sites": {
                "name": "Wikipedia",
                "url": "https://id.wikipedia.org/wiki/Sumrambah"
            },
            "communityID": "3e01dc74-8b77-4490-b85f-a78340b82445"
        },
        {
            "name": "M. Subaidi",
            "description": "",
            "profilePic": "",
            "title": "Mantan Ketua DPRD Jombang",
            "sites": {},
            "communityID": "3e01dc74-8b77-4490-b85f-a78340b82445"
        },
        {
            "name": "Sadarestuwati",
            "description": "Sadarestuwati (lahir 26 Juli 1970) adalah anggota DPR-RI dari PDIP 4 periode sejak 2009, 2014, 2019, 2024 mewakili Daerah Pemilihan Jawa Timur 8 (Kota dan Kab. Madiun, Nganjuk, Jombang, serta Kota dan Kab. Mojokerto).[1] Saat ini ia duduk di Komisi V.[2] Ia adalah alumni Universitas Wijaya Kusuma Surabaya. Dalam organisasi, ia aktif di GMNI dan HKTI.[1] Saat ini, ia juga menjabat sebagai Wakil Sekretaris Jendral bidang Program Kerakyatan DPP PDIP tahun 2019-2024.[3][4]\n",
            "profilePic": "https://upload.wikimedia.org/wikipedia/commons/2/22/Sadarestuwati.jpg",
            "title": "Anggota DPR RI",
            "sites": {
                "name": "Wikipedia",
                "url": "https://id.wikipedia.org/wiki/Sadarestuwati"
            },
            "communityID": "3e01dc74-8b77-4490-b85f-a78340b82445"
        },
        {
            "name": "Ema Umiyyatul Chusnah",
            "description": "Ema Umiyyatul Chusnah (lahir 8 Juli 1973) adalah politikus Indonesia yang menjabat sebagai anggota DPR-RI periode 2019\u20132024. Ia mewakili daerah pemilihan Jawa Timur VIII, yang meliputi Kabupaten Jombang, Kabupaten Madiun, Kabupaten Mojokerto, Kabupaten Nganjuk, Kota Madiun, dan Kota Mojokerto. Ema merupakan kader Partai Persatuan Pembangunan, ia bertugas di Komisi IV.[1] Ia merupakan anak dari Mundjidah Wahab sekaligus cucu dari salah satu pendiri Nahdlatul Ulama yaitu K.H. Abdul Wahab Hasbullah.\n",
            "profilePic": "https://upload.wikimedia.org/wikipedia/commons/a/a1/KPU_Ema_Umiyyatul_Chusnah.jpg",
            "title": "Anggota DPR RI",
            "sites": {
                "name": "Wikipedia",
                "url": "https://id.wikipedia.org/wiki/Ema_Umiyyatul_Chusnah"
            },
            "communityID": "3e01dc74-8b77-4490-b85f-a78340b82445"
        },
        {
            "name": "Ahmad Silahuddin",
            "description": "",
            "profilePic": "",
            "title": "Anggota DPRD Jatim",
            "sites": {},
            "communityID": "3e01dc74-8b77-4490-b85f-a78340b82445"
        },
        {
            "name": "Kuswanto",
            "description": "",
            "profilePic": "",
            "title": "Anggota DPRD Jatim",
            "sites": {},
            "communityID": "3e01dc74-8b77-4490-b85f-a78340b82445"
        },
        {
            "name": "Ali Fikri",
            "description": "Drs. H. Ali Fikri (lahir 22 April 1961) adalah Bupati Jombang yang menjabat pada periode yang singkat, yakni dari Juni 2008 hingga September 2008. Sebelumnya ia menjadi wakil bupati periode 2003-2008 mendampingi Suyanto dan pernah menjadi anggota DPRD Jombang periode 1999-2003.\n",
            "profilePic": "",
            "title": "Mantan Wakil Bupati Jombang",
            "sites": {
                "name": "Wikipedia",
                "url": "https://id.wikipedia.org/wiki/Ali_Fikri"
            },
            "communityID": "3e01dc74-8b77-4490-b85f-a78340b82445"
        },
        {
            "name": "Mas'ud Zuremi",
            "description": "",
            "profilePic": "",
            "title": "Ketua DPRD Jombang",
            "sites": {},
            "communityID": "3e01dc74-8b77-4490-b85f-a78340b82445"
        },
        {
            "name": "Erna Kuswati",
            "description": "",
            "profilePic": "",
            "title": "Anggota DPRD Jombang",
            "sites": {},
            "communityID": "3e01dc74-8b77-4490-b85f-a78340b82445"
        },
        {
            "name": "Donny Anggun",
            "description": "",
            "profilePic": "",
            "title": "Wakil Ketua DPRD Jombang",
            "sites": {},
            "communityID": "3e01dc74-8b77-4490-b85f-a78340b82445"
        },
        {
            "name": "Fatchur Rohman",
            "description": "",
            "profilePic": "",
            "title": "Ketua DPC PAPDESI",
            "sites": {},
            "communityID": "3e01dc74-8b77-4490-b85f-a78340b82445"
        },
        {
            "name": "Mohammad Syarif Hidayatulloh",
            "description": "",
            "profilePic": "",
            "title": "Anggota DPRD Jombang",
            "sites": {},
            "communityID": "3e01dc74-8b77-4490-b85f-a78340b82445"
        },
        {
            "name": "Ahmad Athoillah",
            "description": "",
            "profilePic": "",
            "title": "Anggota DPRD Jatim",
            "sites": {},
            "communityID": "3e01dc74-8b77-4490-b85f-a78340b82445"
        },
        {
            "name": "Achmad Rifai",
            "description": "",
            "profilePic": "",
            "title": "Pengacara",
            "sites": {},
            "communityID": "3e01dc74-8b77-4490-b85f-a78340b82445"
        }
    ]
}