{
    "title": "Pemilihan umum Bupati Mesuji 2024",
    "region": "Mesuji",
    "level": "KABUPATEN",
    "candidates": [
        {
            "name": "Sulpakar",
            "title": "Calon Bupati",
            "description": "Sulpakar (lahir 5 Februari 1969) adalah seorang birokrat Indonesia kelahiran Bandar Dalam. Ia sempat menjabat sebagai Kepala Dinas Pendidikan dan Kebudayaan Provinsi Lampung. Pada 2022, ia diangkat menjadi pelaksana jabatan Bupati Mesuji.",
            "profilePic": "https://upload.wikimedia.org/wikipedia/commons/thumb/2/21/Sulpakar.jpg/220px-Sulpakar.jpg",
            "communityID": "49725ba0-901a-4c22-a968-933a21c0e247",
            "sites": {
                "name": "Wikipedia",
                "url": "https://id.wikipedia.org/wiki/Sulpakar"
            }
        },
        {
            "name": "Syamsudin",
            "title": "Calon Bupati",
            "description": "H. Syamsudin (1954-2012) adalah seorang pengusaha Indonesia yang banyak membangun hotel dan plaza di Sumatera Barat. Syamsudin yang merupakan orang Minang asal Pariaman ini, adalah pemilik PT. Sam Indo Perkasa. Melalui perusahaan tersebut, Syamsudin mengelola Rocky Plaza Hotel, Padang dan Hotel Grand Rocky, Bukittinggi. Selain itu ia juga merupakan pemilik beberapa pusat perbelanjaan, seperti Plaza Andalas, dan Plaza Payakumbuh.",
            "profilePic": "https://upload.wikimedia.org/wikipedia/commons/thumb/c/c5/Soekarno.jpg/20px-Soekarno.jpg",
            "communityID": "49725ba0-901a-4c22-a968-933a21c0e247",
            "sites": {
                "name": "Wikipedia",
                "url": "https://id.wikipedia.org/wiki/Syamsudin"
            }
        },
        {
            "name": "Saply TH",
            "title": "Calon Bupati",
            "description": null,
            "profilePic": "",
            "communityID": "49725ba0-901a-4c22-a968-933a21c0e247",
            "sites": null
        },
        {
            "name": "Haryati Cendralela",
            "title": "Calon Bupati",
            "description": "Haryati Cendralela (lahir 11 Oktober 1965) adalah seorang politikus Indonesia. Ia tergabung dalam Partai Golongan Karya (Golkar). Ia menjabat sebagai Wakil Bupati Mesuji dari 5 Januari 2021 sampai 22 Mei 2022 mendampingi Saply TH selaku Bupati Mesuji.",
            "profilePic": "https://upload.wikimedia.org/wikipedia/commons/thumb/4/41/KPU_Haryati_Cendralela.jpg/220px-KPU_Haryati_Cendralela.jpg",
            "communityID": "49725ba0-901a-4c22-a968-933a21c0e247",
            "sites": {
                "name": "Wikipedia",
                "url": "https://id.wikipedia.org/wiki/Haryati_Cendralela"
            }
        },
        {
            "name": "Elfianah Khamami",
            "title": "Calon Bupati",
            "description": null,
            "profilePic": "",
            "communityID": "49725ba0-901a-4c22-a968-933a21c0e247",
            "sites": null
        },
        {
            "name": "Febrina Lesisie Tantina",
            "title": "Calon Bupati",
            "description": null,
            "profilePic": "",
            "communityID": "49725ba0-901a-4c22-a968-933a21c0e247",
            "sites": null
        },
        {
            "name": "Yuliani Rahmi Safitri",
            "title": "Calon Bupati",
            "description": null,
            "profilePic": "",
            "communityID": "49725ba0-901a-4c22-a968-933a21c0e247",
            "sites": null
        },
        {
            "name": "Ali Yasir",
            "title": "Calon Bupati",
            "description": null,
            "profilePic": "",
            "communityID": "49725ba0-901a-4c22-a968-933a21c0e247",
            "sites": null
        },
        {
            "name": "Fuad Amrullah",
            "title": "Calon Bupati",
            "description": null,
            "profilePic": "",
            "communityID": "49725ba0-901a-4c22-a968-933a21c0e247",
            "sites": null
        },
        {
            "name": "Tatak Rianto",
            "title": "Calon Bupati",
            "description": null,
            "profilePic": "",
            "communityID": "49725ba0-901a-4c22-a968-933a21c0e247",
            "sites": null
        },
        {
            "name": "Budi Yuhanda",
            "title": "Calon Bupati",
            "description": null,
            "profilePic": "",
            "communityID": "49725ba0-901a-4c22-a968-933a21c0e247",
            "sites": null
        },
        {
            "name": "Suprapto.",
            "title": "Calon Bupati",
            "description": null,
            "profilePic": "",
            "communityID": "49725ba0-901a-4c22-a968-933a21c0e247",
            "sites": null
        },
        {
            "name": "KH Abdul Karim Mahfudz",
            "title": "Calon Bupati",
            "description": null,
            "profilePic": "",
            "communityID": "49725ba0-901a-4c22-a968-933a21c0e247",
            "sites": null
        }
    ],
    "source": "https://id.wikipedia.org/wiki/Pemilihan_umum_Bupati_Mesuji_2024",
    "path": "kabupaten-mesuji"
}