{
    "title": "Pemilihan umum Bupati Tanah Laut 2024",
    "region": "Tanah Laut",
    "level": "KABUPATEN",
    "candidates": [
        {
            "name": "Sukamta",
            "title": "Calon Bupati",
            "description": "Drs. H. Sukamta (lahir di Kulon Progo 30 Juli 1963) adalah Bupati Tanah Laut yang menjabat saat ini untuk masa periode 2018\u20132023. Ia menjabat sebagai bupati Tanah Laut berpasangan dengan wakil bupati H Abdi Rahman .S.Pd. Sukamta adalah wakil bupati Tanah Laut yang menjabat pada periode sebelumnya yaitu pada 2013 - 2018 dengan bupati H. Bambang Alamsyah, S.T.",
            "profilePic": "https://upload.wikimedia.org/wikipedia/commons/thumb/a/a1/Sukamta_KPU.jpg/220px-Sukamta_KPU.jpg",
            "communityID": "42c6ef09-4a9c-4526-ba81-1d9bc9552a69",
            "sites": {
                "name": "Wikipedia",
                "url": "https://id.wikipedia.org/wiki/Sukamta"
            }
        },
        {
            "name": "Abdi Rahman",
            "title": "Calon Bupati",
            "description": "Abdi Rahman (lahir 12 Agustus 1974) adalah seorang politikus Indonesia. Ia bekerja sebagai Quality Control PT. Jorong Barutama Grestone (JBG) sekaligus anggota DPRD dari 2004 sampai 2018. Dari 19 September 2018, ia menjabat sebagai Wakil Bupati Tanah Laut mendampingi Sukamta selaku Bupati Tanah Laut.",
            "profilePic": "https://upload.wikimedia.org/wikipedia/commons/thumb/8/83/KPU_Abdi_Rahman.jpg/220px-KPU_Abdi_Rahman.jpg",
            "communityID": "42c6ef09-4a9c-4526-ba81-1d9bc9552a69",
            "sites": {
                "name": "Wikipedia",
                "url": "https://id.wikipedia.org/wiki/Abdi_Rahman"
            }
        },
        {
            "name": "Bambang Alamsyah",
            "title": "Calon Bupati",
            "description": null,
            "profilePic": "",
            "communityID": "42c6ef09-4a9c-4526-ba81-1d9bc9552a69",
            "sites": null
        },
        {
            "name": "Mariana",
            "title": "Calon Bupati",
            "description": "Mariana dapat mengacu pada beberapa hal berikut:",
            "profilePic": "https://upload.wikimedia.org/wikipedia/commons/thumb/5/5f/Disambig_gray.svg/30px-Disambig_gray.svg.png",
            "communityID": "42c6ef09-4a9c-4526-ba81-1d9bc9552a69",
            "sites": {
                "name": "Wikipedia",
                "url": "https://id.wikipedia.org/wiki/Mariana"
            }
        },
        {
            "name": "Imam Kanapi",
            "title": "Calon Bupati",
            "description": null,
            "profilePic": "",
            "communityID": "42c6ef09-4a9c-4526-ba81-1d9bc9552a69",
            "sites": null
        },
        {
            "name": "Muslimin.",
            "title": "Calon Bupati",
            "description": null,
            "profilePic": "",
            "communityID": "42c6ef09-4a9c-4526-ba81-1d9bc9552a69",
            "sites": null
        },
        {
            "name": "Rahimullah",
            "title": "Calon Bupati",
            "description": null,
            "profilePic": "",
            "communityID": "42c6ef09-4a9c-4526-ba81-1d9bc9552a69",
            "sites": null
        },
        {
            "name": "Khairil Anwar.",
            "title": "Calon Bupati",
            "description": null,
            "profilePic": "",
            "communityID": "42c6ef09-4a9c-4526-ba81-1d9bc9552a69",
            "sites": null
        },
        {
            "name": "Dahnial Kifli MAP",
            "title": "Calon Bupati",
            "description": null,
            "profilePic": "",
            "communityID": "42c6ef09-4a9c-4526-ba81-1d9bc9552a69",
            "sites": null
        },
        {
            "name": "H Muhammad Noor/H. Nurdin",
            "title": "Calon Bupati",
            "description": null,
            "profilePic": "",
            "communityID": "42c6ef09-4a9c-4526-ba81-1d9bc9552a69",
            "sites": null
        },
        {
            "name": "Endang Isnawangsih",
            "title": "Calon Bupati",
            "description": null,
            "profilePic": "",
            "communityID": "42c6ef09-4a9c-4526-ba81-1d9bc9552a69",
            "sites": null
        },
        {
            "name": "Syahrian Nurdin",
            "title": "Calon Bupati",
            "description": null,
            "profilePic": "",
            "communityID": "42c6ef09-4a9c-4526-ba81-1d9bc9552a69",
            "sites": null
        }
    ],
    "source": "https://id.wikipedia.org/wiki/Pemilihan_umum_Bupati_Tanah_Laut_2024",
    "path": "kabupaten-tanah-laut"
}