{
    "title": "Pemilihan umum Bupati Lombok Barat 2024",
    "region": "Lombok Barat",
    "level": "KABUPATEN",
    "candidates": [
        {
            "name": "Sumiatun",
            "title": "Calon Bupati",
            "description": "Hj. Sumiatun (lahir 15 Januari 1960) adalah Wakil Bupati Lombok Barat periode 2019-sekarang.\nSebelum menjabat Wakil Bupati Lombok Barat Hj. Sumiatun merupakan Ketua DPRD Lombok Barat Periode 2014\u20132019, ia mendampingi Bupati Fauzan Khalid berhasil memenangkan pemilu Kabupaten Lombok Barat tahun 2019.",
            "profilePic": "https://upload.wikimedia.org/wikipedia/commons/thumb/5/54/Lambang_Kabupaten_Lombok_Barat.jpeg/50px-Lambang_Kabupaten_Lombok_Barat.jpeg",
            "communityID": "29769be1-fd00-4910-916d-504827f876bf",
            "sites": {
                "name": "Wikipedia",
                "url": "https://id.wikipedia.org/wiki/Sumiatun"
            }
        },
        {
            "name": "Putra Nauvar F Farinduan",
            "title": "Calon Bupati",
            "description": null,
            "profilePic": "",
            "communityID": "29769be1-fd00-4910-916d-504827f876bf",
            "sites": null
        },
        {
            "name": "Izzul Islam",
            "title": "Calon Bupati",
            "description": null,
            "profilePic": "",
            "communityID": "29769be1-fd00-4910-916d-504827f876bf",
            "sites": null
        },
        {
            "name": "TGH Muammar Arafat",
            "title": "Calon Bupati",
            "description": null,
            "profilePic": "",
            "communityID": "29769be1-fd00-4910-916d-504827f876bf",
            "sites": null
        },
        {
            "name": "TGH Mahalli Fikri",
            "title": "Calon Bupati",
            "description": null,
            "profilePic": "",
            "communityID": "29769be1-fd00-4910-916d-504827f876bf",
            "sites": null
        },
        {
            "name": "Lalu Ahmad Ismail",
            "title": "Calon Bupati",
            "description": null,
            "profilePic": "",
            "communityID": "29769be1-fd00-4910-916d-504827f876bf",
            "sites": null
        },
        {
            "name": "Umar Said",
            "title": "Calon Bupati",
            "description": null,
            "profilePic": "",
            "communityID": "29769be1-fd00-4910-916d-504827f876bf",
            "sites": null
        },
        {
            "name": "Hasanain Juaini",
            "title": "Calon Bupati",
            "description": "",
            "profilePic": "https://upload.wikimedia.org/wikipedia/commons/thumb/9/9f/Flag_of_Indonesia.svg/23px-Flag_of_Indonesia.svg.png",
            "communityID": "29769be1-fd00-4910-916d-504827f876bf",
            "sites": {
                "name": "Wikipedia",
                "url": "https://id.wikipedia.org/wiki/Hasanain_Juaini"
            }
        },
        {
            "name": "TGH Satriawan",
            "title": "Calon Bupati",
            "description": null,
            "profilePic": "",
            "communityID": "29769be1-fd00-4910-916d-504827f876bf",
            "sites": null
        },
        {
            "name": "HL. Ahmad Zaini",
            "title": "Calon Bupati",
            "description": null,
            "profilePic": "",
            "communityID": "29769be1-fd00-4910-916d-504827f876bf",
            "sites": null
        },
        {
            "name": "Hj. Nurul Adha",
            "title": "Calon Bupati",
            "description": null,
            "profilePic": "",
            "communityID": "29769be1-fd00-4910-916d-504827f876bf",
            "sites": null
        },
        {
            "name": "Ibnu salim",
            "title": "Calon Bupati",
            "description": null,
            "profilePic": "",
            "communityID": "29769be1-fd00-4910-916d-504827f876bf",
            "sites": null
        }
    ],
    "source": "https://id.wikipedia.org/wiki/Pemilihan_umum_Bupati_Lombok_Barat_2024",
    "path": "kabupaten-lombok-barat"
}