{
    "title": "Pemilihan umum Bupati Dairi 2024",
    "region": "Dairi",
    "level": "KABUPATEN",
    "candidates": [
        {
            "name": "Jogi Tambunan",
            "title": "Calon Bupati",
            "description": null,
            "profilePic": "",
            "communityID": "d4477f95-bb70-4bdf-86aa-76256b9c52e3",
            "sites": null
        },
        {
            "name": "Eddy Keleng Ate Berutu",
            "title": "Calon Bupati",
            "description": "Dr. Ir. Eddy Keleng Ate Berutu, M.A. (lahir 12 Januari 1960) adalah Bupati Dairi ke-20 yang menjabat sejak 23 April 2019.",
            "profilePic": "https://upload.wikimedia.org/wikipedia/commons/thumb/1/13/Eddy_Keleng_Ate_Berutu_2019.png/270px-Eddy_Keleng_Ate_Berutu_2019.png",
            "communityID": "d4477f95-bb70-4bdf-86aa-76256b9c52e3",
            "sites": {
                "name": "Wikipedia",
                "url": "https://id.wikipedia.org/wiki/Eddy_Keleng_Ate_Berutu"
            }
        },
        {
            "name": "Junimart Girsang",
            "title": "Calon Bupati",
            "description": "Dr. Junimart Girsang, S.H., M.B.A., M.H. adalah pengacara dan politikus Partai Demokrasi Indonesia Perjuangan (PDI-P) yang menjabat sebagai anggota Dewan Perwakilan Rakyat Republik Indonesia (DPR RI) sejak tahun 2014. Junimart Girsang mewakili daerah pemilihan Sumatera Utara III. Pada periode 2019\u20142024, Junimart Girsang duduk dalam Komisi II yang membidangi pemerintahan daerah dan otonomi daerah, aparatur negara dan reformasi birokrasi, kepemiluan, serta pertanahan dan reforma agraria. Sejak tahun 2021, Junimart ditetapkan sebagai Wakil Ketua Komisi II di DPR.",
            "profilePic": "https://upload.wikimedia.org/wikipedia/commons/thumb/e/e7/Junimart_Girsang.jpg/220px-Junimart_Girsang.jpg",
            "communityID": "d4477f95-bb70-4bdf-86aa-76256b9c52e3",
            "sites": {
                "name": "Wikipedia",
                "url": "https://id.wikipedia.org/wiki/Junimart_Girsang"
            }
        },
        {
            "name": "Sabam Sibarani",
            "title": "Calon Bupati",
            "description": "Sabam Sibarani, S.Sos. (lahir 3 Juli 1971) adalah politikus Partai Golongan Karya. Ia menjabat Ketua DPRD Dairi 2 periode yakni 2014\u20142019 dan 2019\u20142024. Sebelumnya ia menjabat sebagai Anggota DPRD Dairi periode 2009\u20142014.",
            "profilePic": "https://upload.wikimedia.org/wikipedia/commons/thumb/1/19/KPU_Sabam_Sibarani.jpg/220px-KPU_Sabam_Sibarani.jpg",
            "communityID": "d4477f95-bb70-4bdf-86aa-76256b9c52e3",
            "sites": {
                "name": "Wikipedia",
                "url": "https://id.wikipedia.org/wiki/Sabam_Sibarani"
            }
        }
    ],
    "source": "https://id.wikipedia.org/wiki/Pemilihan_umum_Bupati_Dairi_2024",
    "path": "kabupaten-dairi"
}