{
    "title": "Pemilihan umum Bupati Rejang Lebong 2024",
    "region": "Rejang Lebong",
    "level": "KABUPATEN",
    "candidates": [
        {
            "name": "Syamsul Effendi",
            "title": "Calon Bupati",
            "description": "Syamsul Effendi (lahir 10 Agustus 1965) adalah seorang birokrat Indonesia yang lahir di Turan Baru, Curup Selatan, Rejang Lebong. Ia pernah menduduki sejumlah jabatan strategis di tiga pemerintah daerah yang berbeda, seperti Pemkab Kepahiang, Pemkab Lebong dan Pemkab Rejang Lebong. Bahkan, ia pernah menjadi Sekretaris Lurah Kota Bengkulu.",
            "profilePic": "",
            "communityID": "12d5ed42-1e10-4950-a304-aea5c45a0b54",
            "sites": {
                "name": "Wikipedia",
                "url": "https://id.wikipedia.org/wiki/Syamsul_Effendi"
            }
        },
        {
            "name": "Hendra Wahyudiansyah",
            "title": "Calon Bupati",
            "description": "Hendra Wahyudiansyah (lahir 31 Desember 1982) adalah seorang politikus Indonesia kelahiran Bengkulu. Ia merupakan putra bungsu dari Bupati Rejang Lebong Ahmad Hijazi. Ia menjabat sebagai ketua umum Palang Merah Indonesia (PMI) Kabupaten Rejang Lebong. Dari 2021 sampai 2024, ia menjabat sebagai Wakil Bupati Rejang Lebong.",
            "profilePic": "https://upload.wikimedia.org/wikipedia/commons/thumb/1/1f/Hendra_Wahyudiansyah%2C_SH.jpg/220px-Hendra_Wahyudiansyah%2C_SH.jpg",
            "communityID": "12d5ed42-1e10-4950-a304-aea5c45a0b54",
            "sites": {
                "name": "Wikipedia",
                "url": "https://id.wikipedia.org/wiki/Hendra_Wahyudiansyah"
            }
        },
        {
            "name": "M. Fikri Thobari",
            "title": "Calon Bupati",
            "description": null,
            "profilePic": "",
            "communityID": "12d5ed42-1e10-4950-a304-aea5c45a0b54",
            "sites": null
        },
        {
            "name": "Herizal Apriansyah",
            "title": "Calon Bupati",
            "description": null,
            "profilePic": "",
            "communityID": "12d5ed42-1e10-4950-a304-aea5c45a0b54",
            "sites": null
        },
        {
            "name": "Destiansyah",
            "title": "Calon Bupati",
            "description": null,
            "profilePic": "",
            "communityID": "12d5ed42-1e10-4950-a304-aea5c45a0b54",
            "sites": null
        }
    ],
    "source": "https://id.wikipedia.org/wiki/Pemilihan_umum_Bupati_Rejang_Lebong_2024",
    "path": "kabupaten-rejang-lebong"
}