{
    "title": "Pemilihan umum Bupati Aceh Barat Daya 2024",
    "region": "Aceh Barat Daya",
    "level": "KABUPATEN",
    "path": "kabupaten-aceh-barat-daya",
    "source": "https://id.wikipedia.org/wiki/Pemilihan_umum_Bupati_Aceh_Barat_Daya_2024",
    "communityID": "3ef8616f-78cb-48ab-8ca5-fdbe9f983e0a",
    "candidates": [
        {
            "name": "Jufri Hasanuddin",
            "description": "Ir. Jufri Hasanuddin, M.M. (lahir 5 Oktober 1967) adalah Bupati Aceh Barat Daya periode 2012\u20142017.\n",
            "profilePic": "",
            "title": "Mantan Bupati Aceh Barat Daya",
            "sites": {
                "name": "Wikipedia",
                "url": "https://id.wikipedia.org/wiki/Jufri_Hasanuddin"
            },
            "communityID": "3ef8616f-78cb-48ab-8ca5-fdbe9f983e0a"
        },
        {
            "name": "Muslizar",
            "description": "",
            "profilePic": "",
            "title": "Mantan Wakil Bupati Aceh Barat Daya",
            "sites": {},
            "communityID": "3ef8616f-78cb-48ab-8ca5-fdbe9f983e0a"
        },
        {
            "name": "Abdurrahman Ubit",
            "description": "",
            "profilePic": "",
            "title": "Ketua KPA wilayah Blangpidie",
            "sites": {},
            "communityID": "3ef8616f-78cb-48ab-8ca5-fdbe9f983e0a"
        },
        {
            "name": "Syarifuddin",
            "description": "",
            "profilePic": "",
            "title": "Wakil Ketua DPRK Aceh Barat Daya",
            "sites": {},
            "communityID": "3ef8616f-78cb-48ab-8ca5-fdbe9f983e0a"
        },
        {
            "name": "Romi Syah Putra",
            "description": "",
            "profilePic": "",
            "title": "Ketua DPC Partai Demokrat Abdya",
            "sites": {},
            "communityID": "3ef8616f-78cb-48ab-8ca5-fdbe9f983e0a"
        },
        {
            "name": "Safaruddin (politikus)",
            "description": "Dr. Safaruddin, S.Sos., M.S.P. (lahir 17 Maret 1983) adalah politikus Partai Gerindra yang menjabat sebagai Wakil Ketua Dewan Perwakilan Rakyat Aceh periode 2019-2024.[1]\n",
            "profilePic": "https://upload.wikimedia.org/wikipedia/commons/1/15/KPU_Safaruddin.jpg",
            "title": "Wakil Ketua DPR Aceh",
            "sites": {
                "name": "Wikipedia",
                "url": "https://id.wikipedia.org/wiki/Safaruddin_(politikus)"
            },
            "communityID": "3ef8616f-78cb-48ab-8ca5-fdbe9f983e0a"
        },
        {
            "name": "Muhammad Qudusi",
            "description": "",
            "profilePic": "",
            "title": "Ketua PC PERTI Aceh Barat Daya",
            "sites": {},
            "communityID": "3ef8616f-78cb-48ab-8ca5-fdbe9f983e0a"
        },
        {
            "name": "Herry Sunanda",
            "description": "",
            "profilePic": "",
            "title": "Wakil Bendahara DPA Partai Aceh",
            "sites": {},
            "communityID": "3ef8616f-78cb-48ab-8ca5-fdbe9f983e0a"
        },
        {
            "name": "Maidisal Diwa",
            "description": "",
            "profilePic": "",
            "title": "Direktur Utama PT. Meuligoe Raya",
            "sites": {},
            "communityID": "3ef8616f-78cb-48ab-8ca5-fdbe9f983e0a"
        },
        {
            "name": "Mukhlis Muhdi",
            "description": "",
            "profilePic": "",
            "title": "Sekretaris DPD II Golkar Aceh",
            "sites": {},
            "communityID": "3ef8616f-78cb-48ab-8ca5-fdbe9f983e0a"
        },
        {
            "name": "Said Syamsul Bahri",
            "description": "",
            "profilePic": "",
            "title": "Mantan Ketua DPRK Aceh Barat Daya",
            "sites": {},
            "communityID": "3ef8616f-78cb-48ab-8ca5-fdbe9f983e0a"
        },
        {
            "name": "Erwanto",
            "description": "",
            "profilePic": "",
            "title": "Mantan Wakil Bupati Aceh Barat Daya",
            "sites": {},
            "communityID": "3ef8616f-78cb-48ab-8ca5-fdbe9f983e0a"
        },
        {
            "name": "Zulkarnain",
            "description": "",
            "profilePic": "",
            "title": "Ketua DPC PKB Aceh Barat Daya",
            "sites": {},
            "communityID": "3ef8616f-78cb-48ab-8ca5-fdbe9f983e0a"
        }
    ]
}