{
    "title": "Pemilihan umum Bupati Bintan 2024",
    "region": "Bintan",
    "level": "KABUPATEN",
    "path": "kabupaten-bintan",
    "source": "https://id.wikipedia.org/wiki/Pemilihan_umum_Bupati_Bintan_2024",
    "communityID": "c87839b9-1cb2-4fc4-bbb5-f5515aa3d376",
    "candidates": [
        {
            "name": "Roby Kurniawan",
            "description": "Roby Kurniawan (lahir 3 Juni 1993) adalah Bupati Bintan sisa masa jabatan 2021\u20132024. Sebelumnya, ia menjabat sebagai Wakil Bupati Bintan sejak 26 Februari hingga 22 Agustus 2021.\n",
            "profilePic": "https://upload.wikimedia.org/wikipedia/commons/0/08/Roby_Kurniawan.jpg",
            "title": "Bupati Bintan",
            "sites": {
                "name": "Wikipedia",
                "url": "https://id.wikipedia.org/wiki/Roby_Kurniawan"
            },
            "communityID": "c87839b9-1cb2-4fc4-bbb5-f5515aa3d376"
        },
        {
            "name": "Dalmasri Syam",
            "description": "Drs. H. Dalmasri Syam, M.M. (lahir 7 Agustus 1967) adalah Wakil Bupati Bintan periode 2016\u20142021.[1]\n",
            "profilePic": "https://upload.wikimedia.org/wikipedia/commons/e/ec/Wakil_Bupati_Bintan_Dalmasri_Syam.png",
            "title": "Mantan Wakil Bupati Bintan",
            "sites": {
                "name": "Wikipedia",
                "url": "https://id.wikipedia.org/wiki/Dalmasri_Syam"
            },
            "communityID": "c87839b9-1cb2-4fc4-bbb5-f5515aa3d376"
        },
        {
            "name": "Azirwan",
            "description": "",
            "profilePic": "",
            "title": "Mantan Sekretaris Daerah Kabupaten Bintan",
            "sites": {},
            "communityID": "c87839b9-1cb2-4fc4-bbb5-f5515aa3d376"
        },
        {
            "name": "Edward Mushalli",
            "description": "Drs. H. Edward Mushalli (lahir 17 September 1952) adalah Wakil Wali Kota Tanjungpinang periode 2008\u20142013. Ia adalah wakil dari Wali Kota Tanjungpinang, Suryatati A. Manan.\n",
            "profilePic": "https://upload.wikimedia.org/wikipedia/commons/2/2e/Wakil_Wali_Kota_Tanjungpinang_Edward_Mushalli.jpg",
            "title": "Mantan Wakil Wali Kota Tanjungpinang",
            "sites": {
                "name": "Wikipedia",
                "url": "https://id.wikipedia.org/wiki/Edward_Mushalli"
            },
            "communityID": "c87839b9-1cb2-4fc4-bbb5-f5515aa3d376"
        },
        {
            "name": "Jamhur Ismail",
            "description": "Kolonel Inf. (Purn.) Drs. Jamhur Ismail, M.M. (lahir 12 Juni 1960) adalah seorang birokrat Indonesia. Ia menjabat Kepala Dinas Perhubungan Provinsi Kepulauan Riau periode 2017\u20142020.\n",
            "profilePic": "",
            "title": "Mantan Kepala Dinas Perhubungan Provinsi Kepulauan Riau",
            "sites": {
                "name": "Wikipedia",
                "url": "https://id.wikipedia.org/wiki/Jamhur_Ismail"
            },
            "communityID": "c87839b9-1cb2-4fc4-bbb5-f5515aa3d376"
        },
        {
            "name": "Agus Wibowo.",
            "description": "",
            "profilePic": "",
            "title": "Ketua DPRD Bintan 2019-24",
            "sites": {},
            "communityID": "c87839b9-1cb2-4fc4-bbb5-f5515aa3d376"
        }
    ]
}