{
    "title": "Pemilihan umum Bupati Aceh Utara 2024",
    "region": "Aceh Utara",
    "level": "KABUPATEN",
    "candidates": [
        {
            "name": "Fauzi Yusuf",
            "title": "Calon Bupati",
            "description": "Teungku Fauzi Yusuf, lebih dikenal dengan nama Sidom Peng (lahir 1 Januari 1971) adalah tokoh pejuang GAM. Dia pernah menjabat sebagai Tim Monitoring JSC dari Representative GAM dan Wakil Bupati Aceh Utara periode 2017\u20142022.",
            "profilePic": "https://upload.wikimedia.org/wikipedia/commons/thumb/1/19/Flag_of_Free_Aceh_Movement.svg/23px-Flag_of_Free_Aceh_Movement.svg.png",
            "communityID": "cf80bf9e-bc0f-4421-ba81-e7fa9ec43c36",
            "sites": {
                "name": "Wikipedia",
                "url": "https://id.wikipedia.org/wiki/Fauzi_Yusuf"
            }
        },
        {
            "name": "Sofyan Dawood",
            "title": "Calon Bupati",
            "description": "Sofyan Dawood (lahir 10 Oktober 1966) adalah mantan tokoh pejuang GAM. Dia pernah menjabat sebagai Juru Bicara Gerakan Aceh Merdeka.",
            "profilePic": "https://upload.wikimedia.org/wikipedia/commons/thumb/d/d9/KPU_Sofyan_Dawood.jpg/220px-KPU_Sofyan_Dawood.jpg",
            "communityID": "cf80bf9e-bc0f-4421-ba81-e7fa9ec43c36",
            "sites": {
                "name": "Wikipedia",
                "url": "https://id.wikipedia.org/wiki/Sofyan_Dawood"
            }
        },
        {
            "name": "Misbahul Munir",
            "title": "Calon Bupati",
            "description": "Teungku Misbahul Munir, S.T. lebih dikenal dengan nama Rahul (lahir 18 November 1980) adalah tokoh pejuang GAM. Dia pernah menjabat sebagai Komandan Pasukan Cobra wilayah Pase Bentara Militer (BM-GAM). Dia sekarang menjabat sebagai Wakil Ketua DPRK Aceh Utara Fraksi Partai Nanggroe Aceh.",
            "profilePic": "https://upload.wikimedia.org/wikipedia/commons/thumb/6/67/KPU_Misbahul_Munir.jpg/220px-KPU_Misbahul_Munir.jpg",
            "communityID": "cf80bf9e-bc0f-4421-ba81-e7fa9ec43c36",
            "sites": {
                "name": "Wikipedia",
                "url": "https://id.wikipedia.org/wiki/Misbahul_Munir"
            }
        },
        {
            "name": "Abubakar A. Latif",
            "title": "Calon Bupati",
            "description": "Teungku Abubakar A. Latif, lebih dikenal dengan nama Abu Len (lahir 1 Juli 1965) adalah tokoh pejuang GAM. Dia pernah menjabat sebagai Panglima Operasi Gerakan Aceh Merdeka Wilayah Pase. Dia pernah menjabat sebagai Anggota DPRA Fraksi Partai Aceh periode 2014\u20132019.",
            "profilePic": "https://upload.wikimedia.org/wikipedia/commons/thumb/1/19/Flag_of_Free_Aceh_Movement.svg/30px-Flag_of_Free_Aceh_Movement.svg.png",
            "communityID": "cf80bf9e-bc0f-4421-ba81-e7fa9ec43c36",
            "sites": {
                "name": "Wikipedia",
                "url": "https://id.wikipedia.org/wiki/Abubakar_A._Latif"
            }
        },
        {
            "name": "Muhammad Adam",
            "title": "Calon Bupati",
            "description": null,
            "profilePic": "",
            "communityID": "cf80bf9e-bc0f-4421-ba81-e7fa9ec43c36",
            "sites": null
        }
    ],
    "source": "https://id.wikipedia.org/wiki/Pemilihan_umum_Bupati_Aceh_Utara_2024",
    "path": "kabupaten-aceh-utara"
}