{
    "title": "Pemilihan umum Bupati Lamongan 2024",
    "region": "Lamongan",
    "level": "KABUPATEN",
    "candidates": [
        {
            "name": "Yuhronur Efendi",
            "title": "Calon Bupati",
            "description": "Dr. H. Yuhronur Efendi, MBA (lahir 12 Januari 1968) adalah adalah birokrat dan politikus Indonesia yang menjabat Bupati Lamongan periode 2021\u20132024. Bersama wakilnya, Abdul Rouf, mereka berhasil memenangkan pemilihan umum Bupati Lamongan 2020. Yuhronur Efendi pernah menjabat sebagai Sekretaris Daerah Lamongan.",
            "profilePic": "https://upload.wikimedia.org/wikipedia/commons/thumb/b/b2/Bupati_Lamongan_Yuhronur_Efendi.png/220px-Bupati_Lamongan_Yuhronur_Efendi.png",
            "communityID": "d19d6bba-614d-45bb-9dee-3787271e60f7",
            "sites": {
                "name": "Wikipedia",
                "url": "https://id.wikipedia.org/wiki/Yuhronur_Efendi"
            }
        },
        {
            "name": "Abdul Rouf",
            "title": "Calon Bupati",
            "description": "Abdul Rouf (lahir 28 Agustus 1961) adalah seorang politikus dan ulama Indonesia kelahiran Bluluk, Lamongan. Ayahnya M Asyikin Gozali merupakan pimpinan Pondok Pesantren Miftahul Qulub. Ia menjadi Wakil Bupati Lamongan mendampingi Yuhronur Efendi dari 2021 sampai 2024.",
            "profilePic": "https://upload.wikimedia.org/wikipedia/commons/thumb/0/07/Wakil_Bupati_Abdul_Rouf.jpg/220px-Wakil_Bupati_Abdul_Rouf.jpg",
            "communityID": "d19d6bba-614d-45bb-9dee-3787271e60f7",
            "sites": {
                "name": "Wikipedia",
                "url": "https://id.wikipedia.org/wiki/Abdul_Rouf"
            }
        },
        {
            "name": "Abdul Ghofur",
            "title": "Calon Bupati",
            "description": "Prof. Dr. (H.C). K.H. Abdul Ghofur (lahir 12 Februari 1949 di Paciran, Lamongan) adalah Pimpinan Pondok Pesantren Sunan Drajat, Paciran, Lamongan sekaligus sebagai Mustasyar PWNU Jatim. Beliau merupakan keturunan dari pasangan H. Martokan dan Hj. Kasiyami dan merupakan keturunan ke-14 dari Kanjeng Sunan Drajat. Pondok pesantren yang diasuhnya merupakan satu-satunya pesantren peninggalan Wali Songo yang masih ada dan saat ini menjadi salah satu pesantren dengan jumlah santri terbanyak di Indonesia.",
            "profilePic": "https://upload.wikimedia.org/wikipedia/commons/thumb/0/0d/YAI_GOFUR.png/210px-YAI_GOFUR.png",
            "communityID": "d19d6bba-614d-45bb-9dee-3787271e60f7",
            "sites": {
                "name": "Wikipedia",
                "url": "https://id.wikipedia.org/wiki/Abdul_Ghofur"
            }
        },
        {
            "name": "H. R. Imam Mukhlishin, M.Pdi,",
            "title": "Calon Bupati",
            "description": null,
            "profilePic": "",
            "communityID": "d19d6bba-614d-45bb-9dee-3787271e60f7",
            "sites": null
        },
        {
            "name": "Suhandoyo",
            "title": "Calon Bupati",
            "description": null,
            "profilePic": "",
            "communityID": "d19d6bba-614d-45bb-9dee-3787271e60f7",
            "sites": null
        },
        {
            "name": "Kaharudin",
            "title": "Calon Bupati",
            "description": null,
            "profilePic": "",
            "communityID": "d19d6bba-614d-45bb-9dee-3787271e60f7",
            "sites": null
        },
        {
            "name": "Nasyirul Falah Amru",
            "title": "Calon Bupati",
            "description": "H. Nasyirul Falah Amru, S.E. (lahir 27 Januari 1975) adalah politikus Indonesia yang menjabat sebagai anggota DPR-RI selama dua periode (2014\u20132019 dan 2019\u20132024). Ia mewakili daerah pemilihan Jawa Timur X, yang meliputi Lamongan dan Gresik. Gus Falah merupakan kader Partai Demokrasi Indonesia Perjuangan, ia bertugas di Komisi VII. Ia adalah anak dari Amru Al Mu'tasyim, mantan Anggota DPR RI dari Partai Persatuan Pembangunan dan Partai Kebangkitan Bangsa yang pernah aktif di HMI.",
            "profilePic": "https://upload.wikimedia.org/wikipedia/commons/thumb/9/9e/Anggota_DPR_Nasyirul_Falah_Amru.jpg/220px-Anggota_DPR_Nasyirul_Falah_Amru.jpg",
            "communityID": "d19d6bba-614d-45bb-9dee-3787271e60f7",
            "sites": {
                "name": "Wikipedia",
                "url": "https://id.wikipedia.org/wiki/Nasyirul_Falah_Amru"
            }
        },
        {
            "name": "Debby Kurniawan",
            "title": "Calon Bupati",
            "description": "Deddy Kurniawan (lahir 7 September 1981) adalah anggota DPR-RI pada periode (2019\u20132024). Ia mewakili daerah pemilihan Jawa Timur X.",
            "profilePic": "https://upload.wikimedia.org/wikipedia/commons/thumb/1/17/Debby_Kurniawan.jpg/150px-Debby_Kurniawan.jpg",
            "communityID": "d19d6bba-614d-45bb-9dee-3787271e60f7",
            "sites": {
                "name": "Wikipedia",
                "url": "https://id.wikipedia.org/wiki/Debby_Kurniawan"
            }
        },
        {
            "name": "Moh. Midchol Afan, S.T., M.T.",
            "title": "Calon Bupati",
            "description": null,
            "profilePic": "",
            "communityID": "d19d6bba-614d-45bb-9dee-3787271e60f7",
            "sites": null
        },
        {
            "name": "Okta Rosadinata",
            "title": "Calon Bupati",
            "description": null,
            "profilePic": "",
            "communityID": "d19d6bba-614d-45bb-9dee-3787271e60f7",
            "sites": null
        },
        {
            "name": "M.I. Andy Firasadi",
            "title": "Calon Bupati",
            "description": null,
            "profilePic": "",
            "communityID": "d19d6bba-614d-45bb-9dee-3787271e60f7",
            "sites": null
        },
        {
            "name": "Edy Wijaya",
            "title": "Calon Bupati",
            "description": null,
            "profilePic": "",
            "communityID": "d19d6bba-614d-45bb-9dee-3787271e60f7",
            "sites": null
        },
        {
            "name": "Amar Saifudin",
            "title": "Calon Bupati",
            "description": null,
            "profilePic": "",
            "communityID": "d19d6bba-614d-45bb-9dee-3787271e60f7",
            "sites": null
        },
        {
            "name": "Wahid Wahyudi",
            "title": "Calon Bupati",
            "description": null,
            "profilePic": "",
            "communityID": "d19d6bba-614d-45bb-9dee-3787271e60f7",
            "sites": null
        },
        {
            "name": "Abdul Ghofur",
            "title": "Calon Bupati",
            "description": "Prof. Dr. (H.C). K.H. Abdul Ghofur (lahir 12 Februari 1949 di Paciran, Lamongan) adalah Pimpinan Pondok Pesantren Sunan Drajat, Paciran, Lamongan sekaligus sebagai Mustasyar PWNU Jatim. Beliau merupakan keturunan dari pasangan H. Martokan dan Hj. Kasiyami dan merupakan keturunan ke-14 dari Kanjeng Sunan Drajat. Pondok pesantren yang diasuhnya merupakan satu-satunya pesantren peninggalan Wali Songo yang masih ada dan saat ini menjadi salah satu pesantren dengan jumlah santri terbanyak di Indonesia.",
            "profilePic": "https://upload.wikimedia.org/wikipedia/commons/thumb/0/0d/YAI_GOFUR.png/210px-YAI_GOFUR.png",
            "communityID": "d19d6bba-614d-45bb-9dee-3787271e60f7",
            "sites": {
                "name": "Wikipedia",
                "url": "https://id.wikipedia.org/wiki/Abdul_Ghofur"
            }
        },
        {
            "name": "Moh Nalikan",
            "title": "Calon Bupati",
            "description": null,
            "profilePic": "",
            "communityID": "d19d6bba-614d-45bb-9dee-3787271e60f7",
            "sites": null
        },
        {
            "name": "Fujika Senna Oktavia",
            "title": "Calon Bupati",
            "description": null,
            "profilePic": "",
            "communityID": "d19d6bba-614d-45bb-9dee-3787271e60f7",
            "sites": null
        },
        {
            "name": "Afif Hasbullah",
            "title": "Calon Bupati",
            "description": null,
            "profilePic": "",
            "communityID": "d19d6bba-614d-45bb-9dee-3787271e60f7",
            "sites": null
        },
        {
            "name": "Nurul Hidayatul Ummah",
            "title": "Calon Bupati",
            "description": null,
            "profilePic": "",
            "communityID": "d19d6bba-614d-45bb-9dee-3787271e60f7",
            "sites": null
        },
        {
            "name": "K.H. Biin Abdussalam",
            "title": "Calon Bupati",
            "description": null,
            "profilePic": "",
            "communityID": "d19d6bba-614d-45bb-9dee-3787271e60f7",
            "sites": null
        },
        {
            "name": "Sholahuddin",
            "title": "Calon Bupati",
            "description": null,
            "profilePic": "",
            "communityID": "d19d6bba-614d-45bb-9dee-3787271e60f7",
            "sites": null
        }
    ],
    "source": "https://id.wikipedia.org/wiki/Pemilihan_umum_Bupati_Lamongan_2024",
    "path": "kabupaten-lamongan"
}