{
    "title": "Pemilihan umum Bupati Aceh Singkil 2024",
    "region": "Aceh Singkil",
    "level": "KABUPATEN",
    "path": "kabupaten-aceh-singkil",
    "source": "https://id.wikipedia.org/wiki/Pemilihan_umum_Bupati_Aceh_Singkil_2024",
    "communityID": "655d58cf-91a1-45d7-ae17-d22bb076939c",
    "candidates": [
        {
            "name": "Dulmusrid",
            "description": "Dulmusrid (lahir 2 Februari 1970) adalah politikus yang menjabat Bupati Aceh Singkil periode 2017\u20142022.[1] Bersama wakilnya, Sazali, mereka berhasil memenangkan pemilihan umum Bupati Aceh Singkil 2017. Sebelumnya ia menjabat Wakil Bupati Aceh Singkil periode 2012\u20142017. Ia adalah wakil dari Bupati Aceh Singkil, Safriadi Manik.[2].\n",
            "profilePic": "",
            "title": "Mantan Bupati Aceh Singkil",
            "sites": {
                "name": "Wikipedia",
                "url": "https://id.wikipedia.org/wiki/Dulmusrid"
            },
            "communityID": "655d58cf-91a1-45d7-ae17-d22bb076939c"
        },
        {
            "name": "Sazali",
            "description": "H. Sazali Kombih, S.Sos. (lahir 1 Februari 1959) adalah Wakil Bupati Aceh Singkil periode 2017\u20142022. Ia adalah wakil dari Bupati Aceh Singkil, Dulmusrid.[1]\n",
            "profilePic": "",
            "title": "Mantan Wakil Bupati Aceh Singkil",
            "sites": {
                "name": "Wikipedia",
                "url": "https://id.wikipedia.org/wiki/Sazali"
            },
            "communityID": "655d58cf-91a1-45d7-ae17-d22bb076939c"
        },
        {
            "name": "Safriadi Manik",
            "description": "H. Safriadi Manik, S.H. (dikenal dengan H. Oyon; lahir 25 Januari 1965) adalah Wakil Ketua DPRK Aceh Singkil Fraksi Partai Nanggroe Aceh periode 2021\u20142024.[1][2] Safriadi pernah menjabat sebagai Bupati Aceh Singkil periode 2012\u20142017.\n",
            "profilePic": "",
            "title": "Wakil Ketua DPRK Aceh Singkil",
            "sites": {
                "name": "Wikipedia",
                "url": "https://id.wikipedia.org/wiki/Safriadi_Manik"
            },
            "communityID": "655d58cf-91a1-45d7-ae17-d22bb076939c"
        },
        {
            "name": "Nurdin Ramli",
            "description": "",
            "profilePic": "",
            "title": "Mantan Panglima GAM Wilayah Singkil",
            "sites": {},
            "communityID": "655d58cf-91a1-45d7-ae17-d22bb076939c"
        },
        {
            "name": "Asmidar",
            "description": "",
            "profilePic": "",
            "title": "Ketua DPW Partai Aceh Kabupaten Aceh Singkil",
            "sites": {},
            "communityID": "655d58cf-91a1-45d7-ae17-d22bb076939c"
        },
        {
            "name": "Juliadi Bancin",
            "description": "",
            "profilePic": "",
            "title": "Mantan Wakil Ketua DPRK Aceh Singkil",
            "sites": {},
            "communityID": "655d58cf-91a1-45d7-ae17-d22bb076939c"
        },
        {
            "name": "Makdan Sagala",
            "description": "",
            "profilePic": "",
            "title": "Ketua Harian DPW PNA Kabupaten Aceh Singkil",
            "sites": {},
            "communityID": "655d58cf-91a1-45d7-ae17-d22bb076939c"
        },
        {
            "name": "Syamsul Bahri",
            "description": "",
            "profilePic": "",
            "title": "Wakil Ketua DPW PAN Aceh",
            "sites": {},
            "communityID": "655d58cf-91a1-45d7-ae17-d22bb076939c"
        }
    ]
}