{
    "title": "Pemilihan umum Bupati Jembrana 2024",
    "region": "Jembrana",
    "level": "KABUPATEN",
    "candidates": [
        {
            "name": "I Nengah Tamba",
            "title": "Calon Bupati",
            "description": "I Nengah Tamba, S.H. (lahir 22 Maret 1964) adalah politikus Partai Demokrat yang menjabat sebagai Bupati Jembrana periode 2021-2024. Ia menjabat sejak 26 Februari 2021.",
            "profilePic": "https://upload.wikimedia.org/wikipedia/commons/thumb/8/85/BUPATI_Jembrana_2021-2024.jpg/150px-BUPATI_Jembrana_2021-2024.jpg",
            "communityID": "fc69f7c6-efdc-46e3-b7d6-5ecc9940930d",
            "sites": {
                "name": "Wikipedia",
                "url": "https://id.wikipedia.org/wiki/I_Nengah_Tamba"
            }
        },
        {
            "name": "I Gede Ngurah Patriana Krisna",
            "title": "Calon Bupati",
            "description": "I Gede Ngurah Patriana Krisna, S.T., M.T. (lahir 23 Juli 1978) adalah Wakil Bupati Jembrana periode 2021-2024. Ia menjabat sejak 26 Februari 2021.",
            "profilePic": "https://upload.wikimedia.org/wikipedia/commons/thumb/8/83/Lambang_Kab_Jembrana.png/50px-Lambang_Kab_Jembrana.png",
            "communityID": "fc69f7c6-efdc-46e3-b7d6-5ecc9940930d",
            "sites": {
                "name": "Wikipedia",
                "url": "https://id.wikipedia.org/wiki/I_Gede_Ngurah_Patriana_Krisna"
            }
        },
        {
            "name": "I Wayan Suardika",
            "title": "Calon Bupati",
            "description": null,
            "profilePic": "",
            "communityID": "fc69f7c6-efdc-46e3-b7d6-5ecc9940930d",
            "sites": null
        },
        {
            "name": "I Nyoman Birawan",
            "title": "Calon Bupati",
            "description": null,
            "profilePic": "",
            "communityID": "fc69f7c6-efdc-46e3-b7d6-5ecc9940930d",
            "sites": null
        },
        {
            "name": "I Made Suardana",
            "title": "Calon Bupati",
            "description": null,
            "profilePic": "",
            "communityID": "fc69f7c6-efdc-46e3-b7d6-5ecc9940930d",
            "sites": null
        }
    ],
    "source": "https://id.wikipedia.org/wiki/Pemilihan_umum_Bupati_Jembrana_2024",
    "path": "kabupaten-jembrana"
}