{
    "title": "Pemilihan umum Bupati Ngawi 2024",
    "region": "Ngawi",
    "level": "KABUPATEN",
    "candidates": [
        {
            "name": "Ony Anwar Harsono",
            "title": "Calon Bupati",
            "description": "H. Ony Anwar Harsono, S.T., M.H. (lahir 15 Desember 1979) adalah Bupati Ngawi yang menjabat sejak 26 Februari 2021. Sebelumnya ia pernah menjabat sebagai Wakil Bupati pada periode 2010\u20132015 dan 2016\u20132021. Ia memiliki latar belakang sebagai pengusaha muda sekaligus anak dari Harsono, Bupati Ngawi yang menjabat pada tahun 2000\u20132010.",
            "profilePic": "https://upload.wikimedia.org/wikipedia/commons/thumb/7/73/Bupati_Ngawi_Ony_Anwar_Harsono.jpg/180px-Bupati_Ngawi_Ony_Anwar_Harsono.jpg",
            "communityID": "ebddee17-8135-4392-89ec-2d992e63ff6e",
            "sites": {
                "name": "Wikipedia",
                "url": "https://id.wikipedia.org/wiki/Ony_Anwar_Harsono"
            }
        }
    ],
    "source": "https://id.wikipedia.org/wiki/Pemilihan_umum_Bupati_Ngawi_2024",
    "path": "kabupaten-ngawi"
}