{
    "title": "Pemilihan umum Bupati Lebak 2024",
    "region": "Lebak",
    "level": "KABUPATEN",
    "candidates": [
        {
            "name": "Adde Rosi Khoerunnisa",
            "title": "Calon Bupati",
            "description": "Dr. Hj. Adde Rosi Khoerunnisa, S.Sos., M.Si. (lahir 30 Oktober 1983) adalah seorang politikus Indonesia. Saat ia menjadi Anggota DPR-RI sejak 2019 mewakili daerah pemilihan Banten I. Sebelumnya, ia menjabat sebagai Wakil Ketua DPRD Banten periode 2016\u20132019. Ia adalah istri dari mantan Wakil Gubernur Banten Andika Hazrumy.",
            "profilePic": "https://upload.wikimedia.org/wikipedia/commons/thumb/d/df/Dr._Adde_Rosi_Khoerunnisa%2C_S%2CSos._M.si.png/220px-Dr._Adde_Rosi_Khoerunnisa%2C_S%2CSos._M.si.png",
            "communityID": "a3d1dbe8-c879-48ba-a716-8befa73b50c0",
            "sites": {
                "name": "Wikipedia",
                "url": "https://id.wikipedia.org/wiki/Adde_Rosi_Khoerunnisa"
            }
        },
        {
            "name": "Mochamad Hasbi Asyidiki Jayabaya",
            "title": "Calon Bupati",
            "description": "Mochamad Hasbi Asyidiki Jayabaya (lahir 10 Oktober 1984) adalah seorang politikus Indonesia yang menjabat Anggota DPR-RI periode 2014-2019 dengan Nomor Anggota A-205 dari Partai Demokrasi Indonesia Perjuangan (PDIP) mewakili Dapil Banten I (Lebak & Pandeglang) setelah memperoleh 51,059 suara. Hasbi Merupakan anggota DPR RI Komisi VIII yang menangani bidang Agama, Sosial, Pemberdayaan Perempuan.",
            "profilePic": "https://upload.wikimedia.org/wikipedia/commons/thumb/3/31/Mochamad_Hasbi_Asyidiki_Jayabaya.jpg/220px-Mochamad_Hasbi_Asyidiki_Jayabaya.jpg",
            "communityID": "a3d1dbe8-c879-48ba-a716-8befa73b50c0",
            "sites": {
                "name": "Wikipedia",
                "url": "https://id.wikipedia.org/wiki/Mochamad_Hasbi_Asyidiki_Jayabaya"
            }
        },
        {
            "name": "Ucuy Masyhuri Sajim",
            "title": "Calon Bupati",
            "description": null,
            "profilePic": "",
            "communityID": "a3d1dbe8-c879-48ba-a716-8befa73b50c0",
            "sites": null
        },
        {
            "name": "Mochammad Farid Darmawan",
            "title": "Calon Bupati",
            "description": null,
            "profilePic": "",
            "communityID": "a3d1dbe8-c879-48ba-a716-8befa73b50c0",
            "sites": null
        },
        {
            "name": "Ade Sumardi",
            "title": "Calon Bupati",
            "description": "H. Ade Sumardi, S.E., M.Si. (lahir 27 Juli 1972) adalah seorang wirausahawan dan politikus berkebangsaan Indonesia. Saat ini, ia menjabat Wakil Bupati Lebak mendampingi Iti Octavia Jayabaya selama dua periode berturut-turut: 2014\u20132019 dan 2019\u20132024. Sebelumnya, Ade menjadi legislator di Dewan Perwakilan Rakyat Daerah Kabupaten Lebak sejak 1999 dan pernah menjabat ketua di tahun 2009 sampai 2013.",
            "profilePic": "https://upload.wikimedia.org/wikipedia/commons/thumb/b/bf/Wakil_Bupati_Lebak_Ade_Sumardi.jpg/210px-Wakil_Bupati_Lebak_Ade_Sumardi.jpg",
            "communityID": "a3d1dbe8-c879-48ba-a716-8befa73b50c0",
            "sites": {
                "name": "Wikipedia",
                "url": "https://id.wikipedia.org/wiki/Ade_Sumardi"
            }
        },
        {
            "name": "Vivi Sumantri Jayabaya",
            "title": "Calon Bupati",
            "description": null,
            "profilePic": "",
            "communityID": "a3d1dbe8-c879-48ba-a716-8befa73b50c0",
            "sites": null
        },
        {
            "name": "Junaedi Ibnu Jarta",
            "title": "Calon Bupati",
            "description": null,
            "profilePic": "",
            "communityID": "a3d1dbe8-c879-48ba-a716-8befa73b50c0",
            "sites": null
        },
        {
            "name": "Ade Hidayat",
            "title": "Calon Bupati",
            "description": null,
            "profilePic": "",
            "communityID": "a3d1dbe8-c879-48ba-a716-8befa73b50c0",
            "sites": null
        },
        {
            "name": "Iip Makmur",
            "title": "Calon Bupati",
            "description": null,
            "profilePic": "",
            "communityID": "a3d1dbe8-c879-48ba-a716-8befa73b50c0",
            "sites": null
        },
        {
            "name": "Suparman",
            "title": "Calon Bupati",
            "description": "Suparman dapat mengacu pada beberapa hal berikut:",
            "profilePic": "https://upload.wikimedia.org/wikipedia/commons/thumb/5/5f/Disambig_gray.svg/30px-Disambig_gray.svg.png",
            "communityID": "a3d1dbe8-c879-48ba-a716-8befa73b50c0",
            "sites": {
                "name": "Wikipedia",
                "url": "https://id.wikipedia.org/wiki/Suparman"
            }
        },
        {
            "name": "Oong Syahroni",
            "title": "Calon Bupati",
            "description": null,
            "profilePic": "",
            "communityID": "a3d1dbe8-c879-48ba-a716-8befa73b50c0",
            "sites": null
        },
        {
            "name": "Mochamad Nabil Jayabaya",
            "title": "Calon Bupati",
            "description": null,
            "profilePic": "",
            "communityID": "a3d1dbe8-c879-48ba-a716-8befa73b50c0",
            "sites": null
        },
        {
            "name": "Imam Septiana, S.Ip",
            "title": "Calon Bupati",
            "description": null,
            "profilePic": "",
            "communityID": "a3d1dbe8-c879-48ba-a716-8befa73b50c0",
            "sites": null
        },
        {
            "name": "Dede Supriyadi Arief",
            "title": "Calon Bupati",
            "description": null,
            "profilePic": "",
            "communityID": "a3d1dbe8-c879-48ba-a716-8befa73b50c0",
            "sites": null
        }
    ],
    "source": "https://id.wikipedia.org/wiki/Pemilihan_umum_Bupati_Lebak_2024",
    "path": "kabupaten-lebak"
}