{
    "title": "Pemilihan umum Bupati Bulukumba 2024",
    "region": "Bulukumba",
    "level": "KABUPATEN",
    "candidates": [
        {
            "name": "Andi Muchtar Ali Yusuf",
            "title": "Calon Bupati",
            "description": "Andi Muchtar Ali Yusuf (lahir 12 Februari 1967) adalah Bupati Bulukumba periode 2021\u20132024. Ia menjabat sejak 26 Februari 2021 setelah dilantik Gubernur Sulawesi Selatan, Nurdin Abdullah di Rumah Jabatan Gubernur Sulawesi Selatan, Makassar.",
            "profilePic": "https://upload.wikimedia.org/wikipedia/commons/8/86/Bupati_Bulukumba_Andi_Muchtar_Ali_Yusuf.jpg",
            "communityID": "fde9b2f3-7975-41e8-8a44-fa67eb2fea95",
            "sites": {
                "name": "Wikipedia",
                "url": "https://id.wikipedia.org/wiki/Andi_Muchtar_Ali_Yusuf"
            }
        },
        {
            "name": "Andi Edy Manaf",
            "title": "Calon Bupati",
            "description": "H. Andi Edy Manaf, S.Sos. (lahir 11 Mei 1968) adalah Wakil Bupati Bulukumba periode 2021\u20132024. Ia menjabat sejak 26 Februari 2021 setelah dilantik Gubernur Sulawesi Selatan, Nurdin Abdullah di Rumah Jabatan Gubernur Sulawesi Selatan, Makassar.",
            "profilePic": "https://upload.wikimedia.org/wikipedia/commons/thumb/8/85/Wakil_Bupati_Bulukumba_Andi_Edy_Manaf.jpg/250px-Wakil_Bupati_Bulukumba_Andi_Edy_Manaf.jpg",
            "communityID": "fde9b2f3-7975-41e8-8a44-fa67eb2fea95",
            "sites": {
                "name": "Wikipedia",
                "url": "https://id.wikipedia.org/wiki/Andi_Edy_Manaf"
            }
        },
        {
            "name": "Tomy Satria Yulianto",
            "title": "Calon Bupati",
            "description": "Tomy Satria Yulianto atau TSY (lahir 14 Juli 1974) adalah seorang politikus Indonesia. Pada pemilihan umum Bupati Bulukumba 2016, ia terpilih untuk menjabat sebagai Wakil Bupati Bulukumba mendampingi Andi Muhammad Sukri Andi Sappewali selaku Bupati Bulukumba dari 2016 sampai 2021. Pada pemilihan umum legislatif Indonesia 2024, ia maju pada dapil Sulawesi Selatan II melalui Partai Kebangkitan Bangsa. Ia juga menjabat sebagai Ketua Dewan Syuro DPC Bulukumba.",
            "profilePic": "https://upload.wikimedia.org/wikipedia/commons/thumb/3/34/KPU_Tomy_Satria_Yulianto.png/220px-KPU_Tomy_Satria_Yulianto.png",
            "communityID": "fde9b2f3-7975-41e8-8a44-fa67eb2fea95",
            "sites": {
                "name": "Wikipedia",
                "url": "https://id.wikipedia.org/wiki/Tomy_Satria_Yulianto"
            }
        },
        {
            "name": "Arum Spink",
            "title": "Calon Bupati",
            "description": null,
            "profilePic": "",
            "communityID": "fde9b2f3-7975-41e8-8a44-fa67eb2fea95",
            "sites": null
        },
        {
            "name": "Andi Muhammad Anwar Purnomo",
            "title": "Calon Bupati",
            "description": null,
            "profilePic": "",
            "communityID": "fde9b2f3-7975-41e8-8a44-fa67eb2fea95",
            "sites": null
        },
        {
            "name": "H Rijal",
            "title": "Calon Bupati",
            "description": null,
            "profilePic": "",
            "communityID": "fde9b2f3-7975-41e8-8a44-fa67eb2fea95",
            "sites": null
        }
    ],
    "source": "https://id.wikipedia.org/wiki/Pemilihan_umum_Bupati_Bulukumba_2024",
    "path": "kabupaten-bulukumba"
}