{
    "title": "Pemilihan umum Bupati Buru 2024",
    "region": "Buru",
    "level": "KABUPATEN",
    "path": "kabupaten-buru",
    "source": "https://id.wikipedia.org/wiki/Pemilihan_umum_Bupati_Buru_2024",
    "communityID": "a3853886-91ad-45c7-bdd8-a6fc0d806ee4",
    "candidates": [
        {
            "name": "Azis Hentihu",
            "description": "",
            "profilePic": "",
            "title": "Ketua DPW PPP Provinsi Maluku",
            "sites": {},
            "communityID": "a3853886-91ad-45c7-bdd8-a6fc0d806ee4"
        },
        {
            "name": "Gadis Umasugi",
            "description": "",
            "profilePic": "",
            "title": "Anggota DPRD Provinsi Maluku",
            "sites": {},
            "communityID": "a3853886-91ad-45c7-bdd8-a6fc0d806ee4"
        },
        {
            "name": "Ikram Umasugi",
            "description": "",
            "profilePic": "",
            "title": "Politisi PKB",
            "sites": {},
            "communityID": "a3853886-91ad-45c7-bdd8-a6fc0d806ee4"
        },
        {
            "name": "Daniel Rigan",
            "description": "",
            "profilePic": "",
            "title": "Pengusaha",
            "sites": {},
            "communityID": "a3853886-91ad-45c7-bdd8-a6fc0d806ee4"
        }
    ]
}