{
    "title": "Pemilihan umum Bupati Sumbawa 2024",
    "region": "Sumbawa",
    "level": "KABUPATEN",
    "path": "kabupaten-sumbawa",
    "source": "https://id.wikipedia.org/wiki/Pemilihan_umum_Bupati_Sumbawa_2024",
    "communityID": "ececc643-6a36-4222-bf64-50e84fb50ed3",
    "candidates": [
        {
            "name": "Mahmud Abdullah",
            "description": "Drs. H. Mahmud Abdullah (lahir 10 April 1956) adalah Bupati Sumbawa periode 2021\u20132024. Ia menjabat sejak 26 April 2021 setelah dilantik Gubernur Nusa Tenggara Barat, Zulkieflimansyah di Gedung Graha Bhakti Praja Kompleks Kantor Gubernur Nusa Tenggara Barat, Mataram.[1]\n",
            "profilePic": "https://upload.wikimedia.org/wikipedia/commons/8/8a/Wakil_Bupati_Sumbawa_Mahmud_Abdullah.png",
            "title": "Bupati Sumbawa",
            "sites": {
                "name": "Wikipedia",
                "url": "https://id.wikipedia.org/wiki/Mahmud_Abdullah"
            },
            "communityID": "ececc643-6a36-4222-bf64-50e84fb50ed3"
        },
        {
            "name": "Dewi Noviany",
            "description": "Hj. Dewi Noviany, S.Pd., M.Pd. (lahir 2 November 1974) adalah seorang politikus Indonesia kelahiran Sumbawa. Ia menempuh pendidikan di SDN 2 Sumbawa Besar (1987), SMPN 1 Sumbawa Besar (1990) dan SMAN 2 Sumbawa (1993). ia kemudian berkuliah di Universitas Pasundan Bandung dan lulus pada 1999. ia memperoleh gelar Megister Pendidikan (M.Pd) di Universitas PGRI Adi Buana Surabaya pada 2008.\n",
            "profilePic": "https://upload.wikimedia.org/wikipedia/commons/9/90/Wakil_Bupati_Dewi_Noviany.jpg",
            "title": "Wakil Bupati Sumbawa",
            "sites": {
                "name": "Wikipedia",
                "url": "https://id.wikipedia.org/wiki/Dewi_Noviany"
            },
            "communityID": "ececc643-6a36-4222-bf64-50e84fb50ed3"
        },
        {
            "name": "",
            "description": "",
            "profilePic": "",
            "title": "Mantan Cabup Sumbawa 2020",
            "sites": {},
            "communityID": "ececc643-6a36-4222-bf64-50e84fb50ed3"
        },
        {
            "name": "",
            "description": "",
            "profilePic": "",
            "title": "Mantan Cabup Sumbawa 2020",
            "sites": {},
            "communityID": "ececc643-6a36-4222-bf64-50e84fb50ed3"
        },
        {
            "name": "",
            "description": "",
            "profilePic": "",
            "title": "Anggota DPRD NTB 2019-24",
            "sites": {},
            "communityID": "ececc643-6a36-4222-bf64-50e84fb50ed3"
        },
        {
            "name": "",
            "description": "",
            "profilePic": "",
            "title": "Ketua DPC PDIP Sumbawa",
            "sites": {},
            "communityID": "ececc643-6a36-4222-bf64-50e84fb50ed3"
        }
    ]
}