{
    "title": "Pemilihan umum Bupati Demak 2024",
    "region": "Demak",
    "level": "KABUPATEN",
    "candidates": [
        {
            "name": "Eisti'anah",
            "title": "Calon Bupati",
            "description": "dr. Hj. Eisti'anah, S.E. (lahir 28 Mei 1985) adalah Bupati Demak periode 2021\u20132024. Ia menjabat sejak 24 Mei 2021 setelah dilantik Gubernur Jawa Tengah, Ganjar Pranowo di Gedung Gradhika Bhakti Praja Kantor Gubernur Jawa Tengah, Semarang.",
            "profilePic": "https://upload.wikimedia.org/wikipedia/commons/thumb/7/73/Seal_of_Demak_Regency.svg/50px-Seal_of_Demak_Regency.svg.png",
            "communityID": "20734a57-48e9-44a4-bea9-cf031cc9d2f7",
            "sites": {
                "name": "Wikipedia",
                "url": "https://id.wikipedia.org/wiki/Eisti%27anah"
            }
        },
        {
            "name": "Ali Makhsun",
            "title": "Calon Bupati",
            "description": "K. H. Ali Makhsun, M.S.I. (lahir 6 April 1964) adalah Wakil Bupati Demak periode 2021\u20132024. Ia menjabat sejak 24 Mei 2021 setelah dilantik Gubernur Jawa Tengah, Ganjar Pranowo di Gedung Gradhika Bhakti Praja Kantor Gubernur Jawa Tengah, Semarang.",
            "profilePic": "https://upload.wikimedia.org/wikipedia/commons/thumb/7/73/Seal_of_Demak_Regency.svg/50px-Seal_of_Demak_Regency.svg.png",
            "communityID": "20734a57-48e9-44a4-bea9-cf031cc9d2f7",
            "sites": {
                "name": "Wikipedia",
                "url": "https://id.wikipedia.org/wiki/Ali_Makhsun"
            }
        },
        {
            "name": "Mugiyono",
            "title": "Calon Bupati",
            "description": null,
            "profilePic": "",
            "communityID": "20734a57-48e9-44a4-bea9-cf031cc9d2f7",
            "sites": null
        },
        {
            "name": "Badruddin Ma'shum",
            "title": "Calon Bupati",
            "description": null,
            "profilePic": "",
            "communityID": "20734a57-48e9-44a4-bea9-cf031cc9d2f7",
            "sites": null
        },
        {
            "name": "Zenal Mubarok",
            "title": "Calon Bupati",
            "description": null,
            "profilePic": "",
            "communityID": "20734a57-48e9-44a4-bea9-cf031cc9d2f7",
            "sites": null
        },
        {
            "name": "Joko Sutanto",
            "title": "Calon Bupati",
            "description": null,
            "profilePic": "",
            "communityID": "20734a57-48e9-44a4-bea9-cf031cc9d2f7",
            "sites": null
        },
        {
            "name": "Fathan Subchi",
            "title": "Calon Bupati",
            "description": "Drs. H. Fathan Subchi (lahir 11 Februari 1970) adalah politikus Indonesia yang menjabat sebagai anggota DPR-RI selama dua periode (2014\u20132019 dan 2019\u20132024). Ia mewakili daerah pemilihan Jawa Tengah II, yang meliputi Kabupaten Kudus, Kabupaten Jepara, dan Kabupaten Demak. Fathan merupakan kader Partai Kebangkitan Bangsa. Saat ini, ia duduk di Komisi XI dan dipercaya sebagai Wakil Ketua Komisi XI.",
            "profilePic": "https://upload.wikimedia.org/wikipedia/commons/thumb/1/12/KPU_Fathan_Subchi.png/220px-KPU_Fathan_Subchi.png",
            "communityID": "20734a57-48e9-44a4-bea9-cf031cc9d2f7",
            "sites": {
                "name": "Wikipedia",
                "url": "https://id.wikipedia.org/wiki/Fathan_Subchi"
            }
        },
        {
            "name": "Nur Sa'adah",
            "title": "Calon Bupati",
            "description": null,
            "profilePic": "",
            "communityID": "20734a57-48e9-44a4-bea9-cf031cc9d2f7",
            "sites": null
        },
        {
            "name": "Sugeng Ibrahim",
            "title": "Calon Bupati",
            "description": null,
            "profilePic": "",
            "communityID": "20734a57-48e9-44a4-bea9-cf031cc9d2f7",
            "sites": null
        },
        {
            "name": "Nurul Muttaqin",
            "title": "Calon Bupati",
            "description": "H. Nurul Muttaqin, S.H.I., M.H. (lahir 30 Desember 1978) adalah anggota DPRD Demak dari Partai Kebangkitan Bangsa sejak tahun 2009. Ia telah terpilih sebanyak 3 kali dalam Pemilu 2009, Pemilu 2014, dan Pemilu 2019. Pada ketiga pemilihan tersebut ia mewakili Demak untuk wilayah Kecamatan Guntur, Karangtengah, dan Sayung. Pada periode 2014-2019, ia dipercaya untuk mengemban amanah sebagai Ketua DPRD Demak.",
            "profilePic": "https://upload.wikimedia.org/wikipedia/commons/thumb/c/c6/Anggota_DPRD_Demak_Nurul_Muttaqin.jpg/200px-Anggota_DPRD_Demak_Nurul_Muttaqin.jpg",
            "communityID": "20734a57-48e9-44a4-bea9-cf031cc9d2f7",
            "sites": {
                "name": "Wikipedia",
                "url": "https://id.wikipedia.org/wiki/Nurul_Muttaqin"
            }
        },
        {
            "name": "Sri Fahrudin Bisri Slamet",
            "title": "Calon Bupati",
            "description": "H. Sri Fahrudin Bisri Slamet, S.E., (lahir 11 Februari 1971), adalah anggota DPRD Demak dari Partai Demokrasi Indonesia Perjuangan sejak tahun 2004. Ia telah terpilih sebanyak 4 kali dalam Pemilu 2004, Pemilu 2009, Pemilu 2014, dan Pemilu 2019. Pada ketiga pemilihan tersebut ia mewakili Demak untuk wilayah Kecamatan Karangawen dan Mranggen. Pada periode 2014-2019, ia dipercaya untuk mengemban amanah sebagai Wakil Ketua III DPRD Demak.",
            "profilePic": "https://upload.wikimedia.org/wikipedia/commons/thumb/f/f9/KPU_Sri_Fahrudin_Bisri_Slamet.jpg/200px-KPU_Sri_Fahrudin_Bisri_Slamet.jpg",
            "communityID": "20734a57-48e9-44a4-bea9-cf031cc9d2f7",
            "sites": {
                "name": "Wikipedia",
                "url": "https://id.wikipedia.org/wiki/Sri_Fahrudin_Bisri_Slamet"
            }
        },
        {
            "name": "Zayinul Fata",
            "title": "Calon Bupati",
            "description": null,
            "profilePic": "",
            "communityID": "20734a57-48e9-44a4-bea9-cf031cc9d2f7",
            "sites": null
        },
        {
            "name": "Muntohar",
            "title": "Calon Bupati",
            "description": "H. Muntohar, 06 Agustus 1975 (umur\u00a048), adalah anggota DPRD Demak dari Partai Gerakan Indonesia Raya sejak tahun 2014. Ia telah terpilih sebanyak 2 kali dalam Pemilu 2014 dan Pemilu 2019. Pada ketiga pemilihan tersebut ia mewakili Demak untuk wilayah Kecamatan Guntur, Karangtengah, dan Sayung. Pada periode 2014-2019, ia dipercaya untuk mengemban amanah sebagai Wakil Ketua II DPRD Demak sejak 2016 menggantikan Maskuri yang mencalonkan diri sebagai Bupati Demak pada Pilbup Demak 2015.",
            "profilePic": "https://upload.wikimedia.org/wikipedia/commons/thumb/6/67/KPU_Muntohar.jpg/200px-KPU_Muntohar.jpg",
            "communityID": "20734a57-48e9-44a4-bea9-cf031cc9d2f7",
            "sites": {
                "name": "Wikipedia",
                "url": "https://id.wikipedia.org/wiki/Muntohar"
            }
        },
        {
            "name": "Ike Chandra Agustina",
            "title": "Calon Bupati",
            "description": null,
            "profilePic": "",
            "communityID": "20734a57-48e9-44a4-bea9-cf031cc9d2f7",
            "sites": null
        },
        {
            "name": "Budhi Achmadi.",
            "title": "Calon Bupati",
            "description": null,
            "profilePic": "",
            "communityID": "20734a57-48e9-44a4-bea9-cf031cc9d2f7",
            "sites": null
        },
        {
            "name": "Maskuri",
            "title": "Calon Bupati",
            "description": null,
            "profilePic": "",
            "communityID": "20734a57-48e9-44a4-bea9-cf031cc9d2f7",
            "sites": null
        },
        {
            "name": "Edi Sayudi",
            "title": "Calon Bupati",
            "description": null,
            "profilePic": "",
            "communityID": "20734a57-48e9-44a4-bea9-cf031cc9d2f7",
            "sites": null
        },
        {
            "name": "Teguh Sapto Utomo",
            "title": "Calon Bupati",
            "description": null,
            "profilePic": "",
            "communityID": "20734a57-48e9-44a4-bea9-cf031cc9d2f7",
            "sites": null
        },
        {
            "name": "Muhammad Agil Nuruz Zaman",
            "title": "Calon Bupati",
            "description": "Muhammad Agil Nuruz Zaman (lahir 26 Mei 1996) adalah Ketua Umum Pimpinan Pusat (PP) Ikatan Pelajar Nahdlatul Ulama (IPNU) Periode 2022-2025. Ia ditetapkan sebagai Ketua Umum PP IPNU pada gelaran Kongres XX IPNU di Asrama Haji Pondok Gede Jakarta tanggal 16 Agustus 2022. Kongres tersebut mengusung tema \"Akselerasi Pelajar untuk Indonesia Maju\". Kongres diikuti 24 pimpinan wilayah dan 361 pimpinan cabang IPNU se-Indonesia.",
            "profilePic": "https://upload.wikimedia.org/wikipedia/commons/thumb/b/b4/Muhammad_Agil_Nuruz_Zaman.png/220px-Muhammad_Agil_Nuruz_Zaman.png",
            "communityID": "20734a57-48e9-44a4-bea9-cf031cc9d2f7",
            "sites": {
                "name": "Wikipedia",
                "url": "https://id.wikipedia.org/wiki/Muhammad_Agil_Nuruz_Zaman"
            }
        },
        {
            "name": "Edy Wuryanto",
            "title": "Calon Bupati",
            "description": "Dr. H. Edy Wuryanto, S.KP., M.Kep. (lahir 15 Agustus 1968) adalah politikus Indonesia yang menjabat sebagai anggota DPR-RI periode 2019\u20132024. Ia mewakili daerah pemilihan Jawa Tengah III, yang meliputi Kabupaten Grobogan, Kabupaten Blora, Kabupaten Rembang, dan Kabupaten Pati. Edy merupakan kader Partai Demokrasi Indonesia Perjuangan. Saat ini, ia bertugas di Komisi IX.",
            "profilePic": "https://upload.wikimedia.org/wikipedia/commons/thumb/4/45/Edy_Wuryanto.jpg/220px-Edy_Wuryanto.jpg",
            "communityID": "20734a57-48e9-44a4-bea9-cf031cc9d2f7",
            "sites": {
                "name": "Wikipedia",
                "url": "https://id.wikipedia.org/wiki/Edy_Wuryanto"
            }
        }
    ],
    "source": "https://id.wikipedia.org/wiki/Pemilihan_umum_Bupati_Demak_2024",
    "path": "kabupaten-demak"
}