{
    "title": "Pemilihan umum Bupati Wonosobo 2024",
    "region": "Wonosobo",
    "level": "KABUPATEN",
    "candidates": [
        {
            "name": "Afif Nurhidayat",
            "title": "Calon Bupati",
            "description": "H. Afif Nurhidayat, S.Ag (lahir 25 Oktober 1970) adalah Bupati Wonosobo periode 2021-2025 dan mantan Ketua Dewan Perwakilan Rakyat Daerah Kabupaten Wonosobo Periode 2014-2019 dan 2019-2024. Ia adalah kader PDIP yang sudah menjadi ketua dari DPC PDIP Wonosobo untuk kali ketiga hingga periode 2019-2024. Sebelum menjadi ketua, Afif sempat menjadi sekretaris DPC PDIP Wonosobo dua periode yaitu pada tahun 2000-2005 dan 2005-2010. Ia mulai memimpin DPC PDIP Wonosobo pada tahun 2010. Saat itu, dia menggantikan Joko Wiyono yang merupakan pimpinan DPC PDIP Wonosobo periode sebelumnya. Selain itu, Ia juga sangat berpengalaman dalam dunia pemerintahan karena sudah menjadi Anggota DPRD Wonosobo (legislatif) selama 21 tahun.",
            "profilePic": "https://upload.wikimedia.org/wikipedia/commons/thumb/1/13/Bupati_Wonosobo_Afif_Nurhidayat.png/220px-Bupati_Wonosobo_Afif_Nurhidayat.png",
            "communityID": "cd44cf55-395c-4b7f-bebc-9c27066935f3",
            "sites": {
                "name": "Wikipedia",
                "url": "https://id.wikipedia.org/wiki/Afif_Nurhidayat"
            }
        },
        {
            "name": "Khairullah Al Mujtaba",
            "title": "Calon Bupati",
            "description": null,
            "profilePic": "",
            "communityID": "cd44cf55-395c-4b7f-bebc-9c27066935f3",
            "sites": null
        }
    ],
    "source": "https://id.wikipedia.org/wiki/Pemilihan_umum_Bupati_Wonosobo_2024",
    "path": "kabupaten-wonosobo"
}