{
    "title": "Pemilihan umum Bupati Minahasa 2024",
    "region": "Minahasa",
    "level": "KABUPATEN",
    "path": "kabupaten-minahasa",
    "source": "https://id.wikipedia.org/wiki/Pemilihan_umum_Bupati_Minahasa_2024",
    "communityID": "1aa7a5e9-0cc6-4027-9f42-04b07110d717",
    "candidates": [
        {
            "name": "Royke Octavian Roring",
            "description": "",
            "profilePic": "",
            "title": "Bupati Minahasa (2018\u20132023)",
            "sites": {},
            "communityID": "1aa7a5e9-0cc6-4027-9f42-04b07110d717"
        },
        {
            "name": "Robby Dondokambey",
            "description": "Dr. (HC.) Robby Dondokambey, S.Si., M.M., M.A.P. (lahir 1 Maret 1958) adalah Wakil Bupati Minahasa periode 2018\u20142023. Ia adalah wakil dari Bupati Minahasa, Royke Octavian Roring.[1]\n",
            "profilePic": "https://upload.wikimedia.org/wikipedia/commons/0/03/KPU_Robby_Dondokambey.jpg",
            "title": "Wakil Bupati Minahasa (2018\u20132023)",
            "sites": {
                "name": "Wikipedia",
                "url": "https://id.wikipedia.org/wiki/Robby_Dondokambey"
            },
            "communityID": "1aa7a5e9-0cc6-4027-9f42-04b07110d717"
        },
        {
            "name": "Ivan S.J. Sarundajang",
            "description": "",
            "profilePic": "",
            "title": "Wakil Bupati Minahasa (2013\u20132018)",
            "sites": {},
            "communityID": "1aa7a5e9-0cc6-4027-9f42-04b07110d717"
        },
        {
            "name": "Pdt HWB Sumakul",
            "description": "",
            "profilePic": "",
            "title": "Mantan Ketua BPMS GMIM",
            "sites": {},
            "communityID": "1aa7a5e9-0cc6-4027-9f42-04b07110d717"
        },
        {
            "name": "Careig Naichel Runtu",
            "description": "",
            "profilePic": "",
            "title": "Anggota DPRD Prov. Sulut (2019\u20132024)",
            "sites": {},
            "communityID": "1aa7a5e9-0cc6-4027-9f42-04b07110d717"
        },
        {
            "name": "Rio Dondokambey",
            "description": "",
            "profilePic": "",
            "title": "Ketua IMI Sulawesi Utara",
            "sites": {},
            "communityID": "1aa7a5e9-0cc6-4027-9f42-04b07110d717"
        },
        {
            "name": "Delly Watulingas",
            "description": "",
            "profilePic": "",
            "title": "Anggota DPRD Minahasa (2019\u20132024)",
            "sites": {},
            "communityID": "1aa7a5e9-0cc6-4027-9f42-04b07110d717"
        },
        {
            "name": "Adrie Kamasi",
            "description": "",
            "profilePic": "",
            "title": "Ketua DPD II Partai Golongan Karya Kabupaten Minahasa",
            "sites": {},
            "communityID": "1aa7a5e9-0cc6-4027-9f42-04b07110d717"
        },
        {
            "name": "Okstesi Prisilia Runtu",
            "description": "",
            "profilePic": "",
            "title": "Anggota DPRD Minahasa",
            "sites": {},
            "communityID": "1aa7a5e9-0cc6-4027-9f42-04b07110d717"
        },
        {
            "name": "Hangky Arther Gerungan",
            "description": "",
            "profilePic": "",
            "title": "Pengusaha",
            "sites": {},
            "communityID": "1aa7a5e9-0cc6-4027-9f42-04b07110d717"
        },
        {
            "name": "Steven Kandouw",
            "description": "Drs. Steven Octavianus Estefanus Kandouw (lahir 5 September 1969) adalah Wakil Gubernur Sulawesi Utara sejak 12 Februari 2016. Sebelumnya ia menjabat sebagai Anggota DPRD Sulawesi Utara sejak 2004 sampai 2015.\n",
            "profilePic": "https://upload.wikimedia.org/wikipedia/commons/b/ba/Wagub_Sulawesi_Utara_Steven_Kandouw_%28Periode_II%29.png",
            "title": "Wakil Gubernur Sulawesi Utara",
            "sites": {
                "name": "Wikipedia",
                "url": "https://id.wikipedia.org/wiki/Steven_Kandouw"
            },
            "communityID": "1aa7a5e9-0cc6-4027-9f42-04b07110d717"
        },
        {
            "name": "Vanda Sarundajang",
            "description": "",
            "profilePic": "",
            "title": "Anggota DPR RI (2019-2024",
            "sites": {},
            "communityID": "1aa7a5e9-0cc6-4027-9f42-04b07110d717"
        }
    ]
}