{
    "title": "Pemilihan umum Bupati Seluma 2024",
    "region": "Seluma",
    "level": "KABUPATEN",
    "candidates": [
        {
            "name": "Erwin Octavian",
            "title": "Calon Bupati",
            "description": "Erwin Octavian, SE (lahir 29 Oktober 1980) adalah Bupati Seluma ke-3 periode 2021-2024.",
            "profilePic": "https://upload.wikimedia.org/wikipedia/commons/thumb/a/a1/2017-fr.wp-orange-source.svg/40px-2017-fr.wp-orange-source.svg.png",
            "communityID": "f087eca2-427e-4f46-80b7-0336abe60848",
            "sites": {
                "name": "Wikipedia",
                "url": "https://id.wikipedia.org/wiki/Erwin_Octavian"
            }
        },
        {
            "name": "Gustianto",
            "title": "Calon Bupati",
            "description": "Drs. Gustianto (lahir 15 Agustus 1965) adalah Wakil Bupati Seluma periode 2021-2024.",
            "profilePic": "https://upload.wikimedia.org/wikipedia/commons/thumb/5/59/Gustianto_Wabup_Seluma_2021.jpg/220px-Gustianto_Wabup_Seluma_2021.jpg",
            "communityID": "f087eca2-427e-4f46-80b7-0336abe60848",
            "sites": {
                "name": "Wikipedia",
                "url": "https://id.wikipedia.org/wiki/Gustianto"
            }
        },
        {
            "name": "Edison Simbolon",
            "title": "Calon Bupati",
            "description": "H. Edison Simbolon, M.Si. (lahir 7 Maret 1958) adalah Anggota DPRD Provinsi Bengkulu Fraksi Demokrat periode 2019\u20142020.",
            "profilePic": "https://upload.wikimedia.org/wikipedia/commons/thumb/0/0d/KPU_Edison_Simbolon.jpg/220px-KPU_Edison_Simbolon.jpg",
            "communityID": "f087eca2-427e-4f46-80b7-0336abe60848",
            "sites": {
                "name": "Wikipedia",
                "url": "https://id.wikipedia.org/wiki/Edison_Simbolon"
            }
        }
    ],
    "source": "https://id.wikipedia.org/wiki/Pemilihan_umum_Bupati_Seluma_2024",
    "path": "kabupaten-seluma"
}