{
    "title": "Pemilihan umum Bupati Barito Utara 2024",
    "region": "Barito Utara",
    "level": "KABUPATEN",
    "candidates": [
        {
            "name": "Sugianto Panala Putra",
            "title": "Calon Bupati",
            "description": null,
            "profilePic": "",
            "communityID": "d4c93d55-8e79-4aeb-8808-cf21aa93b8af",
            "sites": null
        },
        {
            "name": "Ompie Herby",
            "title": "Calon Bupati",
            "description": null,
            "profilePic": "",
            "communityID": "d4c93d55-8e79-4aeb-8808-cf21aa93b8af",
            "sites": null
        }
    ],
    "source": "https://id.wikipedia.org/wiki/Pemilihan_umum_Bupati_Barito_Utara_2024",
    "path": "kabupaten-barito-utara"
}