{
    "title": "Pemilihan umum Bupati Karo 2024",
    "region": "Karo",
    "level": "KABUPATEN",
    "candidates": [
        {
            "name": "Cory Sriwaty Sebayang",
            "title": "Calon Bupati",
            "description": "Cory Sriwaty Sebayang (lahir 21 Maret 1952) adalah politikus yang menjabat Bupati Karo periode 2021\u20142026. Bersama wakilnya, Theopilus Ginting, mereka berhasil memenangkan pemilihan umum Bupati Karo 2020. Sebelumnya ia menjabat Wakil Bupati Karo periode 2016\u20142021. Ia adalah wakil dari Bupati Karo, Terkelin Brahmana.",
            "profilePic": "https://upload.wikimedia.org/wikipedia/commons/thumb/3/33/Cory_Sriwaty_Sebayang_2021.png/220px-Cory_Sriwaty_Sebayang_2021.png",
            "communityID": "daa07be5-f157-453b-bb4e-b165e4b28d02",
            "sites": {
                "name": "Wikipedia",
                "url": "https://id.wikipedia.org/wiki/Cory_Sriwaty_Sebayang"
            }
        },
        {
            "name": "Theopilus Ginting",
            "title": "Calon Bupati",
            "description": "Theopilus Ginting (lahir 26 Juni 1978) adalah Wakil Bupati Karo periode 2021\u20142024. Ia adalah wakil dari Bupati Karo, Cory Sriwaty Sebayang.",
            "profilePic": "https://upload.wikimedia.org/wikipedia/commons/thumb/2/29/Theopilus_Ginting_2021.png/270px-Theopilus_Ginting_2021.png",
            "communityID": "daa07be5-f157-453b-bb4e-b165e4b28d02",
            "sites": {
                "name": "Wikipedia",
                "url": "https://id.wikipedia.org/wiki/Theopilus_Ginting"
            }
        },
        {
            "name": "Iwan Sembiring Depari",
            "title": "Calon Bupati",
            "description": "Partai Gerakan Indonesia Raya",
            "profilePic": "https://upload.wikimedia.org/wikipedia/commons/thumb/f/ff/Lambang_Kabupaten_Karo.gif/50px-Lambang_Kabupaten_Karo.gif",
            "communityID": "daa07be5-f157-453b-bb4e-b165e4b28d02",
            "sites": {
                "name": "Wikipedia",
                "url": "https://id.wikipedia.org/wiki/Iwan_Sembiring_Depari"
            }
        },
        {
            "name": "Iriani Br. Tarigan",
            "title": "Calon Bupati",
            "description": null,
            "profilePic": "",
            "communityID": "daa07be5-f157-453b-bb4e-b165e4b28d02",
            "sites": null
        },
        {
            "name": "Imanuel Sembiring",
            "title": "Calon Bupati",
            "description": null,
            "profilePic": "",
            "communityID": "daa07be5-f157-453b-bb4e-b165e4b28d02",
            "sites": null
        },
        {
            "name": "Ingan Amin Barus",
            "title": "Calon Bupati",
            "description": null,
            "profilePic": "",
            "communityID": "daa07be5-f157-453b-bb4e-b165e4b28d02",
            "sites": null
        },
        {
            "name": "Siti Aminah Perangin-angin",
            "title": "Calon Bupati",
            "description": null,
            "profilePic": "",
            "communityID": "daa07be5-f157-453b-bb4e-b165e4b28d02",
            "sites": null
        },
        {
            "name": "Han Fernandes Sinulingga",
            "title": "Calon Bupati",
            "description": null,
            "profilePic": "",
            "communityID": "daa07be5-f157-453b-bb4e-b165e4b28d02",
            "sites": null
        }
    ],
    "source": "https://id.wikipedia.org/wiki/Pemilihan_umum_Bupati_Karo_2024",
    "path": "kabupaten-karo"
}