{
    "title": "Pemilihan umum Bupati Semarang 2024",
    "region": "Semarang",
    "level": "KABUPATEN",
    "path": "kabupaten-semarang",
    "source": "https://id.wikipedia.org/wiki/Pemilihan_umum_Bupati_Semarang_2024",
    "communityID": "0e4a5849-82b5-4d48-96c2-26d783eaebcf",
    "candidates": [
        {
            "name": "Ngesti Nugraha",
            "description": "H. Ngesti Nugraha, S.H, M.H adalah Bupati Semarang terpilih hasil Pemilihan umum Bupati Semarang tahun 2020 sekaligus mantan Wakil Bupati Semarang periode 2015-2020. Sebelum menjabat sebagai bupati dan wakil bupati, Ia adalah anggota DPRD Kabupaten Semarang selama tiga periode (2004-2009, 2009-2014, dan 2014-2019).[1] Ia pernah menempuh pendidikan Sarjana Hukum di Universitas Slamet Riyadi Surakarta dan Magister Hukum di Universitas Diponegoro Semarang.[1] Dalam catatan KPK, Ia tercatat memiliki harta kekayaan Rp2.470.155.594 (per tahun 2020).[2]\n",
            "profilePic": "https://upload.wikimedia.org/wikipedia/commons/3/35/Bupati_Semarang_Ngesti_Nugraha_%28cropped%29.jpg",
            "title": "Bupati Semarang",
            "sites": {
                "name": "Wikipedia",
                "url": "https://id.wikipedia.org/wiki/Ngesti_Nugraha"
            },
            "communityID": "0e4a5849-82b5-4d48-96c2-26d783eaebcf"
        },
        {
            "name": "M. Basari",
            "description": "H. M. Basari, S.T., M.Si. (lahir 14 Mei 1968) adalah Wakil Bupati Semarang periode 2021\u20132024. Ia menjabat sejak 26 Februari 2021 setelah dilantik Gubernur Jawa Tengah, Ganjar Pranowo di Gedung Gardhika Bhakti Praja Kompleks Kantor Gubernur Jawa Tengah, Kota Semarang.[1]\n",
            "profilePic": "",
            "title": "Wakil Bupati Semarang",
            "sites": {
                "name": "Wikipedia",
                "url": "https://id.wikipedia.org/wiki/M._Basari"
            },
            "communityID": "0e4a5849-82b5-4d48-96c2-26d783eaebcf"
        },
        {
            "name": "Biena Munawa Hatta",
            "description": "",
            "profilePic": "",
            "title": "Mantan Anggota DPRD Kab. Semarang",
            "sites": {},
            "communityID": "0e4a5849-82b5-4d48-96c2-26d783eaebcf"
        },
        {
            "name": "Sholeha Kurniawati",
            "description": "",
            "profilePic": "",
            "title": "Anggota DPRD Prov. Jateng",
            "sites": {},
            "communityID": "0e4a5849-82b5-4d48-96c2-26d783eaebcf"
        },
        {
            "name": "Machmud Yunus (politikus)",
            "description": "Machmud Yunus (lahir 09 Juni 1964) adalah anggota DPR RI periode 2009-2014 dari PPP mewakili Jawa Tengah. Machmud Yunus merupakan anggota Komisi X yang menangani Pendidikan, Olahraga, Pariwisata, Kesenian dan Kebudayaan.\n",
            "profilePic": "https://upload.wikimedia.org/wikipedia/commons/2/22/KPU_Machmud_Yunus.jpg",
            "title": "Mantan Anggota DPR RI",
            "sites": {
                "name": "Wikipedia",
                "url": "https://id.wikipedia.org/wiki/Machmud_Yunus_(politikus)"
            },
            "communityID": "0e4a5849-82b5-4d48-96c2-26d783eaebcf"
        },
        {
            "name": "Muhamad Agus Liandi ( politikus muda)",
            "description": "",
            "profilePic": "",
            "title": null,
            "sites": {},
            "communityID": "0e4a5849-82b5-4d48-96c2-26d783eaebcf"
        },
        {
            "name": "M. Jeffta Akira S",
            "description": "",
            "profilePic": "",
            "title": "SP. (Politikus Muda) Ketua Forum Pemuda Tani Ungaran",
            "sites": {},
            "communityID": "0e4a5849-82b5-4d48-96c2-26d783eaebcf"
        }
    ]
}