{
    "title": "Pemilihan umum Bupati Penajam Paser Utara 2024",
    "region": "Penajam Paser Utara",
    "level": "KABUPATEN",
    "candidates": [
        {
            "name": "Hamdam Pongrewa",
            "title": "Calon Bupati",
            "description": "Ir. H. Hamdam Pongrewa (lahir 31 Desember 1965) adalah politikus Indonesia yang menjabat sebagai Bupati Penajam Paser Utara sejak 28 Desember 2022 hingga 19 September 2023.",
            "profilePic": "https://upload.wikimedia.org/wikipedia/commons/thumb/1/15/Wakil_Bupati_Penajam_Paser_Utara_Hamdam_Pongrewa.png/220px-Wakil_Bupati_Penajam_Paser_Utara_Hamdam_Pongrewa.png",
            "communityID": "967962eb-ae42-4525-8309-4e274b2b77c3",
            "sites": {
                "name": "Wikipedia",
                "url": "https://id.wikipedia.org/wiki/Hamdam_Pongrewa"
            }
        },
        {
            "name": "Andi Harahap",
            "title": "Calon Bupati",
            "description": null,
            "profilePic": "",
            "communityID": "967962eb-ae42-4525-8309-4e274b2b77c3",
            "sites": null
        }
    ],
    "source": "https://id.wikipedia.org/wiki/Pemilihan_umum_Bupati_Penajam_Paser_Utara_2024",
    "path": "kabupaten-penajam-paser-utara"
}