{
    "title": "Pemilihan umum Bupati Ogan Komering Ilir 2024",
    "region": "Ogan Komering Ilir",
    "level": "KABUPATEN",
    "path": "kabupaten-ogan-komering-ilir",
    "source": "https://id.wikipedia.org/wiki/Pemilihan_umum_Bupati_Ogan_Komering_Ilir_2024",
    "communityID": "7ec472fd-10e5-49e2-b29c-2eb4db69c7fa",
    "candidates": [
        {
            "name": "M. Dja'far Shodiq",
            "description": "",
            "profilePic": "",
            "title": "Wakil Bupati OKI",
            "sites": {},
            "communityID": "7ec472fd-10e5-49e2-b29c-2eb4db69c7fa"
        },
        {
            "name": "M Alki Ardiansyah Iskandar",
            "description": "",
            "profilePic": "",
            "title": "Putra Bupati OKI Iskandar",
            "sites": {},
            "communityID": "7ec472fd-10e5-49e2-b29c-2eb4db69c7fa"
        },
        {
            "name": "Muchendi Mahzareki",
            "description": "",
            "profilePic": "",
            "title": "Wakil Ketua DPRD Sumsel",
            "sites": {},
            "communityID": "7ec472fd-10e5-49e2-b29c-2eb4db69c7fa"
        },
        {
            "name": "Ahmad Wazir Noviadi",
            "description": "Ahmad Wazir Noviadi, S.Psi., M.Si. (lahir 22 November 1988), atau kerap disapa Ovi, adalah seorang politikus Indonesia yang menjabat Bupati Ogan Ilir antara 17 Februari 2016 hingga 7 Agustus 2017. Ia merupakan pemimpin daerah pertama yang terjerat kasus narkotika di Indonesia.[1] Ovi adalah putra Mawardi Yahya, mantan Wakil Gubernur Sumatera Selatan dan pendahulu permanennya sebagai Bupati Ogan Ilir.\n",
            "profilePic": "https://upload.wikimedia.org/wikipedia/commons/5/53/KPU_Ahmad_Wazir_Noviadi.jpg",
            "title": "Mantan Bupati OI",
            "sites": {
                "name": "Wikipedia",
                "url": "https://id.wikipedia.org/wiki/Ahmad_Wazir_Noviadi"
            },
            "communityID": "7ec472fd-10e5-49e2-b29c-2eb4db69c7fa"
        },
        {
            "name": "Abdiyanto",
            "description": "",
            "profilePic": "",
            "title": "Ketua DPRD OKI",
            "sites": {},
            "communityID": "7ec472fd-10e5-49e2-b29c-2eb4db69c7fa"
        },
        {
            "name": "Ali Imron",
            "description": "",
            "profilePic": "",
            "title": "Anggota DPRD Sumsel",
            "sites": {},
            "communityID": "7ec472fd-10e5-49e2-b29c-2eb4db69c7fa"
        },
        {
            "name": "Yusuf Mekki",
            "description": "",
            "profilePic": "",
            "title": "Mantan Ketua DPRD OKI",
            "sites": {},
            "communityID": "7ec472fd-10e5-49e2-b29c-2eb4db69c7fa"
        },
        {
            "name": "Ike Mayasari",
            "description": "",
            "profilePic": "",
            "title": "Anggota DPRD Sumsel",
            "sites": {},
            "communityID": "7ec472fd-10e5-49e2-b29c-2eb4db69c7fa"
        },
        {
            "name": "Nawawi",
            "description": "Nawawi dapat mengacu pada beberapa hal berikut:\n",
            "profilePic": "",
            "title": "Anggota DPRD Sumsel",
            "sites": {
                "name": "Wikipedia",
                "url": "https://id.wikipedia.org/wiki/Nawawi"
            },
            "communityID": "7ec472fd-10e5-49e2-b29c-2eb4db69c7fa"
        },
        {
            "name": "Sri Sutandi",
            "description": "",
            "profilePic": "",
            "title": "Anggota DPRD Sumsel",
            "sites": {},
            "communityID": "7ec472fd-10e5-49e2-b29c-2eb4db69c7fa"
        },
        {
            "name": "Junaidi",
            "description": "",
            "profilePic": "",
            "title": "Ketua DPD PAN Kabupaten OKI",
            "sites": {},
            "communityID": "7ec472fd-10e5-49e2-b29c-2eb4db69c7fa"
        },
        {
            "name": "Nanda",
            "description": "",
            "profilePic": "",
            "title": "Wakil Ketua DPRD OKI",
            "sites": {},
            "communityID": "7ec472fd-10e5-49e2-b29c-2eb4db69c7fa"
        },
        {
            "name": "Bakri Tarmusi",
            "description": "",
            "profilePic": "",
            "title": "Wakil Ketua DPRD OKI",
            "sites": {},
            "communityID": "7ec472fd-10e5-49e2-b29c-2eb4db69c7fa"
        },
        {
            "name": "Tobroni Harun",
            "description": "H. Tobroni Harun, S.T., M.M. (lahir 01 Mei 1965) adalah Wakil Wali kota Bandar Lampung yang menjabat dari 15 September 2010 sampai 15 September 2015. Ia merupakan Wakil dari Herman HN.[1] Pada Pilkada Serentak 2015, Tobroni Harun mencalonkan diri sebagai Calon Wali kota dan Wakil Wali kota Bandar Lampung bersama H. Komarunizar. Mereka menjadi pasangan calon pertama yang mendaftar di KPUD Bandar Lampung.[2]\n",
            "profilePic": "https://upload.wikimedia.org/wikipedia/commons/a/a2/KPU_Tobroni_Harun.jpg",
            "title": "Mantan Wakil Wali Kota Bandar Lampung",
            "sites": {
                "name": "Wikipedia",
                "url": "https://id.wikipedia.org/wiki/Tobroni_Harun"
            },
            "communityID": "7ec472fd-10e5-49e2-b29c-2eb4db69c7fa"
        },
        {
            "name": "Zaitun Mawardi Yahya",
            "description": "",
            "profilePic": "",
            "title": "Putri Wakil Gubernur Sumsel Mawardi Yahya",
            "sites": {},
            "communityID": "7ec472fd-10e5-49e2-b29c-2eb4db69c7fa"
        },
        {
            "name": "Muhammad Rifa'i",
            "description": "Muhammad Rifai\n(lahir 7 November 1968) adalah Wakil Bupati Ogan Komering Ilir periode 2014\u20142018. Ia adalah wakil dari Bupati Ogan Komering Ilir, Iskandar.\n",
            "profilePic": "https://upload.wikimedia.org/wikipedia/commons/thumb/f/fc/Wakil_Bupati_OKI_M._Rifa%27i.jpg/1200px-Wakil_Bupati_OKI_M._Rifa%27i.jpg",
            "title": "Mantan Wakil Bupati Ogan Komering Ilir",
            "sites": {
                "name": "Wikipedia",
                "url": "https://id.wikipedia.org/wiki/Muhammad_Rifa%27i"
            },
            "communityID": "7ec472fd-10e5-49e2-b29c-2eb4db69c7fa"
        },
        {
            "name": "Febriansyah Wardana",
            "description": "",
            "profilePic": "",
            "title": "Anggota DPRD OKI",
            "sites": {},
            "communityID": "7ec472fd-10e5-49e2-b29c-2eb4db69c7fa"
        },
        {
            "name": "Supriyanto GT",
            "description": "",
            "profilePic": "",
            "title": "Mantan Ketua Cabang PSHT OKI",
            "sites": {},
            "communityID": "7ec472fd-10e5-49e2-b29c-2eb4db69c7fa"
        },
        {
            "name": "Asmar Wijaya",
            "description": "",
            "profilePic": "",
            "title": "Pj Bupati OKI",
            "sites": {},
            "communityID": "7ec472fd-10e5-49e2-b29c-2eb4db69c7fa"
        }
    ]
}