{
    "title": "Pemilihan umum Bupati Mimika 2024",
    "region": "Mimika",
    "level": "KABUPATEN",
    "source": "https://id.wikipedia.org/wiki/Pemilihan_umum_Bupati_Mimika_2024",
    "communityID": "439fea56-3a51-4e0b-91a4-b69b7eeff816",
    "path": "kabupaten-mimika",
    "candidates": [
        {
            "name": "Eminus Mom",
            "description": "",
            "profilePic": "",
            "title": "Anggota DPRD Kabupaten Mimika periode 2019-2024 dan Ketua DPD Partai Gerindra Kabupaten Mimika",
            "sites": {},
            "communityID": "439fea56-3a51-4e0b-91a4-b69b7eeff816"
        },
        {
            "name": "Anton Bukaleng",
            "description": "",
            "profilePic": "",
            "title": "Ketua DPRD Kabupaten Mimika periode 2022-2024 dan kader Partai Golkar",
            "sites": {},
            "communityID": "439fea56-3a51-4e0b-91a4-b69b7eeff816"
        },
        {
            "name": "Nurman Karupukaro",
            "description": "",
            "profilePic": "",
            "title": "Ketua Fraksi Partai Gerindra DPRD Kabupaten Mimika periode 2019-2024",
            "sites": {},
            "communityID": "439fea56-3a51-4e0b-91a4-b69b7eeff816"
        }
    ]
}