{
    "title": "Pemilihan umum Bupati Bengkulu Selatan 2024",
    "region": "Bengkulu Selatan",
    "level": "KABUPATEN",
    "candidates": [
        {
            "name": "Gusnan Mulyadi",
            "title": "Calon Bupati",
            "description": "Gusnan Mulyadi, S.E., M.M. (lahir 28 Agustus 1968) adalah Bupati Bengkulu Selatan periode 2019\u20142021.",
            "profilePic": "https://upload.wikimedia.org/wikipedia/commons/thumb/0/0b/Gusnan_Mulyadi.jpg/210px-Gusnan_Mulyadi.jpg",
            "communityID": "13661d35-61b2-46fb-b086-7281c87234f1",
            "sites": {
                "name": "Wikipedia",
                "url": "https://id.wikipedia.org/wiki/Gusnan_Mulyadi"
            }
        },
        {
            "name": "Rifai Tajudin",
            "title": "Calon Bupati",
            "description": "H. Rifai Tajudin, S.Sos. (lahir 18 September 1965) adalah Wakil Bupati Kabupaten Bengkulu Selatan, Bengkulu periode 2019\u20132021. Ia adalah wakil dari Bengkulu Selatan, Gusnan Mulyadi.",
            "profilePic": "https://upload.wikimedia.org/wikipedia/commons/thumb/1/1c/Bengkulu_Selatan.png/50px-Bengkulu_Selatan.png",
            "communityID": "13661d35-61b2-46fb-b086-7281c87234f1",
            "sites": {
                "name": "Wikipedia",
                "url": "https://id.wikipedia.org/wiki/Rifai_Tajudin"
            }
        },
        {
            "name": "Barli Halim",
            "title": "Calon Bupati",
            "description": null,
            "profilePic": "",
            "communityID": "13661d35-61b2-46fb-b086-7281c87234f1",
            "sites": null
        },
        {
            "name": "Juli Hartono",
            "title": "Calon Bupati",
            "description": null,
            "profilePic": "",
            "communityID": "13661d35-61b2-46fb-b086-7281c87234f1",
            "sites": null
        },
        {
            "name": "Dendi Man Tarmizi",
            "title": "Calon Bupati",
            "description": null,
            "profilePic": "",
            "communityID": "13661d35-61b2-46fb-b086-7281c87234f1",
            "sites": null
        },
        {
            "name": "Hartawan",
            "title": "Calon Bupati",
            "description": null,
            "profilePic": "",
            "communityID": "13661d35-61b2-46fb-b086-7281c87234f1",
            "sites": null
        },
        {
            "name": "Budiman Ismaun",
            "title": "Calon Bupati",
            "description": null,
            "profilePic": "",
            "communityID": "13661d35-61b2-46fb-b086-7281c87234f1",
            "sites": null
        },
        {
            "name": "Yevri Sudianto",
            "title": "Calon Bupati",
            "description": null,
            "profilePic": "",
            "communityID": "13661d35-61b2-46fb-b086-7281c87234f1",
            "sites": null
        },
        {
            "name": "Ria Oktarina",
            "title": "Calon Bupati",
            "description": null,
            "profilePic": "",
            "communityID": "13661d35-61b2-46fb-b086-7281c87234f1",
            "sites": null
        },
        {
            "name": "Reskan Effendi Awaluddin",
            "title": "Calon Bupati",
            "description": "H. Reskan Effendi Awaluddin, S.E. adalah Bupati Bengkulu Selatan periode 2010\u20132015.",
            "profilePic": "https://upload.wikimedia.org/wikipedia/id/thumb/7/74/ReskanAwaluddin-22ndRegentofSouthBengkulu.JPG/200px-ReskanAwaluddin-22ndRegentofSouthBengkulu.JPG",
            "communityID": "13661d35-61b2-46fb-b086-7281c87234f1",
            "sites": {
                "name": "Wikipedia",
                "url": "https://id.wikipedia.org/wiki/Reskan_Effendi_Awaluddin"
            }
        },
        {
            "name": "Dodi Martian",
            "title": "Calon Bupati",
            "description": null,
            "profilePic": "",
            "communityID": "13661d35-61b2-46fb-b086-7281c87234f1",
            "sites": null
        },
        {
            "name": "Elly Zuliani Herawati",
            "title": "Calon Bupati",
            "description": null,
            "profilePic": "",
            "communityID": "13661d35-61b2-46fb-b086-7281c87234f1",
            "sites": null
        }
    ],
    "source": "https://id.wikipedia.org/wiki/Pemilihan_umum_Bupati_Bengkulu_Selatan_2024",
    "path": "kabupaten-bengkulu-selatan"
}