{
    "title": "Pemilihan umum Bupati Aceh Besar 2024",
    "region": "Aceh Besar",
    "level": "KABUPATEN",
    "candidates": [
        {
            "name": "dr. Mahfudhdinsyah",
            "title": "Calon Bupati",
            "description": null,
            "profilePic": "",
            "communityID": "81e72ae6-d5f2-4a9a-99fb-8ffeda206ec2",
            "sites": null
        }
    ],
    "source": "https://id.wikipedia.org/wiki/Pemilihan_umum_Bupati_Aceh_Besar_2024",
    "path": "kabupaten-aceh-besar"
}