{
    "title": "Pemilihan umum Bupati Seram Bagian Barat 2024",
    "region": "Seram Bagian Barat",
    "level": "KABUPATEN",
    "candidates": [
        {
            "name": "Timotius Akerina",
            "title": "Calon Bupati",
            "description": null,
            "profilePic": "",
            "communityID": "f4a78a6d-8ccb-4e3d-aed3-62dbb2a7b6db",
            "sites": null
        },
        {
            "name": "La Siteni",
            "title": "Calon Bupati",
            "description": null,
            "profilePic": "",
            "communityID": "f4a78a6d-8ccb-4e3d-aed3-62dbb2a7b6db",
            "sites": null
        },
        {
            "name": "Ayu Ningsi",
            "title": "Calon Bupati",
            "description": null,
            "profilePic": "",
            "communityID": "f4a78a6d-8ccb-4e3d-aed3-62dbb2a7b6db",
            "sites": null
        }
    ],
    "source": "https://id.wikipedia.org/wiki/Pemilihan_umum_Bupati_Seram_Bagian_Barat_2024",
    "path": "kabupaten-seram-bagian-barat"
}