{
    "title": "Pemilihan umum Bupati Bone Bolango 2024",
    "region": "Bone Bolango",
    "level": "KABUPATEN",
    "candidates": [
        {
            "name": "Merlan S. Uloli",
            "title": "Calon Bupati",
            "description": "Dr. Merlan S. Uloli, S.E., M.M. (lahir 20 Mei 1958) adalah seorang politikus dan birokrat Indonesia. Ia menjalankan masa kecilnya di Tumbihe, Kabila. Ia kemudian merantau ke Papua untuk meneruskan pendidikannya. Ia menempuh pendidikan Strata 3 di Universitas Cenderawasih Papua. Ia mengawali karir dengan menjadi seorang tenaga honorer, Sekretaris hingga Kepala Dinas Kependudukan dan Pencatatan Sipil Kota Jayapura.",
            "profilePic": "https://upload.wikimedia.org/wikipedia/commons/5/56/Merlan_S._Uloli.jpg",
            "communityID": "b7eee9ae-37f5-4759-9820-15d7e7754c50",
            "sites": {
                "name": "Wikipedia",
                "url": "https://id.wikipedia.org/wiki/Merlan_S._Uloli"
            }
        },
        {
            "name": "Ismet Mile",
            "title": "Calon Bupati",
            "description": "Drs. H. Ismet Mile, M.M.  (lahir 26 Februari 1959) adalah seorang politikus Indonesia yang pernah menjabat sebagai Bupati Bone Bolango periode 2005\u20142010.",
            "profilePic": "",
            "communityID": "b7eee9ae-37f5-4759-9820-15d7e7754c50",
            "sites": {
                "name": "Wikipedia",
                "url": "https://id.wikipedia.org/wiki/Ismet_Mile"
            }
        },
        {
            "name": "Mohamad Kilat Wartabone",
            "title": "Calon Bupati",
            "description": null,
            "profilePic": "",
            "communityID": "b7eee9ae-37f5-4759-9820-15d7e7754c50",
            "sites": null
        },
        {
            "name": "Elnino M. Husein Mohi",
            "title": "Calon Bupati",
            "description": "Elnino M. Husein Mohi, S.T., M.Si., atau Elnino Mohi (lahir 30 Oktober 1974), adalah seorang jurnalis dan politikus Indonesia. Saat ini ia menjabat sebagai Anggota DPR-RI sejak 2014 mewakili daerah pemilihan Gorontalo. Ia terpilih kembali pada pemilu legislatif 2019 setelah memperoleh suara sebanyak 87.748 suara. Ia juga merupakan pelaku media dan jurnalis, serta menjadi Redaktur Eksekutif Harian Radar Gorontalo sejak 2005 dan Direktur Penerbit Pustaka Gorontalo. Elnino Mohi juga mempunyai usaha sebagai Konsultan Political Marketing.",
            "profilePic": "https://upload.wikimedia.org/wikipedia/commons/thumb/8/81/DPR_Elnino_M._Husein_Mohi.jpg/220px-DPR_Elnino_M._Husein_Mohi.jpg",
            "communityID": "b7eee9ae-37f5-4759-9820-15d7e7754c50",
            "sites": {
                "name": "Wikipedia",
                "url": "https://id.wikipedia.org/wiki/Elnino_M._Husein_Mohi"
            }
        },
        {
            "name": "Rama Datau",
            "title": "Calon Bupati",
            "description": null,
            "profilePic": "",
            "communityID": "b7eee9ae-37f5-4759-9820-15d7e7754c50",
            "sites": null
        }
    ],
    "source": "https://id.wikipedia.org/wiki/Pemilihan_umum_Bupati_Bone_Bolango_2024",
    "path": "kabupaten-bone-bolango"
}