{
    "title": "Pemilihan umum Bupati Indramayu 2024",
    "region": "Indramayu",
    "level": "KABUPATEN",
    "candidates": [
        {
            "name": "Nina Agustina",
            "title": "Calon Bupati",
            "description": "Hj. Nina Agustina, S.H., M.H., C.R.A. (lahir 17 Agustus 1973) adalah politisi Indonesia yang menjabat Bupati Indramayu periode 2021\u20132024 berpasangan dengan wakil bupati Lucky Hakim. Nina adalah putri dari mantan Kapolri Da'i Bachtiar.",
            "profilePic": "https://upload.wikimedia.org/wikipedia/commons/thumb/f/f2/Edit-clear.svg/40px-Edit-clear.svg.png",
            "communityID": "e9bb542e-2e98-41d9-8330-5e4996424122",
            "sites": {
                "name": "Wikipedia",
                "url": "https://id.wikipedia.org/wiki/Nina_Agustina"
            }
        },
        {
            "name": "Daniel Mutaqien Syafiuddin",
            "title": "Calon Bupati",
            "description": "Daniel Mutaqien Syafiuddin (lahir 30 September 1981) adalah politikus Partai Golkar yang sempat menjabat sebagai anggota DPR RI sejak 2014 sampai akhirnya mengundurkan diri dikarenakan maju dalam Pilkada Indramayu 2020. Ia mencalonkan diri sebagai Calon Bupati Indramayu yang diusung Partai Golkar.",
            "profilePic": "https://upload.wikimedia.org/wikipedia/commons/thumb/8/87/KPU_Daniel_Mutaqien_Syafiuddin.jpg/220px-KPU_Daniel_Mutaqien_Syafiuddin.jpg",
            "communityID": "e9bb542e-2e98-41d9-8330-5e4996424122",
            "sites": {
                "name": "Wikipedia",
                "url": "https://id.wikipedia.org/wiki/Daniel_Mutaqien_Syafiuddin"
            }
        },
        {
            "name": "Lucky Hakim",
            "title": "Calon Bupati",
            "description": "Lucky Hakim (lahir 12 Januari 1978) adalah seorang aktor, penulis, dan politikus kebangsaan Indonesia. Saat ini, Lucky menjabat sebagai Wakil Bupati Indramayu periode 2021-2024 berpasangan dengan Nina Agustina yang merupakan putri mantan Kapolri, Da'i Bachtiar. Ia mundur dari jabatannya sebagai Wakil Bupati Indramayu pada Februari 2023.",
            "profilePic": "https://upload.wikimedia.org/wikipedia/commons/thumb/d/df/KPU_Lucky_Hakim.jpg/220px-KPU_Lucky_Hakim.jpg",
            "communityID": "e9bb542e-2e98-41d9-8330-5e4996424122",
            "sites": {
                "name": "Wikipedia",
                "url": "https://id.wikipedia.org/wiki/Lucky_Hakim"
            }
        }
    ],
    "source": "https://id.wikipedia.org/wiki/Pemilihan_umum_Bupati_Indramayu_2024",
    "path": "kabupaten-indramayu"
}