{
    "title": "Pemilihan umum Bupati Kuantan Singingi 2024",
    "region": "Kuantan Singingi",
    "level": "KABUPATEN",
    "candidates": [
        {
            "name": "Suhardiman Amby",
            "title": "Calon Bupati",
            "description": "Dr. H. Suhardiman Amby, Ak, M.M (lahir 16 Juli 1969) adalah seorang Politikus asal Riau yang saat ini menjabat sebagai Bupati Kuantan Singingi definitif sejak tanggal 14 Juli 2023 dan sebelumnya ia menjabat sebagai Pelaksana Tugas (Plt) Bupati sejak tanggal 20 Oktober 2021. Sebelumnya, ia menjabat sebagai Wakil Bupati Kuantan Singingi dan pernah duduk sebagai Anggota DPRD Riau 2 periode 2004-2009 dan 2014-2019.",
            "profilePic": "https://upload.wikimedia.org/wikipedia/commons/thumb/c/cb/Bupati_Kuantan_Singingi_Suhardiman_Amby_2024.png/220px-Bupati_Kuantan_Singingi_Suhardiman_Amby_2024.png",
            "communityID": "8e385506-894a-4272-8d8b-07d257231964",
            "sites": {
                "name": "Wikipedia",
                "url": "https://id.wikipedia.org/wiki/Suhardiman_Amby"
            }
        },
        {
            "name": "Halim",
            "title": "Calon Bupati",
            "description": "Halim dapat mengacu pada beberapa hal berikut:",
            "profilePic": "https://upload.wikimedia.org/wikipedia/commons/thumb/5/5f/Disambig_gray.svg/30px-Disambig_gray.svg.png",
            "communityID": "8e385506-894a-4272-8d8b-07d257231964",
            "sites": {
                "name": "Wikipedia",
                "url": "https://id.wikipedia.org/wiki/Halim"
            }
        },
        {
            "name": "Mursini",
            "title": "Calon Bupati",
            "description": "Drs. H. Mursini, M.Si. (lahir 28 Desember 1958) adalah seorang politisi Indonesia dan Mantan Bupati Kuantan Singingi periode 2016-2021.",
            "profilePic": "https://upload.wikimedia.org/wikipedia/commons/thumb/7/79/Mursini.jpg/250px-Mursini.jpg",
            "communityID": "8e385506-894a-4272-8d8b-07d257231964",
            "sites": {
                "name": "Wikipedia",
                "url": "https://id.wikipedia.org/wiki/Mursini"
            }
        },
        {
            "name": "Komperensi",
            "title": "Calon Bupati",
            "description": null,
            "profilePic": "",
            "communityID": "8e385506-894a-4272-8d8b-07d257231964",
            "sites": null
        },
        {
            "name": "Juprizal",
            "title": "Calon Bupati",
            "description": null,
            "profilePic": "",
            "communityID": "8e385506-894a-4272-8d8b-07d257231964",
            "sites": null
        },
        {
            "name": "Zulhendri Nazaruddin",
            "title": "Calon Bupati",
            "description": null,
            "profilePic": "",
            "communityID": "8e385506-894a-4272-8d8b-07d257231964",
            "sites": null
        },
        {
            "name": "Dr. Adam",
            "title": "Calon Bupati",
            "description": null,
            "profilePic": "",
            "communityID": "8e385506-894a-4272-8d8b-07d257231964",
            "sites": null
        },
        {
            "name": "Gumpita",
            "title": "Calon Bupati",
            "description": null,
            "profilePic": "",
            "communityID": "8e385506-894a-4272-8d8b-07d257231964",
            "sites": null
        },
        {
            "name": "Fedrios Gusni",
            "title": "Calon Bupati",
            "description": null,
            "profilePic": "",
            "communityID": "8e385506-894a-4272-8d8b-07d257231964",
            "sites": null
        }
    ],
    "source": "https://id.wikipedia.org/wiki/Pemilihan_umum_Bupati_Kuantan_Singingi_2024",
    "path": "kabupaten-kuantan-singingi"
}