{
    "title": "Pemilihan umum Bupati Halmahera Timur 2024",
    "region": "Halmahera Timur",
    "level": "KABUPATEN",
    "candidates": [
        {
            "name": "Ubaid Yakub",
            "title": "Calon Bupati",
            "description": "Ubaid Yakub (lahir 27 Agustus 1969) adalah seorang politisi Indonesia. Ia menjabat sebagai Bupati Halmahera Timur periode 2020\u20132025.",
            "profilePic": "https://upload.wikimedia.org/wikipedia/commons/a/a8/Ubaid_Yakub.jpg",
            "communityID": "3fd99295-d88c-4338-b7af-49bea5f53af5",
            "sites": {
                "name": "Wikipedia",
                "url": "https://id.wikipedia.org/wiki/Ubaid_Yakub"
            }
        },
        {
            "name": "Welhelmus Tahalele",
            "title": "Calon Bupati",
            "description": "Welhelmus Tahalele, S.E. (lahir 17 Maret 1949) adalah Anggota DPRD Maluku Utara Fraksi Hanura periode 2019\u20142024. Welhelmus Tahalele pernah menjabat sebagai Bupati Halmahera Timur periode 2005\u20142010.",
            "profilePic": "https://upload.wikimedia.org/wikipedia/commons/thumb/4/40/KPU_Welhelmus_Tahalele.jpg/200px-KPU_Welhelmus_Tahalele.jpg",
            "communityID": "3fd99295-d88c-4338-b7af-49bea5f53af5",
            "sites": {
                "name": "Wikipedia",
                "url": "https://id.wikipedia.org/wiki/Welhelmus_Tahalele"
            }
        }
    ],
    "source": "https://id.wikipedia.org/wiki/Pemilihan_umum_Bupati_Halmahera_Timur_2024",
    "path": "kabupaten-halmahera-timur"
}