{
    "title": "Pemilihan umum Bupati Muna 2024",
    "region": "Muna",
    "level": "KABUPATEN",
    "candidates": [
        {
            "name": "Abdul Malik Ditu",
            "title": "Calon Bupati",
            "description": "Abdul Malik Ditu (lahir 19 April 1953) adalah seorang politikus Indonesia kelahiran Kendari. Ia tergabung dalam Partai Gerakan Indonesia Raya (Gerindra). Ia menjabat selaku Wakil Bupati Muna dari 15 September 2010 sampai 2 September 2021 mendampingi Laode Muhammad Rusman Emba selaku Bupati Muna.",
            "profilePic": "https://upload.wikimedia.org/wikipedia/commons/thumb/4/48/KPU_Abdul_Malik_Ditu.jpg/220px-KPU_Abdul_Malik_Ditu.jpg",
            "communityID": "c1c1b188-680b-42c3-8c7b-ae88b01b2de0",
            "sites": {
                "name": "Wikipedia",
                "url": "https://id.wikipedia.org/wiki/Abdul_Malik_Ditu"
            }
        },
        {
            "name": "Bachrun Labuta",
            "title": "Calon Bupati",
            "description": null,
            "profilePic": "",
            "communityID": "c1c1b188-680b-42c3-8c7b-ae88b01b2de0",
            "sites": null
        },
        {
            "name": "La Ode Ida",
            "title": "Calon Bupati",
            "description": null,
            "profilePic": "",
            "communityID": "c1c1b188-680b-42c3-8c7b-ae88b01b2de0",
            "sites": null
        },
        {
            "name": "Rajiun Tumada",
            "title": "Calon Bupati",
            "description": null,
            "profilePic": "",
            "communityID": "c1c1b188-680b-42c3-8c7b-ae88b01b2de0",
            "sites": null
        }
    ],
    "source": "https://id.wikipedia.org/wiki/Pemilihan_umum_Bupati_Muna_2024",
    "path": "kabupaten-muna"
}