{
    "title": "Pemilihan umum Bupati Barito Timur 2024",
    "region": "Barito Timur",
    "level": "KABUPATEN",
    "candidates": [
        {
            "name": "Dr.Ariantho S.Muler, S.T.,M.M",
            "title": "Calon Bupati",
            "description": null,
            "profilePic": "",
            "communityID": "a70e7874-bddc-4cfb-b601-4c1f37704b79",
            "sites": null
        },
        {
            "name": "Habib Said Abdul Saleh",
            "title": "Calon Bupati",
            "description": null,
            "profilePic": "",
            "communityID": "a70e7874-bddc-4cfb-b601-4c1f37704b79",
            "sites": null
        },
        {
            "name": "Machur Mudel Duhung",
            "title": "Calon Bupati",
            "description": null,
            "profilePic": "",
            "communityID": "a70e7874-bddc-4cfb-b601-4c1f37704b79",
            "sites": null
        },
        {
            "name": "Yuren S. Bahat",
            "title": "Calon Bupati",
            "description": null,
            "profilePic": "",
            "communityID": "a70e7874-bddc-4cfb-b601-4c1f37704b79",
            "sites": null
        }
    ],
    "source": "https://id.wikipedia.org/wiki/Pemilihan_umum_Bupati_Barito_Timur_2024",
    "path": "kabupaten-barito-timur"
}