{
    "title": "Pemilihan umum Bupati Toba 2024",
    "region": "Toba",
    "level": "KABUPATEN",
    "path": "kabupaten-toba",
    "source": "https://id.wikipedia.org/wiki/Pemilihan_umum_Bupati_Toba_2024",
    "communityID": "f10aa124-aae3-4dbb-ad45-0e6f72e37c2a",
    "candidates": [
        {
            "name": "Poltak Sitorus",
            "description": "Ir. Poltak Sitorus, M.Sc. (lahir 6 Juli 1965) adalah seorang pengusaha yang saat ini menjabat sebagai Bupati Toba periode 2021-2024.\n",
            "profilePic": "https://upload.wikimedia.org/wikipedia/commons/5/5b/Bupati_Toba_periode_2021-2024_Poltak_Sitorus.jpg",
            "title": "Bupati Toba",
            "sites": {
                "name": "Wikipedia",
                "url": "https://id.wikipedia.org/wiki/Poltak_Sitorus"
            },
            "communityID": "f10aa124-aae3-4dbb-ad45-0e6f72e37c2a"
        },
        {
            "name": "Tonny Simanjuntak",
            "description": "Tonny M. Simanjuntak, S.E. (lahir 22 Agustus 1979) adalah Wakil Bupati Toba periode 2021\u20132024. Ia menjabat sejak 26 Februari 2021 setelah dilantik Gubernur Sumatera Utara, Edy Rahmayadi di Aula Tengku Rizal Nurdin Rumah Dinas Gubernur Sumatera Utara, Medan.[1]\n",
            "profilePic": "https://upload.wikimedia.org/wikipedia/commons/5/5a/Wakil_Bupati_Toba_periode_2021-2024_Tonny_M_Simanjuntak.jpg",
            "title": "Wakil Bupati Toba",
            "sites": {
                "name": "Wikipedia",
                "url": "https://id.wikipedia.org/wiki/Tonny_Simanjuntak"
            },
            "communityID": "f10aa124-aae3-4dbb-ad45-0e6f72e37c2a"
        },
        {
            "name": "Darwin Siagian",
            "description": "Ir. Darwin Siagian, M.M. (lahir 5 Oktober 1952) adalah Politikus Indonesia. Ia menjabat Bupati Toba Samosir dari 12 Februari 2016 sampai 17 Februari 2021.[1][2]\n",
            "profilePic": "https://upload.wikimedia.org/wikipedia/id/9/9a/Darwin_siagian.jpg",
            "title": "Mantan Bupati Toba",
            "sites": {
                "name": "Wikipedia",
                "url": "https://id.wikipedia.org/wiki/Darwin_Siagian"
            },
            "communityID": "f10aa124-aae3-4dbb-ad45-0e6f72e37c2a"
        },
        {
            "name": "Robinson Tampubolon",
            "description": "",
            "profilePic": "",
            "title": "Mantan Anggota DPRD Toba",
            "sites": {},
            "communityID": "f10aa124-aae3-4dbb-ad45-0e6f72e37c2a"
        },
        {
            "name": "Efendi S. Panangian Napitupulu",
            "description": "",
            "profilePic": "",
            "title": "Ketua DPRD Toba",
            "sites": {},
            "communityID": "f10aa124-aae3-4dbb-ad45-0e6f72e37c2a"
        },
        {
            "name": "Pintor Sitorus",
            "description": "",
            "profilePic": "",
            "title": "Anggota DPRD Sumut",
            "sites": {},
            "communityID": "f10aa124-aae3-4dbb-ad45-0e6f72e37c2a"
        },
        {
            "name": "Jubel Tambunan",
            "description": "",
            "profilePic": "",
            "title": "Anggota DPRD Sumut",
            "sites": {},
            "communityID": "f10aa124-aae3-4dbb-ad45-0e6f72e37c2a"
        },
        {
            "name": "Boike Pasaribu",
            "description": "",
            "profilePic": "",
            "title": "Mantan Ketua DPRD Toba",
            "sites": {},
            "communityID": "f10aa124-aae3-4dbb-ad45-0e6f72e37c2a"
        },
        {
            "name": "Hulman Sitorus",
            "description": "",
            "profilePic": "",
            "title": "Mantan Wakil Bupati Toba",
            "sites": {},
            "communityID": "f10aa124-aae3-4dbb-ad45-0e6f72e37c2a"
        },
        {
            "name": "Mindo Tua Siagian",
            "description": "",
            "profilePic": "",
            "title": "Mantan Wakil Bupati Toba",
            "sites": {},
            "communityID": "f10aa124-aae3-4dbb-ad45-0e6f72e37c2a"
        },
        {
            "name": "Sahat Panjaitan",
            "description": "",
            "profilePic": "",
            "title": "Mantan Ketua DPRD Toba",
            "sites": {},
            "communityID": "f10aa124-aae3-4dbb-ad45-0e6f72e37c2a"
        }
    ]
}