{
    "title": "Pemilihan umum Bupati Karanganyar 2024",
    "region": "Karanganyar",
    "level": "KABUPATEN",
    "path": "kabupaten-karanganyar",
    "source": "https://id.wikipedia.org/wiki/Pemilihan_umum_Bupati_Karanganyar_2024",
    "communityID": "5a4bdf48-ef4b-4960-8d55-190c4a8d7ac3",
    "candidates": [
        {
            "name": "Bagus Selo",
            "description": "Bagus Selo. (lahir 22 Februari 1967) adalah politikus Partai Demokrasi Indonesia Perjuangan (PDIP). Ia menjabat Ketua DPRD Karanganyar periode 2019\u20132024. Ia telah terpilih sebanyak 4 kali dalam Pemilu 1999,Pemilu 2004, Pemilu 2009, dan Pemilu 2019.Pada ketiga pemilihan tersebut ia mewakili Karanganyar untuk wilayah Tasikmadu Jaten Kebakkramat.\n",
            "profilePic": "https://upload.wikimedia.org/wikipedia/commons/3/3c/Anggota_DPRD_Karanganyar_Bagus_Selo.jpg",
            "title": "Ketua DPRD Kabupaten Karanganyar",
            "sites": {
                "name": "Wikipedia",
                "url": "https://id.wikipedia.org/wiki/Bagus_Selo"
            },
            "communityID": "5a4bdf48-ef4b-4960-8d55-190c4a8d7ac3"
        },
        {
            "name": "Rober Christanto",
            "description": "H. Rober Christanto. SE, M.M. (lahir 18 Oktober 1973) adalah politikus yang saat ini menjabat sebagai Wakil Bupati Karanganyar periode 2018\u20142023. Sebelum menjabat sebagai Wakil Bupati, ia pernah menempati posisi sebagai Anggota DPRD Kabupaten Karanganyar periode 2014-2019. Lahir pada Bulan Oktober tepat di bulan Ramadhan dari pasangan Bapak Haji Sumarno (Lurah Bejen Tahun 1982-1996) dan Ibu Hj. Wahyu Basuki dari itu di berikan nama Rober (Ramadhan Oktober).\n",
            "profilePic": "https://upload.wikimedia.org/wikipedia/commons/d/db/Wakil_Bupati_Karanganyar_Rober_Christanto.jpg",
            "title": "(Wakil Bupati Karanganyar) periode 2018\u20142023",
            "sites": {
                "name": "Wikipedia",
                "url": "https://id.wikipedia.org/wiki/Rober_Christanto"
            },
            "communityID": "5a4bdf48-ef4b-4960-8d55-190c4a8d7ac3"
        },
        {
            "name": "Adhe Eliana",
            "description": "",
            "profilePic": "",
            "title": "Ketua DPC Partai Gerindra",
            "sites": {},
            "communityID": "5a4bdf48-ef4b-4960-8d55-190c4a8d7ac3"
        },
        {
            "name": "Rinto Subekti",
            "description": "Rinto Subekti, SE, MM (lahir 12 Oktober 1977) adalah anggota DPR RI periode 2009-2014 Partai Demokrat mewakili Jawa Tengah. Rinto Subekti merupakan Ketua DPC Partai Demokrat Kabupaten Karanganyar. Dia bertugas di Komisi X yang menangani Pendidikan, Olahraga, Pariwisata, Kesenian dan Kebudayaan.\nDalam Pilkada 2024, Rinto Subekti mendaftarkan diri sebagai bakal calon bupati karanganyar dari Partai Demokrat untuk Pemilihan umum Bupati Karanganyar periode 2024-2029\n",
            "profilePic": "https://upload.wikimedia.org/wikipedia/commons/f/f3/KPU_Rinto_Subekti.jpg",
            "title": "Anggota DPR RI periode 2009-2014",
            "sites": {
                "name": "Wikipedia",
                "url": "https://id.wikipedia.org/wiki/Rinto_Subekti"
            },
            "communityID": "5a4bdf48-ef4b-4960-8d55-190c4a8d7ac3"
        },
        {
            "name": "Anung Indro Susanto",
            "description": "",
            "profilePic": "",
            "title": null,
            "sites": {},
            "communityID": "5a4bdf48-ef4b-4960-8d55-190c4a8d7ac3"
        },
        {
            "name": "Tony Hatmoko",
            "description": "",
            "profilePic": "",
            "title": "Wakil Ketua DPRD Karanganyar dari PKB",
            "sites": {},
            "communityID": "5a4bdf48-ef4b-4960-8d55-190c4a8d7ac3"
        },
        {
            "name": "Paryono",
            "description": "Paryono, S.H., M.H. (lahir 10 Desember 1974) adalah politikus Indonesia yang menjabat sebagai anggota DPR-RI periode 2019\u20132024. Ia mewakili daerah pemilihan Jawa Tengah IV, yang meliputi Kabupaten Sragen, Kabupaten Karanganyar, dan Kabupaten Wonogiri. Paryono merupakan kader Partai Demokrasi Indonesia Perjuangan. Saat ini, ia bertugas di Komisi VIII.\n",
            "profilePic": "https://upload.wikimedia.org/wikipedia/commons/d/da/Anggota_DPR_Paryono.jpg",
            "title": "Anggota DPR RI periode 2019-2024",
            "sites": {
                "name": "Wikipedia",
                "url": "https://id.wikipedia.org/wiki/Paryono"
            },
            "communityID": "5a4bdf48-ef4b-4960-8d55-190c4a8d7ac3"
        }
    ]
}