{
    "title": "Pemilihan umum Bupati Bulungan 2024",
    "region": "Bulungan",
    "level": "KABUPATEN",
    "candidates": [
        {
            "name": "Syarwani",
            "title": "Calon Bupati",
            "description": "Syarwani, S.Pd., M.Si (lahir 5 Februari 1974) adalah politikus Indonesia. Ia adalah Bupati Bulungan periode 2021\u20142024. Bersama wakilnya, Ingkong Ala, mereka berhasil memenangkan pemilihan umum Bupati Bulungan 2020. Ia pernah menjabat sebagai Ketua DPRD Kabupaten Bulungan periode 2014\u20142019.",
            "profilePic": "https://upload.wikimedia.org/wikipedia/commons/thumb/2/29/Bupati_Bulungan_Syarwani.jpg/220px-Bupati_Bulungan_Syarwani.jpg",
            "communityID": "d6f5b1ea-eba2-4448-876c-c5b67a08b353",
            "sites": {
                "name": "Wikipedia",
                "url": "https://id.wikipedia.org/wiki/Syarwani"
            }
        },
        {
            "name": "Ingkong Ala",
            "title": "Calon Bupati",
            "description": "Ingkong Ala, S.E., M.Si. (lahir 17 November 1966) adalah Wakil Bupati Bulungan 2 periode yakni 2016\u20142020 dan 2021\u20142024.",
            "profilePic": "https://upload.wikimedia.org/wikipedia/commons/thumb/0/0d/Foto_Wakil_Bupati_Ingkong_Ala2.jpg/220px-Foto_Wakil_Bupati_Ingkong_Ala2.jpg",
            "communityID": "d6f5b1ea-eba2-4448-876c-c5b67a08b353",
            "sites": {
                "name": "Wikipedia",
                "url": "https://id.wikipedia.org/wiki/Ingkong_Ala"
            }
        },
        {
            "name": "Najamuddin",
            "title": "Calon Bupati",
            "description": null,
            "profilePic": "",
            "communityID": "d6f5b1ea-eba2-4448-876c-c5b67a08b353",
            "sites": null
        },
        {
            "name": "Hj Aluh Berlian",
            "title": "Calon Bupati",
            "description": null,
            "profilePic": "",
            "communityID": "d6f5b1ea-eba2-4448-876c-c5b67a08b353",
            "sites": null
        },
        {
            "name": "Achmad Djufrie",
            "title": "Calon Bupati",
            "description": "Achmad Djufrie (lahir 28 Juni 1970) adalah seorang politikus Indonesia kelahiran Bulungan. Ia tergabung dalam Partai Gerakan Indonesia Raya (Gerindra). Dari 2019 sampai 2024, ia terpilih menjadi anggota Dewan Perwakilan Rakyat Daerah Kalimantan Utara dari daerah pemilihan (dapil) Kalimantan Utara II.",
            "profilePic": "https://upload.wikimedia.org/wikipedia/commons/thumb/2/22/Anggota_DPRD_Kalimantan_Utara_Achmad_Djufrie.jpg/220px-Anggota_DPRD_Kalimantan_Utara_Achmad_Djufrie.jpg",
            "communityID": "d6f5b1ea-eba2-4448-876c-c5b67a08b353",
            "sites": {
                "name": "Wikipedia",
                "url": "https://id.wikipedia.org/wiki/Achmad_Djufrie"
            }
        },
        {
            "name": "Arkanata Akram",
            "title": "Calon Bupati",
            "description": "Arkanata Akram, S.T., B.E. (Hons), M.Eng.Sc. (lahir 21 November 1995) adalah seorang politikus Indonesia. Saat ini, ia menjabat sebagai Anggota DPR-RI sejak 2019 mewakili daerah pemilihan Kalimantan Utara. Pada pemilihan legislatif 2019, ia meraih suara sebanyak 30.315 suara. Arkanata merupakan kader Partai NasDem dan duduk di Komisi VII.",
            "profilePic": "https://upload.wikimedia.org/wikipedia/commons/thumb/4/41/Arkanata_Akram.jpg/220px-Arkanata_Akram.jpg",
            "communityID": "d6f5b1ea-eba2-4448-876c-c5b67a08b353",
            "sites": {
                "name": "Wikipedia",
                "url": "https://id.wikipedia.org/wiki/Arkanata_Akram"
            }
        },
        {
            "name": "Drs. H. Syafril",
            "title": "Calon Bupati",
            "description": null,
            "profilePic": "",
            "communityID": "d6f5b1ea-eba2-4448-876c-c5b67a08b353",
            "sites": null
        }
    ],
    "source": "https://id.wikipedia.org/wiki/Pemilihan_umum_Bupati_Bulungan_2024",
    "path": "kabupaten-bulungan"
}