{
    "title": "Pemilihan umum Bupati Cilacap 2024",
    "region": "Cilacap",
    "level": "KABUPATEN",
    "candidates": [
        {
            "name": "Rendy Prihartono ",
            "title": "Calon Bupati",
            "description": null,
            "profilePic": "",
            "communityID": "9a3d6a55-106a-46a6-8bd7-350e16b6513f",
            "sites": null
        },
        {
            "name": "Syamsul Aulia Rachman",
            "title": "Calon Bupati",
            "description": "Syamsul Aulia Rachman, S.STP., M.Si. (lahir 30 November 1985) adalah politisi PKB yang menjabat sebagai Wakil Bupati Cilacap periode 2017-2022. Syamsul juga menjabat sebagai Ketua Dewan Tanfidz DPC PKB Kabupaten Cilacap periode 2021-2026.",
            "profilePic": "",
            "communityID": "9a3d6a55-106a-46a6-8bd7-350e16b6513f",
            "sites": {
                "name": "Wikipedia",
                "url": "https://id.wikipedia.org/wiki/Syamsul_Aulia_Rachman"
            }
        },
        {
            "name": "Teti Rohatiningsih",
            "title": "Calon Bupati",
            "description": "Hj. Teti Rohatiningsih, S.Sos. (lahir 15 Agustus 1961) adalah politikus Indonesia yang menjabat sebagai anggota DPR-RI periode 2019\u20132024. Ia mewakili daerah pemilihan Jawa Tengah VIII, yang meliputi Kabupaten Banyumas dan Kabupaten Cilacap. Teti merupakan kader Partai Golongan Karya, ia bertugas di Komisi II.",
            "profilePic": "https://upload.wikimedia.org/wikipedia/commons/thumb/2/25/DPR_Teti_Rohatiningsih.jpg/220px-DPR_Teti_Rohatiningsih.jpg",
            "communityID": "9a3d6a55-106a-46a6-8bd7-350e16b6513f",
            "sites": {
                "name": "Wikipedia",
                "url": "https://id.wikipedia.org/wiki/Teti_Rohatiningsih"
            }
        },
        {
            "name": "Taufik Nurhidayat",
            "title": "Calon Bupati",
            "description": "Taufik Nurhidayat (lahir 31 Oktober 1967) adalah seorang politisi Indonesia yang merupakan politisi senior Partai Demokrasi Indonesia Perjuangan yang menjabat sebagai Ketua Dewan Perwakilan Rakyat Daerah Kabupaten Cilacap sejak 26 September 2019. Taufik Nurhidayat merupakan anggota DPRD Cilacap mewakili daerah pemilihan Cilacap 1 yang meliputi Kecamatan Cilacap Selatan, Cilacap Tengah, dan Cilacap Utara.",
            "profilePic": "https://upload.wikimedia.org/wikipedia/commons/thumb/7/72/KPU_Taufik_Nurhidayat.jpg/220px-KPU_Taufik_Nurhidayat.jpg",
            "communityID": "9a3d6a55-106a-46a6-8bd7-350e16b6513f",
            "sites": {
                "name": "Wikipedia",
                "url": "https://id.wikipedia.org/wiki/Taufik_Nurhidayat"
            }
        },
        {
            "name": "Akhmad Edi Susanto",
            "title": "Calon Bupati",
            "description": null,
            "profilePic": "",
            "communityID": "9a3d6a55-106a-46a6-8bd7-350e16b6513f",
            "sites": null
        },
        {
            "name": "Novita Wijayanti",
            "title": "Calon Bupati",
            "description": "Hj. Novita Wijayanti, S.E., M.M. (lahir 24 November 1979) adalah politikus berkebangsaan Indonesia. Dia terpilih menjadi anggota Dewan Perwakilan Rakyat Republik Indonesia melalui Partai Gerakan Indonesia Raya, mewakili daerah pemilihan VIII Jawa Tengah. Dia bertugas di Komisi V yang membidangi soal Perhubungan, Pekerjaan Umum, Perumahan Rakyat, Pembangunan Perdesaan dan Kawasan Tertinggal, Meteorologi, Klimatologi dan Geofisika. Sebelumnya, Novi merupakan anggota DPRD Provinsi Jawa Tengah periode 2004-2009  dan 2009-2013 melalui Partai Demokrasi Indonesia Perjuangan.",
            "profilePic": "https://upload.wikimedia.org/wikipedia/commons/thumb/7/79/Novita_Wijayanti.jpg/220px-Novita_Wijayanti.jpg",
            "communityID": "9a3d6a55-106a-46a6-8bd7-350e16b6513f",
            "sites": {
                "name": "Wikipedia",
                "url": "https://id.wikipedia.org/wiki/Novita_Wijayanti"
            }
        },
        {
            "name": "Taswan",
            "title": "Calon Bupati",
            "description": null,
            "profilePic": "",
            "communityID": "9a3d6a55-106a-46a6-8bd7-350e16b6513f",
            "sites": null
        },
        {
            "name": "Tietha Ernawati Suwarto",
            "title": "Calon Bupati",
            "description": null,
            "profilePic": "",
            "communityID": "9a3d6a55-106a-46a6-8bd7-350e16b6513f",
            "sites": null
        },
        {
            "name": "Ammy Amalia Fatma Surya",
            "title": "Calon Bupati",
            "description": null,
            "profilePic": "",
            "communityID": "9a3d6a55-106a-46a6-8bd7-350e16b6513f",
            "sites": null
        },
        {
            "name": "Achmad Mustaqim",
            "title": "Calon Bupati",
            "description": null,
            "profilePic": "",
            "communityID": "9a3d6a55-106a-46a6-8bd7-350e16b6513f",
            "sites": null
        },
        {
            "name": "Mustolih",
            "title": "Calon Bupati",
            "description": null,
            "profilePic": "",
            "communityID": "9a3d6a55-106a-46a6-8bd7-350e16b6513f",
            "sites": null
        },
        {
            "name": "Siti Rosidah",
            "title": "Calon Bupati",
            "description": null,
            "profilePic": "",
            "communityID": "9a3d6a55-106a-46a6-8bd7-350e16b6513f",
            "sites": null
        },
        {
            "name": "Saiful Musta\u2019in",
            "title": "Calon Bupati",
            "description": null,
            "profilePic": "",
            "communityID": "9a3d6a55-106a-46a6-8bd7-350e16b6513f",
            "sites": null
        },
        {
            "name": "Dedi Susanto",
            "title": "Calon Bupati",
            "description": null,
            "profilePic": "",
            "communityID": "9a3d6a55-106a-46a6-8bd7-350e16b6513f",
            "sites": null
        },
        {
            "name": "Purwati",
            "title": "Calon Bupati",
            "description": "Dr. Purwati, dr., Sp.PD, KPTI, FINASIM (lahir pada 1972 di Jombang, Jawa Timur) adalah dokter ahli penyakit dalam konsultan tropik infeksi yang menekuni penelitian dan terapi di bidang stem cell, gen, dan rekayasa protein untuk berbagai macam penyakit. Saat ini, ia menjabat sebagai Kepala Pusat Penelitian dan Pengembangan Stem Cell (P3SP) Universitas Airlangga (Unair). Ia merupakan pendiri Jakarta Clinic, RS Toto Tentrem, dan Laboratorium Pengolahan Sel Punca Asia Stem Cell Center.",
            "profilePic": "https://upload.wikimedia.org/wikipedia/commons/thumb/4/43/Peneliti_Universitas_Airlangga_Unair_Dokter_Purwati.jpg/225px-Peneliti_Universitas_Airlangga_Unair_Dokter_Purwati.jpg",
            "communityID": "9a3d6a55-106a-46a6-8bd7-350e16b6513f",
            "sites": {
                "name": "Wikipedia",
                "url": "https://id.wikipedia.org/wiki/Purwati"
            }
        },
        {
            "name": "Sindy Syakir",
            "title": "Calon Bupati",
            "description": null,
            "profilePic": "",
            "communityID": "9a3d6a55-106a-46a6-8bd7-350e16b6513f",
            "sites": null
        },
        {
            "name": "Hendrawan Supratikno",
            "title": "Calon Bupati",
            "description": "Prof. Dr. Hendrawan Supratikno (lahir 21 April 1960) merupakan politisi berdarah Tionghoa asli Indonesia. Ia merupakan anggota DPR RI dari Jawa Tengah yang bertugas di Komisi VI pada periode 2009-2014 dan bertugas di Komisi XI (Perbankan dan Keuangan) pada periode 2014-sekarang di Fraksi PDI Perjuangan sekaligus menjabat sebagai Ketua bidang Perekonomian DPP Partai Demokrasi Indonesia Perjuangan periode 2015-2020. Anggota Fraksi PDI Perjuangan DPR RI ini namanya mulai dikenal publik saat terlibat aktif dalam Panitia Khusus Angket Century akhir 2009 lalu. Performa saat di Pansus Angket Century, Hendrawan menunjukkan kelasnya. Penguasaan isu-isu teknis perbankan menjadi modal Hendrawan.",
            "profilePic": "",
            "communityID": "9a3d6a55-106a-46a6-8bd7-350e16b6513f",
            "sites": {
                "name": "Wikipedia",
                "url": "https://id.wikipedia.org/wiki/Hendrawan_Supratikno"
            }
        },
        {
            "name": "Budiman Sudjatmiko",
            "title": "Calon Bupati",
            "description": "Budiman Sudjatmiko, M.A., M.Phil., (lahir 10 Maret 1970) adalah seorang aktivis, politikus dan pemeran berkebangsaan Indonesia. Ia dikenal karena ikut menyusun Undang-Undang Desa dan mendirikan Gerakan Inovator 4.0. Ia juga dikenal sebagai aktivis reformasi atas keterlibatannya mendirikan dan memimpin Partai Rakyat Demokratik (PRD) dan membacakan manifesto PRD di ruang sidang. Bukunya, Anak-Anak Revolusi, menjadi salah satu sumber informasi mengenai dunia aktivisme pada masa Orde Baru.",
            "profilePic": "https://upload.wikimedia.org/wikipedia/commons/thumb/b/b8/Budiman_Sudjatmiko_hariadhi.png/220px-Budiman_Sudjatmiko_hariadhi.png",
            "communityID": "9a3d6a55-106a-46a6-8bd7-350e16b6513f",
            "sites": {
                "name": "Wikipedia",
                "url": "https://id.wikipedia.org/wiki/Budiman_Sudjatmiko"
            }
        }
    ],
    "source": "https://id.wikipedia.org/wiki/Pemilihan_umum_Bupati_Cilacap_2024",
    "path": "kabupaten-cilacap"
}