{
    "title": "Pemilihan umum Bupati Buru 2024",
    "region": "Buru",
    "level": "KABUPATEN",
    "candidates": [
        {
            "name": "Azis Hentihu",
            "title": "Calon Bupati",
            "description": null,
            "profilePic": "",
            "communityID": "a3853886-91ad-45c7-bdd8-a6fc0d806ee4",
            "sites": null
        },
        {
            "name": "Gadis Umasugi",
            "title": "Calon Bupati",
            "description": null,
            "profilePic": "",
            "communityID": "a3853886-91ad-45c7-bdd8-a6fc0d806ee4",
            "sites": null
        },
        {
            "name": "Ikram Umasugi",
            "title": "Calon Bupati",
            "description": null,
            "profilePic": "",
            "communityID": "a3853886-91ad-45c7-bdd8-a6fc0d806ee4",
            "sites": null
        },
        {
            "name": "Daniel Rigan",
            "title": "Calon Bupati",
            "description": null,
            "profilePic": "",
            "communityID": "a3853886-91ad-45c7-bdd8-a6fc0d806ee4",
            "sites": null
        }
    ],
    "source": "https://id.wikipedia.org/wiki/Pemilihan_umum_Bupati_Buru_2024",
    "path": "kabupaten-buru"
}