{
    "title": "Pemilihan umum Bupati Bintan 2024",
    "region": "Bintan",
    "level": "KABUPATEN",
    "candidates": [
        {
            "name": "Roby Kurniawan",
            "title": "Calon Bupati",
            "description": "Roby Kurniawan (lahir 3 Juni 1993) adalah Bupati Bintan sisa masa jabatan 2021\u20132024. Sebelumnya, ia menjabat sebagai Wakil Bupati Bintan sejak 26 Februari hingga 22 Agustus 2021.",
            "profilePic": "https://upload.wikimedia.org/wikipedia/commons/0/08/Roby_Kurniawan.jpg",
            "communityID": "c87839b9-1cb2-4fc4-bbb5-f5515aa3d376",
            "sites": {
                "name": "Wikipedia",
                "url": "https://id.wikipedia.org/wiki/Roby_Kurniawan"
            }
        },
        {
            "name": "Dalmasri Syam",
            "title": "Calon Bupati",
            "description": "Drs. H. Dalmasri Syam, M.M. (lahir 7 Agustus 1967) adalah Wakil Bupati Bintan periode 2016\u20142021.",
            "profilePic": "https://upload.wikimedia.org/wikipedia/commons/thumb/e/ec/Wakil_Bupati_Bintan_Dalmasri_Syam.png/250px-Wakil_Bupati_Bintan_Dalmasri_Syam.png",
            "communityID": "c87839b9-1cb2-4fc4-bbb5-f5515aa3d376",
            "sites": {
                "name": "Wikipedia",
                "url": "https://id.wikipedia.org/wiki/Dalmasri_Syam"
            }
        },
        {
            "name": "Azirwan",
            "title": "Calon Bupati",
            "description": null,
            "profilePic": "",
            "communityID": "c87839b9-1cb2-4fc4-bbb5-f5515aa3d376",
            "sites": null
        },
        {
            "name": "Edward Mushalli",
            "title": "Calon Bupati",
            "description": "Drs. H. Edward Mushalli (lahir 17 September 1952) adalah Wakil Wali Kota Tanjungpinang periode 2008\u20142013. Ia adalah wakil dari Wali Kota Tanjungpinang, Suryatati A. Manan.",
            "profilePic": "https://upload.wikimedia.org/wikipedia/commons/thumb/2/2e/Wakil_Wali_Kota_Tanjungpinang_Edward_Mushalli.jpg/200px-Wakil_Wali_Kota_Tanjungpinang_Edward_Mushalli.jpg",
            "communityID": "c87839b9-1cb2-4fc4-bbb5-f5515aa3d376",
            "sites": {
                "name": "Wikipedia",
                "url": "https://id.wikipedia.org/wiki/Edward_Mushalli"
            }
        },
        {
            "name": "Jamhur Ismail",
            "title": "Calon Bupati",
            "description": "Kolonel Inf. (Purn.) Drs. Jamhur Ismail, M.M. (lahir 12 Juni 1960) adalah seorang birokrat Indonesia. Ia menjabat Kepala Dinas Perhubungan Provinsi Kepulauan Riau periode 2017\u20142020.",
            "profilePic": "https://upload.wikimedia.org/wikipedia/commons/thumb/9/9f/Flag_of_Indonesia.svg/23px-Flag_of_Indonesia.svg.png",
            "communityID": "c87839b9-1cb2-4fc4-bbb5-f5515aa3d376",
            "sites": {
                "name": "Wikipedia",
                "url": "https://id.wikipedia.org/wiki/Jamhur_Ismail"
            }
        },
        {
            "name": "Agus Wibowo.",
            "title": "Calon Bupati",
            "description": null,
            "profilePic": "",
            "communityID": "c87839b9-1cb2-4fc4-bbb5-f5515aa3d376",
            "sites": null
        }
    ],
    "source": "https://id.wikipedia.org/wiki/Pemilihan_umum_Bupati_Bintan_2024",
    "path": "kabupaten-bintan"
}