{
    "title": "Pemilihan umum Bupati Rokan Hulu 2024",
    "region": "Rokan Hulu",
    "level": "KABUPATEN",
    "candidates": [
        {
            "name": "Assoc. Prof. Dr. Desmelati, S.Pi., M.Sc",
            "title": "Calon Bupati",
            "description": null,
            "profilePic": "",
            "communityID": "05abb0f1-7c5c-4336-8026-8368042c673c",
            "sites": null
        },
        {
            "name": "Indra Gunawan",
            "title": "Calon Bupati",
            "description": "H. Indra Gunawan atau yang akrab disapa ''Ujang Lurah'' ini (lahir 21 Desember 1969) adalah Politisi asal Riau yang saat ini menjabat sebagai Wakil Bupati Rokan Hulu periode 2021\u20142024. Ia adalah wakil dari Bupati Rokan Hulu, Sukiman. Sebelumnya ia berprofesi sebagai Wiraswasta sebelum memutuskan untuk terjun ke dunia politik.",
            "profilePic": "https://upload.wikimedia.org/wikipedia/commons/thumb/e/ef/Wakil_Bupati_Rokan_Hulu_periode_2021-2024%2C_Indra_Gunawan.jpg/220px-Wakil_Bupati_Rokan_Hulu_periode_2021-2024%2C_Indra_Gunawan.jpg",
            "communityID": "05abb0f1-7c5c-4336-8026-8368042c673c",
            "sites": {
                "name": "Wikipedia",
                "url": "https://id.wikipedia.org/wiki/Indra_Gunawan_(politikus)"
            }
        },
        {
            "name": "Hafith Syukri",
            "title": "Calon Bupati",
            "description": null,
            "profilePic": "",
            "communityID": "05abb0f1-7c5c-4336-8026-8368042c673c",
            "sites": null
        },
        {
            "name": "Gustian Riau",
            "title": "Calon Bupati",
            "description": null,
            "profilePic": "",
            "communityID": "05abb0f1-7c5c-4336-8026-8368042c673c",
            "sites": null
        },
        {
            "name": "Sari Antoni",
            "title": "Calon Bupati",
            "description": null,
            "profilePic": "",
            "communityID": "05abb0f1-7c5c-4336-8026-8368042c673c",
            "sites": null
        },
        {
            "name": "Kelmi Amri",
            "title": "Calon Bupati",
            "description": null,
            "profilePic": "",
            "communityID": "05abb0f1-7c5c-4336-8026-8368042c673c",
            "sites": null
        },
        {
            "name": "Adam Syafaat",
            "title": "Calon Bupati",
            "description": null,
            "profilePic": "",
            "communityID": "05abb0f1-7c5c-4336-8026-8368042c673c",
            "sites": null
        },
        {
            "name": "Syamsurizal.",
            "title": "Calon Bupati",
            "description": null,
            "profilePic": "",
            "communityID": "05abb0f1-7c5c-4336-8026-8368042c673c",
            "sites": null
        },
        {
            "name": "Novli Wanda Ade Putra",
            "title": "Calon Bupati",
            "description": "Novli Wanda Ade Putra, ST,. M.Si gelar Datuk Setia Mufakat Panglimo Mudo (lahir 22 November 1989), dikenal dengan sapaan Bung Wanda adalah seorang kader/politisi Partai Gerakan Indonesia Raya (Gerindra) asal Rokan Hulu, Riau. Saat ini, ia menjabat sebagai Ketua DPRD Kabupaten Rokan Hulu periode 2019-2024. Sebelumnya, ia menjabat sebagai Anggota DPRD Kabupaten Rokan Hulu periode 2014-2019.",
            "profilePic": "https://upload.wikimedia.org/wikipedia/commons/thumb/6/67/Ketua_DPRD_Rokan_Hulu_ke-6_Novli_Wanda_Ade_Putra.jpg/220px-Ketua_DPRD_Rokan_Hulu_ke-6_Novli_Wanda_Ade_Putra.jpg",
            "communityID": "05abb0f1-7c5c-4336-8026-8368042c673c",
            "sites": {
                "name": "Wikipedia",
                "url": "https://id.wikipedia.org/wiki/Novli_Wanda_Ade_Putra"
            }
        },
        {
            "name": "Budiman Lubis",
            "title": "Calon Bupati",
            "description": null,
            "profilePic": "",
            "communityID": "05abb0f1-7c5c-4336-8026-8368042c673c",
            "sites": null
        },
        {
            "name": "Syafaruddin Poti",
            "title": "Calon Bupati",
            "description": null,
            "profilePic": "",
            "communityID": "05abb0f1-7c5c-4336-8026-8368042c673c",
            "sites": null
        },
        {
            "name": "Septina Primawati",
            "title": "Calon Bupati",
            "description": "Dra. Hj. Septina Primawati, M.M. (lahir 21 September 1961) adalah politikus Partai Golongan Karya yang menjabat Anggota Dewan Perwakilan Rakyat Daerah (DPRD) Provinsi Riau Fraksi Golkar 2 periode yakni 2014\u20142019 dan 2019\u20142024. Ia juga pernah menjabat sebagai Ketua DPRD Riau periode 2016\u20142019.",
            "profilePic": "https://upload.wikimedia.org/wikipedia/commons/thumb/1/10/KPU_Septina_Primawati.jpg/200px-KPU_Septina_Primawati.jpg",
            "communityID": "05abb0f1-7c5c-4336-8026-8368042c673c",
            "sites": {
                "name": "Wikipedia",
                "url": "https://id.wikipedia.org/wiki/Septina_Primawati"
            }
        }
    ],
    "source": "https://id.wikipedia.org/wiki/Pemilihan_umum_Bupati_Rokan_Hulu_2024",
    "path": "kabupaten-rokan-hulu"
}