{
    "title": "Pemilihan umum Bupati Sidenreng Rappang 2024",
    "region": "Sidenreng Rappang",
    "level": "KABUPATEN",
    "candidates": [
        {
            "name": "Dollah Mando",
            "title": "Calon Bupati",
            "description": "Ir. H. Dollah Mando (lahir 2 Desember 1950) adalah seorang politisi dan birokrat Indonesia kelahiran Lawawoi yang menjabat selaku Bupati Sidrap periode 2018\u20132023. Ia menempuh pendidikan di Sekolah Rakyat (SR) atau sekarang disebut Sekolah Dasar (SD), Lawawoi pada tahun 1963. Kemudian, Dollah Mando masuk SMP Negeri 1 Pangkajene pada tahun 1966. Tiga tahun kemudian, pada tahun 1969, ia masuk SMA Pangkajene. Ia melanjutkan pendidikan pada bidang Pertanian di Universitas Hasanuddin (Unhas) Makassar.",
            "profilePic": "https://upload.wikimedia.org/wikipedia/commons/thumb/2/2b/Bupati_Sidrap%2C_Dollah_Mando.png/220px-Bupati_Sidrap%2C_Dollah_Mando.png",
            "communityID": "75cda911-3e48-4d6c-a36b-6b40aab16805",
            "sites": {
                "name": "Wikipedia",
                "url": "https://id.wikipedia.org/wiki/Dollah_Mando"
            }
        },
        {
            "name": "Mahfud Yusuf",
            "title": "Calon Bupati",
            "description": "Ir. H. Mahfud Yusuf (lahir 21 April 1966) adalah wakil bupati Sidrap periode 2018\u20132023, ia berpasangan dengan bupati Dollah Mando.",
            "profilePic": "https://upload.wikimedia.org/wikipedia/commons/thumb/6/6b/Wakil_Bupati_Sidrap%2C_Mahmud_Yusuf.png/220px-Wakil_Bupati_Sidrap%2C_Mahmud_Yusuf.png",
            "communityID": "75cda911-3e48-4d6c-a36b-6b40aab16805",
            "sites": {
                "name": "Wikipedia",
                "url": "https://id.wikipedia.org/wiki/Mahfud_Yusuf"
            }
        },
        {
            "name": "Ruslan",
            "title": "Calon Bupati",
            "description": "Irjen. Pol. (Purn.) Drs. Ruslan, S.H., M.H. (lahir 27 Juni 1963) adalah seorang Purnawirawan Polri yang sebelumnya menjabat sebagai Widyaiswara Kepolisian Utama Tingkat I Sespim Lemdiklat Polri.",
            "profilePic": "https://upload.wikimedia.org/wikipedia/commons/thumb/9/9f/Flag_of_Indonesia.svg/23px-Flag_of_Indonesia.svg.png",
            "communityID": "75cda911-3e48-4d6c-a36b-6b40aab16805",
            "sites": {
                "name": "Wikipedia",
                "url": "https://id.wikipedia.org/wiki/Ruslan"
            }
        },
        {
            "name": "Ahmad Salihin",
            "title": "Calon Bupati",
            "description": null,
            "profilePic": "",
            "communityID": "75cda911-3e48-4d6c-a36b-6b40aab16805",
            "sites": null
        },
        {
            "name": "Abdul Rahman Mustafa",
            "title": "Calon Bupati",
            "description": null,
            "profilePic": "",
            "communityID": "75cda911-3e48-4d6c-a36b-6b40aab16805",
            "sites": null
        },
        {
            "name": "Zulkifli Zain",
            "title": "Calon Bupati",
            "description": null,
            "profilePic": "",
            "communityID": "75cda911-3e48-4d6c-a36b-6b40aab16805",
            "sites": null
        },
        {
            "name": "Syaharuddin Alrif",
            "title": "Calon Bupati",
            "description": null,
            "profilePic": "",
            "communityID": "75cda911-3e48-4d6c-a36b-6b40aab16805",
            "sites": null
        },
        {
            "name": "Badaruddin Puang Sabang",
            "title": "Calon Bupati",
            "description": null,
            "profilePic": "",
            "communityID": "75cda911-3e48-4d6c-a36b-6b40aab16805",
            "sites": null
        },
        {
            "name": "Agus Arifin Nu'mang",
            "title": "Calon Bupati",
            "description": "Ir. H. Agus Arifin Nu'mang, M.S. (lahir 16 Agustus 1963) adalah Wakil Gubernur Sulawesi Selatan yang menjabat sejak 8 April 2008 hingga 8 April 2018.",
            "profilePic": "https://upload.wikimedia.org/wikipedia/commons/thumb/f/f2/Edit-clear.svg/40px-Edit-clear.svg.png",
            "communityID": "75cda911-3e48-4d6c-a36b-6b40aab16805",
            "sites": {
                "name": "Wikipedia",
                "url": "https://id.wikipedia.org/wiki/Agus_Arifin_Nu%27mang"
            }
        },
        {
            "name": "A. Sukri Baharman",
            "title": "Calon Bupati",
            "description": null,
            "profilePic": "",
            "communityID": "75cda911-3e48-4d6c-a36b-6b40aab16805",
            "sites": null
        },
        {
            "name": "Andi Faisal Ranggong",
            "title": "Calon Bupati",
            "description": null,
            "profilePic": "",
            "communityID": "75cda911-3e48-4d6c-a36b-6b40aab16805",
            "sites": null
        },
        {
            "name": "Takyuddin Masse",
            "title": "Calon Bupati",
            "description": null,
            "profilePic": "",
            "communityID": "75cda911-3e48-4d6c-a36b-6b40aab16805",
            "sites": null
        },
        {
            "name": "Bahar Yahya",
            "title": "Calon Bupati",
            "description": null,
            "profilePic": "",
            "communityID": "75cda911-3e48-4d6c-a36b-6b40aab16805",
            "sites": null
        },
        {
            "name": "Andi Parenrengi",
            "title": "Calon Bupati",
            "description": null,
            "profilePic": "",
            "communityID": "75cda911-3e48-4d6c-a36b-6b40aab16805",
            "sites": null
        }
    ],
    "source": "https://id.wikipedia.org/wiki/Pemilihan_umum_Bupati_Sidenreng_Rappang_2024",
    "path": "kabupaten-sidenreng-rappang"
}