{
    "title": "Pemilihan umum Bupati Tanjung Jabung Barat 2024",
    "region": "Tanjung Jabung Barat",
    "level": "KABUPATEN",
    "candidates": [
        {
            "name": "Anwar Sadat",
            "title": "Calon Bupati",
            "description": "Drs. H. Anwar Sadat, M.Ag. (lahir 21 Januari 1966) adalah Bupati Tanjung Jabung Barat periode 2021\u20132024. Bersama wakilnya, Hairan, mereka berhasil memenangkan pemilihan umum Bupati Tanjung Jabung Barat 2020.",
            "profilePic": "https://upload.wikimedia.org/wikipedia/commons/thumb/8/85/Bupati_Tanjabbar_Anwar_Sadat.jpg/220px-Bupati_Tanjabbar_Anwar_Sadat.jpg",
            "communityID": "e59dadfd-4131-414f-8689-7f2bd3764684",
            "sites": {
                "name": "Wikipedia",
                "url": "https://id.wikipedia.org/wiki/Anwar_Sadat_(bupati)"
            }
        },
        {
            "name": "Hairan",
            "title": "Calon Bupati",
            "description": "H. Hairan, S.H. (lahir 22 Maret 1978) adalah Wakil Bupati Tanjung Jabung Barat periode 2021\u20142024. Ia merupakan wakil dari Bupati, Anwar Sadat.",
            "profilePic": "https://upload.wikimedia.org/wikipedia/commons/thumb/e/e0/Wabup_Tanjabbar_Hairan.jpg/220px-Wabup_Tanjabbar_Hairan.jpg",
            "communityID": "e59dadfd-4131-414f-8689-7f2bd3764684",
            "sites": {
                "name": "Wikipedia",
                "url": "https://id.wikipedia.org/wiki/Hairan"
            }
        },
        {
            "name": "Ahmad Jafar",
            "title": "Calon Bupati",
            "description": null,
            "profilePic": "",
            "communityID": "e59dadfd-4131-414f-8689-7f2bd3764684",
            "sites": null
        },
        {
            "name": "Faisal Riza",
            "title": "Calon Bupati",
            "description": null,
            "profilePic": "",
            "communityID": "e59dadfd-4131-414f-8689-7f2bd3764684",
            "sites": null
        },
        {
            "name": "Cici Halimah Safrial",
            "title": "Calon Bupati",
            "description": "Cici Halimah Safrial adalah seorang politikus Indonesia. Ia merupakan istri dari Bupati Tanjung Jabung Barat periode 2016-2021 Safrial. Ia tergabung dalam Partai Demokrasi Indonesia Perjuangan. Ia menjadi anggota DPRD Tanjung Jabung Barat dari 2009 sampai 2024.",
            "profilePic": "https://upload.wikimedia.org/wikipedia/commons/thumb/d/d8/KPU_Cici_Halimah_Safrial.jpg/220px-KPU_Cici_Halimah_Safrial.jpg",
            "communityID": "e59dadfd-4131-414f-8689-7f2bd3764684",
            "sites": {
                "name": "Wikipedia",
                "url": "https://id.wikipedia.org/wiki/Cici_Halimah_Safrial"
            }
        },
        {
            "name": "Mulyani Siregar",
            "title": "Calon Bupati",
            "description": null,
            "profilePic": "",
            "communityID": "e59dadfd-4131-414f-8689-7f2bd3764684",
            "sites": null
        },
        {
            "name": "M Harrifar Syafar",
            "title": "Calon Bupati",
            "description": null,
            "profilePic": "",
            "communityID": "e59dadfd-4131-414f-8689-7f2bd3764684",
            "sites": null
        }
    ],
    "source": "https://id.wikipedia.org/wiki/Pemilihan_umum_Bupati_Tanjung_Jabung_Barat_2024",
    "path": "kabupaten-tanjung-jabung-barat"
}