{
    "title": "Pemilihan umum Bupati Nias Selatan 2024",
    "region": "Nias Selatan",
    "level": "KABUPATEN",
    "path": "kabupaten-nias-selatan",
    "source": "https://id.wikipedia.org/wiki/Pemilihan_umum_Bupati_Nias_Selatan_2024",
    "communityID": "9ba396d2-1e56-4b1b-9f42-b3d500457efc",
    "candidates": [
        {
            "name": "Idealisman Dachi",
            "description": "Idealisman Dachi[1] (lahir 27 April 1972) adalah politikus Indonesia yang menjabat sebagai Bupati Nias Selatan periode 2011\u20132016.\n",
            "profilePic": "https://upload.wikimedia.org/wikipedia/commons/a/a3/KPU_Idealisman_Dachi.jpg",
            "title": "Mantan Bupati Nias Selatan",
            "sites": {
                "name": "Wikipedia",
                "url": "https://id.wikipedia.org/wiki/Idealisman_Dachi"
            },
            "communityID": "9ba396d2-1e56-4b1b-9f42-b3d500457efc"
        },
        {
            "name": "Anton Anotona Zagoto",
            "description": "",
            "profilePic": "",
            "title": null,
            "sites": {},
            "communityID": "9ba396d2-1e56-4b1b-9f42-b3d500457efc"
        }
    ]
}