{
    "title": "Pemilihan umum Bupati Karangasem 2024",
    "region": "Karangasem",
    "level": "KABUPATEN",
    "candidates": [
        {
            "name": "I Gede Dana",
            "title": "Calon Bupati",
            "description": "I Gede Dana, S.Pd., M.Si. (lahir 1 Januari 1968) adalah politisi PDI Perjuangan yang menjabat sebagai Bupati Karangasem periode 2021-2024. Ia sempat menjabat sebagai Ketua DPRD Kabupaten Karangasem sejak 11 September 2019 sampai akhirnya mengundurkan diri dikarenakan maju dalam Pilkada Karangasem 2020. Ia maju didampingi Wakil Bupati Karangasem I Wayan Artha Dipa yang diusung PDI Perjuangan dan Partai Hanura.",
            "profilePic": "https://upload.wikimedia.org/wikipedia/commons/thumb/3/3e/Bupati_Karangasem_I_Gede_Dana.png/220px-Bupati_Karangasem_I_Gede_Dana.png",
            "communityID": "14403f0e-c45a-454a-8a45-317593402c8b",
            "sites": {
                "name": "Wikipedia",
                "url": "https://id.wikipedia.org/wiki/I_Gede_Dana"
            }
        },
        {
            "name": "I Nyoman Suyasa",
            "title": "Calon Bupati",
            "description": null,
            "profilePic": "",
            "communityID": "14403f0e-c45a-454a-8a45-317593402c8b",
            "sites": null
        },
        {
            "name": "I Komang Wirawan",
            "title": "Calon Bupati",
            "description": null,
            "profilePic": "",
            "communityID": "14403f0e-c45a-454a-8a45-317593402c8b",
            "sites": null
        },
        {
            "name": "I Gusti Putu Parwata",
            "title": "Calon Bupati",
            "description": null,
            "profilePic": "",
            "communityID": "14403f0e-c45a-454a-8a45-317593402c8b",
            "sites": null
        }
    ],
    "source": "https://id.wikipedia.org/wiki/Pemilihan_umum_Bupati_Karangasem_2024",
    "path": "kabupaten-karangasem"
}