{
    "title": "Pemilihan umum Bupati Nias Barat 2024",
    "region": "Nias Barat",
    "level": "KABUPATEN",
    "candidates": [
        {
            "name": "Khenoki Waruwu",
            "title": "Calon Bupati",
            "description": "Khenoki Waruwu (lahir 5 Juni 1965) adalah Bupati Nias Barat periode 2021-2024. Ia menjabat sejak 26 April 2021 setelah dilantik Gubernur Sumatera Utara, Edy Rahmayadi di Aula Raja Inal Siregar Lantai II Kantor Gubernur Sumatera Utara, Medan. Ia juga merupakan politisi Partai Hanura dan dipercaya sebagai Ketua DPC Partai Hanura Kabupaten Nias Barat.",
            "profilePic": "https://upload.wikimedia.org/wikipedia/commons/thumb/0/08/Lambang_kabupaten_nias_barat.jpg/50px-Lambang_kabupaten_nias_barat.jpg",
            "communityID": "0647321b-c70e-4981-932c-59e294d85b81",
            "sites": {
                "name": "Wikipedia",
                "url": "https://id.wikipedia.org/wiki/Khenoki_Waruwu"
            }
        },
        {
            "name": "Era Era Hia",
            "title": "Calon Bupati",
            "description": "Dr. Era Era Hia, M.M., M.Si. (lahir 19 Februari 1974) adalah Wakil Bupati Nias Barat periode 2021\u20132024. Ia menjabat sejak 26 April 2021 setelah dilantik Gubernur Sumatera Utara, Edy Rahmayadi di Aula Raja Inal Siregar Lantai II Kantor Gubernur Sumatera Utara, Medan.",
            "profilePic": "https://upload.wikimedia.org/wikipedia/commons/6/67/Era_Era_Hia_2021.jpg",
            "communityID": "0647321b-c70e-4981-932c-59e294d85b81",
            "sites": {
                "name": "Wikipedia",
                "url": "https://id.wikipedia.org/wiki/Era_Era_Hia"
            }
        },
        {
            "name": "Eliyunus Waruwu",
            "title": "Calon Bupati",
            "description": "Partai Demokrasi Indonesia Perjuangan",
            "profilePic": "https://upload.wikimedia.org/wikipedia/commons/thumb/0/08/Lambang_kabupaten_nias_barat.jpg/50px-Lambang_kabupaten_nias_barat.jpg",
            "communityID": "0647321b-c70e-4981-932c-59e294d85b81",
            "sites": {
                "name": "Wikipedia",
                "url": "https://id.wikipedia.org/wiki/Eliyunus_Waruwu"
            }
        },
        {
            "name": "Evolut Zebua",
            "title": "Calon Bupati",
            "description": null,
            "profilePic": "",
            "communityID": "0647321b-c70e-4981-932c-59e294d85b81",
            "sites": null
        },
        {
            "name": "Firman Jaya Daeli",
            "title": "Calon Bupati",
            "description": null,
            "profilePic": "",
            "communityID": "0647321b-c70e-4981-932c-59e294d85b81",
            "sites": null
        },
        {
            "name": "Adrianus Aroziduhu Gulo",
            "title": "Calon Bupati",
            "description": null,
            "profilePic": "",
            "communityID": "0647321b-c70e-4981-932c-59e294d85b81",
            "sites": null
        }
    ],
    "source": "https://id.wikipedia.org/wiki/Pemilihan_umum_Bupati_Nias_Barat_2024",
    "path": "kabupaten-nias-barat"
}