{
    "title": "Pemilihan umum Bupati Nias 2024",
    "region": "Nias",
    "level": "KABUPATEN",
    "path": "kabupaten-nias",
    "source": "https://id.wikipedia.org/wiki/Pemilihan_umum_Bupati_Nias_2024",
    "communityID": "7ceaa692-ae96-4e88-bbc1-84cd0be59e21",
    "candidates": [
        {
            "name": "Ya'atulo Gulo",
            "description": "Ya'atul\u00f6 Gul\u00f6, S.E., S.H., M.Si. (lahir 16 Juni 1972) adalah Bupati Nias periode 2021\u20132024. Ia menjabat sejak 10 Juni 2021 setelah dilantik Gubernur Sumatera Utara, Edy Rahmayadi di Aula Tengku Rizal Nurdin Rumah Dinas Gubernur Sumatera Utara, Medan.[1]\n",
            "profilePic": "https://upload.wikimedia.org/wikipedia/commons/0/0a/Ya%27atulo_Gulo.jpg",
            "title": "Bupati Nias",
            "sites": {
                "name": "Wikipedia",
                "url": "https://id.wikipedia.org/wiki/Ya%27atulo_Gulo"
            },
            "communityID": "7ceaa692-ae96-4e88-bbc1-84cd0be59e21"
        },
        {
            "name": "Arota Lase",
            "description": "Arota Lase, A.Md. (lahir 15 Agustus 1958) adalah Wakil Bupati Nias, periode 2021\u20132024. Ia menjabat sejak 10 Juni 2021 setelah dilantik Gubernur Sumatera Utara, Edy Rahmayadi di Aula Tengku Rizal Nurdin Rumah Dinas Gubernur Sumatera Utara, Medan.[1]\n",
            "profilePic": "https://upload.wikimedia.org/wikipedia/commons/4/4d/Wakil-bupati.png",
            "title": "Wakil Bupati Nias",
            "sites": {
                "name": "Wikipedia",
                "url": "https://id.wikipedia.org/wiki/Arota_Lase"
            },
            "communityID": "7ceaa692-ae96-4e88-bbc1-84cd0be59e21"
        },
        {
            "name": "Pemilihan umum Bupati Nias 2020",
            "description": "Partai Demokrat\n",
            "profilePic": "https://upload.wikimedia.org/wikipedia/commons/thumb/4/48/Lokasi_Sumatra_Utara_Kabupaten_Nias.svg/1200px-Lokasi_Sumatra_Utara_Kabupaten_Nias.svg.png",
            "title": "Mantan Wakil Bupati Nias",
            "sites": {
                "name": "Wikipedia",
                "url": "https://id.wikipedia.org/wiki/Aros%C3%B6khi_Waruwu"
            },
            "communityID": "7ceaa692-ae96-4e88-bbc1-84cd0be59e21"
        },
        {
            "name": "Pemilihan umum Bupati Nias 2020",
            "description": "Partai Demokrat\n",
            "profilePic": "https://upload.wikimedia.org/wikipedia/commons/thumb/4/48/Lokasi_Sumatra_Utara_Kabupaten_Nias.svg/1200px-Lokasi_Sumatra_Utara_Kabupaten_Nias.svg.png",
            "title": "Mantan Lurah Tualang",
            "sites": {
                "name": "Wikipedia",
                "url": "https://id.wikipedia.org/wiki/Enan%C3%B6i_Dohare"
            },
            "communityID": "7ceaa692-ae96-4e88-bbc1-84cd0be59e21"
        },
        {
            "name": "Ameyunus Zai",
            "description": "",
            "profilePic": "",
            "title": "Wakil Ketua II DPRD Nias",
            "sites": {},
            "communityID": "7ceaa692-ae96-4e88-bbc1-84cd0be59e21"
        },
        {
            "name": "Alinuru Laoli",
            "description": "",
            "profilePic": "",
            "title": "Ketua DPRD Nias",
            "sites": {},
            "communityID": "7ceaa692-ae96-4e88-bbc1-84cd0be59e21"
        },
        {
            "name": "Fo'arota Gulo",
            "description": "",
            "profilePic": "",
            "title": "Anggota DPRD Nias",
            "sites": {},
            "communityID": "7ceaa692-ae96-4e88-bbc1-84cd0be59e21"
        },
        {
            "name": "Sabayuti Gulo",
            "description": "",
            "profilePic": "",
            "title": "Wakil Ketua I DPRD Nias",
            "sites": {},
            "communityID": "7ceaa692-ae96-4e88-bbc1-84cd0be59e21"
        },
        {
            "name": "Faigiasa Bawamenewi",
            "description": "",
            "profilePic": "",
            "title": "Mantan Cabup Nias 2015",
            "sites": {},
            "communityID": "7ceaa692-ae96-4e88-bbc1-84cd0be59e21"
        },
        {
            "name": "Firman Yanus Larosa",
            "description": "",
            "profilePic": "",
            "title": "Mantan Sekda Nias",
            "sites": {},
            "communityID": "7ceaa692-ae96-4e88-bbc1-84cd0be59e21"
        }
    ]
}