{
    "title": "Pemilihan umum Bupati Mempawah 2024",
    "region": "Mempawah",
    "level": "KABUPATEN",
    "candidates": [
        {
            "name": "Erlina Ria Norsan",
            "title": "Calon Bupati",
            "description": "Hj. Erlina Ria Norsan, S.H., M.H. (lahir 14 April 1970) adalah politikus Indonesia yang menjabat sebagai bupati Mempawah sejak 14 April 2019.",
            "profilePic": "https://upload.wikimedia.org/wikipedia/commons/thumb/a/ae/Erlina_Ria_Norsan.jpg/220px-Erlina_Ria_Norsan.jpg",
            "communityID": "0f078014-82b7-40b1-aadf-23ea23ac4c53",
            "sites": {
                "name": "Wikipedia",
                "url": "https://id.wikipedia.org/wiki/Erlina_(politikus,_lahir_1970)"
            }
        },
        {
            "name": "Muhammad Pagi",
            "title": "Calon Bupati",
            "description": "Muhammad Pagi (17 Mei 1968\u00a0\u2013\u00a020 Januari 2024) adalah seorang politikus Indonesia kelahiran Desa Sungai Purun Besar, Kecamatan Segedong, Kabupaten Mempawah. Pada pemilihan umum Bupati Mempawah 2018, ia terpilih menjadi Wakil Bupati Mempawah mendampingi Erlina Ria Norsan selaku Bupati Mempawah. Ia meninggal di Rumah Sakit KPJ Kuching, Sarawak, Malaysia.",
            "profilePic": "https://upload.wikimedia.org/wikipedia/commons/thumb/8/81/Muhammad_Pagi.jpg/220px-Muhammad_Pagi.jpg",
            "communityID": "0f078014-82b7-40b1-aadf-23ea23ac4c53",
            "sites": {
                "name": "Wikipedia",
                "url": "https://id.wikipedia.org/wiki/Muhammad_Pagi"
            }
        },
        {
            "name": "Ermin Elviani",
            "title": "Calon Bupati",
            "description": null,
            "profilePic": "",
            "communityID": "0f078014-82b7-40b1-aadf-23ea23ac4c53",
            "sites": null
        },
        {
            "name": "Ria Mulyadi",
            "title": "Calon Bupati",
            "description": null,
            "profilePic": "",
            "communityID": "0f078014-82b7-40b1-aadf-23ea23ac4c53",
            "sites": null
        },
        {
            "name": "Sayuti",
            "title": "Calon Bupati",
            "description": null,
            "profilePic": "",
            "communityID": "0f078014-82b7-40b1-aadf-23ea23ac4c53",
            "sites": null
        },
        {
            "name": "Abdul Mutolib",
            "title": "Calon Bupati",
            "description": null,
            "profilePic": "",
            "communityID": "0f078014-82b7-40b1-aadf-23ea23ac4c53",
            "sites": null
        },
        {
            "name": "Rahmad Satria",
            "title": "Calon Bupati",
            "description": null,
            "profilePic": "",
            "communityID": "0f078014-82b7-40b1-aadf-23ea23ac4c53",
            "sites": null
        },
        {
            "name": "Mardan Adijaya Kesuma Ibrahim",
            "title": "Calon Bupati",
            "description": null,
            "profilePic": "",
            "communityID": "0f078014-82b7-40b1-aadf-23ea23ac4c53",
            "sites": null
        },
        {
            "name": "Ismail",
            "title": "Calon Bupati",
            "description": "",
            "profilePic": "https://upload.wikimedia.org/wikipedia/commons/thumb/e/ec/Prophet_Ismail_Name.svg/220px-Prophet_Ismail_Name.svg.png",
            "communityID": "0f078014-82b7-40b1-aadf-23ea23ac4c53",
            "sites": {
                "name": "Wikipedia",
                "url": "https://id.wikipedia.org/wiki/Ismail"
            }
        },
        {
            "name": "Rusli Abdullah",
            "title": "Calon Bupati",
            "description": null,
            "profilePic": "",
            "communityID": "0f078014-82b7-40b1-aadf-23ea23ac4c53",
            "sites": null
        }
    ],
    "source": "https://id.wikipedia.org/wiki/Pemilihan_umum_Bupati_Mempawah_2024",
    "path": "kabupaten-mempawah"
}