{
    "title": "Pemilihan umum Bupati Natuna 2024",
    "region": "Natuna",
    "level": "KABUPATEN",
    "candidates": [
        {
            "name": "Wan Siswandi",
            "title": "Calon Bupati",
            "description": "Wan Siswandi, S. Sos., M. Si. (Jawi: \u0648\u0627\u0646 \u0635\u064a\u0633\u0648\u0627\u0646\u062f\u064a; lahir 2 Januari 1969) adalah birokrat dan politikus Indonesia yang menjabat sebagai Bupati Natuna sejak 24 Mei 2021. Sebelumnya, ia menjabat sebagai Sekretaris Daerah Kabupaten Natuna sejak 29 Desember 2016 menggantikan Samsurizon hingga pengunduran dirinya pada 19 Agustus 2020.",
            "profilePic": "https://upload.wikimedia.org/wikipedia/commons/thumb/7/7d/Bupati_Natuna_Wan_Siswandi.jpg/250px-Bupati_Natuna_Wan_Siswandi.jpg",
            "communityID": "25e862c0-e76b-43b1-884b-182ea7f8d358",
            "sites": {
                "name": "Wikipedia",
                "url": "https://id.wikipedia.org/wiki/Wan_Siswandi"
            }
        },
        {
            "name": "Rodhial Huda",
            "title": "Calon Bupati",
            "description": "Rodhial Huda atau lebih dikenal dengan nama Wak Yal (lahir 3 Agustus 1967) adalah politikus Indonesia yang menjabat sebagai Wakil Bupati Natuna sejak 24 Mei 2021 mendampingi Wan Siswandi. Ia merupakan tokoh masyarakat dan pemerhati maritim di Kabupaten Natuna.",
            "profilePic": "https://upload.wikimedia.org/wikipedia/commons/thumb/e/ed/Wakil_Bupati_Natuna_Rodhial_Huda.jpg/250px-Wakil_Bupati_Natuna_Rodhial_Huda.jpg",
            "communityID": "25e862c0-e76b-43b1-884b-182ea7f8d358",
            "sites": {
                "name": "Wikipedia",
                "url": "https://id.wikipedia.org/wiki/Rodhial_Huda"
            }
        },
        {
            "name": "Mustamin Bakri",
            "title": "Calon Bupati",
            "description": null,
            "profilePic": "",
            "communityID": "25e862c0-e76b-43b1-884b-182ea7f8d358",
            "sites": null
        },
        {
            "name": "Daeng Amhar",
            "title": "Calon Bupati",
            "description": null,
            "profilePic": "",
            "communityID": "25e862c0-e76b-43b1-884b-182ea7f8d358",
            "sites": null
        },
        {
            "name": "Daeng Ganda Rahmatullah",
            "title": "Calon Bupati",
            "description": null,
            "profilePic": "",
            "communityID": "25e862c0-e76b-43b1-884b-182ea7f8d358",
            "sites": null
        },
        {
            "name": "Hadi Chandra",
            "title": "Calon Bupati",
            "description": null,
            "profilePic": "",
            "communityID": "25e862c0-e76b-43b1-884b-182ea7f8d358",
            "sites": null
        },
        {
            "name": "Ilyas Sabli",
            "title": "Calon Bupati",
            "description": "Drs. H. Ilyas Sabli, M.Si. (lahir 31 Agustus 1960) adalah Anggota DPRD Kepulauan Riau Fraksi NasDem periode 2019\u20142024.",
            "profilePic": "https://upload.wikimedia.org/wikipedia/commons/thumb/4/4b/Bupati_natuna_ilyas_sabli.jpg/250px-Bupati_natuna_ilyas_sabli.jpg",
            "communityID": "25e862c0-e76b-43b1-884b-182ea7f8d358",
            "sites": {
                "name": "Wikipedia",
                "url": "https://id.wikipedia.org/wiki/Ilyas_Sabli"
            }
        },
        {
            "name": "Ngesti Yuni Suprapti",
            "title": "Calon Bupati",
            "description": "Dra. Hj. Ngesti Yuni Suprapti, M.A. (lahir 16 Juni 1964) adalah politikus Indonesia yang pernah menjabat Wakil Bupati Natuna sejak 4 Mei 2016 hingga 4 Mei 2021. Ia adalah wakil dari Bupati Natuna, Hamid Rizal. Ngesti Yuni Suprapti merupakan istri Bupati Natuna (2006\u20142009) Daeng Rusnadi.",
            "profilePic": "https://upload.wikimedia.org/wikipedia/commons/thumb/8/82/Wakil_Bupati_Natuna_Ngesti_Yuni_Suprapti.jpg/220px-Wakil_Bupati_Natuna_Ngesti_Yuni_Suprapti.jpg",
            "communityID": "25e862c0-e76b-43b1-884b-182ea7f8d358",
            "sites": {
                "name": "Wikipedia",
                "url": "https://id.wikipedia.org/wiki/Ngesti_Yuni_Suprapti"
            }
        },
        {
            "name": "Jarmin Sidik",
            "title": "Calon Bupati",
            "description": null,
            "profilePic": "",
            "communityID": "25e862c0-e76b-43b1-884b-182ea7f8d358",
            "sites": null
        }
    ],
    "source": "https://id.wikipedia.org/wiki/Pemilihan_umum_Bupati_Natuna_2024",
    "path": "kabupaten-natuna"
}