{
    "title": "Pemilihan umum Bupati Bengkulu Utara 2024",
    "region": "Bengkulu Utara",
    "level": "KABUPATEN",
    "path": "kabupaten-bengkulu-utara",
    "source": "https://id.wikipedia.org/wiki/Pemilihan_umum_Bupati_Bengkulu_Utara_2024",
    "communityID": "94d84c19-1e22-43ce-84ed-d8b956335195",
    "candidates": [
        {
            "name": "Arie Septia Adinata",
            "description": "",
            "profilePic": "",
            "title": "Wakil Bupati Bengkulu Utara",
            "sites": {},
            "communityID": "94d84c19-1e22-43ce-84ed-d8b956335195"
        },
        {
            "name": "Herliyanto Hazadin",
            "description": "",
            "profilePic": "",
            "title": "Wakil Ketua DPRD Kab. Bengkulu Utara",
            "sites": {},
            "communityID": "94d84c19-1e22-43ce-84ed-d8b956335195"
        },
        {
            "name": "Juhaili",
            "description": "",
            "profilePic": "",
            "title": "Wakil Ketua DPRD Kab. Bengkulu Utara",
            "sites": {},
            "communityID": "94d84c19-1e22-43ce-84ed-d8b956335195"
        },
        {
            "name": "Andaru Pranata",
            "description": "",
            "profilePic": "",
            "title": "Anggota DPRD Prov. Bengkulu",
            "sites": {},
            "communityID": "94d84c19-1e22-43ce-84ed-d8b956335195"
        },
        {
            "name": "Sujono.",
            "description": "",
            "profilePic": "",
            "title": "Anggota DPRD Prov. Bengkulu",
            "sites": {},
            "communityID": "94d84c19-1e22-43ce-84ed-d8b956335195"
        },
        {
            "name": "Emilia Puspita",
            "description": "",
            "profilePic": "",
            "title": "Mantan Anggota DPRD Kab. Bengkulu Utara",
            "sites": {},
            "communityID": "94d84c19-1e22-43ce-84ed-d8b956335195"
        },
        {
            "name": "Yurman Hamedi",
            "description": "",
            "profilePic": "",
            "title": "Anggota DPRD Prov. Bengkulu",
            "sites": {},
            "communityID": "94d84c19-1e22-43ce-84ed-d8b956335195"
        },
        {
            "name": "Haryadi.",
            "description": "",
            "profilePic": "",
            "title": "Kepala Badan Pengelola Keuangan Daerah Provinsi Bengkulu",
            "sites": {},
            "communityID": "94d84c19-1e22-43ce-84ed-d8b956335195"
        }
    ]
}