{
    "title": "Pemilihan umum Bupati Labuhanbatu Selatan 2024",
    "region": "Labuhanbatu Selatan",
    "level": "KABUPATEN",
    "candidates": [
        {
            "name": "Edimin",
            "title": "Calon Bupati",
            "description": "H. Edimin atau yang akrab disapa Asiong ini (lahir 21 April 1972) adalah seorang Pengusaha sekaligus Politisi yang sekarang menjabat sebagai Bupati Labuhanbatu Selatan periode 2021-2026. Ia maju sebagai calon bupati bersama pasangannya yaitu Ahmad Padli Tanjung dalam pemilu 2020 yang diusung 2 partai yaitu PDIP dan PKPI. Ia juga sebelumnya pernah menjadi Anggota DPRD Kabupaten Labuhan Batu Selatan periode 2014-2016 &  2019-2020 dari fraksi partai Hanura.",
            "profilePic": "https://upload.wikimedia.org/wikipedia/commons/thumb/5/52/Acap.svg/36px-Acap.svg.png",
            "communityID": "cde3b16d-1e26-4849-bfd5-cea151d6e7a0",
            "sites": {
                "name": "Wikipedia",
                "url": "https://id.wikipedia.org/wiki/Edimin"
            }
        },
        {
            "name": "Ahmad Padli Tanjung",
            "title": "Calon Bupati",
            "description": "H. Ahmad Padli Tanjung,S.Ag (lahir di Marsonja, Sungai Kanan, Labuhanbatu Selatan,Sumatera Utara, 20 April 1970; umur 51 tahun) adalah seorang Muballigh dan Politisi yang sekarang menjabat sebagai Wakil Bupati Labuhanbatu Selatan periode 2021-2024. Ia adalah wakil dari Bupati Labuhanbatu Selatan yaitu Edimin.",
            "profilePic": "https://upload.wikimedia.org/wikipedia/commons/thumb/7/75/Wakil_Bupati_Labuhanbatu_Selatan_Ahmad_Fadli_Tanjung.jpg/220px-Wakil_Bupati_Labuhanbatu_Selatan_Ahmad_Fadli_Tanjung.jpg",
            "communityID": "cde3b16d-1e26-4849-bfd5-cea151d6e7a0",
            "sites": {
                "name": "Wikipedia",
                "url": "https://id.wikipedia.org/wiki/Ahmad_Padli_Tanjung"
            }
        },
        {
            "name": "Hasnah Harahap",
            "title": "Calon Bupati",
            "description": "Partai Amanat Nasional",
            "profilePic": "",
            "communityID": "cde3b16d-1e26-4849-bfd5-cea151d6e7a0",
            "sites": {
                "name": "Wikipedia",
                "url": "https://id.wikipedia.org/wiki/Hasnah_Harahap"
            }
        },
        {
            "name": "Ari Wibowo.",
            "title": "Calon Bupati",
            "description": null,
            "profilePic": "",
            "communityID": "cde3b16d-1e26-4849-bfd5-cea151d6e7a0",
            "sites": null
        },
        {
            "name": "Muhammad Gandhi Faisal Siregar",
            "title": "Calon Bupati",
            "description": null,
            "profilePic": "",
            "communityID": "cde3b16d-1e26-4849-bfd5-cea151d6e7a0",
            "sites": null
        },
        {
            "name": "Arwi Winata",
            "title": "Calon Bupati",
            "description": null,
            "profilePic": "",
            "communityID": "cde3b16d-1e26-4849-bfd5-cea151d6e7a0",
            "sites": null
        },
        {
            "name": "Syahdian Purba Siboro",
            "title": "Calon Bupati",
            "description": null,
            "profilePic": "",
            "communityID": "cde3b16d-1e26-4849-bfd5-cea151d6e7a0",
            "sites": null
        }
    ],
    "source": "https://id.wikipedia.org/wiki/Pemilihan_umum_Bupati_Labuhanbatu_Selatan_2024",
    "path": "kabupaten-labuhanbatu-selatan"
}