{
    "title": "Pemilihan umum Bupati Bangka 2024",
    "region": "Bangka",
    "level": "KABUPATEN",
    "candidates": [
        {
            "name": "Mulkan",
            "title": "Calon Bupati",
            "description": "Mulkan, S.H., M.H. (lahir 5 April 1974) adalah Bupati Bangka periode 2018\u20142023. Ia pernah menjabat sebagai Anggota DPRD Kabupaten Bangka.",
            "profilePic": "https://upload.wikimedia.org/wikipedia/commons/thumb/e/ec/Bupati_Bangka_Mulkan.jpg/200px-Bupati_Bangka_Mulkan.jpg",
            "communityID": "81f49796-5fd1-4bd3-8f31-43ac361fdaed",
            "sites": {
                "name": "Wikipedia",
                "url": "https://id.wikipedia.org/wiki/Mulkan"
            }
        },
        {
            "name": "Tarmizi Saat",
            "title": "Calon Bupati",
            "description": "Tarmizi Saat adalah seorang politikus Indonesia. Ia tergabung dalam Partai Nasdem. Ia menjabat sebagai Bupati Bangka dari 2013 sampai 2018 didampingi oleh Rustamsyah selaku Wakil Bupati Bangka. Pada pemilihan umum Bupati Bangka 2018, ia maju sebagai cabup didampingi Amri Cahyadi selaku cawabup, namun kalah dengan pasangan Mulkan-Syahbudin.",
            "profilePic": "https://upload.wikimedia.org/wikipedia/commons/thumb/8/8a/KPU_Tarmizi_H.Saat.jpg/220px-KPU_Tarmizi_H.Saat.jpg",
            "communityID": "81f49796-5fd1-4bd3-8f31-43ac361fdaed",
            "sites": {
                "name": "Wikipedia",
                "url": "https://id.wikipedia.org/wiki/Tarmizi_Saat"
            }
        },
        {
            "name": "Herman Suhadi",
            "title": "Calon Bupati",
            "description": null,
            "profilePic": "",
            "communityID": "81f49796-5fd1-4bd3-8f31-43ac361fdaed",
            "sites": null
        },
        {
            "name": "Matzan",
            "title": "Calon Bupati",
            "description": null,
            "profilePic": "",
            "communityID": "81f49796-5fd1-4bd3-8f31-43ac361fdaed",
            "sites": null
        },
        {
            "name": "Yusroni Yazid",
            "title": "Calon Bupati",
            "description": "H. Yusroni Yazid (lahir 25 Desember 1962) adalah politisi berkebangsaan Indonesia. Dia pernah menjadi bupati Bupati Bangka dari 17 Agustus 2006 hingga 25 Agustus 2013.",
            "profilePic": "",
            "communityID": "81f49796-5fd1-4bd3-8f31-43ac361fdaed",
            "sites": {
                "name": "Wikipedia",
                "url": "https://id.wikipedia.org/wiki/Yusroni_Yazid"
            }
        },
        {
            "name": "M. Taufik Koriyanto",
            "title": "Calon Bupati",
            "description": null,
            "profilePic": "",
            "communityID": "81f49796-5fd1-4bd3-8f31-43ac361fdaed",
            "sites": null
        },
        {
            "name": "Imelda",
            "title": "Calon Bupati",
            "description": null,
            "profilePic": "",
            "communityID": "81f49796-5fd1-4bd3-8f31-43ac361fdaed",
            "sites": null
        },
        {
            "name": "Junaedi Surya",
            "title": "Calon Bupati",
            "description": null,
            "profilePic": "",
            "communityID": "81f49796-5fd1-4bd3-8f31-43ac361fdaed",
            "sites": null
        },
        {
            "name": "Febry Pranata",
            "title": "Calon Bupati",
            "description": null,
            "profilePic": "",
            "communityID": "81f49796-5fd1-4bd3-8f31-43ac361fdaed",
            "sites": null
        },
        {
            "name": "Harwendro Adityo Dewanto",
            "title": "Calon Bupati",
            "description": null,
            "profilePic": "",
            "communityID": "81f49796-5fd1-4bd3-8f31-43ac361fdaed",
            "sites": null
        },
        {
            "name": "Syahrial Ridho",
            "title": "Calon Bupati",
            "description": null,
            "profilePic": "",
            "communityID": "81f49796-5fd1-4bd3-8f31-43ac361fdaed",
            "sites": null
        }
    ],
    "source": "https://id.wikipedia.org/wiki/Pemilihan_umum_Bupati_Bangka_2024",
    "path": "kabupaten-bangka"
}