{
    "title": "Pemilihan umum Bupati Pesisir Barat 2024",
    "region": "Pesisir Barat",
    "level": "KABUPATEN",
    "candidates": [
        {
            "name": "Rahman Kholid",
            "title": "Calon Bupati",
            "description": null,
            "profilePic": "",
            "communityID": "eba663fd-f9a0-47d1-b87b-6c16f2618736",
            "sites": null
        },
        {
            "name": "Kherlani",
            "title": "Calon Bupati",
            "description": "Kherlani (lahir 4 Mei 1962) adalah Pjs Bupati Kabupaten Pesisir Barat yang pertama yang kemudian digantikan oleh Qodratul Ikhwan. Ia juga pernah menjabat sebagai Wakil Wali kota Bandar Lampung periode 2005 - 2010. Kini ia menjabat Pjs. Bupati Lampung Selatan  menggantikan Rycko Menoza yang maju dalam Pilkada Serentak 2015.",
            "profilePic": "https://upload.wikimedia.org/wikipedia/id/thumb/6/6d/Foto_Resmi_Kherlani_sebagai_Pjs._Bupati_Lampung_Selatan.jpg/220px-Foto_Resmi_Kherlani_sebagai_Pjs._Bupati_Lampung_Selatan.jpg",
            "communityID": "eba663fd-f9a0-47d1-b87b-6c16f2618736",
            "sites": {
                "name": "Wikipedia",
                "url": "https://id.wikipedia.org/wiki/Kherlani"
            }
        }
    ],
    "source": "https://id.wikipedia.org/wiki/Pemilihan_umum_Bupati_Pesisir_Barat_2024",
    "path": "kabupaten-pesisir-barat"
}