{
    "title": "Pemilihan umum Bupati Banyuasin 2024",
    "region": "Banyuasin",
    "level": "KABUPATEN",
    "candidates": [
        {
            "name": "Askolani",
            "title": "Calon Bupati",
            "description": "H. Askolani Jasi, S.H., M.H. (lahir 23 April 1974) saat ini adalah Bupati Kabupaten Banyuasin periode 2018 - 2023 sesuai dengan Hasil Pilkada Kab Banyuasin 27 Juni 2018 dan Pleno KPUD Kab Banyuasin tertanggal 4 Juli 2018. Pernah menjabat sebagai Wakil Ketua DPRD Kabupaten Banyuasin periode 2014 - 2019. Saat ini juga menjabat sebagai Ketua DPC PDI Perjuangan Kabupaten Banyuasin periode 2015 - 2020. Semasa kuliah, ia dikenal sebagai Aktivis 98 yang ikut aktif memperjuangkan Reformasi.",
            "profilePic": "https://upload.wikimedia.org/wikipedia/id/4/46/Cabup_Banyuasin_-_Askolani.png",
            "communityID": "eff220f1-a5cc-48a9-a616-b4508997fdb1",
            "sites": {
                "name": "Wikipedia",
                "url": "https://id.wikipedia.org/wiki/Askolani_Jasi"
            }
        },
        {
            "name": "Slamet Somosentono",
            "title": "Calon Bupati",
            "description": "H. Slamet Somosentono, S.H. (lahir 11 September 1950) adalah Wakil Bupati Banyuasin periode 2018\u20142023. Ia adalah wakil dari Bupati Banyuasin, Askolani Jasi.",
            "profilePic": "https://upload.wikimedia.org/wikipedia/id/7/76/Cawabup_Banyuasin_-_Slamet.png",
            "communityID": "eff220f1-a5cc-48a9-a616-b4508997fdb1",
            "sites": {
                "name": "Wikipedia",
                "url": "https://id.wikipedia.org/wiki/Slamet_Somosentono"
            }
        },
        {
            "name": "Suman Asra Supriono",
            "title": "Calon Bupati",
            "description": null,
            "profilePic": "",
            "communityID": "eff220f1-a5cc-48a9-a616-b4508997fdb1",
            "sites": null
        },
        {
            "name": "Muhammad Yaser",
            "title": "Calon Bupati",
            "description": null,
            "profilePic": "",
            "communityID": "eff220f1-a5cc-48a9-a616-b4508997fdb1",
            "sites": null
        },
        {
            "name": "Arkoni MD",
            "title": "Calon Bupati",
            "description": null,
            "profilePic": "",
            "communityID": "eff220f1-a5cc-48a9-a616-b4508997fdb1",
            "sites": null
        },
        {
            "name": "Ahmad Zarkasih",
            "title": "Calon Bupati",
            "description": null,
            "profilePic": "",
            "communityID": "eff220f1-a5cc-48a9-a616-b4508997fdb1",
            "sites": null
        },
        {
            "name": "Noor Ishmatuddin",
            "title": "Calon Bupati",
            "description": null,
            "profilePic": "",
            "communityID": "eff220f1-a5cc-48a9-a616-b4508997fdb1",
            "sites": null
        },
        {
            "name": "Irian Setiawan",
            "title": "Calon Bupati",
            "description": null,
            "profilePic": "",
            "communityID": "eff220f1-a5cc-48a9-a616-b4508997fdb1",
            "sites": null
        },
        {
            "name": "Iis Harianto",
            "title": "Calon Bupati",
            "description": null,
            "profilePic": "",
            "communityID": "eff220f1-a5cc-48a9-a616-b4508997fdb1",
            "sites": null
        },
        {
            "name": "Samsul Rizal",
            "title": "Calon Bupati",
            "description": "Marsekal Madya TNI Samsul Rizal, S.I.P., M.Tr.Han. (lahir 23 Februari 1969) adalah seorang perwira tinggi TNI-AU yang sejak 1 April 2024 mengemban jabatan sebagai Dosen Tetap Unhan.",
            "profilePic": "https://upload.wikimedia.org/wikipedia/commons/thumb/5/55/Dansesko_TNI_Marsdya_Samsul_Rizal.jpg/220px-Dansesko_TNI_Marsdya_Samsul_Rizal.jpg",
            "communityID": "eff220f1-a5cc-48a9-a616-b4508997fdb1",
            "sites": {
                "name": "Wikipedia",
                "url": "https://id.wikipedia.org/wiki/Samsul_Rizal"
            }
        },
        {
            "name": "Ahmad Nurcholis",
            "title": "Calon Bupati",
            "description": null,
            "profilePic": "",
            "communityID": "eff220f1-a5cc-48a9-a616-b4508997fdb1",
            "sites": null
        },
        {
            "name": "Sri Fitriyanti",
            "title": "Calon Bupati",
            "description": null,
            "profilePic": "",
            "communityID": "eff220f1-a5cc-48a9-a616-b4508997fdb1",
            "sites": null
        },
        {
            "name": "Nadia Basyir",
            "title": "Calon Bupati",
            "description": null,
            "profilePic": "",
            "communityID": "eff220f1-a5cc-48a9-a616-b4508997fdb1",
            "sites": null
        },
        {
            "name": "Nasrul Halim",
            "title": "Calon Bupati",
            "description": null,
            "profilePic": "",
            "communityID": "eff220f1-a5cc-48a9-a616-b4508997fdb1",
            "sites": null
        },
        {
            "name": "Muhamad F. Ridho",
            "title": "Calon Bupati",
            "description": null,
            "profilePic": "",
            "communityID": "eff220f1-a5cc-48a9-a616-b4508997fdb1",
            "sites": null
        },
        {
            "name": "Agus Saputra Holidu",
            "title": "Calon Bupati",
            "description": null,
            "profilePic": "",
            "communityID": "eff220f1-a5cc-48a9-a616-b4508997fdb1",
            "sites": null
        },
        {
            "name": "Daspini",
            "title": "Calon Bupati",
            "description": "Kapten Inf. (Purn.) H. Daspini A.S., S.H. (lahir 24 Agustus 1963) adalah Anggota DPRD Kabupaten Banyuasin Fraksi Nasdem  periode 2019\u20142024. Ia merupakan purnawirawan TNI-AD yang memiliki jabatan terakhir sebagai Komandan Koramil 401-07/Mariana.",
            "profilePic": "https://upload.wikimedia.org/wikipedia/commons/thumb/9/9f/Flag_of_Indonesia.svg/23px-Flag_of_Indonesia.svg.png",
            "communityID": "eff220f1-a5cc-48a9-a616-b4508997fdb1",
            "sites": {
                "name": "Wikipedia",
                "url": "https://id.wikipedia.org/wiki/Daspini"
            }
        }
    ],
    "source": "https://id.wikipedia.org/wiki/Pemilihan_umum_Bupati_Banyuasin_2024",
    "path": "kabupaten-banyuasin"
}