{
    "title": "Pemilihan umum Bupati Bolaang Mongondow 2024",
    "region": "Bolaang Mongondow",
    "level": "KABUPATEN",
    "candidates": [
        {
            "name": "Yanny Ronny Tuuk",
            "title": "Calon Bupati",
            "description": null,
            "profilePic": "",
            "communityID": "76bcfe41-aac8-4fd2-89a9-7b2aaf949ac5",
            "sites": null
        },
        {
            "name": "Refky Karauwan",
            "title": "Calon Bupati",
            "description": null,
            "profilePic": "",
            "communityID": "76bcfe41-aac8-4fd2-89a9-7b2aaf949ac5",
            "sites": null
        },
        {
            "name": "Limi Mokodompit",
            "title": "Calon Bupati",
            "description": "Ir. Limi Mokodompit, MM. (lahir 2 Februari 1966) adalah salah satu pejabat Eselon II di lingkungan Pemerintah Provinsi Sulawesi Utara yang saat ini sedang menduduki jabatan sebagai Kepala Dinas Lingkungan Hidup Provinsi Sulawesi Utara Ia ditunjuk sebagai Penjabat Bupati Bolaang Mongondow pada Mei 2022.",
            "profilePic": "",
            "communityID": "76bcfe41-aac8-4fd2-89a9-7b2aaf949ac5",
            "sites": {
                "name": "Wikipedia",
                "url": "https://id.wikipedia.org/wiki/Limi_Mokodompit"
            }
        },
        {
            "name": "Mohammad Wongso",
            "title": "Calon Bupati",
            "description": null,
            "profilePic": "",
            "communityID": "76bcfe41-aac8-4fd2-89a9-7b2aaf949ac5",
            "sites": null
        },
        {
            "name": "Yusra Alhabsyi",
            "title": "Calon Bupati",
            "description": "Yusra Alhabsyi, Sarjana Ekonomi (lahir 14 Maret 1979) adalah seorang politikus Indonesia yang sekarang menjabat sebagai anggota Dewan Perwakilan Rakyat Daerah Sulawesi Utara dari Partai Kebangkitan Bangsa. Selain itu, Yusra juga menjabat sebagai Ketua Gerakan Pemuda Ansor Sulawesi Utara sejak 2015.",
            "profilePic": "https://upload.wikimedia.org/wikipedia/commons/thumb/a/a1/KPU_Yusra_Alhabsyi.png/220px-KPU_Yusra_Alhabsyi.png",
            "communityID": "76bcfe41-aac8-4fd2-89a9-7b2aaf949ac5",
            "sites": {
                "name": "Wikipedia",
                "url": "https://id.wikipedia.org/wiki/Yusra_Alhabsyi"
            }
        },
        {
            "name": "Tahlis Gallang",
            "title": "Calon Bupati",
            "description": "Tahlis Gallang, S.IP., M.M. adalah seorang birokrat lulusan Institut Pemerintahan Dalam Negeri (IPDN) tahun 1997 atau IPDN angkatan ke-V, yang saat ini menjabat sebagai Kepala Dinas Koperasi, Usaha Kecil dan Menengah Daerah Provinsi Sulawesi Utara.",
            "profilePic": "",
            "communityID": "76bcfe41-aac8-4fd2-89a9-7b2aaf949ac5",
            "sites": {
                "name": "Wikipedia",
                "url": "https://id.wikipedia.org/wiki/Tahlis_Gallang"
            }
        }
    ],
    "source": "https://id.wikipedia.org/wiki/Pemilihan_umum_Bupati_Bolaang_Mongondow_2024",
    "path": "kabupaten-bolaang-mongondow"
}