{
    "title": "Pemilihan umum Bupati Aceh Selatan 2024",
    "region": "Aceh Selatan",
    "level": "KABUPATEN",
    "candidates": [
        {
            "name": "Amran",
            "title": "Calon Bupati",
            "description": "Teungku Amran (lahir 12 Desember 1975) adalah tokoh pejuang GAM. Dia pernah menjabat sebagai Panglima Daerah GAM III Wilayah Lhok Tapaktuan. Dia sekarang menjabat sebagai Bupati Aceh Selatan.",
            "profilePic": "https://upload.wikimedia.org/wikipedia/commons/thumb/1/14/Bupati_Aceh_Selatan_Amran.jpg/220px-Bupati_Aceh_Selatan_Amran.jpg",
            "communityID": "7810284e-b3ce-4b32-944e-4c8af3ade663",
            "sites": {
                "name": "Wikipedia",
                "url": "https://id.wikipedia.org/wiki/Amran"
            }
        },
        {
            "name": "Hendri Yono",
            "title": "Calon Bupati",
            "description": "Hendri Yono, S.Sos., M.Si merupakan salah satu tokoh politik Provinsi Aceh. Hendri Yono Lahir di Lhok Pawoh, Sawang, Kabupaten Aceh Selatan pada 20 Desember 1975. Ia menjabat sebagai Ketua Dewan Pimpinan Provinsi (DPP) Partai Keadilan dan Persatuan atau PKP (dulu PKPI) Provinsi Aceh sejak tahun 2016 hingga sekarang. Ia pernah menjabat sebagai anggota Dewan Perwakilan Rakyat Daerah (Dewan Perwakilan Rakyat Daerah) Aceh Selatan dua periode dari tahun 2004-2009. Hendri Yono juga menjabat sebagai Anggota Dewan Perwakilan Rakyat Daerah (DPRD) Provinsi Aceh dua periode tahun 2014 - 2019 dan 2019 hingga sekarang.",
            "profilePic": "https://upload.wikimedia.org/wikipedia/id/thumb/9/95/Hendri_Yono_foto.jpg/220px-Hendri_Yono_foto.jpg",
            "communityID": "7810284e-b3ce-4b32-944e-4c8af3ade663",
            "sites": {
                "name": "Wikipedia",
                "url": "https://id.wikipedia.org/wiki/Hendri_Yono"
            }
        },
        {
            "name": "Abrar Muda",
            "title": "Calon Bupati",
            "description": null,
            "profilePic": "",
            "communityID": "7810284e-b3ce-4b32-944e-4c8af3ade663",
            "sites": null
        },
        {
            "name": "Idrus TM",
            "title": "Calon Bupati",
            "description": null,
            "profilePic": "",
            "communityID": "7810284e-b3ce-4b32-944e-4c8af3ade663",
            "sites": null
        },
        {
            "name": "Irhafa Manaf",
            "title": "Calon Bupati",
            "description": null,
            "profilePic": "",
            "communityID": "7810284e-b3ce-4b32-944e-4c8af3ade663",
            "sites": null
        },
        {
            "name": "Zaitun MHD",
            "title": "Calon Bupati",
            "description": null,
            "profilePic": "",
            "communityID": "7810284e-b3ce-4b32-944e-4c8af3ade663",
            "sites": null
        },
        {
            "name": "Mukhlis (Nek Rayeuk)",
            "title": "Calon Bupati",
            "description": null,
            "profilePic": "",
            "communityID": "7810284e-b3ce-4b32-944e-4c8af3ade663",
            "sites": null
        },
        {
            "name": "Mantan Bupati Aceh Selatan",
            "title": "Calon Bupati",
            "description": "Berikut merupakan daftar Bupati Aceh Selatan.",
            "profilePic": "https://upload.wikimedia.org/wikipedia/commons/thumb/0/01/Lambang_Kabupaten_Aceh_Selatan.png/75px-Lambang_Kabupaten_Aceh_Selatan.png",
            "communityID": "7810284e-b3ce-4b32-944e-4c8af3ade663",
            "sites": {
                "name": "Wikipedia",
                "url": "https://id.wikipedia.org/wiki/Bupati_Aceh_Selatan"
            }
        }
    ],
    "source": "https://id.wikipedia.org/wiki/Pemilihan_umum_Bupati_Aceh_Selatan_2024",
    "path": "kabupaten-aceh-selatan"
}