{
    "title": "Pemilihan umum Bupati Karawang 2024",
    "region": "Karawang",
    "level": "KABUPATEN",
    "candidates": [
        {
            "name": "Aep Syaepuloh",
            "title": "Calon Bupati",
            "description": "H. Aep Syaepuloh, S.E. (lahir 7 Oktober 1978) memiliki latar belakang sebagai pengusaha yang terjun ke dunia politik. Saat ini, dia menjabat sebagai Bupati Karawang sejak 4 Desember 2023 menggantikan Cellica Nurrachadiana yang mengundurkan diri dari jabatan Bupati Karawang. Sebelumnya, ia merupakan Wakil Bupati Karawang periode 2021\u20132023 bersama dr. Hj. Cellica Nurrachadiana dalam Pilbup Karawang 2020.",
            "profilePic": "https://upload.wikimedia.org/wikipedia/commons/thumb/0/03/Bupati_Karawang_Aep_Syaepuloh.jpg/220px-Bupati_Karawang_Aep_Syaepuloh.jpg",
            "communityID": "4769a045-bdb0-4556-9576-8f78b820316a",
            "sites": {
                "name": "Wikipedia",
                "url": "https://id.wikipedia.org/wiki/Aep_Syaepuloh"
            }
        },
        {
            "name": "Sukur Mulyono",
            "title": "Calon Bupati",
            "description": null,
            "profilePic": "",
            "communityID": "4769a045-bdb0-4556-9576-8f78b820316a",
            "sites": null
        },
        {
            "name": "Fitri Meilinda",
            "title": "Calon Bupati",
            "description": null,
            "profilePic": "",
            "communityID": "4769a045-bdb0-4556-9576-8f78b820316a",
            "sites": null
        },
        {
            "name": "Ajang Sopandi",
            "title": "Calon Bupati",
            "description": null,
            "profilePic": "",
            "communityID": "4769a045-bdb0-4556-9576-8f78b820316a",
            "sites": null
        },
        {
            "name": "Gina Fadlia Swara",
            "title": "Calon Bupati",
            "description": null,
            "profilePic": "",
            "communityID": "4769a045-bdb0-4556-9576-8f78b820316a",
            "sites": null
        },
        {
            "name": "Pipik Taufik Ismail",
            "title": "Calon Bupati",
            "description": null,
            "profilePic": "",
            "communityID": "4769a045-bdb0-4556-9576-8f78b820316a",
            "sites": null
        },
        {
            "name": "Budiwanto",
            "title": "Calon Bupati",
            "description": null,
            "profilePic": "",
            "communityID": "4769a045-bdb0-4556-9576-8f78b820316a",
            "sites": null
        },
        {
            "name": "Rahmat Hidayat Djati",
            "title": "Calon Bupati",
            "description": "Rahmat Hidayat Djati (lahir 7 April 1979), atau lebih dikenal dengan sapaan Kang Toleng adalah politikus kebangsaan Indonesia, Ketua Dewan Pimpinan Cabang (DPC) Partai Kebangkitan Bangsa (PKB) Karawang, Ketua Komisi 2 Dewan Perwakilan Rakyat Daerah (DPRD) Jawa Barat, dan Ketua Pemuda Panca Marga (PPM) Jawa Barat.",
            "profilePic": "https://upload.wikimedia.org/wikipedia/commons/thumb/d/d4/KPU_Rahmat_Hidayat_Djati.png/150px-KPU_Rahmat_Hidayat_Djati.png",
            "communityID": "4769a045-bdb0-4556-9576-8f78b820316a",
            "sites": {
                "name": "Wikipedia",
                "url": "https://id.wikipedia.org/wiki/Rahmat_Hidayat_Djati"
            }
        },
        {
            "name": "Muhamad Sayegi Dewa",
            "title": "Calon Bupati",
            "description": null,
            "profilePic": "",
            "communityID": "4769a045-bdb0-4556-9576-8f78b820316a",
            "sites": null
        }
    ],
    "source": "https://id.wikipedia.org/wiki/Pemilihan_umum_Bupati_Karawang_2024",
    "path": "kabupaten-karawang"
}