{
    "title": "Pemilihan umum Bupati Empat Lawang 2024",
    "region": "Empat Lawang",
    "level": "KABUPATEN",
    "candidates": [
        {
            "name": "Yulius Maulana",
            "title": "Calon Bupati",
            "description": "Yulius Maulana, S.T. (lahir 8 Juli 1975) adalah Wakil Bupati Empat Lawang periode 2018\u20132023. Ia adalah wakil dari Bupati Empat Lawang, Joncik Muhammad.",
            "profilePic": "https://upload.wikimedia.org/wikipedia/commons/thumb/4/4f/Lambang_Empat_Lawang.png/50px-Lambang_Empat_Lawang.png",
            "communityID": "a05fb0fa-99c0-42c5-ad67-2e762c28b32e",
            "sites": {
                "name": "Wikipedia",
                "url": "https://id.wikipedia.org/wiki/Yulius_Maulana"
            }
        },
        {
            "name": "David Hadrianto Aljufri",
            "title": "Calon Bupati",
            "description": null,
            "profilePic": "",
            "communityID": "a05fb0fa-99c0-42c5-ad67-2e762c28b32e",
            "sites": null
        },
        {
            "name": "Dr.H Joncik Muhammad, S.Si, SH.MM.MSI",
            "title": "Calon Bupati",
            "description": null,
            "profilePic": "",
            "communityID": "a05fb0fa-99c0-42c5-ad67-2e762c28b32e",
            "sites": null
        },
        {
            "name": "Edwar Kohar",
            "title": "Calon Bupati",
            "description": null,
            "profilePic": "",
            "communityID": "a05fb0fa-99c0-42c5-ad67-2e762c28b32e",
            "sites": null
        },
        {
            "name": "Mirzan Ikbal",
            "title": "Calon Bupati",
            "description": null,
            "profilePic": "",
            "communityID": "a05fb0fa-99c0-42c5-ad67-2e762c28b32e",
            "sites": null
        }
    ],
    "source": "https://id.wikipedia.org/wiki/Pemilihan_umum_Bupati_Empat_Lawang_2024",
    "path": "kabupaten-empat-lawang"
}