{
    "title": "Pemilihan umum Bupati Tulang Bawang Barat 2024",
    "region": "Tulang Bawang Barat",
    "level": "KABUPATEN",
    "candidates": [
        {
            "name": "Fauzi Hasan",
            "title": "Calon Bupati",
            "description": null,
            "profilePic": "",
            "communityID": "9b0c8a4f-fa73-4514-9bb5-78e6f3ebe286",
            "sites": null
        },
        {
            "name": "Kherlani",
            "title": "Calon Bupati",
            "description": "Kherlani (lahir 4 Mei 1962) adalah Pjs Bupati Kabupaten Pesisir Barat yang pertama yang kemudian digantikan oleh Qodratul Ikhwan. Ia juga pernah menjabat sebagai Wakil Wali kota Bandar Lampung periode 2005 - 2010. Kini ia menjabat Pjs. Bupati Lampung Selatan  menggantikan Rycko Menoza yang maju dalam Pilkada Serentak 2015.",
            "profilePic": "https://upload.wikimedia.org/wikipedia/id/thumb/6/6d/Foto_Resmi_Kherlani_sebagai_Pjs._Bupati_Lampung_Selatan.jpg/220px-Foto_Resmi_Kherlani_sebagai_Pjs._Bupati_Lampung_Selatan.jpg",
            "communityID": "9b0c8a4f-fa73-4514-9bb5-78e6f3ebe286",
            "sites": {
                "name": "Wikipedia",
                "url": "https://id.wikipedia.org/wiki/Kherlani"
            }
        },
        {
            "name": "Berlian Tihang",
            "title": "Calon Bupati",
            "description": "Berlian Tihang (lahir 19 November 1960) adalah Mantan Sekda Provinsi Lampung untuk masa jabat 2011-2016. Namun pada bulan Juli 2014, Berlian Tihang mencalonkan diri untuk Gubernur Lampung periode 2014 - 2019.",
            "profilePic": "https://upload.wikimedia.org/wikipedia/id/thumb/9/9c/Berlian_Tihang.jpg/220px-Berlian_Tihang.jpg",
            "communityID": "9b0c8a4f-fa73-4514-9bb5-78e6f3ebe286",
            "sites": {
                "name": "Wikipedia",
                "url": "https://id.wikipedia.org/wiki/Berlian_Tihang"
            }
        }
    ],
    "source": "https://id.wikipedia.org/wiki/Pemilihan_umum_Bupati_Tulang_Bawang_Barat_2024",
    "path": "kabupaten-tulang-bawang-barat"
}