{
    "title": "Pemilihan umum Bupati Kotawaringin Barat 2024",
    "region": "Kotawaringin Barat",
    "level": "KABUPATEN",
    "candidates": [
        {
            "name": "Nurhidayah",
            "title": "Calon Bupati",
            "description": "Hj. Nurhidayah, S.H., M.H. (lahir 25 Maret 1975) adalah bupati Kotawaringin Barat yang mulai menjabat pada 22 Mei 2017 hingga 22 Mei 2022. Ia dilantik oleh Gubernur Kalimantan Tengah Sugianto Sabran di Istana Isen Mulang Palangka Raya dan menjadi bupati perempuan pertama di Kotawaringin Barat dan juga se-Kalimantan Tengah.",
            "profilePic": "",
            "communityID": "fc294b7c-e068-4c92-b7ee-aa393018144b",
            "sites": {
                "name": "Wikipedia",
                "url": "https://id.wikipedia.org/wiki/Nurhidayah"
            }
        },
        {
            "name": "Ahmadi Riansyah",
            "title": "Calon Bupati",
            "description": null,
            "profilePic": "",
            "communityID": "fc294b7c-e068-4c92-b7ee-aa393018144b",
            "sites": null
        }
    ],
    "source": "https://id.wikipedia.org/wiki/Pemilihan_umum_Bupati_Kotawaringin_Barat_2024",
    "path": "kabupaten-kotawaringin-barat"
}