{
    "title": "Pemilihan umum Bupati Donggala 2024",
    "region": "Donggala",
    "level": "KABUPATEN",
    "candidates": [
        {
            "name": "Vera Elena Laruni",
            "title": "Calon Bupati",
            "description": "Vera Elena Laruni, S.E. adalah Wakil Bupati Kabupaten Donggala, Sulawesi Tengah periode 2013\u20142018. Ia adalah wakil dari Bupati Donggala, Kasman Lassa.",
            "profilePic": "https://upload.wikimedia.org/wikipedia/commons/thumb/8/83/David_face.png/33px-David_face.png",
            "communityID": "1e18e72e-5b42-4bc9-b145-a3fb3fdf030a",
            "sites": {
                "name": "Wikipedia",
                "url": "https://id.wikipedia.org/wiki/Vera_Elena_Laruni"
            }
        },
        {
            "name": "Helmy D. Yambas",
            "title": "Calon Bupati",
            "description": "H. Helmy D. Yambas, S.E. (lahir 18 Juni 1958) adalah Wakil Ketua DPRD Sulawesi Tengah periode 2004\u20142009.",
            "profilePic": "https://upload.wikimedia.org/wikipedia/commons/thumb/9/9f/Flag_of_Indonesia.svg/23px-Flag_of_Indonesia.svg.png",
            "communityID": "1e18e72e-5b42-4bc9-b145-a3fb3fdf030a",
            "sites": {
                "name": "Wikipedia",
                "url": "https://id.wikipedia.org/wiki/Helmy_D._Yambas"
            }
        },
        {
            "name": "Abdul Kadir Karding",
            "title": "Calon Bupati",
            "description": "H. Abdul Kadir Karding, S.Pi., M.Si. (lahir 25 Maret 1973) adalah anggota Dewan Perwakilan Rakyat Republik Indonesia periode 2009-2014, 2014-2019, 2019-sekarang dari Fraksi Partai Kebangkitan Bangsa mewakili Daerah Pemilihan Jawa Tengah VI yang meliputi Magelang, Temanggung, Wonosobo, Purworejo dan Kota Magelang. Dia ditugaskan di Komisi VII. Sebelumnya, Abdul Kadir Karding menjabat sebagai Ketua Komisi VIII DPR RI. Ia merupakan alumnus Fakultas Perikanan dan Ilmu Kelautan Universitas Diponegoro Semarang, tahun 1997. Kini menjabat sebagai Ketua Umum IKA UNDIP.",
            "profilePic": "https://upload.wikimedia.org/wikipedia/commons/thumb/a/a1/2017-fr.wp-orange-source.svg/40px-2017-fr.wp-orange-source.svg.png",
            "communityID": "1e18e72e-5b42-4bc9-b145-a3fb3fdf030a",
            "sites": {
                "name": "Wikipedia",
                "url": "https://id.wikipedia.org/wiki/Abdul_Kadir_Karding"
            }
        }
    ],
    "source": "https://id.wikipedia.org/wiki/Pemilihan_umum_Bupati_Donggala_2024",
    "path": "kabupaten-donggala"
}