{
    "title": "Pemilihan umum Bupati Ogan Komering Ulu Selatan 2024",
    "region": "Ogan Komering Ulu Selatan",
    "level": "KABUPATEN",
    "candidates": [
        {
            "name": "Sholehien Abuasir",
            "title": "Calon Bupati",
            "description": "Sholehien Abuasir, S.P., M.Si. (lahir 19 September 1967) adalah Wakil Bupati Ogan Komering Ulu Selatan periode 2016\u20132021 dan 2021\u20132024. Ia menjabat untuk periode kedua sejak 26 Februari 2021 setelah dilantik Gubernur Sumatera Selatan, Herman Deru di Griya Agung, Palembang.",
            "profilePic": "https://upload.wikimedia.org/wikipedia/commons/thumb/1/1f/Lambang_Kabupaten_OKU_Selatan.JPG/50px-Lambang_Kabupaten_OKU_Selatan.JPG",
            "communityID": "3d123a0e-ae47-4aa0-a873-0e0d5848258c",
            "sites": {
                "name": "Wikipedia",
                "url": "https://id.wikipedia.org/wiki/Sholehien_Abuasir"
            }
        },
        {
            "name": "Ahmad Aman Astra",
            "title": "Calon Bupati",
            "description": "H. Ahmad Aman Astra adalah Wakil Ketua DPD Partai Demokrat Provinsi Sumatera Selatan. Ia merupakan anak kandung dari mantan Gubernur Sumatera Selatan, Ramli Hasan Basri.",
            "profilePic": "https://upload.wikimedia.org/wikipedia/commons/thumb/e/ea/KPU_Ahmad_Aman_Astra.jpg/250px-KPU_Ahmad_Aman_Astra.jpg",
            "communityID": "3d123a0e-ae47-4aa0-a873-0e0d5848258c",
            "sites": {
                "name": "Wikipedia",
                "url": "https://id.wikipedia.org/wiki/Ahmad_Aman_Astra"
            }
        },
        {
            "name": "Wahab Nawawi",
            "title": "Calon Bupati",
            "description": null,
            "profilePic": "",
            "communityID": "3d123a0e-ae47-4aa0-a873-0e0d5848258c",
            "sites": null
        },
        {
            "name": "Heru Prayogo",
            "title": "Calon Bupati",
            "description": null,
            "profilePic": "",
            "communityID": "3d123a0e-ae47-4aa0-a873-0e0d5848258c",
            "sites": null
        },
        {
            "name": "M Faisal Ranopa",
            "title": "Calon Bupati",
            "description": null,
            "profilePic": "",
            "communityID": "3d123a0e-ae47-4aa0-a873-0e0d5848258c",
            "sites": null
        },
        {
            "name": "Iwan Hermawan",
            "title": "Calon Bupati",
            "description": null,
            "profilePic": "",
            "communityID": "3d123a0e-ae47-4aa0-a873-0e0d5848258c",
            "sites": null
        },
        {
            "name": "Tofan Maulana",
            "title": "Calon Bupati",
            "description": null,
            "profilePic": "",
            "communityID": "3d123a0e-ae47-4aa0-a873-0e0d5848258c",
            "sites": null
        },
        {
            "name": "IPTU Abusama",
            "title": "Calon Bupati",
            "description": null,
            "profilePic": "",
            "communityID": "3d123a0e-ae47-4aa0-a873-0e0d5848258c",
            "sites": null
        },
        {
            "name": "Isyana Lolitasari Popo",
            "title": "Calon Bupati",
            "description": null,
            "profilePic": "",
            "communityID": "3d123a0e-ae47-4aa0-a873-0e0d5848258c",
            "sites": null
        },
        {
            "name": "Yohana Yuda Yanti",
            "title": "Calon Bupati",
            "description": null,
            "profilePic": "",
            "communityID": "3d123a0e-ae47-4aa0-a873-0e0d5848258c",
            "sites": null
        },
        {
            "name": "Heri Martadinata",
            "title": "Calon Bupati",
            "description": null,
            "profilePic": "",
            "communityID": "3d123a0e-ae47-4aa0-a873-0e0d5848258c",
            "sites": null
        },
        {
            "name": "Carles Minarko",
            "title": "Calon Bupati",
            "description": null,
            "profilePic": "",
            "communityID": "3d123a0e-ae47-4aa0-a873-0e0d5848258c",
            "sites": null
        },
        {
            "name": "Hengki Tispa",
            "title": "Calon Bupati",
            "description": null,
            "profilePic": "",
            "communityID": "3d123a0e-ae47-4aa0-a873-0e0d5848258c",
            "sites": null
        }
    ],
    "source": "https://id.wikipedia.org/wiki/Pemilihan_umum_Bupati_Ogan_Komering_Ulu_Selatan_2024",
    "path": "kabupaten-ogan-komering-ulu-selatan"
}