{
    "title": "Pemilihan umum Bupati Mamasa 2024",
    "region": "Mamasa",
    "level": "KABUPATEN",
    "candidates": [
        {
            "name": "Marthinus Tiranda",
            "title": "Calon Bupati",
            "description": "Marthinus Tiranda adalah seorang politikus Indonesia. Ia tergabung dalam Partai Kebangkitan Bangsa (PKB). Ia menjabat sebagai Wakil Bupati Mamasa dari 19 September 2018 sampai 19 September 2023 mendampingi Ramlan Badawi selaku Bupati Mamasa.",
            "profilePic": "https://upload.wikimedia.org/wikipedia/commons/thumb/a/ac/KPU_Marthinus_Tiranda.jpg/220px-KPU_Marthinus_Tiranda.jpg",
            "communityID": "f6f8d420-33eb-4fef-8ba5-8926c985f0cc",
            "sites": {
                "name": "Wikipedia",
                "url": "https://id.wikipedia.org/wiki/Marthinus_Tiranda"
            }
        },
        {
            "name": "Welem Sambolangi",
            "title": "Calon Bupati",
            "description": null,
            "profilePic": "",
            "communityID": "f6f8d420-33eb-4fef-8ba5-8926c985f0cc",
            "sites": null
        },
        {
            "name": "Yusuf Depparinding",
            "title": "Calon Bupati",
            "description": null,
            "profilePic": "",
            "communityID": "f6f8d420-33eb-4fef-8ba5-8926c985f0cc",
            "sites": null
        },
        {
            "name": "Bonggalangi",
            "title": "Calon Bupati",
            "description": "Bonggalangi adalah seorang politikus Indonesia. Ia tergabung dalam Partai Golongan Karya (Golkar). Ia menjabat sebagai Wakil Bupati Mamasa dari 5 Desember 2016 sampai 18 September 2018 mendampingi Ramlan Badawi selaku Bupati Mamasa.",
            "profilePic": "https://upload.wikimedia.org/wikipedia/commons/thumb/9/9a/KPU_Bonggalangi.jpg/220px-KPU_Bonggalangi.jpg",
            "communityID": "f6f8d420-33eb-4fef-8ba5-8926c985f0cc",
            "sites": {
                "name": "Wikipedia",
                "url": "https://id.wikipedia.org/wiki/Bonggalangi"
            }
        }
    ],
    "source": "https://id.wikipedia.org/wiki/Pemilihan_umum_Bupati_Mamasa_2024",
    "path": "kabupaten-mamasa"
}