{
    "title": "Pemilihan umum Bupati Kolaka 2024",
    "region": "Kolaka",
    "level": "KABUPATEN",
    "candidates": [
        {
            "name": "Muhammad Jayadin",
            "title": "Calon Bupati",
            "description": "Muhammad Jayadin (lahir 23 Juli 1969) adalah seorang birokrat Indonesia kelahiran Pomalaa. Ia sempat bekerja sebagai karyawan di PT Antam Tbk. Muhammad Jayadin menjadi Wakil Bupati Kolaka yang mendampingi Ahmad Safei selaku Bupati Kolaka selama dua periode. Pada 2023, ia diangkat menjadi pelaksana jabatan Bupati Kolaka. Ia menikahi Ende Jayadin.",
            "profilePic": "https://upload.wikimedia.org/wikipedia/commons/thumb/3/32/Muhammad_Jayadin.jpg/220px-Muhammad_Jayadin.jpg",
            "communityID": "8a30ead3-1b0e-4f82-b54c-abcf0b3fc34d",
            "sites": {
                "name": "Wikipedia",
                "url": "https://id.wikipedia.org/wiki/Muhammad_Jayadin"
            }
        },
        {
            "name": "Asmani Arif",
            "title": "Calon Bupati",
            "description": null,
            "profilePic": "",
            "communityID": "8a30ead3-1b0e-4f82-b54c-abcf0b3fc34d",
            "sites": null
        },
        {
            "name": "Amrin Jamaluddin",
            "title": "Calon Bupati",
            "description": null,
            "profilePic": "",
            "communityID": "8a30ead3-1b0e-4f82-b54c-abcf0b3fc34d",
            "sites": null
        },
        {
            "name": "Heryanto Suaib",
            "title": "Calon Bupati",
            "description": null,
            "profilePic": "",
            "communityID": "8a30ead3-1b0e-4f82-b54c-abcf0b3fc34d",
            "sites": null
        },
        {
            "name": "Husmaluddin",
            "title": "Calon Bupati",
            "description": null,
            "profilePic": "",
            "communityID": "8a30ead3-1b0e-4f82-b54c-abcf0b3fc34d",
            "sites": null
        },
        {
            "name": "Nur Endang Abbas",
            "title": "Calon Bupati",
            "description": null,
            "profilePic": "",
            "communityID": "8a30ead3-1b0e-4f82-b54c-abcf0b3fc34d",
            "sites": null
        },
        {
            "name": "Samsul Kadar",
            "title": "Calon Bupati",
            "description": null,
            "profilePic": "",
            "communityID": "8a30ead3-1b0e-4f82-b54c-abcf0b3fc34d",
            "sites": null
        },
        {
            "name": "Yahya Darise",
            "title": "Calon Bupati",
            "description": null,
            "profilePic": "",
            "communityID": "8a30ead3-1b0e-4f82-b54c-abcf0b3fc34d",
            "sites": null
        }
    ],
    "source": "https://id.wikipedia.org/wiki/Pemilihan_umum_Bupati_Kolaka_2024",
    "path": "kabupaten-kolaka"
}