{
    "title": "Pemilihan umum Bupati Pinrang 2024",
    "region": "Pinrang",
    "level": "KABUPATEN",
    "path": "kabupaten-pinrang",
    "source": "https://id.wikipedia.org/wiki/Pemilihan_umum_Bupati_Pinrang_2024",
    "communityID": "7f494aad-6d93-457f-94ca-37d9366f6b97",
    "candidates": [
        {
            "name": "Ahmad Abdy Baramuli",
            "description": "",
            "profilePic": "",
            "title": "Ketua DPC Partai Gerindra Pinrang",
            "sites": {},
            "communityID": "7f494aad-6d93-457f-94ca-37d9366f6b97"
        },
        {
            "name": "Andi Irwan Hamid",
            "description": "H. Andi Irwan Hamid, S.Sos. (lahir 22 Desember 1965) adalah politikus Indonesia yang menjabat sebagai Bupati Pinrang periode 2019-2024.[1]\n",
            "profilePic": "https://upload.wikimedia.org/wikipedia/commons/thumb/2/21/Andi_Irwan_Hamid%2C_Bupati_Pinrang_%282022%29.jpg/1200px-Andi_Irwan_Hamid%2C_Bupati_Pinrang_%282022%29.jpg",
            "title": "Bupati Pinrang (2019\u20132024)",
            "sites": {
                "name": "Wikipedia",
                "url": "https://id.wikipedia.org/wiki/Andi_Irwan_Hamid"
            },
            "communityID": "7f494aad-6d93-457f-94ca-37d9366f6b97"
        },
        {
            "name": "Alimin",
            "description": "",
            "profilePic": "",
            "title": "Wakil Bupati Pinrang (2019\u20132024)",
            "sites": {},
            "communityID": "7f494aad-6d93-457f-94ca-37d9366f6b97"
        },
        {
            "name": "Usman Marham",
            "description": "",
            "profilePic": "",
            "title": "Ketua DPD II Golkar Pinrang",
            "sites": {},
            "communityID": "7f494aad-6d93-457f-94ca-37d9366f6b97"
        },
        {
            "name": "Jamaluddin Jafar",
            "description": "",
            "profilePic": "",
            "title": "Mantan Anggota DPR RI",
            "sites": {},
            "communityID": "7f494aad-6d93-457f-94ca-37d9366f6b97"
        },
        {
            "name": "Ahmad Jaya Baramuli",
            "description": "",
            "profilePic": "",
            "title": "Wakil Ketua DPRD Pinrang",
            "sites": {},
            "communityID": "7f494aad-6d93-457f-94ca-37d9366f6b97"
        },
        {
            "name": "Irwan Hasyim",
            "description": "",
            "profilePic": "",
            "title": "Ketua DPD PKS Pinrang",
            "sites": {},
            "communityID": "7f494aad-6d93-457f-94ca-37d9366f6b97"
        },
        {
            "name": "Andi Patoppoi",
            "description": "",
            "profilePic": "",
            "title": "Mantan Ketua DPD PAN Pinrang",
            "sites": {},
            "communityID": "7f494aad-6d93-457f-94ca-37d9366f6b97"
        },
        {
            "name": "Mahyuddin Abdullah",
            "description": "",
            "profilePic": "",
            "title": "Ketua Bappilu DPD II Golkar Pinrang",
            "sites": {},
            "communityID": "7f494aad-6d93-457f-94ca-37d9366f6b97"
        },
        {
            "name": "Azhar Arsyad",
            "description": "",
            "profilePic": "",
            "title": "Anggota DPRD Sulsel",
            "sites": {},
            "communityID": "7f494aad-6d93-457f-94ca-37d9366f6b97"
        },
        {
            "name": "Kartini Lolo",
            "description": "",
            "profilePic": "",
            "title": "Anggota DPRD Sulsel",
            "sites": {},
            "communityID": "7f494aad-6d93-457f-94ca-37d9366f6b97"
        },
        {
            "name": "Abd. Rahim Mas P. Sanjata",
            "description": "",
            "profilePic": "",
            "title": "Direktur Program Pascasarjana Universitas Islam Makassar",
            "sites": {},
            "communityID": "7f494aad-6d93-457f-94ca-37d9366f6b97"
        },
        {
            "name": "Abdillah Natsir",
            "description": "",
            "profilePic": "",
            "title": "Politisi Golkar",
            "sites": {},
            "communityID": "7f494aad-6d93-457f-94ca-37d9366f6b97"
        },
        {
            "name": "A.P.A Timo Pangerang",
            "description": "",
            "profilePic": "",
            "title": "Mantan Anggota DPR RI",
            "sites": {},
            "communityID": "7f494aad-6d93-457f-94ca-37d9366f6b97"
        }
    ]
}