{
    "title": "Pemilihan umum Bupati Seluma 2024",
    "region": "Seluma",
    "level": "KABUPATEN",
    "path": "kabupaten-seluma",
    "source": "https://id.wikipedia.org/wiki/Pemilihan_umum_Bupati_Seluma_2024",
    "communityID": "f087eca2-427e-4f46-80b7-0336abe60848",
    "candidates": [
        {
            "name": "Erwin Octavian",
            "description": "Erwin Octavian, SE (lahir 29 Oktober 1980) adalah Bupati Seluma[1] ke-3 periode 2021-2024.\n",
            "profilePic": "https://upload.wikimedia.org/wikipedia/commons/4/42/Bupati_Seluma_Erwin_Octavian.jpg",
            "title": "Bupati Seluma",
            "sites": {
                "name": "Wikipedia",
                "url": "https://id.wikipedia.org/wiki/Erwin_Octavian"
            },
            "communityID": "f087eca2-427e-4f46-80b7-0336abe60848"
        },
        {
            "name": "Gustianto",
            "description": "Drs. Gustianto (lahir 15 Agustus 1965) adalah Wakil Bupati Seluma periode 2021-2024.\n",
            "profilePic": "https://upload.wikimedia.org/wikipedia/commons/5/59/Gustianto_Wabup_Seluma_2021.jpg",
            "title": "Wakil Bupati Seluma",
            "sites": {
                "name": "Wikipedia",
                "url": "https://id.wikipedia.org/wiki/Gustianto"
            },
            "communityID": "f087eca2-427e-4f46-80b7-0336abe60848"
        },
        {
            "name": "Edison Simbolon",
            "description": "H. Edison Simbolon, M.Si. (lahir 7 Maret 1958) adalah Anggota DPRD Provinsi Bengkulu Fraksi Demokrat periode 2019\u20142020.[1]\n",
            "profilePic": "https://upload.wikimedia.org/wikipedia/commons/0/0d/KPU_Edison_Simbolon.jpg",
            "title": "Ketua DPD Partai Demokrat Provinsi Bengkulu",
            "sites": {
                "name": "Wikipedia",
                "url": "https://id.wikipedia.org/wiki/Edison_Simbolon"
            },
            "communityID": "f087eca2-427e-4f46-80b7-0336abe60848"
        }
    ]
}