{
    "title": "Pemilihan umum Bupati Langkat 2024",
    "region": "Langkat",
    "level": "KABUPATEN",
    "path": "kabupaten-langkat",
    "source": "https://id.wikipedia.org/wiki/Pemilihan_umum_Bupati_Langkat_2024",
    "communityID": "35b308a3-42eb-475e-bff3-fc26045be289",
    "candidates": [
        {
            "name": "Syah Afandin",
            "description": "H. Syah Afandin, S.H. atau yang juga akrab disapa Ondim (lahir 23 Juni 1966) adalah Pelaksana Tugas Bupati Langkat sejak 20 Januari 2022.[2] Ondim juga merupakan politikus PAN dan sebelumnya menjabat sebagai anggota Dewan Perwakilan Rakyat Daerah Provinsi Sumatera Utara periode 2014\u20132018 dan Wakil Bupati Langkat periode 2019\u20132022.[3]\n",
            "profilePic": "https://upload.wikimedia.org/wikipedia/commons/3/32/Syah_Afandin_2019.jpg",
            "title": "Pelaksana Tugas Bupati Langkat",
            "sites": {
                "name": "Wikipedia",
                "url": "https://id.wikipedia.org/wiki/Syah_Afandin"
            },
            "communityID": "35b308a3-42eb-475e-bff3-fc26045be289"
        },
        {
            "name": "Rudi Hartono Bangun",
            "description": "H. Rudi Hartono Bangun, S.E., M.A.P. (lahir 17 Mei 1977) adalah politikus Indonesia. Ia adalah Anggota DPRD Sumatera Utara periode 2014\u20142015. Ia pernah menjabat sebagai Anggota DPR RI Fraksi Demokrat periode 2014\u20142018.[1]\n",
            "profilePic": "https://upload.wikimedia.org/wikipedia/commons/3/37/Anggota_DPR_Rudi_Hartono_Bangun.jpg",
            "title": "Anggota DPR-RI",
            "sites": {
                "name": "Wikipedia",
                "url": "https://id.wikipedia.org/wiki/Rudi_Hartono_Bangun"
            },
            "communityID": "35b308a3-42eb-475e-bff3-fc26045be289"
        },
        {
            "name": "Sribana Peranginangin",
            "description": "",
            "profilePic": "",
            "title": "Ketua DPRD Kabupaten Langkat",
            "sites": {},
            "communityID": "35b308a3-42eb-475e-bff3-fc26045be289"
        },
        {
            "name": "Edi Bahagia SIP",
            "description": "",
            "profilePic": "",
            "title": "Anggota DPRD Kabupaten Langkat",
            "sites": {},
            "communityID": "35b308a3-42eb-475e-bff3-fc26045be289"
        },
        {
            "name": "Ralin Sinulingga",
            "description": "",
            "profilePic": "",
            "title": "Wakil Ketua DPRD Kabupaten Langkat",
            "sites": {},
            "communityID": "35b308a3-42eb-475e-bff3-fc26045be289"
        },
        {
            "name": "Tiorita Br Surbakti SH",
            "description": "",
            "profilePic": "",
            "title": "Ketua DPD Partai Golkar kab Langkat",
            "sites": {},
            "communityID": "35b308a3-42eb-475e-bff3-fc26045be289"
        },
        {
            "name": "Rizky Yunanda Sitepu",
            "description": "H. Rizky Yunanda Sitepu, S.TP., M.P. (lahir 1 Januari 1992) adalah Wakil Wali Kota Binjai periode 2021\u20142024.[2][3] Sebelum menjabat sebagai Wakil Wali Kota Binjai, ia  juga sempat menjabat sebagai Anggota DPRD Sumut dari Partai Golkar yang terpilih dalam Pemilihan Legislatif Tahun 2019. Ia juga merupakan putra Ngogesa Sitepu, Bupati Langkat periode 2009-2019.\n",
            "profilePic": "https://upload.wikimedia.org/wikipedia/commons/8/83/Wakil_Walikota_Binjai_Rizky_Yunanda_Sitepu.jpg",
            "title": "Wakil Wali Kota Binjai",
            "sites": {
                "name": "Wikipedia",
                "url": "https://id.wikipedia.org/wiki/Rizky_Yunanda_Sitepu"
            },
            "communityID": "35b308a3-42eb-475e-bff3-fc26045be289"
        },
        {
            "name": "Wendi Isman Sitepu",
            "description": "",
            "profilePic": "",
            "title": "Direktur PT Delia Oka Arjuna",
            "sites": {},
            "communityID": "35b308a3-42eb-475e-bff3-fc26045be289"
        },
        {
            "name": "M Mas'ud SH MH",
            "description": "",
            "profilePic": "",
            "title": "Advokat/Pengacara",
            "sites": {},
            "communityID": "35b308a3-42eb-475e-bff3-fc26045be289"
        },
        {
            "name": "Ricky Anthoni",
            "description": "",
            "profilePic": "",
            "title": "Anggota DPRD Sumut",
            "sites": {},
            "communityID": "35b308a3-42eb-475e-bff3-fc26045be289"
        },
        {
            "name": "Delia Pratiwi Sitepu",
            "description": "Delia Pratiwi Sitepu (lahir 30 Maret 1988) adalah seorang pengusaha dan politisi Indonesia. Ia menjabat sebagai anggota Dewan Perwakilan Rakyat Republik Indonesia (DPR-RI) melalui Partai Golkar dari Daerah Pemilihan Sumatera Utara III.\n",
            "profilePic": "https://upload.wikimedia.org/wikipedia/commons/c/cc/DELIA_PRATIWI_BR._SITEPU.jpg",
            "title": "Anggota DPR-RI",
            "sites": {
                "name": "Wikipedia",
                "url": "https://id.wikipedia.org/wiki/Delia_Pratiwi_Sitepu"
            },
            "communityID": "35b308a3-42eb-475e-bff3-fc26045be289"
        },
        {
            "name": "Djohar Arifin Husin",
            "description": "Prof. Dr. Ir. Djohar Arifin Husin (lahir 13 September 1950)[1] adalah seorang akademisi, politikus dan administrator sepak bola Indonesia. Ia merupakan Ketua Umum Persatuan Sepak Bola Seluruh Indonesia (PSSI) yang terpilih sejak 9 Juli 2011 untuk periode 2011\u20142015 menggantikan Nurdin Halid.\n",
            "profilePic": "https://upload.wikimedia.org/wikipedia/commons/thumb/5/59/DPR_Djohar_Arifin_Husin.jpg/1200px-DPR_Djohar_Arifin_Husin.jpg",
            "title": "Mantan Ketua Umum PSSI",
            "sites": {
                "name": "Wikipedia",
                "url": "https://id.wikipedia.org/wiki/Djohar_Arifin_Husein"
            },
            "communityID": "35b308a3-42eb-475e-bff3-fc26045be289"
        },
        {
            "name": "Zulfikar SH MKn",
            "description": "",
            "profilePic": "",
            "title": "Notaris/independen",
            "sites": {},
            "communityID": "35b308a3-42eb-475e-bff3-fc26045be289"
        },
        {
            "name": "Muhammad Wahyu Hidayah, SH",
            "description": "",
            "profilePic": "",
            "title": "SH",
            "sites": {},
            "communityID": "35b308a3-42eb-475e-bff3-fc26045be289"
        },
        {
            "name": "ARISWAN",
            "description": "",
            "profilePic": "",
            "title": "Koordinator",
            "sites": {},
            "communityID": "35b308a3-42eb-475e-bff3-fc26045be289"
        }
    ]
}