{
    "title": "Pemilihan umum Bupati Purwakarta 2024",
    "region": "Purwakarta",
    "level": "KABUPATEN",
    "candidates": [
        {
            "name": "Pengusaha Internasional",
            "title": "Calon Bupati",
            "description": null,
            "profilePic": "",
            "communityID": "be71758d-4d23-42dc-91eb-59347a59595e",
            "sites": null
        }
    ],
    "source": "https://id.wikipedia.org/wiki/Pemilihan_umum_Bupati_Purwakarta_2024",
    "path": "kabupaten-purwakarta"
}