{
    "title": "Pemilihan umum Bupati Morowali 2024",
    "region": "Morowali",
    "level": "KABUPATEN",
    "candidates": [
        {
            "name": "Taslim",
            "title": "Calon Bupati",
            "description": "Drs. Taslim (lahir 11 Juli 1967) adalah Bupati Morowali periode 2018\u20132023. Ia menjabat sejak 26 September 2018 setelah dilantik Gubernur Sulawesi Tengah, Longki Djanggola di Gedung Lembaga Peningkatan Mutu Pendidikan, Palu.",
            "profilePic": "https://upload.wikimedia.org/wikipedia/commons/thumb/0/01/Bupati_morowali.jpg/220px-Bupati_morowali.jpg",
            "communityID": "9614f3a0-b1ba-45bb-9c32-aefd2604d839",
            "sites": {
                "name": "Wikipedia",
                "url": "https://id.wikipedia.org/wiki/Taslim"
            }
        },
        {
            "name": "Ahmad Hakim",
            "title": "Calon Bupati",
            "description": null,
            "profilePic": "",
            "communityID": "9614f3a0-b1ba-45bb-9c32-aefd2604d839",
            "sites": null
        },
        {
            "name": "Syarifudin Hafid",
            "title": "Calon Bupati",
            "description": "Partai Demokrat",
            "profilePic": "https://upload.wikimedia.org/wikipedia/commons/thumb/b/bc/Lambang_Kabupaten_Morowali_%282015-sekarang%29.png/50px-Lambang_Kabupaten_Morowali_%282015-sekarang%29.png",
            "communityID": "9614f3a0-b1ba-45bb-9c32-aefd2604d839",
            "sites": {
                "name": "Wikipedia",
                "url": "https://id.wikipedia.org/wiki/Syarifudin_Hafid"
            }
        },
        {
            "name": "DPRD Kabupaten Morowali periode 2019-2024",
            "title": "Calon Bupati",
            "description": "Dewan Perwakilan Rakyat Daerah Kabupaten Morowali (disingkat DPRD Morowali) adalah lembaga perwakilan rakyat daerah tingkat kabupaten yang ada di Kabupaten Morowali, Sulawesi Tengah. Anggota DPRD Morowali sebelumnya berjumlah 30 orang, kemudian berkurang menjadi 25 orang setelah pemekaran Kabupaten Morowali Utara yang tersebar di 10 partai politik, dengan perolehan suara mayoritas diraih oleh Partai NasDem.",
            "profilePic": "https://upload.wikimedia.org/wikipedia/commons/thumb/2/27/DPRD_Kabupaten_Morowali_2019.svg/250px-DPRD_Kabupaten_Morowali_2019.svg.png",
            "communityID": "9614f3a0-b1ba-45bb-9c32-aefd2604d839",
            "sites": {
                "name": "Wikipedia",
                "url": "https://id.wikipedia.org/wiki/Dewan_Perwakilan_Rakyat_Daerah_Kabupaten_Morowali"
            }
        }
    ],
    "source": "https://id.wikipedia.org/wiki/Pemilihan_umum_Bupati_Morowali_2024",
    "path": "kabupaten-morowali"
}