{
    "title": "Pemilihan umum Wali Kota Solok 2024",
    "region": "Solok",
    "level": "KOTA",
    "candidates": [
        {
            "name": "Audy Joinaldy",
            "title": "Calon Wali Kota",
            "description": "Dr. Ir. Audy Joinaldy, S.Pt., M.Sc., M.M., IPM, ASEAN.Eng. gelar Datuak Rajo Pasisia Alam (lahir 16 Mei 1983) adalah  pengusaha dan politikus Indonesia yang menjabat Wakil Gubernur Sumatera Barat periode 2021\u20132024 bersama Gubernur Mahyeldi Ansharullah. Semasa pemilihan umum 2020, ia dicalonkan oleh Partai Persatuan Pembangunan. Selain itu, ia merupakan pimpinan dua perusahaan di Sulawesi yakni Perkasa Group yang bergerak di bidang peternakan dan Lintas Agro Group yang bergerak di bidang pertanian.",
            "profilePic": "https://upload.wikimedia.org/wikipedia/commons/thumb/6/62/Wakil_Gubernur_Sumatera_Barat_Audy_Joinaldy.jpg/220px-Wakil_Gubernur_Sumatera_Barat_Audy_Joinaldy.jpg",
            "communityID": "059b2138-75be-4dcc-ad19-74f99245f224",
            "sites": {
                "name": "Wikipedia",
                "url": "https://id.wikipedia.org/wiki/Audy_Joinaldy"
            }
        },
        {
            "name": "Ramadhani Kirana Putra",
            "title": "Calon Wali Kota",
            "description": "Dr. H. Ramadhani Kirana Putra, S.E., M.M. gelar Datuak Nan Batungkek Ameh (lahir 8 Juli 1987) adalah politikus dan pengusaha Indonesia. Ia menjabat sebagai Wakil Wali Kota Solok periode 2021\u20142024. Ia adalah wakil dari Wali Kota Solok, Zul Elfian yang dilantik oleh Gubernur Sumbar Mahyeldi Ansharullah di Auditorium Gubernuran, Jumat (26/2/2021). Ramadhani itu diusung oleh tiga partai yaitu PAN, PKS, dan NasDem.",
            "profilePic": "https://upload.wikimedia.org/wikipedia/commons/thumb/f/f2/Edit-clear.svg/40px-Edit-clear.svg.png",
            "communityID": "059b2138-75be-4dcc-ad19-74f99245f224",
            "sites": {
                "name": "Wikipedia",
                "url": "https://id.wikipedia.org/wiki/Ramadhani_Kirana_Putra"
            }
        },
        {
            "name": "Irzal Ilyas",
            "title": "Calon Wali Kota",
            "description": "H. Irzal Ilyas, M.M. gelar Datuak Lawik Basa (lahir 4 Januari 1959) adalah politikus Indonesia yang menjabat Anggota DPRD Sumatera Barat Fraksi Demokrat periode 2019\u20142024 dan Wali Kota Solok periode 2010\u20142015. Berpasangan dengan H. Zul Elfian sebagai wakil wali kota, mereka berhasil memenangkan pilkada Kota Solok tahun 2010.",
            "profilePic": "https://upload.wikimedia.org/wikipedia/commons/thumb/d/d3/Anggota_DPRD_Sumatera_Barat_Irzal_Ilyas_Dt._Lawik_Basa.jpg/220px-Anggota_DPRD_Sumatera_Barat_Irzal_Ilyas_Dt._Lawik_Basa.jpg",
            "communityID": "059b2138-75be-4dcc-ad19-74f99245f224",
            "sites": {
                "name": "Wikipedia",
                "url": "https://id.wikipedia.org/wiki/Irzal_Ilyas"
            }
        },
        {
            "name": "Reinier",
            "title": "Calon Wali Kota",
            "description": "Reinier Dt. Intan Batuah, S.T., M.M. (lahir 24 Juni 1964) adalah Wakil Wali Kota Solok periode 2016\u20132021. Ia adalah wakil dari Wali Kota Solok, Zul Elfian. Reinier juga merupakan paman/om dari aktris Zaskia Sungkar dan Shireen Sungkar",
            "profilePic": "https://upload.wikimedia.org/wikipedia/commons/thumb/3/31/KPU_Reinier_Dt._Intan_Batuah.jpg/220px-KPU_Reinier_Dt._Intan_Batuah.jpg",
            "communityID": "059b2138-75be-4dcc-ad19-74f99245f224",
            "sites": {
                "name": "Wikipedia",
                "url": "https://id.wikipedia.org/wiki/Reinier"
            }
        },
        {
            "name": "Yutris Can",
            "title": "Calon Wali Kota",
            "description": null,
            "profilePic": "",
            "communityID": "059b2138-75be-4dcc-ad19-74f99245f224",
            "sites": null
        },
        {
            "name": "Ilzan Sumarta",
            "title": "Calon Wali Kota",
            "description": null,
            "profilePic": "",
            "communityID": "059b2138-75be-4dcc-ad19-74f99245f224",
            "sites": null
        },
        {
            "name": "Alfauzi Bote",
            "title": "Calon Wali Kota",
            "description": null,
            "profilePic": "",
            "communityID": "059b2138-75be-4dcc-ad19-74f99245f224",
            "sites": null
        },
        {
            "name": "Risman Siranggi",
            "title": "Calon Wali Kota",
            "description": null,
            "profilePic": "",
            "communityID": "059b2138-75be-4dcc-ad19-74f99245f224",
            "sites": null
        }
    ],
    "source": "https://id.wikipedia.org/wiki/Pemilihan_umum_Wali_Kota_Solok_2024",
    "path": "kota-solok"
}