{
    "title": "Pemilihan umum Wali Kota Depok 2024",
    "region": "Depok",
    "level": "KOTA",
    "candidates": [
        {
            "name": "Imam Budi Hartono",
            "title": "Calon Wali Kota",
            "description": "Ir. H. Imam Budi Hartono, M.Si, populer dengan nama akronim IBH (lahir 8 Agustus 1968) adalah politikus asal Indonesia yang menjabat sebagai Wakil Wali Kota Depok sejak 26 Februari 2021. Dia berkiprah di dunia politik ketika dirinya menganggotai Partai Keadilan bersama para aktivis lainnya di awal masa Reformasi. Selain itu, Imam juga terlibat dalam pembentukan Depok sebagai sebuah kota madya dan termasuk salah satu legislator pertama di Dewan Perwakilan Rakyat Daerah Kota Depok.",
            "profilePic": "https://upload.wikimedia.org/wikipedia/commons/thumb/b/b1/Vice_Mayor_of_Depok_Imam_Budi_Hartono%2C_2021.png/220px-Vice_Mayor_of_Depok_Imam_Budi_Hartono%2C_2021.png",
            "communityID": "f61b1c58-e621-472d-8e68-ab9015412ba4",
            "sites": {
                "name": "Wikipedia",
                "url": "https://id.wikipedia.org/wiki/Imam_Budi_Hartono"
            }
        },
        {
            "name": "Ririn Farabi",
            "title": "Calon Wali Kota",
            "description": null,
            "profilePic": "",
            "communityID": "f61b1c58-e621-472d-8e68-ab9015412ba4",
            "sites": null
        },
        {
            "name": "Farabi A. Rafiq",
            "title": "Calon Wali Kota",
            "description": "",
            "profilePic": "https://upload.wikimedia.org/wikipedia/commons/thumb/9/9f/Flag_of_Indonesia.svg/23px-Flag_of_Indonesia.svg.png",
            "communityID": "f61b1c58-e621-472d-8e68-ab9015412ba4",
            "sites": {
                "name": "Wikipedia",
                "url": "https://id.wikipedia.org/wiki/Farabi_A._Rafiq"
            }
        }
    ],
    "source": "https://id.wikipedia.org/wiki/Pemilihan_umum_Wali_Kota_Depok_2024",
    "path": "kota-depok"
}