{
    "title": "Pemilihan umum Wali Kota Sukabumi 2024",
    "region": "Sukabumi",
    "level": "KOTA",
    "candidates": [
        {
            "name": "Achmad Fahmi",
            "title": "Calon Wali Kota",
            "description": "H. Achmad Fahmi, S.Ag., M.M.Pd. (lahir 4 Mei 1974) adalah seorang politikus yang pernah menjabat sebagai Wali Kota Sukabumi periode 2018 - 2023 didampingi Andri Setiawan Hamami sebagai wakilnya. Fahmi sebelumnya merupakan wakil wali kota Sukabumi periode 2013 - 2018 mendampingi Mohamad Muraz. Ia dilantik oleh Gubernur Ridwan Kamil setelah memenangkan Pilwalkot Sukabumi dengan perolehan 84.245 suara mengalahkan 3 pasangan calon lainnya.",
            "profilePic": "https://upload.wikimedia.org/wikipedia/commons/thumb/1/10/Achmad_Fahmi_Wali_Kota_Sukabumi.jpeg/220px-Achmad_Fahmi_Wali_Kota_Sukabumi.jpeg",
            "communityID": "a06a4302-ccc1-466b-9941-ac2c99558e7e",
            "sites": {
                "name": "Wikipedia",
                "url": "https://id.wikipedia.org/wiki/Achmad_Fahmi"
            }
        },
        {
            "name": "Andri Setiawan Hamami",
            "title": "Calon Wali Kota",
            "description": "H. Andri Setiawan Hamami, S.H., M.H. (lahir 25 Maret 1966) adalah seorang politikus yang sekarang menjabat sebagai Wakil Wali Kota Sukabumi periode 2018-2023 mendampingi Achmad Fahmi sebagai walikota. Ia dilantik oleh Gubernur Ridwan Kamil setelah memenangkan Pilwalkot Sukabumi dengan perolehan 84.245 suara mengalahkan 3 pasangan calon lainnya.",
            "profilePic": "https://upload.wikimedia.org/wikipedia/commons/thumb/7/76/Andri_Setiawan_Hamami%2C_Wakil_Wali_Kota_Sukabumi_%282018%29.jpeg/200px-Andri_Setiawan_Hamami%2C_Wakil_Wali_Kota_Sukabumi_%282018%29.jpeg",
            "communityID": "a06a4302-ccc1-466b-9941-ac2c99558e7e",
            "sites": {
                "name": "Wikipedia",
                "url": "https://id.wikipedia.org/wiki/Andri_Setiawan_Hamami"
            }
        },
        {
            "name": "H. Mulyono",
            "title": "Calon Wali Kota",
            "description": null,
            "profilePic": "",
            "communityID": "a06a4302-ccc1-466b-9941-ac2c99558e7e",
            "sites": null
        },
        {
            "name": "Kamal Suherman",
            "title": "Calon Wali Kota",
            "description": null,
            "profilePic": "",
            "communityID": "a06a4302-ccc1-466b-9941-ac2c99558e7e",
            "sites": null
        },
        {
            "name": "Olga Pragosta",
            "title": "Calon Wali Kota",
            "description": null,
            "profilePic": "",
            "communityID": "a06a4302-ccc1-466b-9941-ac2c99558e7e",
            "sites": null
        },
        {
            "name": "Dedi R wijaya",
            "title": "Calon Wali Kota",
            "description": null,
            "profilePic": "",
            "communityID": "a06a4302-ccc1-466b-9941-ac2c99558e7e",
            "sites": null
        }
    ],
    "source": "https://id.wikipedia.org/wiki/Pemilihan_umum_Wali_Kota_Sukabumi_2024",
    "path": "kota-sukabumi"
}