{
    "title": "Pemilihan umum Wali Kota Sungai Penuh 2024",
    "region": "Sungai Penuh",
    "level": "KOTA",
    "candidates": [
        {
            "name": "Ahmadi Zubir",
            "title": "Calon Wali Kota",
            "description": "Drs. Ahmadi Zubir, M.M. (lahir 10 Oktober 1964) adalah Wali Kota Sungai Penuh periode 2021\u20132024. Bersama wakilnya, Alvia Santoni, mereka berhasil memenangkan Pemilihan umum Wali Kota Sungai Penuh 2020.",
            "profilePic": "https://upload.wikimedia.org/wikipedia/commons/thumb/f/fb/Wali_Kota_Sungai_Penuh_Ahmadi_Zubir.jpg/220px-Wali_Kota_Sungai_Penuh_Ahmadi_Zubir.jpg",
            "communityID": "9654e854-f962-435b-80e2-409ccf8acc8b",
            "sites": {
                "name": "Wikipedia",
                "url": "https://id.wikipedia.org/wiki/Ahmadi_Zubir"
            }
        },
        {
            "name": "Alvia Santoni",
            "title": "Calon Wali Kota",
            "description": "Dr. Alvia Santoni, S.E., M.M. (lahir 30 Mei 1972) adalah Wakil Wali Kota Sungai Penuh periode 2021\u20132024. Ia merupakan wakil dari Wali Kota, Ahmadi Zubir.",
            "profilePic": "https://upload.wikimedia.org/wikipedia/commons/thumb/f/f6/Wawako_Sungai_Penuh_Alvia_Santoni.jpg/220px-Wawako_Sungai_Penuh_Alvia_Santoni.jpg",
            "communityID": "9654e854-f962-435b-80e2-409ccf8acc8b",
            "sites": {
                "name": "Wikipedia",
                "url": "https://id.wikipedia.org/wiki/Alvia_Santoni"
            }
        },
        {
            "name": "Fikar Azami",
            "title": "Calon Wali Kota",
            "description": "Fikar Azami (lahir 2 Januari 1989) adalah ketua DPRD Kota Sungai Penuh fraksi partai Demokrat periode 2017\u20132019. Ia merupakan anak dari mantan Wali Kota Sungai Penuh dua periode 2011 hingga 2021, Asafri Jaya Bakri.",
            "profilePic": "https://upload.wikimedia.org/wikipedia/commons/thumb/c/c5/Soekarno.jpg/20px-Soekarno.jpg",
            "communityID": "9654e854-f962-435b-80e2-409ccf8acc8b",
            "sites": {
                "name": "Wikipedia",
                "url": "https://id.wikipedia.org/wiki/Fikar_Azami"
            }
        },
        {
            "name": "Noviar Zen",
            "title": "Calon Wali Kota",
            "description": null,
            "profilePic": "",
            "communityID": "9654e854-f962-435b-80e2-409ccf8acc8b",
            "sites": null
        },
        {
            "name": "Fajran",
            "title": "Calon Wali Kota",
            "description": null,
            "profilePic": "",
            "communityID": "9654e854-f962-435b-80e2-409ccf8acc8b",
            "sites": null
        },
        {
            "name": "Harmen Putra",
            "title": "Calon Wali Kota",
            "description": null,
            "profilePic": "",
            "communityID": "9654e854-f962-435b-80e2-409ccf8acc8b",
            "sites": null
        },
        {
            "name": "Defitra Eka Jaya",
            "title": "Calon Wali Kota",
            "description": null,
            "profilePic": "",
            "communityID": "9654e854-f962-435b-80e2-409ccf8acc8b",
            "sites": null
        }
    ],
    "source": "https://id.wikipedia.org/wiki/Pemilihan_umum_Wali_Kota_Sungai_Penuh_2024",
    "path": "kota-sungai-penuh"
}