{
    "title": "Pemilihan umum Wali Kota Tangjungbalai 2024",
    "region": "Tangjungbalai",
    "level": "KOTA",
    "candidates": [
        {
            "name": "Waris Thalib",
            "title": "Calon Wali Kota",
            "description": "Dr. H. Waris Thalib, S.Ag., M.M. (lahir 5 Juni 1971) adalah Wali Kota Tanjungbalai yang menjabat sejak 22 Agustus 2022. Sebelumnya, Ia menjabat sebagai Wakil Wali Kota Tanjungbalai selama 3 bulan, kemudian menjabat sebagai Pelaksana Tugas (Plt.) Wali Kota Tanjungbalai untuk menggantikan M Syahrial yang ditahan KPK. Dan sampai saat ini, belum ada yang mengisi kekosongan kursi Wakil Wali Kota  Tanjungbalai tersebut.",
            "profilePic": "https://upload.wikimedia.org/wikipedia/id/thumb/a/a5/Walkotwaris2024.jpeg/220px-Walkotwaris2024.jpeg",
            "communityID": "dc952aac-e753-48ef-bc68-50af73237a86",
            "sites": {
                "name": "Wikipedia",
                "url": "https://id.wikipedia.org/wiki/Waris_Thalib"
            }
        },
        {
            "name": "Mahyaruddin Salim",
            "title": "Calon Wali Kota",
            "description": null,
            "profilePic": "",
            "communityID": "dc952aac-e753-48ef-bc68-50af73237a86",
            "sites": null
        },
        {
            "name": "Mantan Calon Wali Kota Tanjungbalai",
            "title": "Calon Wali Kota",
            "description": "Ismail\nIndependen",
            "profilePic": "",
            "communityID": "dc952aac-e753-48ef-bc68-50af73237a86",
            "sites": {
                "name": "Wikipedia",
                "url": "https://id.wikipedia.org/wiki/Pemilihan_Umum_Wali_Kota_Tanjungbalai_2020"
            }
        },
        {
            "name": "Rolel Harahap",
            "title": "Calon Wali Kota",
            "description": "Rolel Harahap (lahir 7 Mei 1966) adalah Wakil Wali Kota Tanjungbalai yang menjabat pada periode 2011-2016. Ia dilantik pada 7 Februari 2011 bersama dengan Drs. H. Thamrin Munthe, M.Hum setelah berhasil memenangi Pemilu Tanjungbalai 2010 yang diulang di 17 kelurahan setelah Mahkamah Konstitusi memutuskan pasangan nomor enam yakni Eka Hadi Sucipto-Afrizal Zukarnain terbukti melakukan kecurangan dengan melakukan politik uang.",
            "profilePic": "https://upload.wikimedia.org/wikipedia/commons/thumb/4/41/RolelHarahap.jpg/220px-RolelHarahap.jpg",
            "communityID": "dc952aac-e753-48ef-bc68-50af73237a86",
            "sites": {
                "name": "Wikipedia",
                "url": "https://id.wikipedia.org/wiki/Rolel_Harahap"
            }
        }
    ],
    "source": "https://id.wikipedia.org/wiki/Pemilihan_umum_Wali_Kota_Tangjungbalai_2024",
    "path": "kota-tanjungbalai"
}