{
    "title": "Pemilihan umum Wali Kota Lubuklinggau 2024",
    "region": "Lubuklinggau",
    "level": "KOTA",
    "path": "kota-lubuklinggau",
    "source": "https://id.wikipedia.org/wiki/Pemilihan_umum_Wali_Kota_Lubuklinggau_2024",
    "communityID": "358831b0-b4dc-4a14-8030-24804ab55d44",
    "candidates": [
        {
            "name": "Sulaiman Kohar",
            "description": "H. Sulaiman Kohar, S.H., M.H.[1] (lahir 22 Februari 1955) adalah birokrat dan politikus Indonesia yang menjabat sebagai Wakil Wali Kota Lubuklinggau 2 periode yakni 2013\u20142018 dan 2018\u20142023. Ia adalah wakil dari Wali Kota Lubuklinggau, SN Prana Putra Sohe.\n",
            "profilePic": "",
            "title": "Wakil Wali Kota Lubuklinggau",
            "sites": {
                "name": "Wikipedia",
                "url": "https://id.wikipedia.org/wiki/Sulaiman_Kohar"
            },
            "communityID": "358831b0-b4dc-4a14-8030-24804ab55d44"
        },
        {
            "name": "H Rachmat Hidayat",
            "description": "",
            "profilePic": "",
            "title": "Ketua Partai Nasdem Kota Lubuklinggau",
            "sites": {},
            "communityID": "358831b0-b4dc-4a14-8030-24804ab55d44"
        },
        {
            "name": "Rodi Wijaya",
            "description": "",
            "profilePic": "",
            "title": "Ketua DPRD Kota Lubuk Linggau",
            "sites": {},
            "communityID": "358831b0-b4dc-4a14-8030-24804ab55d44"
        },
        {
            "name": "Azandri",
            "description": "",
            "profilePic": "",
            "title": "Ketua DPRD Musi Rawas",
            "sites": {},
            "communityID": "358831b0-b4dc-4a14-8030-24804ab55d44"
        },
        {
            "name": "Leonardi Sohe",
            "description": "",
            "profilePic": "",
            "title": "Anggota DPRD Lubuk Linggau",
            "sites": {},
            "communityID": "358831b0-b4dc-4a14-8030-24804ab55d44"
        },
        {
            "name": "Rustam Effendi",
            "description": "",
            "profilePic": "",
            "title": "Anggota DPRD Lubuk Linggau",
            "sites": {},
            "communityID": "358831b0-b4dc-4a14-8030-24804ab55d44"
        },
        {
            "name": "Dra. Henni Kristiati",
            "description": "",
            "profilePic": "",
            "title": "M.Pd Kepala Sekola SMAN Terawas",
            "sites": {},
            "communityID": "358831b0-b4dc-4a14-8030-24804ab55d44"
        },
        {
            "name": "Ibnu Amin",
            "description": "Ir. H. Ibnu Amin (lahir 12 Mei 1958) adalah birokrat dan politikus Indonesia yang pernah menjabat sebagai Bupati Musi Rawas periode 2004\u20142005.\n",
            "profilePic": "",
            "title": "Mantan Bupati Musi Rawas",
            "sites": {
                "name": "Wikipedia",
                "url": "https://id.wikipedia.org/wiki/Ibnu_Amin"
            },
            "communityID": "358831b0-b4dc-4a14-8030-24804ab55d44"
        }
    ]
}