{
    "title": "Pemilihan umum Wali Kota Tangerang Selatan 2024",
    "region": "Tangerang Selatan",
    "level": "KOTA",
    "candidates": [
        {
            "name": "H. Sunarji, S.Pd",
            "title": "Calon Wali Kota",
            "description": "",
            "profilePic": "https://upload.wikimedia.org/wikipedia/commons/thumb/c/c4/KPU_Narji_Cagur.jpg/220px-KPU_Narji_Cagur.jpg",
            "communityID": "3b730c72-866d-466e-80d1-97a65dce6dfb",
            "sites": {
                "name": "Wikipedia",
                "url": "https://id.wikipedia.org/wiki/Narji"
            }
        },
        {
            "name": "Benyamin Davnie",
            "title": "Calon Wali Kota",
            "description": "Drs. H. Benyamin Davnie (lahir 1 September 1958) adalah Wali Kota Tangerang Selatan sejak 26 April 2021 dan mantan Wakil Wali Kota Tangerang Selatan selama dua periode mendampingi Wali Kota Airin Rachmi Diany yang menjabat sejak 20 April 2011 hingga 20 April 2021. Sebelum menjadi Wakil Wali Kota Tangerang Selatan, Ia pernah mengikuti Pemilihan Umum Gubernur Banten 2006 namun kalah.",
            "profilePic": "https://upload.wikimedia.org/wikipedia/commons/thumb/2/22/Wali_Kota_Tangerang_Selatan%2C_Benyamin_Davnie.jpg/250px-Wali_Kota_Tangerang_Selatan%2C_Benyamin_Davnie.jpg",
            "communityID": "3b730c72-866d-466e-80d1-97a65dce6dfb",
            "sites": {
                "name": "Wikipedia",
                "url": "https://id.wikipedia.org/wiki/Benyamin_Davnie"
            }
        },
        {
            "name": "Pilar Saga Ichsan",
            "title": "Calon Wali Kota",
            "description": "H. Pilar Saga Ichsan, S.T., (lahir 14 Mei 1991) adalah politikus asal Indonesia yang saat ini menjabat sebagai Wakil Wali Kota Tangerang Selatan sejak 26 April 2021 menggantikan Benyamin Davnie. Dia merupakan seorang pengusaha yang terlibat aktif dalam dunia politik, terutamanya Partai Golongan Karya. Berbagai organisasi telah ia ikuti, dimulai dari Organisasi Siswa Intra Sekolah (OSIS) hingga organisasi yang berhubungan dengan olahraga, seperti klub sepak bola dan federasi arung jeram.",
            "profilePic": "https://upload.wikimedia.org/wikipedia/commons/thumb/2/22/Foto-Resmi-Wakil-Walikota-Tangerang-Selatan-Tangsel-Pilar-Saga-Ichsan-fix-scaled.webp/200px-Foto-Resmi-Wakil-Walikota-Tangerang-Selatan-Tangsel-Pilar-Saga-Ichsan-fix-scaled.webp.png",
            "communityID": "3b730c72-866d-466e-80d1-97a65dce6dfb",
            "sites": {
                "name": "Wikipedia",
                "url": "https://id.wikipedia.org/wiki/Pilar_Saga_Ichsan"
            }
        },
        {
            "name": "Muhamad",
            "title": "Calon Wali Kota",
            "description": "Drs. H. Muhamad, M. Si (lahir 06 April 1964) adalah seorang politikus dan mantan birokrat Indonesia yang pernah menjabat Sekretaris Daerah (Sekda) Tangerang Selatan pada 2015 hingga 2020. Ia maju menjadi calon Wali Kota Tangerang Selatan pada pemilihan umum Wali Kota Tangerang Selatan 2020 bersama dengan Rahayu Saraswati,  seorang anggota DPR RI yang menjadi calon Wakil Wali Kota dengan diusung Partai Gerakan Indonesia Raya, Partai Demokrasi Indonesia Perjuangan, Partai Solidaritas Indonesia, Partai Amanat Nasional dan Partai Hati Nurani Rakyat, serta didukung Partai NasDem, Partai Persatuan Indonesia, Partai Gerakan Perubahan Indonesia dan Partai Berkarya.",
            "profilePic": "https://upload.wikimedia.org/wikipedia/commons/thumb/5/51/Muhamad_-_Tangsel.jpg/220px-Muhamad_-_Tangsel.jpg",
            "communityID": "3b730c72-866d-466e-80d1-97a65dce6dfb",
            "sites": {
                "name": "Wikipedia",
                "url": "https://id.wikipedia.org/wiki/Muhamad_(politikus)"
            }
        },
        {
            "name": "Rahayu Saraswati",
            "title": "Calon Wali Kota",
            "description": "Rahayu Saraswati Dhirakanya Djojohadikusumo (lahir 27 Januari 1986) adalah seorang aktivis, politikus, aktris, presenter Indonesia. Ia adalah anggota DPR RI dari Partai Gerindra dari tahun 2014 hingga 2019. Selama menjadi anggota legislatif, ia memperjuangkan hak-hak perempuan dan anak-anak serta melawan perdagangan manusia.",
            "profilePic": "https://upload.wikimedia.org/wikipedia/commons/thumb/0/06/Rahayu_saraswati_hariadhi.jpg/220px-Rahayu_saraswati_hariadhi.jpg",
            "communityID": "3b730c72-866d-466e-80d1-97a65dce6dfb",
            "sites": {
                "name": "Wikipedia",
                "url": "https://id.wikipedia.org/wiki/Rahayu_Saraswati"
            }
        },
        {
            "name": "Siti Nur Azizah Ma'ruf",
            "title": "Calon Wali Kota",
            "description": "Prof. Dr. Hj. Siti Nur Azizah, S.H., M.Hum. (lahir 5 September 1972) adalah putri keempat pasangan K.H. Ma'ruf Amin dan (Alm.) Hj. Siti Churiyyah. Ia adalah doktor di bidang hukum. Ia merupakan Wakil Rektor Universitas Negeri Surabaya ia juga mengajar sebagai Dosen STAI Salahudin Al Ayubi Jakarta Utara sejak tahun 1995 sampai dengan sekarang, serta Dosen di Fakultas Ilmu Sosial dan Hukum Universitas Negeri Surabaya. Ia pernah bekerja sebagai PNS di Kementerian Agama RI tahun 2004-2019. Semasa kuliah ia juga aktif di berbagai organisasi salah satunya adalah PMII.",
            "profilePic": "https://upload.wikimedia.org/wikipedia/commons/thumb/9/92/Pas_foto_Azizah.jpg/250px-Pas_foto_Azizah.jpg",
            "communityID": "3b730c72-866d-466e-80d1-97a65dce6dfb",
            "sites": {
                "name": "Wikipedia",
                "url": "https://id.wikipedia.org/wiki/Siti_Nur_Azizah_Ma%27ruf"
            }
        }
    ],
    "source": "https://id.wikipedia.org/wiki/Pemilihan_umum_Wali_Kota_Tangerang_Selatan_2024",
    "path": "kota-tangerang-selatan"
}