{
    "title": "Pemilihan umum Wali Kota Sibolga 2024",
    "region": "Sibolga",
    "level": "KOTA",
    "path": "kota-sibolga",
    "source": "https://id.wikipedia.org/wiki/Pemilihan_umum_Wali_Kota_Sibolga_2024",
    "communityID": "33b04192-5e34-4b61-a33d-1d3ffee83280",
    "candidates": [
        {
            "name": "Jamaluddin Pohan",
            "description": "H. Jamaluddin Pohan (lahir 4 Februari 1966) adalah Wali Kota Sibolga periode 2021-2024. Ia menjabat sejak 26 Februari 2021 setelah dilantik Gubernur Sumatera Utara, Edy Rahmayadi di Aula Tengku Rizal Nurdin Rumah Dinas Gubernur Sumatera Utara, Medan.[1] Ia juga merupakan politisi Partai NasDem dan dipercaya sebagai Ketua DPD Partai NasDem Kota Sibolga.[2]\n",
            "profilePic": "https://upload.wikimedia.org/wikipedia/commons/c/c4/Walikota_Sibolga_periode_2021-2024_Jamaluddin_Pohan.jpg",
            "title": "Wali Kota Sibolga",
            "sites": {
                "name": "Wikipedia",
                "url": "https://id.wikipedia.org/wiki/Jamaluddin_Pohan"
            },
            "communityID": "33b04192-5e34-4b61-a33d-1d3ffee83280"
        },
        {
            "name": "Pantas Maruba Lumbantobing",
            "description": "Pantas Maruba Lumbantobing (lahir 29 Maret 1977) adalah seorang politikus yang menjabat sebagai Wakil Wali Kota Sibolga ke-16.[1] Ia adalah anggota Partai Demokrat dan sebelumnya pernah menjabat sebagai anggota Dewan Perwakilan Rakyat Daerah Kota Sibolga dari 2009 hingga 2019.[2]\n",
            "profilePic": "https://upload.wikimedia.org/wikipedia/commons/6/65/Pantas_Maruba_Lumban_Tobing%2C_Wakil_Wali_Kota_Sibolga_%282021%29.jpg",
            "title": "Wakil Wali Kota Sibolga",
            "sites": {
                "name": "Wikipedia",
                "url": "https://id.wikipedia.org/wiki/Pantas_Maruba_Lumbantobing"
            },
            "communityID": "33b04192-5e34-4b61-a33d-1d3ffee83280"
        },
        {
            "name": "Akhmad Syukri Nazry Penarik",
            "description": "",
            "profilePic": "",
            "title": "Ketua DPRD Kota Sibolga",
            "sites": {},
            "communityID": "33b04192-5e34-4b61-a33d-1d3ffee83280"
        },
        {
            "name": "Jamil Zeb Tumori",
            "description": "",
            "profilePic": "",
            "title": "Wakil Ketua DPRD Kota Sibolga",
            "sites": {},
            "communityID": "33b04192-5e34-4b61-a33d-1d3ffee83280"
        },
        {
            "name": "Afifi Lubis",
            "description": "",
            "profilePic": "",
            "title": "Mantan Wakil Wali Kota Sibolga",
            "sites": {},
            "communityID": "33b04192-5e34-4b61-a33d-1d3ffee83280"
        },
        {
            "name": "Maykel Fuater",
            "description": "",
            "profilePic": "",
            "title": "Ketua DPD Perindo Kota Sibolga",
            "sites": {},
            "communityID": "33b04192-5e34-4b61-a33d-1d3ffee83280"
        },
        {
            "name": "Sahlul Umur Situmeang",
            "description": "",
            "profilePic": "",
            "title": "Mantan Ketua DPRD Kota Sibolga",
            "sites": {},
            "communityID": "33b04192-5e34-4b61-a33d-1d3ffee83280"
        },
        {
            "name": "Azlinda Hutagalung",
            "description": "",
            "profilePic": "",
            "title": "Ketua HNSI Sibolga",
            "sites": {},
            "communityID": "33b04192-5e34-4b61-a33d-1d3ffee83280"
        },
        {
            "name": "Dapot Sileang Sihite",
            "description": "",
            "profilePic": "",
            "title": "Kader PDI-Perjuangan Kota Sibolga",
            "sites": {},
            "communityID": "33b04192-5e34-4b61-a33d-1d3ffee83280"
        }
    ]
}