{
    "title": "Pemilihan umum Wali Kota Balikpapan 2024",
    "region": "Balikpapan",
    "level": "KOTA",
    "path": "kota-balikpapan",
    "source": "https://id.wikipedia.org/wiki/Pemilihan_umum_Wali_Kota_Balikpapan_2024",
    "communityID": "37ca53e1-76aa-4e41-af2f-3a9144a6b37d",
    "candidates": [
        {
            "name": "Rahmad Mas'ud",
            "description": "H. Rahmad Mas'ud, S.E. (lahir 12 Mei 1976) adalah Wali kota Balikpapan petahana yang menjabat sejak 31 Mei 2021. Sebelumnya ia menjabat sebagai wakil wali kota Balikpapan mendampingi Rizal Effendi pada periode 2016\u20132021.[1]\n",
            "profilePic": "https://upload.wikimedia.org/wikipedia/commons/6/65/Rahmad_Mas%27ud%2C_Wali_Kota_Balikpapan.jpg",
            "title": "Wali Kota Balikpapan",
            "sites": {
                "name": "Wikipedia",
                "url": "https://id.wikipedia.org/wiki/Rahmad_Mas%27ud"
            },
            "communityID": "37ca53e1-76aa-4e41-af2f-3a9144a6b37d"
        },
        {
            "name": "Abdulloh",
            "description": "",
            "profilePic": "",
            "title": "Ketua DPRD Kota Balikpapan",
            "sites": {},
            "communityID": "37ca53e1-76aa-4e41-af2f-3a9144a6b37d"
        },
        {
            "name": "Syukri Wahid",
            "description": "",
            "profilePic": "",
            "title": "Mantan Anggota DPRD Kota Balikpapan",
            "sites": {},
            "communityID": "37ca53e1-76aa-4e41-af2f-3a9144a6b37d"
        },
        {
            "name": "Ahmad Basir",
            "description": "",
            "profilePic": "",
            "title": "Ketua DPD Partai Nasdem Kota Balikpapan",
            "sites": {},
            "communityID": "37ca53e1-76aa-4e41-af2f-3a9144a6b37d"
        },
        {
            "name": "Nurhadi Saputra",
            "description": "",
            "profilePic": "",
            "title": "Anggota DPRD Kota Balikpapan",
            "sites": {},
            "communityID": "37ca53e1-76aa-4e41-af2f-3a9144a6b37d"
        },
        {
            "name": "Muhammad Dimyathie Riza",
            "description": "",
            "profilePic": "",
            "title": "Putra Mantan Walikota Balikpapan Imdaad Hamid",
            "sites": {},
            "communityID": "37ca53e1-76aa-4e41-af2f-3a9144a6b37d"
        },
        {
            "name": "Ust. H. Naspi Arsyad",
            "description": "",
            "profilePic": "",
            "title": "Pendakwah",
            "sites": {},
            "communityID": "37ca53e1-76aa-4e41-af2f-3a9144a6b37d"
        },
        {
            "name": "Eddy Sunardi Darmawan",
            "description": "",
            "profilePic": "",
            "title": "Anggota DPRD Kaltim",
            "sites": {},
            "communityID": "37ca53e1-76aa-4e41-af2f-3a9144a6b37d"
        }
    ]
}