{
    "title": "Pemilihan umum Wali Kota Kediri 2024",
    "region": "Kediri",
    "level": "KOTA",
    "candidates": [
        {
            "name": "Arif Wijaya",
            "title": "Calon Wali Kota",
            "description": null,
            "profilePic": "",
            "communityID": "0cfb6854-4d6b-4d8d-b1ff-8632a147bbd9",
            "sites": null
        },
        {
            "name": "Ronny Siswanto",
            "title": "Calon Wali Kota",
            "description": null,
            "profilePic": "",
            "communityID": "0cfb6854-4d6b-4d8d-b1ff-8632a147bbd9",
            "sites": null
        },
        {
            "name": "Reza Darmawan",
            "title": "Calon Wali Kota",
            "description": null,
            "profilePic": "",
            "communityID": "0cfb6854-4d6b-4d8d-b1ff-8632a147bbd9",
            "sites": null
        },
        {
            "name": "Ferry Silviana Feronica",
            "title": "Calon Wali Kota",
            "description": null,
            "profilePic": "",
            "communityID": "0cfb6854-4d6b-4d8d-b1ff-8632a147bbd9",
            "sites": null
        },
        {
            "name": "Abdul Hakim Bafagih",
            "title": "Calon Wali Kota",
            "description": "Abdul Hakim Bafagih (lahir 23 September 1992) adalah politikus Indonesia yang menjabat sebagai anggota DPR-RI periode 2019\u20132024. Ia mewakili daerah pemilihan Jawa Timur VIII, yang meliputi Jombang, Madiun, Mojokerto, Nganjuk, Kota Madiun, dan Kota Mojokerto. Hakim merupakan kader Partai Amanat Nasional, ia bertugas di Komisi VI.",
            "profilePic": "https://upload.wikimedia.org/wikipedia/commons/thumb/b/b2/Anggota_DPR_Abdul_Hakim_Bafagih.jpg/220px-Anggota_DPR_Abdul_Hakim_Bafagih.jpg",
            "communityID": "0cfb6854-4d6b-4d8d-b1ff-8632a147bbd9",
            "sites": {
                "name": "Wikipedia",
                "url": "https://id.wikipedia.org/wiki/Abdul_Hakim_Bafagih"
            }
        },
        {
            "name": "Gusseto Ajie Bimo Pramana",
            "title": "Calon Wali Kota",
            "description": null,
            "profilePic": "",
            "communityID": "0cfb6854-4d6b-4d8d-b1ff-8632a147bbd9",
            "sites": null
        },
        {
            "name": "Abu Bakar Abdul Jalil",
            "title": "Calon Wali Kota",
            "description": null,
            "profilePic": "",
            "communityID": "0cfb6854-4d6b-4d8d-b1ff-8632a147bbd9",
            "sites": null
        },
        {
            "name": "Gus Sunoto",
            "title": "Calon Wali Kota",
            "description": null,
            "profilePic": "",
            "communityID": "0cfb6854-4d6b-4d8d-b1ff-8632a147bbd9",
            "sites": null
        }
    ],
    "source": "https://id.wikipedia.org/wiki/Pemilihan_umum_Wali_Kota_Kediri_2024",
    "path": "kota-kediri"
}