{
    "title": "Pemilihan umum Wali Kota Baubau 2024",
    "region": "Baubau",
    "level": "KOTA",
    "candidates": [
        {
            "name": "La Ode Ahmad Monianse",
            "title": "Calon Wali Kota",
            "description": "La Ode Ahmad Monianse (lahir 26 Februari 1969) adalah seorang politisi Indonesia. Pada 23 Mei 2022, ia menjabat sebagai Walikota Baubau menggantikan AS Tamrin yang meninggal dunia pada 13 Januari 2022. Pada masa sebelumnya, ia menjadi Wakil Wali Kota Baubau periode 2018-2023 dan legislator DPRD Baubau dari Partai Demokrasi Indonesia Perjuangan (PDIP).",
            "profilePic": "https://upload.wikimedia.org/wikipedia/commons/thumb/8/85/LA_ODE_AHMAD_MONIANSE.jpg/220px-LA_ODE_AHMAD_MONIANSE.jpg",
            "communityID": "982a456c-3933-46fa-86c9-ffe974641288",
            "sites": {
                "name": "Wikipedia",
                "url": "https://id.wikipedia.org/wiki/La_Ode_Ahmad_Monianse"
            }
        },
        {
            "name": "Odianov Chailiullah Almondo",
            "title": "Calon Wali Kota",
            "description": null,
            "profilePic": "",
            "communityID": "982a456c-3933-46fa-86c9-ffe974641288",
            "sites": null
        },
        {
            "name": "La Ode Novianto Djeni Hasmar",
            "title": "Calon Wali Kota",
            "description": null,
            "profilePic": "",
            "communityID": "982a456c-3933-46fa-86c9-ffe974641288",
            "sites": null
        },
        {
            "name": "Zahari",
            "title": "Calon Wali Kota",
            "description": null,
            "profilePic": "",
            "communityID": "982a456c-3933-46fa-86c9-ffe974641288",
            "sites": null
        }
    ],
    "source": "https://id.wikipedia.org/wiki/Pemilihan_umum_Wali_Kota_Baubau_2024",
    "path": "kota-baubau"
}