{
    "title": "Pemilihan umum Wali Kota Medan 2024",
    "region": "Medan",
    "level": "KOTA",
    "path": "kota-medan",
    "source": "https://id.wikipedia.org/wiki/Pemilihan_umum_Wali_Kota_Medan_2024",
    "communityID": "49e23620-56f6-45eb-9460-1de93449bd71",
    "candidates": [
        {
            "name": "Bobby Nasution",
            "description": "Muhammad Bobby Afif Nasution,[2] S.E., M.M.[3] gelar Sutan Porang Gunung Baringin Naposo[4] (lahir 5 Juli 1991)[5] adalah Wali Kota Medan yang menjabat sejak 26 Februari 2021.[6] Bobby adalah menantu kedua Joko Widodo dan suami dari anak kedua Jokowi, Kahiyang Ayu. Ia merupakan alumnus dari Institut Pertanian Bogor dalam jurusan Agrobisnis di Fakultas Ekonomi dan Manajemen dan keturunan dari Raja Gunung Baringin Nasution di Panyabungan Timur, Mandailing Natal.[5]\n",
            "profilePic": "https://upload.wikimedia.org/wikipedia/commons/1/13/Bobby_Nasution%2C_Wali_Kota_Medan.jpg",
            "title": "Walikota Medan",
            "sites": {
                "name": "Wikipedia",
                "url": "https://id.wikipedia.org/wiki/Muhammad_Bobby_Afif_Nasution"
            },
            "communityID": "49e23620-56f6-45eb-9460-1de93449bd71"
        },
        {
            "name": "Aulia Rachman",
            "description": "H. Aulia Rachman, S.E. (lahir 19 Januari 1978) adalah pengusaha dan politisi Partai Gerindra yang sempat menjabat sebagai anggota DPRD Kota Medan sejak 2019 sampai akhirnya mengundurkan diri karena maju dalam Pilkada Kota Medan 2020.[1] Ia maju mendampingi menantu Presiden Joko Widodo, Bobby Nasution yang diusung PDI Perjuangan, Partai Gerindra, PAN, Partai Golkar, Partai NasDem, PSI, Partai Hanura, dan PPP.[2]\n",
            "profilePic": "https://upload.wikimedia.org/wikipedia/commons/a/a1/Aulia_Rachman%2C_Wakil_Wali_Kota_Medan.jpg",
            "title": "Wakil Walikota Medan",
            "sites": {
                "name": "Wikipedia",
                "url": "https://id.wikipedia.org/wiki/Aulia_Rachman"
            },
            "communityID": "49e23620-56f6-45eb-9460-1de93449bd71"
        },
        {
            "name": "T. Bahrumsyah",
            "description": "",
            "profilePic": "",
            "title": "Wakil Ketua DPRD Kota Medan",
            "sites": {},
            "communityID": "49e23620-56f6-45eb-9460-1de93449bd71"
        },
        {
            "name": "Akbar Buchari",
            "description": "Akbar Himawan Buchari, S.H.[1] (lahir 25 November 1988) adalah mantan anggota DPRD Sumatera Utara Fraksi Golkar periode 2019-2024 yang saat ini menjabat sebagai Ketua Umum BPP HIPMI 2023-2025.\n",
            "profilePic": "https://upload.wikimedia.org/wikipedia/commons/1/12/Anggota_DPRD_Sumatera_Utara_Akbar_Himawan_Buchari.jpg",
            "title": "Mantan Anggota DPRD Sumatera Utara",
            "sites": {
                "name": "Wikipedia",
                "url": "https://id.wikipedia.org/wiki/Akbar_Buchari"
            },
            "communityID": "49e23620-56f6-45eb-9460-1de93449bd71"
        },
        {
            "name": "Syahganda Nainggolan",
            "description": "\n",
            "profilePic": "",
            "title": "Politikus",
            "sites": {
                "name": "Wikipedia",
                "url": "https://id.wikipedia.org/wiki/Syahganda_Nainggolan"
            },
            "communityID": "49e23620-56f6-45eb-9460-1de93449bd71"
        },
        {
            "name": "Abdul Rani",
            "description": "",
            "profilePic": "",
            "title": "Anggota DPRD Kota Medan",
            "sites": {},
            "communityID": "49e23620-56f6-45eb-9460-1de93449bd71"
        },
        {
            "name": "Hasyim",
            "description": "Hasyim, S.E. (lahir 21 Agustus 1967) adalah Ketua DPRD Kota Medan periode 2019\u20142024.[1] Ia pernah menjabat sebagai Anggota DPRD Kota Medan 3 periode.\n",
            "profilePic": "",
            "title": "Ketua DPRD Kota Medan",
            "sites": {
                "name": "Wikipedia",
                "url": "https://id.wikipedia.org/wiki/Hasyim"
            },
            "communityID": "49e23620-56f6-45eb-9460-1de93449bd71"
        },
        {
            "name": "Asren Nasution",
            "description": "Kolonel CAJ (Purn.) Dr. H. Asren Nasution, M.A. (lahir 19 Oktober 1965) merupakan seorang prajurit TNI-AD yang beralih status sebagai Pegawai Negeri Sipil sejak 26 Juli 2011 dan pernah menjabat sebagai Pejabat Bupati Pakpak Bharat sejak 17 Januari 2019 hingga 17 Januari 2021.[1]\n",
            "profilePic": "",
            "title": "Kepala Dinas Sosial Provinsi Sumatera Utara (2024- )",
            "sites": {
                "name": "Wikipedia",
                "url": "https://id.wikipedia.org/wiki/Asren_Nasution"
            },
            "communityID": "49e23620-56f6-45eb-9460-1de93449bd71"
        },
        {
            "name": "H. Hidayatullah",
            "description": "",
            "profilePic": "",
            "title": "Anggota DPR RI F-PKS",
            "sites": {},
            "communityID": "49e23620-56f6-45eb-9460-1de93449bd71"
        },
        {
            "name": "Prof. Dr. dr. Ridha Dharmajaya",
            "description": "",
            "profilePic": "",
            "title": "Sp.BS",
            "sites": {},
            "communityID": "49e23620-56f6-45eb-9460-1de93449bd71"
        },
        {
            "name": "El Adrian Shah",
            "description": "",
            "profilePic": "",
            "title": "Ketua DPD  Partai Hanura Sumatera Utara",
            "sites": {},
            "communityID": "49e23620-56f6-45eb-9460-1de93449bd71"
        }
    ]
}