{
    "title": "Pemilihan umum Wali Kota Jayapura 2024",
    "region": "Jayapura",
    "level": "KOTA",
    "candidates": [
        {
            "name": "Kamasan Jack Komboy",
            "title": "Calon Wali Kota",
            "description": "",
            "profilePic": "https://upload.wikimedia.org/wikipedia/commons/thumb/3/3c/Anggota_DPRD_Papua_Kamasan_Jack_Komboy.jpg/220px-Anggota_DPRD_Papua_Kamasan_Jack_Komboy.jpg",
            "communityID": "fb2b278c-d40c-4dae-9e8e-eb6ab51ea54f",
            "sites": {
                "name": "Wikipedia",
                "url": "https://id.wikipedia.org/wiki/Jack_Komboy"
            }
        },
        {
            "name": "Abisai Rollo,",
            "title": "Calon Wali Kota",
            "description": null,
            "profilePic": "",
            "communityID": "fb2b278c-d40c-4dae-9e8e-eb6ab51ea54f",
            "sites": null
        },
        {
            "name": "Musa Youwe",
            "title": "Calon Wali Kota",
            "description": null,
            "profilePic": "",
            "communityID": "fb2b278c-d40c-4dae-9e8e-eb6ab51ea54f",
            "sites": null
        },
        {
            "name": "Bio Paulin",
            "title": "Calon Wali Kota",
            "description": "",
            "profilePic": "https://upload.wikimedia.org/wikipedia/commons/thumb/4/4a/KPU_Bio_Paulin_Pierre.jpg/220px-KPU_Bio_Paulin_Pierre.jpg",
            "communityID": "fb2b278c-d40c-4dae-9e8e-eb6ab51ea54f",
            "sites": {
                "name": "Wikipedia",
                "url": "https://id.wikipedia.org/wiki/Bio_Paulin"
            }
        }
    ],
    "source": "https://id.wikipedia.org/wiki/Pemilihan_umum_Wali_Kota_Jayapura_2024",
    "path": "kota-jayapura"
}