{
    "title": "Pemilihan umum Wali Kota Malang 2024",
    "region": "Malang",
    "level": "KOTA",
    "path": "kota-malang",
    "source": "https://id.wikipedia.org/wiki/Pemilihan_umum_Wali_Kota_Malang_2024",
    "communityID": "f0f874b2-df75-4c67-9e6f-15b8a616ab8e",
    "candidates": [
        {
            "name": "Fairouz Huda",
            "description": "",
            "profilePic": "",
            "title": " Mantan Asisten Pribadi KH. Hasyim Muzadi",
            "sites": {},
            "communityID": "f0f874b2-df75-4c67-9e6f-15b8a616ab8e"
        },
        {
            "name": "Sutiaji",
            "description": "Drs. H. Sutiaji,[1] (lahir 13 Mei 1964) atau yang juga akrab disapa Mas Aji adalah Wali Kota Malang yang menjabat periode 2018-2023 dan Wakil Wali Kota Malang periode 2013-2018. Ia menjabat sejak 24 September 2018 setelah dilantik oleh Gubernur Jawa Timur, Soekarwo di Gedung Negara Grahadi, Surabaya.[2]\n",
            "profilePic": "https://upload.wikimedia.org/wikipedia/commons/e/e3/Walikota_Sutiaji.jpg",
            "title": "Mantan Wali Kota Malang",
            "sites": {
                "name": "Wikipedia",
                "url": "https://id.wikipedia.org/wiki/Sutiaji"
            },
            "communityID": "f0f874b2-df75-4c67-9e6f-15b8a616ab8e"
        },
        {
            "name": "Sofyan Edi Jarwoko",
            "description": "Ir. H. Sofyan Edi Jarwoko [1] (lahir 24 Juli 1967) atau yang lebih dikenal dengan sapaan Bung Edi merupakan Wakil Wali Kota Malang periode 2018-2023. Ia menjabat sejak 24 September 2018 setelah dilantik Gubernur Jawa Timur, Soekarwo di Gedung Negara Grahadi, Surabaya.[2] hingga 24 September 2023.\n",
            "profilePic": "https://upload.wikimedia.org/wikipedia/commons/d/db/Sofyan_Edi_Jarwoko.jpg",
            "title": "Mantan Wakil Wali Kota Malang",
            "sites": {
                "name": "Wikipedia",
                "url": "https://id.wikipedia.org/wiki/Sofyan_Edi_Jarwoko"
            },
            "communityID": "f0f874b2-df75-4c67-9e6f-15b8a616ab8e"
        },
        {
            "name": "Mochamad Anton",
            "description": "Ir. H. Mochamad Anton (nama Tionghoa: Goei Hing An / \u9b4f\u5ef7\u5b89,[1] lahir 31 Desember 1965) adalah Wali Kota Malang periode 2013\u20132018. Ia menjabat sejak 13 September 2013 setelah dilantik Gubernur Jawa Timur, H. Soekarwo dalam sidang paripurna istimewa DPRD Kota Malang.[2] Ia mencatatkan diri sebagai wali kota pertama di Malang dari etnis Tionghoa.[3] Pasangan Anton-Sutiaji ditetapkan sebagai pemenang Pemilihan umum Wali Kota Malang 2013 oleh KPU Kota Malang. Ia juga akrab disapa Abah Anton.\n",
            "profilePic": "https://upload.wikimedia.org/wikipedia/commons/3/30/Wali_Kota_Malang_Moch._Anton.jpg",
            "title": "Mantan Wali Kota Malang",
            "sites": {
                "name": "Wikipedia",
                "url": "https://id.wikipedia.org/wiki/Mochamad_Anton"
            },
            "communityID": "f0f874b2-df75-4c67-9e6f-15b8a616ab8e"
        },
        {
            "name": "Abd. Aziz",
            "description": "",
            "profilePic": "",
            "title": "Advokat / Founder Firma Hukum Progresif Law",
            "sites": {},
            "communityID": "f0f874b2-df75-4c67-9e6f-15b8a616ab8e"
        },
        {
            "name": "Ardantya Syahreza, SE",
            "description": "",
            "profilePic": "",
            "title": "Pengusaha / Ketua Tim Wisata Kesehatan Malang Raya",
            "sites": {},
            "communityID": "f0f874b2-df75-4c67-9e6f-15b8a616ab8e"
        },
        {
            "name": "Sri Untari Bisowarno",
            "description": "",
            "profilePic": "",
            "title": "Anggota DPRD Jatim",
            "sites": {},
            "communityID": "f0f874b2-df75-4c67-9e6f-15b8a616ab8e"
        },
        {
            "name": "I Made Riandiana Kartika",
            "description": "",
            "profilePic": "",
            "title": "Ketua DPRD Kota Malang",
            "sites": {},
            "communityID": "f0f874b2-df75-4c67-9e6f-15b8a616ab8e"
        },
        {
            "name": "Ahmad Wanedi",
            "description": "",
            "profilePic": "",
            "title": "Anggota DPRD Kota Malang",
            "sites": {},
            "communityID": "f0f874b2-df75-4c67-9e6f-15b8a616ab8e"
        },
        {
            "name": "Abdurrohman",
            "description": "",
            "profilePic": "",
            "title": "Wakil Ketua I DPRD Kota Malang",
            "sites": {},
            "communityID": "f0f874b2-df75-4c67-9e6f-15b8a616ab8e"
        },
        {
            "name": "Moreno Soeprapto",
            "description": "Moreno Soeprapto (lahir 14 November 1982) adalah pembalap dan politikus Indonesia berdarah Jawa-Minang. Saat ini ia menjabat sebagai Anggota DPR-RI sejak 2014 mewakili daerah pemilihan Jawa Timur V. Moreno merupakan kader Partai Gerakan Indonesia Raya dan duduk di Komisi III.\n",
            "profilePic": "https://upload.wikimedia.org/wikipedia/commons/thumb/a/a0/Anggota_Badan_Sosialisasi_Majelis_Permusyawaratan_Rakyat_Republik_Indonesia_Moreno_Soeprapto.jpg/1200px-Anggota_Badan_Sosialisasi_Majelis_Permusyawaratan_Rakyat_Republik_Indonesia_Moreno_Soeprapto.jpg",
            "title": "Anggota DPR RI",
            "sites": {
                "name": "Wikipedia",
                "url": "https://id.wikipedia.org/wiki/Moreno_Soeprapto"
            },
            "communityID": "f0f874b2-df75-4c67-9e6f-15b8a616ab8e"
        },
        {
            "name": "Fahmi Saguanto",
            "description": "",
            "profilePic": "",
            "title": "Pengusaha",
            "sites": {},
            "communityID": "f0f874b2-df75-4c67-9e6f-15b8a616ab8e"
        },
        {
            "name": "Amithya Ratnanggani",
            "description": "",
            "profilePic": "",
            "title": "Anggota DPRD Kota Malang",
            "sites": {},
            "communityID": "f0f874b2-df75-4c67-9e6f-15b8a616ab8e"
        },
        {
            "name": "Heri Cahyono",
            "description": "",
            "profilePic": "",
            "title": "Pengusaha",
            "sites": {},
            "communityID": "f0f874b2-df75-4c67-9e6f-15b8a616ab8e"
        },
        {
            "name": "Dewanti Rumpoko",
            "description": "Hj. Dra. Dewanti Rumpoko, M.Si. [1] (lahir 13 Desember 1962) adalah Wali Kota Batu periode 2017-2022. Ia menjabat sejak 27 Desember 2017 setelah dilantik Gubernur Jawa Timur, H. Soekarwo di Gedung Grahadi, Kota Surabaya. Ia mencatatkan diri sebagai wali kota perempuan pertama di Kota Batu. Pasangan Dewanti-Punjul Santoso ditetapkan sebagai pemenang Pemilihan umum Wali Kota Batu 2017 oleh KPU Kota Batu.\n",
            "profilePic": "",
            "title": "Mantan Wali Kota Batu",
            "sites": {
                "name": "Wikipedia",
                "url": "https://id.wikipedia.org/wiki/Dewanti_Rumpoko"
            },
            "communityID": "f0f874b2-df75-4c67-9e6f-15b8a616ab8e"
        },
        {
            "name": "Ahmad Fuad Rahman",
            "description": "",
            "profilePic": "",
            "title": "Anggota DPRD Kota Malang",
            "sites": {},
            "communityID": "f0f874b2-df75-4c67-9e6f-15b8a616ab8e"
        },
        {
            "name": "H. Abdul Wahed",
            "description": "",
            "profilePic": "",
            "title": "Pengusaha",
            "sites": {},
            "communityID": "f0f874b2-df75-4c67-9e6f-15b8a616ab8e"
        }
    ]
}