{
    "title": "Pemilihan umum Wali Kota Palangka Raya 2024",
    "region": "Palangka Raya",
    "level": "KOTA",
    "candidates": [
        {
            "name": "Fairid Naparin",
            "title": "Calon Wali Kota",
            "description": "Fairid Naparin, S.E. (lahir 28 Agustus 1985) adalah wali kota Palangka Raya petahana yang saat ini menjabat untuk masa bakti 2018\u20132023. Ia terpilih sebagai wali kota Palangka Raya setelah memenangkan Pilkada Palangka Raya 2018 dengan meraih 50.438 suara.",
            "profilePic": "https://upload.wikimedia.org/wikipedia/commons/thumb/f/f7/Wali_Kota_Palangka_Raya_Fairid_Naparin.jpg/220px-Wali_Kota_Palangka_Raya_Fairid_Naparin.jpg",
            "communityID": "d5b543a1-8279-4363-945f-73b6e783f3d4",
            "sites": {
                "name": "Wikipedia",
                "url": "https://id.wikipedia.org/wiki/Fairid_Naparin"
            }
        },
        {
            "name": "Sigit Karyawan Yunianto",
            "title": "Calon Wali Kota",
            "description": "Sigit Karyawan Yunianto, S.H., M.A.P. (lahir 6 Juni 1971) adalah seorang politisi Indonesia yang merupakan politisi Partai Demokrasi Indonesia Perjuangan yang menjabat sebagai Ketua Dewan Perwakilan Rakyat Daerah Kota Palangka Raya sejak 20 September 2019. Sigit merupakan anggota DPRD Kota Palangka Raya mewakili daerah pemilihan Kota Palangka Raya 3 yang meliputi Kecamatan Pahandut dan Sabangau.",
            "profilePic": "https://upload.wikimedia.org/wikipedia/commons/thumb/8/83/David_face.png/33px-David_face.png",
            "communityID": "d5b543a1-8279-4363-945f-73b6e783f3d4",
            "sites": {
                "name": "Wikipedia",
                "url": "https://id.wikipedia.org/wiki/Sigit_Karyawan_Yunianto"
            }
        }
    ],
    "source": "https://id.wikipedia.org/wiki/Pemilihan_umum_Wali_Kota_Palangka_Raya_2024",
    "path": "kota-palangka-raya"
}