{
    "title": "Pemilihan umum Wali Kota Salatiga 2024",
    "region": "Salatiga",
    "level": "KOTA",
    "path": "kota-salatiga",
    "source": "https://id.wikipedia.org/wiki/Pemilihan_umum_Wali_Kota_Salatiga_2024",
    "communityID": "f764e86a-e197-41b6-89fe-f3e7a021a4a4",
    "candidates": [
        {
            "name": "Sinoeng Noegroho Rachmadi",
            "description": "Drs. Sinoeng Noegroho Rachmadi, M.M. (lahir 31 Desember 1969) adalah seorang birokrat Indonesia yang sejak 22 Mei 2022 hingga 13 Desember 2023 dilantik oleh Gubernur Jawa Tengah Ganjar Pranowo sebagai Penjabat Wali Kota Salatiga.[1]. Sebelumnya pada tahun 2018, beliau juga pernah menjabat sebagai Pejabat Sementara (Pjs.) Bupati Tegal.[2]\n",
            "profilePic": "https://upload.wikimedia.org/wikipedia/commons/2/21/Sinoeng_Noegroho_Rachmadi.jpg",
            "title": "Penjabat Wali Kota Salatiga 2022-2023",
            "sites": {
                "name": "Wikipedia",
                "url": "https://id.wikipedia.org/wiki/Sinoeng_Noegroho_Rachmadi"
            },
            "communityID": "f764e86a-e197-41b6-89fe-f3e7a021a4a4"
        },
        {
            "name": "Dance Ishak Palit",
            "description": "Dance Ishak Palit, M.Si. (lahir 12 Mei 1966) adalah seorang politisi Indonesia yang merupakan politisi senior Partai Demokrasi Indonesia Perjuangan yang menjabat sebagai Ketua Dewan Perwakilan Rakyat Daerah Kota Salatiga sejak 25 September 2019.[1] Dance Ishak Palit merupakan anggota DPRD Kota Salatiga mewakili daerah pemilihan Kota Salatiga 3 yang meliputi Kecamatan Tingkir.\n",
            "profilePic": "https://upload.wikimedia.org/wikipedia/commons/b/bf/KPU_Dance_Ishak_Palit.jpg",
            "title": "Ketua DPRD Kota Salatiga 2019-2024",
            "sites": {
                "name": "Wikipedia",
                "url": "https://id.wikipedia.org/wiki/Dance_Ishak_Palit"
            },
            "communityID": "f764e86a-e197-41b6-89fe-f3e7a021a4a4"
        },
        {
            "name": "Haryono Masturi",
            "description": "",
            "profilePic": "",
            "title": "Komandan Pangkalan TNI AL (Danlanal) Semarang",
            "sites": {},
            "communityID": "f764e86a-e197-41b6-89fe-f3e7a021a4a4"
        },
        {
            "name": "Muhammad Haris",
            "description": "",
            "profilePic": "",
            "title": "Wakil Wali Kota Salatiga 2011 - 2016 dan 2017 - 2022",
            "sites": {},
            "communityID": "f764e86a-e197-41b6-89fe-f3e7a021a4a4"
        },
        {
            "name": "Titik Kirnaningsih",
            "description": "",
            "profilePic": "",
            "title": "Isteri mantan Wali Kota Salatiga H. Yuliyanto S.E",
            "sites": {},
            "communityID": "f764e86a-e197-41b6-89fe-f3e7a021a4a4"
        },
        {
            "name": "Hanif Dhakiri",
            "description": "Muhammad Hanif Dhakiri, S.Ag., M.Si. (lahir 6 Juni 1972) adalah Menteri Ketenagakerjaan pada Kabinet Kerja (2014-2019). Ia pernah menjadi anggota DPR RI periode 2009\u20142014 dari PKB mewakili Jawa Tengah khususnya wilayah Kabupaten Batang, Kabupaten Pekalongan, Kota Pekalongan dan Kabupaten Pemalang. Ia bertugas Komisi X DPR RI yang mengurusi masalah Pendidikan, Olahraga, Pariwisata, Kesenian dan Kebudayaan. Muhammad Hanif Dhakiri adalah seorang politisi muda Ketua DPP Partai Kebangkitan Bangsa yang mengabdi untuk partai tersebut sejak tahun 1998. Hanif juga pernah aktif di Pergerakan Mahasiswa Islam Indonesia (PMII) dan dipercaya untuk menjadi Wakil Ketua Umum Dewan Koordinasi Nasional gerakan Pemuda Partai Kebangkitan Bangsa (DKN Garda Bangsa) Periode 2006-2011.\n",
            "profilePic": "https://upload.wikimedia.org/wikipedia/commons/9/98/Hanif_Dhakiri_%28cropped%29_2017.jpg",
            "title": "Menteri Ketenagakerjaan RI 2014-2019",
            "sites": {
                "name": "Wikipedia",
                "url": "https://id.wikipedia.org/wiki/Hanif_Dhakiri"
            },
            "communityID": "f764e86a-e197-41b6-89fe-f3e7a021a4a4"
        },
        {
            "name": "Luqman Hakim",
            "description": "Luqman Hakim, S.Ag. (lahir 12 April 1975) adalah politikus Indonesia yang menjabat sebagai anggota DPR-RI sejak 1 Oktober 2019. Ia mewakili daerah pemilihan Jawa Tengah VI yang meliputi  Kabupaten Temanggung, Kabupaten Magelang, Kabupaten Purworejo, Kabupaten Wonosobo, dan Kota Magelang. Luqman merupakan kader Partai Kebangkitan Bangsa, ia menjabat sebagai Wakil Ketua Komisi II.[1]\n",
            "profilePic": "https://upload.wikimedia.org/wikipedia/commons/b/bb/Anggota_DPR_Luqman_Hakim.jpg",
            "title": "Anggota DPR RI 2019-2024 Fraksi PKB",
            "sites": {
                "name": "Wikipedia",
                "url": "https://id.wikipedia.org/wiki/Luqman_Hakim"
            },
            "communityID": "f764e86a-e197-41b6-89fe-f3e7a021a4a4"
        },
        {
            "name": "Dandan Febri Herdiana",
            "description": "",
            "profilePic": "",
            "title": "Kader DPD Partai Nasdem Kota Salatiga",
            "sites": {},
            "communityID": "f764e86a-e197-41b6-89fe-f3e7a021a4a4"
        },
        {
            "name": "Hartoko Budhiono",
            "description": "",
            "profilePic": "",
            "title": "Pengusaha",
            "sites": {},
            "communityID": "f764e86a-e197-41b6-89fe-f3e7a021a4a4"
        },
        {
            "name": "Nur Arifah",
            "description": "",
            "profilePic": "",
            "title": "Kepala Desa Ngrembes Kabupaten Semarang",
            "sites": {},
            "communityID": "f764e86a-e197-41b6-89fe-f3e7a021a4a4"
        }
    ]
}