{
    "title": "Pemilihan umum Wali Kota Padang 2024",
    "region": "Padang",
    "level": "KOTA",
    "candidates": [
        {
            "name": "Amril Amin",
            "title": "Calon Wali Kota",
            "description": null,
            "profilePic": "",
            "communityID": "f2c1e891-ba11-42cc-9f98-f683da8ab6e2",
            "sites": null
        },
        {
            "name": "Hendri Septa",
            "title": "Calon Wali Kota",
            "description": "Hendri Septa, B.Bus. (Acc), MIB. gelar Datuak Alam Batuah (lahir 6 September 1976) adalah politikus yang menjabat Wali Kota Padang sejak 7 April 2021 menggantikan Mahyeldi untuk sisa masa jabatan 2019\u20132024. Ia pernah menjabat sebagai Wakil Wali Kota Padang periode 2019\u20132021. Ia juga menjabat sebagai Ketua Dewan Perwakilan Daerah (DPD) Partai Amanat Nasional Kota Padang dua periode sejak 13 November 2016.",
            "profilePic": "https://upload.wikimedia.org/wikipedia/commons/thumb/5/59/Wali_Kota_Padang_Hendri_Septa.jpg/220px-Wali_Kota_Padang_Hendri_Septa.jpg",
            "communityID": "f2c1e891-ba11-42cc-9f98-f683da8ab6e2",
            "sites": {
                "name": "Wikipedia",
                "url": "https://id.wikipedia.org/wiki/Hendri_Septa"
            }
        },
        {
            "name": "Rahmat Saleh",
            "title": "Calon Wali Kota",
            "description": "H. Rahmat Saleh, S.Farm., M.I.P. (lahir 27 April 1983) adalah mubalig dan politikus dari Partai Keadilan Sejahtera (PKS). Ia menjabat sebagai anggota DPRD Sumatera Barat dua periode yakni 2014\u20132019 dan 2019\u20132024. Dalam struktur partai, ia menjabat sebagai Sekretaris Umum Dewan Perwakilan Wilayah (DPW) PKS Sumatera Barat periode 2020\u20132025. Dalam pemilihan umum presiden 2024, ia diangkat menjadi Ketua Tim Kampanye Daerah (TKD) Anies Baswedan dan Muhaimin Iskandar Sumatera Barat.",
            "profilePic": "https://upload.wikimedia.org/wikipedia/commons/thumb/7/77/Anggota_DPRD_Sumatera_Barat_Rahmat_Saleh.jpg/220px-Anggota_DPRD_Sumatera_Barat_Rahmat_Saleh.jpg",
            "communityID": "f2c1e891-ba11-42cc-9f98-f683da8ab6e2",
            "sites": {
                "name": "Wikipedia",
                "url": "https://id.wikipedia.org/wiki/Rahmat_Saleh"
            }
        },
        {
            "name": "Fadly Amran",
            "title": "Calon Wali Kota",
            "description": "H. Fadly Amran, B.B.A gelar Datuak Panduko Malano (lahir 9 Februari 1988) adalah seorang pengusaha dan politikus Indonesia dari Partai NasDem yang menjabat sebagai Wali Kota Padang Panjang sejak 9 Oktober 2018 setelah memenangkan Pemilihan umum Wali Kota Padang Panjang 2018.",
            "profilePic": "https://upload.wikimedia.org/wikipedia/commons/thumb/f/f8/Wali_Kota_Padang_Panjang_Fadly_Amran.png/220px-Wali_Kota_Padang_Panjang_Fadly_Amran.png",
            "communityID": "f2c1e891-ba11-42cc-9f98-f683da8ab6e2",
            "sites": {
                "name": "Wikipedia",
                "url": "https://id.wikipedia.org/wiki/Fadly_Amran"
            }
        },
        {
            "name": "Erman Safar",
            "title": "Calon Wali Kota",
            "description": "H. Erman Safar, S.H. gelar Tuangku Nan Kuniang (lahir 13 Mei 1986) adalah pengusaha dan politikus Partai Gerindra yang menjabat sebagai Wali Kota Bukittinggi periode 2021-2024.",
            "profilePic": "https://upload.wikimedia.org/wikipedia/commons/thumb/6/69/Wali_Kota_Bukittinggi_Erman_Safar.jpg/220px-Wali_Kota_Bukittinggi_Erman_Safar.jpg",
            "communityID": "f2c1e891-ba11-42cc-9f98-f683da8ab6e2",
            "sites": {
                "name": "Wikipedia",
                "url": "https://id.wikipedia.org/wiki/Erman_Safar"
            }
        },
        {
            "name": "Syafrial Kani",
            "title": "Calon Wali Kota",
            "description": null,
            "profilePic": "",
            "communityID": "f2c1e891-ba11-42cc-9f98-f683da8ab6e2",
            "sites": null
        },
        {
            "name": "Adib Alfikri",
            "title": "Calon Wali Kota",
            "description": "",
            "profilePic": "https://upload.wikimedia.org/wikipedia/commons/thumb/9/95/Adib_Alfikri.jpg/220px-Adib_Alfikri.jpg",
            "communityID": "f2c1e891-ba11-42cc-9f98-f683da8ab6e2",
            "sites": {
                "name": "Wikipedia",
                "url": "https://id.wikipedia.org/wiki/Adib_Alfikri"
            }
        }
    ],
    "source": "https://id.wikipedia.org/wiki/Pemilihan_umum_Wali_Kota_Padang_2024",
    "path": "kota-padang"
}