{
    "title": "Pemilihan umum Wali Kota Payakumbuh 2024",
    "region": "Payakumbuh",
    "level": "KOTA",
    "path": "kota-payakumbuh",
    "source": "https://id.wikipedia.org/wiki/Pemilihan_umum_Wali_Kota_Payakumbuh_2024",
    "communityID": "f9a8efe2-d21f-4e01-90bc-3f7f13c1e67e",
    "candidates": [
        {
            "name": "Benny Mukhtar",
            "description": "",
            "profilePic": "",
            "title": "Mantan Wakil Wali Kota Payakumbuh",
            "sites": {},
            "communityID": "f9a8efe2-d21f-4e01-90bc-3f7f13c1e67e"
        },
        {
            "name": "Arief Muhammad",
            "description": "\n",
            "profilePic": "",
            "title": "S.H",
            "sites": {
                "name": "Wikipedia",
                "url": "https://id.wikipedia.org/wiki/Arief_Muhammad"
            },
            "communityID": "f9a8efe2-d21f-4e01-90bc-3f7f13c1e67e"
        },
        {
            "name": "Syamsul Bahri",
            "description": "",
            "profilePic": "",
            "title": "Mantan Wakil Wali Kota Payakumbuh",
            "sites": {},
            "communityID": "f9a8efe2-d21f-4e01-90bc-3f7f13c1e67e"
        },
        {
            "name": "Erwin Yunaz",
            "description": "H. Erwin Yunaz, S.E., M.M. (lahir 21 Oktober 1971) adalah pengusaha grafis dan politikus Indonesia dari Partai NasDem.[2][3] Ia menjabat sebagai Wakil Wali Kota Payakumbuh periode 2017\u20132022 setelah berhasil memenangkan pemilihan umum Wali Kota Payakumbuh 2017 mendampingi wali kota petahana, Riza Falepi.[4]\n",
            "profilePic": "https://upload.wikimedia.org/wikipedia/commons/thumb/5/56/Wakil_Wali_Kota_Payakumbuh_Erwin_Yunaz.jpg/1200px-Wakil_Wali_Kota_Payakumbuh_Erwin_Yunaz.jpg",
            "title": "Mantan Wakil Wali Kota Payakumbuh",
            "sites": {
                "name": "Wikipedia",
                "url": "https://id.wikipedia.org/wiki/Erwin_Yunaz"
            },
            "communityID": "f9a8efe2-d21f-4e01-90bc-3f7f13c1e67e"
        },
        {
            "name": "Ekos Albar",
            "description": "H. Ekos Albar, S.E., M.M. (lahir 26 Agustus 1971) adalah seorang pengusaha dan politikus yang menjabat sebagai Wakil Wali Kota Padang sejak 9 Mei 2023 hingga 13 Mei 2024.[1] Ia merupakan kader Partai Amanat Nasional (PAN), dan menjabat sebagai Bendahara Dewan Pimpinan Pusat (DPP) PAN periode 2020\u20132025.[2] Ia berlatar belakang sebagai pengusaha di Jakarta asal Balaigurah, Ampek Angkek, Agam.[3][4]\n",
            "profilePic": "https://upload.wikimedia.org/wikipedia/commons/b/b1/Wakil_Wali_Kota_Padang_Ekos_Albar_2023.png",
            "title": "Wakil Wali kota Padang",
            "sites": {
                "name": "Wikipedia",
                "url": "https://id.wikipedia.org/wiki/Ekos_Albar"
            },
            "communityID": "f9a8efe2-d21f-4e01-90bc-3f7f13c1e67e"
        },
        {
            "name": "Wulan Denura",
            "description": "",
            "profilePic": "",
            "title": "Wakil Ketua I DPRD Kota Payakumbuh",
            "sites": {},
            "communityID": "f9a8efe2-d21f-4e01-90bc-3f7f13c1e67e"
        },
        {
            "name": "Hamdi Agus",
            "description": "",
            "profilePic": "",
            "title": "Ketua DPRD Kota Payakumbuh",
            "sites": {},
            "communityID": "f9a8efe2-d21f-4e01-90bc-3f7f13c1e67e"
        },
        {
            "name": "Yendri Bodra Datuak Parmato Alam",
            "description": "",
            "profilePic": "",
            "title": "Anggota DPRD Kota Payakumbuh",
            "sites": {},
            "communityID": "f9a8efe2-d21f-4e01-90bc-3f7f13c1e67e"
        },
        {
            "name": "Supardi (politikus)",
            "description": "Supardi, S.H. (lahir 17 April 1973) adalah politikus Indonesia dari Partai Gerakan Indonesia Raya (Gerindra) yang menjabat sebagai Ketua Dewan Perwakilan Rakyat Daerah (DPRD) Provinsi Sumatera Barat periode 2019\u20132024. Ia dilantik pada 4 Oktober 2019.[1] Sebelumnya, ia pernah menjabat sebagai Wakil Ketua Komisi III DPRD Sumatera Barat periode 2014\u20132019.[2]\n",
            "profilePic": "https://upload.wikimedia.org/wikipedia/commons/thumb/9/9e/Ketua_DPRD_Sumbar_Supardi.jpg/1200px-Ketua_DPRD_Sumbar_Supardi.jpg",
            "title": "Ketua DPRD Sumbar",
            "sites": {
                "name": "Wikipedia",
                "url": "https://id.wikipedia.org/wiki/Supardi_(politikus)"
            },
            "communityID": "f9a8efe2-d21f-4e01-90bc-3f7f13c1e67e"
        },
        {
            "name": "Irsyad Syafar",
            "description": "H. Irsyad Syafar, Lc., M.Ed. (lahir 18 November 1970) adalah seorang mubalig, praktisi pendidikan, dan politikus Indonesia. Ia dikenal sebagai pengasuh dan pimpinan Perguruan Islam Ar-Risalah, Padang.[3][4] Saat ini, ia menjabat sebagai Wakil Ketua Dewan Perwakilan Rakyat Daerah (DPRD) Provinsi Sumatera Barat periode 2019\u20132024 dari Partai Keadilan Sejahtera (PKS).\n",
            "profilePic": "https://upload.wikimedia.org/wikipedia/commons/a/ac/Irsyad_Syafar_Wakil_Ketua_DPRD_Sumbar.jpg",
            "title": "Wakil Ketua I DPRD Sumbar",
            "sites": {
                "name": "Wikipedia",
                "url": "https://id.wikipedia.org/wiki/Irsyad_Syafar"
            },
            "communityID": "f9a8efe2-d21f-4e01-90bc-3f7f13c1e67e"
        },
        {
            "name": "Catur Virgo",
            "description": "",
            "profilePic": "",
            "title": "Politisi PKS",
            "sites": {},
            "communityID": "f9a8efe2-d21f-4e01-90bc-3f7f13c1e67e"
        },
        {
            "name": "Welya Safitri",
            "description": "\n",
            "profilePic": "",
            "title": "Ketua Umum Gerakan Perempuan ICMI",
            "sites": {
                "name": "Wikipedia",
                "url": "https://id.wikipedia.org/wiki/Welya_Safitri"
            },
            "communityID": "f9a8efe2-d21f-4e01-90bc-3f7f13c1e67e"
        },
        {
            "name": "Zeki Oktariza Karini",
            "description": "",
            "profilePic": "",
            "title": "Kasubagbin Kejari Pariaman",
            "sites": {},
            "communityID": "f9a8efe2-d21f-4e01-90bc-3f7f13c1e67e"
        },
        {
            "name": "Ahmad Ridha",
            "description": "",
            "profilePic": "",
            "title": "Anggota DPRD Kota Payakumbuh",
            "sites": {},
            "communityID": "f9a8efe2-d21f-4e01-90bc-3f7f13c1e67e"
        },
        {
            "name": "Isnaldi Muhammad Dini SH.",
            "description": "",
            "profilePic": "",
            "title": "SH.I",
            "sites": {},
            "communityID": "f9a8efe2-d21f-4e01-90bc-3f7f13c1e67e"
        }
    ]
}