{
    "title": "Pemilihan umum Wali Kota Bontang 2024",
    "region": "Bontang",
    "level": "KOTA",
    "candidates": [
        {
            "name": "Basri Rase",
            "title": "Calon Wali Kota",
            "description": "Basri Rase (lahir 11 Februari 1972) adalah politisi PKB yang menjabat sebagai Wali Kota Bontang periode 2021\u20132024. Ia pernah menjabat sebagai Wakil Wali Kota Bontang periode 2016\u20132021.",
            "profilePic": "https://upload.wikimedia.org/wikipedia/commons/thumb/f/fe/Basri_Rase.jpg/220px-Basri_Rase.jpg",
            "communityID": "6e473f53-73aa-4ea1-b288-83486b483015",
            "sites": {
                "name": "Wikipedia",
                "url": "https://id.wikipedia.org/wiki/Basri_Rase"
            }
        },
        {
            "name": "Najirah",
            "title": "Calon Wali Kota",
            "description": null,
            "profilePic": "",
            "communityID": "6e473f53-73aa-4ea1-b288-83486b483015",
            "sites": null
        },
        {
            "name": "Isro Umarghani",
            "title": "Calon Wali Kota",
            "description": null,
            "profilePic": "",
            "communityID": "6e473f53-73aa-4ea1-b288-83486b483015",
            "sites": null
        },
        {
            "name": "Dody Rondonuwu",
            "title": "Calon Wali Kota",
            "description": null,
            "profilePic": "",
            "communityID": "6e473f53-73aa-4ea1-b288-83486b483015",
            "sites": null
        }
    ],
    "source": "https://id.wikipedia.org/wiki/Pemilihan_umum_Wali_Kota_Bontang_2024",
    "path": "kota-bontang"
}