{
    "title": "Pemilihan umum Wali Kota Prabumulih 2024",
    "region": "Prabumulih",
    "level": "KOTA",
    "path": "kota-prabumulih",
    "source": "https://id.wikipedia.org/wiki/Pemilihan_umum_Wali_Kota_Prabumulih_2024",
    "communityID": "ac746ac1-231f-46bd-a74f-9389161b0edb",
    "candidates": [
        {
            "name": "A.W.Noviadi",
            "description": "",
            "profilePic": "",
            "title": "Mantan Bupati OI",
            "sites": {},
            "communityID": "ac746ac1-231f-46bd-a74f-9389161b0edb"
        }
    ]
}