{
    "title": "Pemilihan umum Wali Kota Pekanbaru 2024",
    "region": "Pekanbaru",
    "level": "KOTA",
    "candidates": [
        {
            "name": "Parisman Ihwan",
            "title": "Calon Wali Kota",
            "description": null,
            "profilePic": "",
            "communityID": "b7feb5be-3e45-406e-a8ed-0bc6a12f51ba",
            "sites": null
        },
        {
            "name": "H.Agung Nugroho S.E",
            "title": "Calon Wali Kota",
            "description": null,
            "profilePic": "",
            "communityID": "b7feb5be-3e45-406e-a8ed-0bc6a12f51ba",
            "sites": null
        },
        {
            "name": "Muflihun, S.STP., M.AP.",
            "title": "Calon Wali Kota",
            "description": "Muflihun, S.STP., M.AP. (lahir di Pekanbaru, Riau, (1978-02-22)22 Februari 1978) adalah birokrat Indonesia yang menjadi Penjabat Wali Kota Pekanbaru sejak 2022 hingga diperpanjang kembali jabatannya mulai tanggal 23 Mei 2023 hingga akhir masa jabatan.Ia adalah mantan Sekretaris Dewan Perwakilan Rakyat Daerah Provinsi Riau pada 2020-2022. Ia diangkat menjadi Penjabat Wali Kota Pekanbaru melalui Surat Keputusan dari Menteri Dalam Negeri (Mendagri), Tito Karnavian tanggal 13 Mei 2022 dan dilantik oleh Gubernur Riau, Syamsuar pada 23 Mei 2022 di Pekanbaru. Muflihun dikenal dengan Pj. Wali Kota Pekanbaru yang peduli dengan kebersihan dan lingkungan.",
            "profilePic": "https://upload.wikimedia.org/wikipedia/commons/thumb/8/84/MUFLIHUN.jpg/220px-MUFLIHUN.jpg",
            "communityID": "b7feb5be-3e45-406e-a8ed-0bc6a12f51ba",
            "sites": {
                "name": "Wikipedia",
                "url": "https://id.wikipedia.org/wiki/Muflihun"
            }
        },
        {
            "name": "Dr. Hj Misharti S Ag M Si",
            "title": "Calon Wali Kota",
            "description": "Perbuatan yang tidak dianggap sebagai pelanggaran Hak Cipta meliputi:",
            "profilePic": "https://upload.wikimedia.org/wikipedia/commons/thumb/b/b8/Misharti%2C_Anggota_DPD_RI_2019-2024.jpg/497px-Misharti%2C_Anggota_DPD_RI_2019-2024.jpg",
            "communityID": "b7feb5be-3e45-406e-a8ed-0bc6a12f51ba",
            "sites": {
                "name": "Wikipedia",
                "url": "https://id.wikipedia.org/wiki/Berkas:Misharti,_Anggota_DPD_RI_2019-2024.jpg"
            }
        },
        {
            "name": "Ida Yulita Susanti",
            "title": "Calon Wali Kota",
            "description": null,
            "profilePic": "",
            "communityID": "b7feb5be-3e45-406e-a8ed-0bc6a12f51ba",
            "sites": null
        },
        {
            "name": "Aidil Amri",
            "title": "Calon Wali Kota",
            "description": null,
            "profilePic": "",
            "communityID": "b7feb5be-3e45-406e-a8ed-0bc6a12f51ba",
            "sites": null
        },
        {
            "name": "Nofrizal",
            "title": "Calon Wali Kota",
            "description": null,
            "profilePic": "",
            "communityID": "b7feb5be-3e45-406e-a8ed-0bc6a12f51ba",
            "sites": null
        },
        {
            "name": "Muhammad Aulia",
            "title": "Calon Wali Kota",
            "description": "Muhammad Aulia atau yang disapa akrab Olly (lahir 30 November 1993) adalah anggota DPRD Provinsi Riau termuda periode 2019-2024. Dalam bisnis sehari-hari juga menjabat sebagai Chief Operational Officer, dimana bertanggung jawab atas setiap aktivitas, mulai dari perencanaan hingga pelaksanaan di Aulia Hospital.",
            "profilePic": "https://upload.wikimedia.org/wikipedia/commons/thumb/f/fa/HSYM62711.jpg/220px-HSYM62711.jpg",
            "communityID": "b7feb5be-3e45-406e-a8ed-0bc6a12f51ba",
            "sites": {
                "name": "Wikipedia",
                "url": "https://id.wikipedia.org/wiki/Muhammad_Aulia"
            }
        },
        {
            "name": "Sofyan Siroj Abdul Wahab",
            "title": "Calon Wali Kota",
            "description": null,
            "profilePic": "",
            "communityID": "b7feb5be-3e45-406e-a8ed-0bc6a12f51ba",
            "sites": null
        },
        {
            "name": "Ade Hartati Rahmat",
            "title": "Calon Wali Kota",
            "description": null,
            "profilePic": "",
            "communityID": "b7feb5be-3e45-406e-a8ed-0bc6a12f51ba",
            "sites": null
        },
        {
            "name": "Zulfan Hafiz",
            "title": "Calon Wali Kota",
            "description": null,
            "profilePic": "",
            "communityID": "b7feb5be-3e45-406e-a8ed-0bc6a12f51ba",
            "sites": null
        }
    ],
    "source": "https://id.wikipedia.org/wiki/Pemilihan_umum_Wali_Kota_Pekanbaru_2024",
    "path": "kota-pekanbaru"
}