{
    "title": "Pemilihan umum Wali Kota Salatiga 2024",
    "region": "Salatiga",
    "level": "KOTA",
    "candidates": [
        {
            "name": "Sinoeng N. Rachmadi",
            "title": "Calon Wali Kota",
            "description": "Drs. Sinoeng Noegroho Rachmadi, M.M. (lahir 31 Desember 1969) adalah seorang birokrat Indonesia yang sejak 22 Mei 2022 hingga 13 Desember 2023 dilantik oleh Gubernur Jawa Tengah Ganjar Pranowo sebagai Penjabat Wali Kota Salatiga.. Sebelumnya pada tahun 2018, beliau juga pernah menjabat sebagai Pejabat Sementara (Pjs.) Bupati Tegal.",
            "profilePic": "https://upload.wikimedia.org/wikipedia/commons/thumb/2/21/Sinoeng_Noegroho_Rachmadi.jpg/220px-Sinoeng_Noegroho_Rachmadi.jpg",
            "communityID": "f764e86a-e197-41b6-89fe-f3e7a021a4a4",
            "sites": {
                "name": "Wikipedia",
                "url": "https://id.wikipedia.org/wiki/Sinoeng_Noegroho_Rachmadi"
            }
        },
        {
            "name": "Dance Ishak Palit",
            "title": "Calon Wali Kota",
            "description": "Dance Ishak Palit, M.Si. (lahir 12 Mei 1966) adalah seorang politisi Indonesia yang merupakan politisi senior Partai Demokrasi Indonesia Perjuangan yang menjabat sebagai Ketua Dewan Perwakilan Rakyat Daerah Kota Salatiga sejak 25 September 2019. Dance Ishak Palit merupakan anggota DPRD Kota Salatiga mewakili daerah pemilihan Kota Salatiga 3 yang meliputi Kecamatan Tingkir.",
            "profilePic": "https://upload.wikimedia.org/wikipedia/commons/thumb/b/bf/KPU_Dance_Ishak_Palit.jpg/220px-KPU_Dance_Ishak_Palit.jpg",
            "communityID": "f764e86a-e197-41b6-89fe-f3e7a021a4a4",
            "sites": {
                "name": "Wikipedia",
                "url": "https://id.wikipedia.org/wiki/Dance_Ishak_Palit"
            }
        },
        {
            "name": "Haryono Masturi",
            "title": "Calon Wali Kota",
            "description": null,
            "profilePic": "",
            "communityID": "f764e86a-e197-41b6-89fe-f3e7a021a4a4",
            "sites": null
        },
        {
            "name": "Muhammad Haris",
            "title": "Calon Wali Kota",
            "description": null,
            "profilePic": "",
            "communityID": "f764e86a-e197-41b6-89fe-f3e7a021a4a4",
            "sites": null
        },
        {
            "name": "Titik Kirnaningsih",
            "title": "Calon Wali Kota",
            "description": null,
            "profilePic": "",
            "communityID": "f764e86a-e197-41b6-89fe-f3e7a021a4a4",
            "sites": null
        },
        {
            "name": "Hanif Dhakiri",
            "title": "Calon Wali Kota",
            "description": "Muhammad Hanif Dhakiri, S.Ag., M.Si. (lahir 6 Juni 1972) adalah Menteri Ketenagakerjaan pada Kabinet Kerja (2014-2019). Ia pernah menjadi anggota DPR RI periode 2009\u20142014 dari PKB mewakili Jawa Tengah khususnya wilayah Kabupaten Batang, Kabupaten Pekalongan, Kota Pekalongan dan Kabupaten Pemalang. Ia bertugas Komisi X DPR RI yang mengurusi masalah Pendidikan, Olahraga, Pariwisata, Kesenian dan Kebudayaan. Muhammad Hanif Dhakiri adalah seorang politisi muda Ketua DPP Partai Kebangkitan Bangsa yang mengabdi untuk partai tersebut sejak tahun 1998. Hanif juga pernah aktif di Pergerakan Mahasiswa Islam Indonesia (PMII) dan dipercaya untuk menjadi Wakil Ketua Umum Dewan Koordinasi Nasional gerakan Pemuda Partai Kebangkitan Bangsa (DKN Garda Bangsa) Periode 2006-2011.",
            "profilePic": "https://upload.wikimedia.org/wikipedia/commons/thumb/9/98/Hanif_Dhakiri_%28cropped%29_2017.jpg/250px-Hanif_Dhakiri_%28cropped%29_2017.jpg",
            "communityID": "f764e86a-e197-41b6-89fe-f3e7a021a4a4",
            "sites": {
                "name": "Wikipedia",
                "url": "https://id.wikipedia.org/wiki/Hanif_Dhakiri"
            }
        },
        {
            "name": "Lukman Jambi",
            "title": "Calon Wali Kota",
            "description": "Luqman Hakim, S.Ag. (lahir 12 April 1975) adalah politikus Indonesia yang menjabat sebagai anggota DPR-RI sejak 1 Oktober 2019. Ia mewakili daerah pemilihan Jawa Tengah VI yang meliputi  Kabupaten Temanggung, Kabupaten Magelang, Kabupaten Purworejo, Kabupaten Wonosobo, dan Kota Magelang. Luqman merupakan kader Partai Kebangkitan Bangsa, ia menjabat sebagai Wakil Ketua Komisi II.",
            "profilePic": "https://upload.wikimedia.org/wikipedia/commons/thumb/b/bb/Anggota_DPR_Luqman_Hakim.jpg/220px-Anggota_DPR_Luqman_Hakim.jpg",
            "communityID": "f764e86a-e197-41b6-89fe-f3e7a021a4a4",
            "sites": {
                "name": "Wikipedia",
                "url": "https://id.wikipedia.org/wiki/Luqman_Hakim"
            }
        },
        {
            "name": "Dandan Febri Herdiana",
            "title": "Calon Wali Kota",
            "description": null,
            "profilePic": "",
            "communityID": "f764e86a-e197-41b6-89fe-f3e7a021a4a4",
            "sites": null
        },
        {
            "name": "Hartoko Budhiono",
            "title": "Calon Wali Kota",
            "description": null,
            "profilePic": "",
            "communityID": "f764e86a-e197-41b6-89fe-f3e7a021a4a4",
            "sites": null
        },
        {
            "name": "Nur Arifah",
            "title": "Calon Wali Kota",
            "description": null,
            "profilePic": "",
            "communityID": "f764e86a-e197-41b6-89fe-f3e7a021a4a4",
            "sites": null
        }
    ],
    "source": "https://id.wikipedia.org/wiki/Pemilihan_umum_Wali_Kota_Salatiga_2024",
    "path": "kota-salatiga"
}