{
    "title": "Pemilihan umum Wali Kota Banjarbaru 2024",
    "region": "Banjarbaru",
    "level": "KOTA",
    "candidates": [
        {
            "name": "Aditya Mufti Ariffin",
            "title": "Calon Wali Kota",
            "description": "Darmawan Jaya Setiawan (Plt.)",
            "profilePic": "https://upload.wikimedia.org/wikipedia/commons/thumb/e/e6/Aditya_Mufti_Ariffin.jpg/220px-Aditya_Mufti_Ariffin.jpg",
            "communityID": "1aee2fb1-640d-4761-ae4e-dc5b3ddf0403",
            "sites": {
                "name": "Wikipedia",
                "url": "https://id.wikipedia.org/wiki/Aditya_Mufti_Ariffin"
            }
        },
        {
            "name": "Wartono",
            "title": "Calon Wali Kota",
            "description": "Wartono, S.E. (lahir 26 Februari 1966) adalah Wakil Wali Kota Banjarbaru periode 2021\u20132024. Ia menjabat sejak 26 Februari 2021 setelah dilantik Penjabat Gubernur Kalimantan Selatan, Safrizal ZA di Gedung Mahligai Pancasila, Banjarmasin.",
            "profilePic": "https://upload.wikimedia.org/wikipedia/commons/thumb/6/63/Lambang_Kota_Banjarbaru.png/50px-Lambang_Kota_Banjarbaru.png",
            "communityID": "1aee2fb1-640d-4761-ae4e-dc5b3ddf0403",
            "sites": {
                "name": "Wikipedia",
                "url": "https://id.wikipedia.org/wiki/Wartono"
            }
        },
        {
            "name": "Hasnuryadi Sulaiman",
            "title": "Calon Wali Kota",
            "description": "H.  Hasnuryadi Sulaiman, M.A.B., atau biasa dipanggil Hasnur (lahir 21 Juni 1975) adalah seorang pengusaha dan politikus Indonesia. Saat ini, ia menjabat sebagai Anggota DPR-RI sejak 2014 mewakili daerah pemilihan Kalimantan Selatan II. Hasnur merupakan kader Partai Golongan Karya dan duduk di Komisi VII. Ia merupakan putra dari pengusaha dan pendiri klub sepak bola PS Barito Putera Abdussamad Sulaiman HB.",
            "profilePic": "https://upload.wikimedia.org/wikipedia/commons/thumb/2/2f/KPU_Hasnuryadi_Sulaiman.jpg/220px-KPU_Hasnuryadi_Sulaiman.jpg",
            "communityID": "1aee2fb1-640d-4761-ae4e-dc5b3ddf0403",
            "sites": {
                "name": "Wikipedia",
                "url": "https://id.wikipedia.org/wiki/Hasnuryadi_Sulaiman"
            }
        },
        {
            "name": "Mila Karmila",
            "title": "Calon Wali Kota",
            "description": "",
            "profilePic": "https://upload.wikimedia.org/wikipedia/commons/thumb/6/67/Indonesia_film_clapperboard.svg/30px-Indonesia_film_clapperboard.svg.png",
            "communityID": "1aee2fb1-640d-4761-ae4e-dc5b3ddf0403",
            "sites": {
                "name": "Wikipedia",
                "url": "https://id.wikipedia.org/wiki/Mila_Karmila"
            }
        },
        {
            "name": "Muhidin",
            "title": "Calon Wali Kota",
            "description": "H. Muhidin, S.E., S.H., M.M. (lahir 6 Mei 1958) adalah Wakil Gubernur Kalimantan Selatan periode 2021\u20142024.",
            "profilePic": "https://upload.wikimedia.org/wikipedia/commons/thumb/6/69/Muhidin%2CH-vice-goverment-of-south-kalimantan.idn.jpg/270px-Muhidin%2CH-vice-goverment-of-south-kalimantan.idn.jpg",
            "communityID": "1aee2fb1-640d-4761-ae4e-dc5b3ddf0403",
            "sites": {
                "name": "Wikipedia",
                "url": "https://id.wikipedia.org/wiki/Muhidin"
            }
        }
    ],
    "source": "https://id.wikipedia.org/wiki/Pemilihan_umum_Wali_Kota_Banjarbaru_2024",
    "path": "kota-banjarbaru"
}