{
    "title": "Pemilihan umum Wali Kota Payakumbuh 2024",
    "region": "Payakumbuh",
    "level": "KOTA",
    "candidates": [
        {
            "name": "Benny Mukhtar",
            "title": "Calon Wali Kota",
            "description": null,
            "profilePic": "",
            "communityID": "f9a8efe2-d21f-4e01-90bc-3f7f13c1e67e",
            "sites": null
        },
        {
            "name": "Arief Muhammad, S.H.,",
            "title": "Calon Wali Kota",
            "description": "",
            "profilePic": "https://upload.wikimedia.org/wikipedia/commons/thumb/c/cc/Walk_filmische_Leistungen.jpg/30px-Walk_filmische_Leistungen.jpg",
            "communityID": "f9a8efe2-d21f-4e01-90bc-3f7f13c1e67e",
            "sites": {
                "name": "Wikipedia",
                "url": "https://id.wikipedia.org/wiki/Arief_Muhammad"
            }
        },
        {
            "name": "Syamsul Bahri",
            "title": "Calon Wali Kota",
            "description": null,
            "profilePic": "",
            "communityID": "f9a8efe2-d21f-4e01-90bc-3f7f13c1e67e",
            "sites": null
        },
        {
            "name": "Erwin Yunaz",
            "title": "Calon Wali Kota",
            "description": "H. Erwin Yunaz, S.E., M.M. (lahir 21 Oktober 1971) adalah pengusaha grafis dan politikus Indonesia dari Partai NasDem. Ia menjabat sebagai Wakil Wali Kota Payakumbuh periode 2017\u20132022 setelah berhasil memenangkan pemilihan umum Wali Kota Payakumbuh 2017 mendampingi wali kota petahana, Riza Falepi.",
            "profilePic": "https://upload.wikimedia.org/wikipedia/commons/thumb/f/f2/Edit-clear.svg/40px-Edit-clear.svg.png",
            "communityID": "f9a8efe2-d21f-4e01-90bc-3f7f13c1e67e",
            "sites": {
                "name": "Wikipedia",
                "url": "https://id.wikipedia.org/wiki/Erwin_Yunaz"
            }
        },
        {
            "name": "Ekos Albar",
            "title": "Calon Wali Kota",
            "description": "H. Ekos Albar, S.E., M.M. (lahir 26 Agustus 1971) adalah seorang pengusaha dan politikus yang menjabat sebagai Wakil Wali Kota Padang sejak 9 Mei 2023 hingga 13 Mei 2024. Ia merupakan kader Partai Amanat Nasional (PAN), dan menjabat sebagai Bendahara Dewan Pimpinan Pusat (DPP) PAN periode 2020\u20132025. Ia berlatar belakang sebagai pengusaha di Jakarta asal Balaigurah, Ampek Angkek, Agam.",
            "profilePic": "https://upload.wikimedia.org/wikipedia/commons/thumb/b/b1/Wakil_Wali_Kota_Padang_Ekos_Albar_2023.png/220px-Wakil_Wali_Kota_Padang_Ekos_Albar_2023.png",
            "communityID": "f9a8efe2-d21f-4e01-90bc-3f7f13c1e67e",
            "sites": {
                "name": "Wikipedia",
                "url": "https://id.wikipedia.org/wiki/Ekos_Albar"
            }
        },
        {
            "name": "Wulan Denura",
            "title": "Calon Wali Kota",
            "description": null,
            "profilePic": "",
            "communityID": "f9a8efe2-d21f-4e01-90bc-3f7f13c1e67e",
            "sites": null
        },
        {
            "name": "Hamdi Agus",
            "title": "Calon Wali Kota",
            "description": null,
            "profilePic": "",
            "communityID": "f9a8efe2-d21f-4e01-90bc-3f7f13c1e67e",
            "sites": null
        },
        {
            "name": "Yendri Bodra Datuak Parmato Alam",
            "title": "Calon Wali Kota",
            "description": null,
            "profilePic": "",
            "communityID": "f9a8efe2-d21f-4e01-90bc-3f7f13c1e67e",
            "sites": null
        },
        {
            "name": "Supardi",
            "title": "Calon Wali Kota",
            "description": "Supardi, S.H. (lahir 17 April 1973) adalah politikus Indonesia dari Partai Gerakan Indonesia Raya (Gerindra) yang menjabat sebagai Ketua Dewan Perwakilan Rakyat Daerah (DPRD) Provinsi Sumatera Barat periode 2019\u20132024. Ia dilantik pada 4 Oktober 2019. Sebelumnya, ia pernah menjabat sebagai Wakil Ketua Komisi III DPRD Sumatera Barat periode 2014\u20132019.",
            "profilePic": "https://upload.wikimedia.org/wikipedia/commons/thumb/9/9e/Ketua_DPRD_Sumbar_Supardi.jpg/250px-Ketua_DPRD_Sumbar_Supardi.jpg",
            "communityID": "f9a8efe2-d21f-4e01-90bc-3f7f13c1e67e",
            "sites": {
                "name": "Wikipedia",
                "url": "https://id.wikipedia.org/wiki/Supardi_(politikus)"
            }
        },
        {
            "name": "Irsyad Syafar",
            "title": "Calon Wali Kota",
            "description": "H. Irsyad Syafar, Lc., M.Ed. (lahir 18 November 1970) adalah seorang mubalig, praktisi pendidikan, dan politikus Indonesia. Ia dikenal sebagai pengasuh dan pimpinan Perguruan Islam Ar-Risalah, Padang. Saat ini, ia menjabat sebagai Wakil Ketua Dewan Perwakilan Rakyat Daerah (DPRD) Provinsi Sumatera Barat periode 2019\u20132024 dari Partai Keadilan Sejahtera (PKS).",
            "profilePic": "https://upload.wikimedia.org/wikipedia/commons/thumb/a/ac/Irsyad_Syafar_Wakil_Ketua_DPRD_Sumbar.jpg/220px-Irsyad_Syafar_Wakil_Ketua_DPRD_Sumbar.jpg",
            "communityID": "f9a8efe2-d21f-4e01-90bc-3f7f13c1e67e",
            "sites": {
                "name": "Wikipedia",
                "url": "https://id.wikipedia.org/wiki/Irsyad_Syafar"
            }
        },
        {
            "name": "Catur Virgo",
            "title": "Calon Wali Kota",
            "description": null,
            "profilePic": "",
            "communityID": "f9a8efe2-d21f-4e01-90bc-3f7f13c1e67e",
            "sites": null
        },
        {
            "name": "Welya Safitri",
            "title": "Calon Wali Kota",
            "description": "",
            "profilePic": "",
            "communityID": "f9a8efe2-d21f-4e01-90bc-3f7f13c1e67e",
            "sites": {
                "name": "Wikipedia",
                "url": "https://id.wikipedia.org/wiki/Welya_Safitri"
            }
        },
        {
            "name": "Zeki Oktariza Karini",
            "title": "Calon Wali Kota",
            "description": null,
            "profilePic": "",
            "communityID": "f9a8efe2-d21f-4e01-90bc-3f7f13c1e67e",
            "sites": null
        },
        {
            "name": "Ahmad Ridha",
            "title": "Calon Wali Kota",
            "description": null,
            "profilePic": "",
            "communityID": "f9a8efe2-d21f-4e01-90bc-3f7f13c1e67e",
            "sites": null
        }
    ],
    "source": "https://id.wikipedia.org/wiki/Pemilihan_umum_Wali_Kota_Payakumbuh_2024",
    "path": "kota-payakumbuh"
}