{
    "title": "Pemilihan umum Wali Kota Tegal 2024",
    "region": "Tegal",
    "level": "KOTA",
    "path": "kota-tegal",
    "source": "https://id.wikipedia.org/wiki/Pemilihan_umum_Wali_Kota_Tegal_2024",
    "communityID": "40b7521e-f7ba-435e-ae00-0c74c28dd3d6",
    "candidates": [
        {
            "name": "Dedy Yon Supriyono",
            "description": "Dedy Yon Supriyono, S.E., M.M. (lahir 14 Agustus 1980) adalah politikus berkebangsaan Indonesia. Pada Pemilukada serentak yang diselenggarakan pada 27 Juni 2018 lalu, Dedy bersama pasangannya, Muhamad Jumadi memperoleh suara mayoritas, unggul tipis dengan pasangan Ali Zaenal Abidin - Tanty Prasetyoningrum. Setelah melalui serangkaian sidang sengketa PHPU di Mahkamah Konstitusi, pasangan ini akhirnya ditetapkan sebagai pimpinan Kota Tegal oleh KPU setempat, yang menjabat mulai 23 Maret 2019, menggantikan Nursholeh.[1]\n",
            "profilePic": "https://upload.wikimedia.org/wikipedia/commons/f/fa/Wali_Kota_Tegal_Dedy_Yon_Supriyono.jpg",
            "title": "Wali Kota Tegal",
            "sites": {
                "name": "Wikipedia",
                "url": "https://id.wikipedia.org/wiki/Dedy_Yon_Supriyono"
            },
            "communityID": "40b7521e-f7ba-435e-ae00-0c74c28dd3d6"
        },
        {
            "name": "Muhamad Jumadi",
            "description": "H. Muhamad Jumadi, ST. MM (lahir 9 Mei 1971) adalah Wakil Wali Kota Tegal. Pada Pilkada Serentak 27 Juni 2018 ia mendampingi Dedy Yon Supriyono dan unggul tipis atas pasangan Ali Zaenal Abidin - Tanty Prasetyoningrum. Setelah melalui serangkaian sidang sengketa PHPU di Mahkamah Konstitusi, pasangan ini akhirnya ditetapkan sebagai pimpinan Kota Tegal oleh KPU, dan mulai menjabat pada 23 Maret 2019.\n",
            "profilePic": "https://upload.wikimedia.org/wikipedia/commons/6/62/Muhamad_Jumadi%2C_Wakil_Wali_Kota_Tegal.jpeg",
            "title": "Wakil Wali Kota Tegal",
            "sites": {
                "name": "Wikipedia",
                "url": "https://id.wikipedia.org/wiki/Muhamad_Jumadi"
            },
            "communityID": "40b7521e-f7ba-435e-ae00-0c74c28dd3d6"
        },
        {
            "name": "Elang Merayu Sukma",
            "description": "",
            "profilePic": "",
            "title": "Pengusaha dan Penggiat UMKM Kota Tegal",
            "sites": {},
            "communityID": "40b7521e-f7ba-435e-ae00-0c74c28dd3d6"
        },
        {
            "name": "K.H. Habib Ali Zaenal Abidin",
            "description": "",
            "profilePic": "",
            "title": "Wakil Ketua I DPRD Kota Tegal",
            "sites": {},
            "communityID": "40b7521e-f7ba-435e-ae00-0c74c28dd3d6"
        },
        {
            "name": "Herujito",
            "description": "Herujito, S.I.P (lahir 16 April 1973 [1]) adalah Staf Khusus [2] Kementerian Koordinator Bidang Pembangunan Manusia dan Kebudayaan Republik Indonesia yang Menangani Hubungan Kelembagaan Pemerintah, Menteri Koordinator Bidang Pembangunan Manusia dan Kebudayaan Republik Indonesia, Puan Maharani, memberi kepercayaan kepada Heru untuk membantunya dalam tugas menyelenggarakan koordinasi, sinkronisasi, dan pengendalian urusan kementerian dalam penyelenggaraan pemerintahan di bidang pembangunan manusia dan kebudayaan.[3]\n",
            "profilePic": "https://upload.wikimedia.org/wikipedia/commons/6/69/Herujito.jpg",
            "title": "Mantan Staf Khusus Kemenko PMK",
            "sites": {
                "name": "Wikipedia",
                "url": "https://id.wikipedia.org/wiki/Herujito"
            },
            "communityID": "40b7521e-f7ba-435e-ae00-0c74c28dd3d6"
        },
        {
            "name": "Edy Suripno",
            "description": "H. Edy Suripno, S.H., M.H. (lahir 16 Maret 1978) adalah politikus berkebangsaan Indonesia. Sejak Oktober 2014, dia menjabat sebagai Ketua Dewan Perwakilan Rakyat Daerah Kota Tegal. Edy Suripno sudah terpilih sebagai anggota dewan dari Partai Demokrasi Indonesia Perjuangan selama tiga periode, yaitu 2004-2009, 2009-2014, dan 2014-2019. \n",
            "profilePic": "https://upload.wikimedia.org/wikipedia/id/9/92/Edy_Suripno.jpg",
            "title": "Anggota DPRD Kota Tegal",
            "sites": {
                "name": "Wikipedia",
                "url": "https://id.wikipedia.org/wiki/Edy_Suripno"
            },
            "communityID": "40b7521e-f7ba-435e-ae00-0c74c28dd3d6"
        },
        {
            "name": "Rosalina Ikmal Jaya",
            "description": "",
            "profilePic": "",
            "title": "Anggota DPRD Kota Tegal",
            "sites": {},
            "communityID": "40b7521e-f7ba-435e-ae00-0c74c28dd3d6"
        },
        {
            "name": "Wasmad Edi Susilo",
            "description": "",
            "profilePic": "",
            "title": "Wakil Ketua DPRD Kota Tegal",
            "sites": {},
            "communityID": "40b7521e-f7ba-435e-ae00-0c74c28dd3d6"
        },
        {
            "name": "drg Agus Dwi Sulistyantono",
            "description": "",
            "profilePic": "",
            "title": "Sekretaris Daerah Kota Tegal",
            "sites": {},
            "communityID": "40b7521e-f7ba-435e-ae00-0c74c28dd3d6"
        },
        {
            "name": "Warsidin",
            "description": "",
            "profilePic": "",
            "title": "Bakal Calon Wali Kota",
            "sites": {},
            "communityID": "40b7521e-f7ba-435e-ae00-0c74c28dd3d6"
        },
        {
            "name": "Harris Turino",
            "description": "Dr. Ir. Harris Turino Kurniawan, M.Si., M.M. atau lebih dikenal dengan nama Harris Turino saja, (lahir 15 Juli 1968) adalah seorang politisi dari PDIP, pengusaha, dan akademisi. Ia menjadi terkenal saat berhasil lulus doktoral di UI dengan predikat cumlaude dan meraih rekor MURI sebagai lulusan Doktor Manajemen Stratejik tercepat.[1] Tanggal 1 November 2021, Harris dilantik menjadi anggota DPR RI untuk masa bakti 2019-2024 melalui mekanisme pergantian antarwaktu menggantikan M. Prakosa yang sebelumnya ditunjuk sebagai duta besar berkuasa penuh Indonesia untuk Italia.[2]\n",
            "profilePic": "https://upload.wikimedia.org/wikipedia/commons/7/77/Harris_Turino.jpg",
            "title": "Anggota DPR RI",
            "sites": {
                "name": "Wikipedia",
                "url": "https://id.wikipedia.org/wiki/Harris_Turino"
            },
            "communityID": "40b7521e-f7ba-435e-ae00-0c74c28dd3d6"
        }
    ]
}