{
    "title": "Pemilihan umum Wali Kota Bengkulu 2024",
    "region": "Bengkulu",
    "level": "KOTA",
    "candidates": [
        {
            "name": "Dedy Wahyudi",
            "title": "Calon Wali Kota",
            "description": "Dr. Dedy Wahyudi, S.E., M.M. (lahir 7 Desember 1975) adalah Wakil Wali Kota Bengkulu periode 2018\u20132023. Ia adalah wakil dari Wali Kota Bengkulu, Helmi Hasan.",
            "profilePic": "https://upload.wikimedia.org/wikipedia/commons/d/dd/Wakil_Wali_Kota_Bengkulu_Dedy_Wahyudi.png",
            "communityID": "fb6dfa2b-b08f-4891-b04a-45ae0ab411f9",
            "sites": {
                "name": "Wikipedia",
                "url": "https://id.wikipedia.org/wiki/Dedy_Wahyudi"
            }
        },
        {
            "name": "Ahmad Kanedi",
            "title": "Calon Wali Kota",
            "description": "H. Ahmad Kanedi, S.H., M.H. gelar Datuk Rangkayo Batuah (lahir 24 Desember 1961) adalah Anggota DPD RI dua periode yakni 2014\u20132019 dan 2019\u20132024. Sebelumnya, ia menjabat sebagai Wali Kota Bengkulu periode 2007\u20132012.",
            "profilePic": "https://upload.wikimedia.org/wikipedia/commons/thumb/3/37/Senator_Ahmad_Kanedi.jpg/220px-Senator_Ahmad_Kanedi.jpg",
            "communityID": "fb6dfa2b-b08f-4891-b04a-45ae0ab411f9",
            "sites": {
                "name": "Wikipedia",
                "url": "https://id.wikipedia.org/wiki/Ahmad_Kanedi"
            }
        },
        {
            "name": "Edison Simbolon",
            "title": "Calon Wali Kota",
            "description": "H. Edison Simbolon, M.Si. (lahir 7 Maret 1958) adalah Anggota DPRD Provinsi Bengkulu Fraksi Demokrat periode 2019\u20142020.",
            "profilePic": "https://upload.wikimedia.org/wikipedia/commons/thumb/0/0d/KPU_Edison_Simbolon.jpg/220px-KPU_Edison_Simbolon.jpg",
            "communityID": "fb6dfa2b-b08f-4891-b04a-45ae0ab411f9",
            "sites": {
                "name": "Wikipedia",
                "url": "https://id.wikipedia.org/wiki/Edison_Simbolon"
            }
        },
        {
            "name": "Dedy Ermansyah",
            "title": "Calon Wali Kota",
            "description": "H. Dedy Ermansyah, S.E. adalah Wakil Gubernur Bengkulu periode 2019\u20132021. Ia adalah wakil dari Gubernur Bengkulu, Rohidin Mersyah.",
            "profilePic": "https://upload.wikimedia.org/wikipedia/commons/thumb/7/7b/Wakil_Gubernur_Bengkulu_Dedy_Ermansyah.png/220px-Wakil_Gubernur_Bengkulu_Dedy_Ermansyah.png",
            "communityID": "fb6dfa2b-b08f-4891-b04a-45ae0ab411f9",
            "sites": {
                "name": "Wikipedia",
                "url": "https://id.wikipedia.org/wiki/Dedy_Ermansyah"
            }
        },
        {
            "name": "Ustadz Dani Hamdani",
            "title": "Calon Wali Kota",
            "description": null,
            "profilePic": "",
            "communityID": "fb6dfa2b-b08f-4891-b04a-45ae0ab411f9",
            "sites": null
        }
    ],
    "source": "https://id.wikipedia.org/wiki/Pemilihan_umum_Wali_Kota_Bengkulu_2024",
    "path": "kota-bengkulu"
}