{
    "title": "Pemilihan umum Wali Kota Makassar 2024",
    "region": "Makassar",
    "level": "KOTA",
    "path": "kota-makassar",
    "source": "https://id.wikipedia.org/wiki/Pemilihan_umum_Wali_Kota_Makassar_2024",
    "communityID": "d24329e8-f861-43b0-bd1b-fd128ff20b6a",
    "candidates": [
        {
            "name": "Syamsu Rizal",
            "description": "Dr. H. Syamsu Rizal Marzuki Ibrahim, S.Sos., M.Si. atau yang biasa akrab disapa dengan Deng Ical (lahir 30 Juni 1973) adalah wakil wali kota Makassar sejak 8 Mei 2014 bersama dengan Danny Pomanto. Pria kelahiran Selayar ini keluar sebagai pemenang Pemilihan umum Wali Kota Makassar 2013 diusung oleh (Partai Demokrat dan PBB) setelah menungguli 9 kandidat lainnya dengan persentase perolehan suara 31,18% atau sebesar 182.484 suara.\n",
            "profilePic": "https://upload.wikimedia.org/wikipedia/commons/a/ad/KPU_Syamsu_Rizal.png",
            "title": "Wakil Wali Kota Makassar (2014\u20132019)",
            "sites": {
                "name": "Wikipedia",
                "url": "https://id.wikipedia.org/wiki/Syamsu_Rizal"
            },
            "communityID": "d24329e8-f861-43b0-bd1b-fd128ff20b6a"
        },
        {
            "name": "Fatmawati Rusdi",
            "description": "Hj. Fatmawati Rusdi, S.E., M.M. (lahir 9 Mei 1980) adalah Wakil Wali Kota Makassar pada periode 2021-2024 mendampingi Danny Pomanto.[1]\n",
            "profilePic": "https://upload.wikimedia.org/wikipedia/commons/6/6a/Wakil_Wali_Kota_Makassar%2C_Fatmawati_Rusdi.png",
            "title": "Wakil Wali Kota Makassar (2021\u20132023)",
            "sites": {
                "name": "Wikipedia",
                "url": "https://id.wikipedia.org/wiki/Fatmawati_Rusdi"
            },
            "communityID": "d24329e8-f861-43b0-bd1b-fd128ff20b6a"
        },
        {
            "name": "Ahmad Susanto",
            "description": "",
            "profilePic": "",
            "title": "Ketua KONI Kota Makassar",
            "sites": {},
            "communityID": "d24329e8-f861-43b0-bd1b-fd128ff20b6a"
        },
        {
            "name": "Tamsil Linrung",
            "description": "Drs. H. Tamsil Linrung (lahir 17 September 1961) adalah seorang politikus Indonesia yang saat ini menjabat sebagaianggota DPD-RI sejak 2019 mewakili Sulawesi Selatan. Sebelumnya, Tamsil adalah anggota DPR-RI tiga periode sejak 2004 hingga 2019 dari Fraksi Partai Keadilan Sejahtera (PKS).[1] Tamsil berasal dari daerah pemilihan Sulawesi Selatan II. Di DPR-RI sendiri, ia menjadi wakil ketua Badan Anggaran DPR-RI.\nIa pernah dicalonkan oleh Partai Keadilan Sejahtera, Partai Hanura dan Partai Bintang Reformasi untuk menjadi Calon Wali Kota Makassar periode 2013-2018.[2]\n",
            "profilePic": "https://upload.wikimedia.org/wikipedia/commons/d/d8/Senator_Tamsil_Linrung.jpg",
            "title": "Anggota DPD RI (2019\u20132024)",
            "sites": {
                "name": "Wikipedia",
                "url": "https://id.wikipedia.org/wiki/Tamsil_Linrung"
            },
            "communityID": "d24329e8-f861-43b0-bd1b-fd128ff20b6a"
        },
        {
            "name": "Aliyah Mustika Ilham",
            "description": "Aliyah Mustika Ilham, S.E. (lahir 30 Maret 1969) adalah seorang politikus Indonesia yang saat ini menjabat sebagai Anggota DPR-RI sejak 2014. Ia mewakili daerah pemilihan Sulawesi Selatan I. Aliyah merupakan kader Partai Demokrat dan duduk di Komisi IX.[1][2]\n",
            "profilePic": "https://upload.wikimedia.org/wikipedia/commons/6/63/Aliyah_Mustika_Ilham.jpg",
            "title": "Anggota DPR-RI (2014\u20132024)",
            "sites": {
                "name": "Wikipedia",
                "url": "https://id.wikipedia.org/wiki/Aliyah_Mustika_Ilham"
            },
            "communityID": "d24329e8-f861-43b0-bd1b-fd128ff20b6a"
        },
        {
            "name": "Andi Seto Gadhista Asapa",
            "description": "Andi Seto Gadhista Asapa, S.H., LL.M. (lahir 20 November 1983) di Kotamadya Ujung Pandang, Sulawesi Selatan, Indonesia adalah Bupati Kabupaten Sinjai periode 2018-2023.\n",
            "profilePic": "https://upload.wikimedia.org/wikipedia/commons/7/7f/Andi_Seto_Gadhista_Asapa_Bupati_Sinjai.jpg",
            "title": "Bupati Sinjai (2018\u20132023)",
            "sites": {
                "name": "Wikipedia",
                "url": "https://id.wikipedia.org/wiki/Andi_Seto_Gadhista_Asapa"
            },
            "communityID": "d24329e8-f861-43b0-bd1b-fd128ff20b6a"
        },
        {
            "name": "Adi Rasyid Ali",
            "description": "",
            "profilePic": "",
            "title": "Wakil Ketua DPRD Kota Makassar (2019\u20132024)",
            "sites": {},
            "communityID": "d24329e8-f861-43b0-bd1b-fd128ff20b6a"
        },
        {
            "name": "Abdul Rahman Bando",
            "description": "",
            "profilePic": "",
            "title": "Mantan Kepala Dinas Pertanian",
            "sites": {},
            "communityID": "d24329e8-f861-43b0-bd1b-fd128ff20b6a"
        },
        {
            "name": "Rusdin Abdullah",
            "description": "",
            "profilePic": "",
            "title": "Pengusaha",
            "sites": {},
            "communityID": "d24329e8-f861-43b0-bd1b-fd128ff20b6a"
        },
        {
            "name": "Indira Yusuf Ismail",
            "description": "",
            "profilePic": "",
            "title": "Ketua TP PKK Kota Makassar",
            "sites": {},
            "communityID": "d24329e8-f861-43b0-bd1b-fd128ff20b6a"
        },
        {
            "name": "A. Rachmatika Dewi Yustitia Iqbal",
            "description": "",
            "profilePic": "",
            "title": "Anggota DPRD Sulawesi Selatan (2019\u20132024)",
            "sites": {},
            "communityID": "d24329e8-f861-43b0-bd1b-fd128ff20b6a"
        },
        {
            "name": "Imam Fauzan Uskara",
            "description": "",
            "profilePic": "",
            "title": "Anggota DPRD Sulawesi Selatan (2019\u20132024)",
            "sites": {},
            "communityID": "d24329e8-f861-43b0-bd1b-fd128ff20b6a"
        },
        {
            "name": "Rudianto Lallo",
            "description": "",
            "profilePic": "",
            "title": "Ketua DPRD Kota Makassar (2019\u20132024)",
            "sites": {},
            "communityID": "d24329e8-f861-43b0-bd1b-fd128ff20b6a"
        },
        {
            "name": "Nelson Marnanse Kamisi",
            "description": "",
            "profilePic": "",
            "title": "Anggota DPRD Kota Makassar (2009\u20132014)",
            "sites": {},
            "communityID": "d24329e8-f861-43b0-bd1b-fd128ff20b6a"
        },
        {
            "name": "M. Amri Arsyid",
            "description": "",
            "profilePic": "",
            "title": "Ketua PKS Kota Makassar",
            "sites": {},
            "communityID": "d24329e8-f861-43b0-bd1b-fd128ff20b6a"
        },
        {
            "name": "Irwan Adnan",
            "description": "",
            "profilePic": "",
            "title": "Mantan Kepala Badan Pendapatan Daerah Kota Makassar; Ketua Umum Kerukunan Keluarga Turatea Jeneponto (KKT) Kota Makassar",
            "sites": {},
            "communityID": "d24329e8-f861-43b0-bd1b-fd128ff20b6a"
        }
    ]
}