{
    "title": "Pemilihan umum Wali Kota Surakarta 2024",
    "region": "Surakarta",
    "level": "KOTA",
    "candidates": [
        {
            "name": "Sugeng Riyanto",
            "title": "Calon Wali Kota",
            "description": null,
            "profilePic": "",
            "communityID": "12f772b6-70b2-49a5-8d8c-8d35843fb8d1",
            "sites": null
        },
        {
            "name": "Gusti Bhre",
            "title": "Calon Wali Kota",
            "description": "Sampeyan Dalem Ingkang Jumeneng Kanjeng Gusti Pangeran Adipati Arya Mangkunegara X (nama sebelum pelantikan: Gusti Pangeran Harya (GPH.) Bhre Cakrahutomo Wira Sudjiwo, S.H. (lahir 29 Maret 1997, atau penanggalan Jawa Sabtu Pon, 20 Sela 1929 Wawu) adalah penguasa Kadipat\u00e8n Mangkunegaran dan putra dari KGPAA. Mangkunegara IX yang mangkat pada 13 Agustus 2021. Ia ditetapkan sebagai penerus tahta Kadipat\u00e8n Mangkunegaran ke-10 pada tanggal 1 Maret 2022 dan dinobatkan tanggal 12 Maret 2022, bertepatan dengan penanggalan Jawa di hari Sabtu Pahing, 8 Ruwah 1955 Alip.",
            "profilePic": "https://upload.wikimedia.org/wikipedia/commons/thumb/c/c2/Mangkunegara_X.jpg/220px-Mangkunegara_X.jpg",
            "communityID": "12f772b6-70b2-49a5-8d8c-8d35843fb8d1",
            "sites": {
                "name": "Wikipedia",
                "url": "https://id.wikipedia.org/wiki/Mangkunegara_X"
            }
        },
        {
            "name": "Daryono",
            "title": "Calon Wali Kota",
            "description": "Mayor Jenderal TNI (Purn.) S. Daryono (lahir 2 Desember 1927) merupakan seorang perwira tinggi militer dan birokrat dari Indonesia. Ia menjabat sebagai juru bicara untuk TNI Angkatan Darat dari tahun 1975 hingga 1977 dan untuk Departemen Pertahanan dan Keamanan dari tahun 1977 hingga 1978. Daryono kemudian dikaryakan ke Departemen Dalam Negeri sebagai Direktur Jenderal Agraria dari tahun 1978 hingga 1982 dan sekretaris jenderal dari tahun 1982 hingga 1984.",
            "profilePic": "https://upload.wikimedia.org/wikipedia/commons/thumb/b/b5/Director_General_of_Agrarian_Affairs_Daryono%2C_Mimbar_Departemen_Dalam_Negeri_%283%C3%974%2C_small%29.jpg/220px-Director_General_of_Agrarian_Affairs_Daryono%2C_Mimbar_Departemen_Dalam_Negeri_%283%C3%974%2C_small%29.jpg",
            "communityID": "12f772b6-70b2-49a5-8d8c-8d35843fb8d1",
            "sites": {
                "name": "Wikipedia",
                "url": "https://id.wikipedia.org/wiki/Daryono"
            }
        },
        {
            "name": "Sekar Tandjung",
            "title": "Calon Wali Kota",
            "description": null,
            "profilePic": "",
            "communityID": "12f772b6-70b2-49a5-8d8c-8d35843fb8d1",
            "sites": null
        },
        {
            "name": "Kaesang Pangarep",
            "title": "Calon Wali Kota",
            "description": "Kaesang Pangarep, B.Sc. (lahir 25 Desember 1994) adalah seorang pengusaha makanan, YouTuber Indonesia dan terjun ke dunia politik menjadi kader Partai Solidaritas Indonesia (PSI) mulai 23 September 2023. Sejak 25 September 2023, ia menjabat sebagai Ketua Umum Partai Solidaritas Indonesia (PSI) periode 2023\u20132028 menggantikan Giring Ganesha. Ia merupakan putra bungsu Presiden ke-7 Republik Indonesia, Joko Widodo, dan Ibu Negara, Iriana. Ia menikah dengan seorang wanita yang merupakan Puteri Indonesia Daerah Istimewa Yogyakarta 2022, bernama: Erina Gudono, pada Sabtu, 10 Desember 2022.",
            "profilePic": "https://upload.wikimedia.org/wikipedia/commons/thumb/a/ae/Kaesang_Pangarep_in_2016.jpg/220px-Kaesang_Pangarep_in_2016.jpg",
            "communityID": "12f772b6-70b2-49a5-8d8c-8d35843fb8d1",
            "sites": {
                "name": "Wikipedia",
                "url": "https://id.wikipedia.org/wiki/Kaesang_Pangarep"
            }
        }
    ],
    "source": "https://id.wikipedia.org/wiki/Pemilihan_umum_Wali_Kota_Surakarta_2024",
    "path": "kota-surakarta"
}