{
    "title": "Pemilihan umum Wali Kota Padang 2024",
    "region": "Padang",
    "level": "KOTA",
    "path": "kota-padang",
    "source": "https://id.wikipedia.org/wiki/Pemilihan_umum_Wali_Kota_Padang_2024",
    "communityID": "f2c1e891-ba11-42cc-9f98-f683da8ab6e2",
    "candidates": [
        {
            "name": "Amril Amin",
            "description": "",
            "profilePic": "",
            "title": "Wakil Ketua DPRD Kota Padang",
            "sites": {},
            "communityID": "f2c1e891-ba11-42cc-9f98-f683da8ab6e2"
        },
        {
            "name": "Hendri Septa",
            "description": "Hendri Septa, B.Bus. (Acc), MIB. gelar Datuak Alam Batuah[1] (lahir 6 September 1976) adalah politikus yang menjabat Wali Kota Padang sejak 7 April 2021 menggantikan Mahyeldi untuk sisa masa jabatan 2019\u20132024.[2][3] Ia pernah menjabat sebagai Wakil Wali Kota Padang periode 2019\u20132021.[4][5] Ia juga menjabat sebagai Ketua Dewan Perwakilan Daerah (DPD) Partai Amanat Nasional Kota Padang dua periode sejak 13 November 2016.[6][7]\n",
            "profilePic": "https://upload.wikimedia.org/wikipedia/commons/5/59/Wali_Kota_Padang_Hendri_Septa.jpg",
            "title": "Wali Kota Padang",
            "sites": {
                "name": "Wikipedia",
                "url": "https://id.wikipedia.org/wiki/Hendri_Septa"
            },
            "communityID": "f2c1e891-ba11-42cc-9f98-f683da8ab6e2"
        },
        {
            "name": "Rahmat Saleh",
            "description": "H. Rahmat Saleh, S.Farm., M.I.P. (lahir 27 April 1983)[1] adalah mubalig dan politikus dari Partai Keadilan Sejahtera (PKS). Ia menjabat sebagai anggota DPRD Sumatera Barat dua periode yakni 2014\u20132019 dan 2019\u20132024.[2] Dalam struktur partai, ia menjabat sebagai Sekretaris Umum Dewan Perwakilan Wilayah (DPW) PKS Sumatera Barat periode 2020\u20132025.[3][4] Dalam pemilihan umum presiden 2024, ia diangkat menjadi Ketua Tim Kampanye Daerah (TKD) Anies Baswedan dan Muhaimin Iskandar Sumatera Barat.[5]\n",
            "profilePic": "https://upload.wikimedia.org/wikipedia/commons/7/77/Anggota_DPRD_Sumatera_Barat_Rahmat_Saleh.jpg",
            "title": "Anggota DPRD Sumatera Barat",
            "sites": {
                "name": "Wikipedia",
                "url": "https://id.wikipedia.org/wiki/Rahmat_Saleh"
            },
            "communityID": "f2c1e891-ba11-42cc-9f98-f683da8ab6e2"
        },
        {
            "name": "Fadly Amran",
            "description": "H. Fadly Amran, B.B.A gelar Datuak Panduko Malano (lahir 9 Februari 1988) adalah seorang pengusaha dan politikus Indonesia dari Partai NasDem yang menjabat sebagai Wali Kota Padang Panjang sejak 9 Oktober 2018 setelah memenangkan Pemilihan umum Wali Kota Padang Panjang 2018.[2][3]\n",
            "profilePic": "https://upload.wikimedia.org/wikipedia/commons/thumb/f/f8/Wali_Kota_Padang_Panjang_Fadly_Amran.png/1200px-Wali_Kota_Padang_Panjang_Fadly_Amran.png",
            "title": "Mantan Wali Kota Padang Panjang",
            "sites": {
                "name": "Wikipedia",
                "url": "https://id.wikipedia.org/wiki/Fadly_Amran"
            },
            "communityID": "f2c1e891-ba11-42cc-9f98-f683da8ab6e2"
        },
        {
            "name": "Erman Safar",
            "description": "H. Erman Safar, S.H. gelar Tuangku Nan Kuniang[2] (lahir 13 Mei 1986) adalah pengusaha dan politikus Partai Gerindra yang menjabat sebagai Wali Kota Bukittinggi periode 2021-2024.\n",
            "profilePic": "https://upload.wikimedia.org/wikipedia/commons/thumb/6/69/Wali_Kota_Bukittinggi_Erman_Safar.jpg/1200px-Wali_Kota_Bukittinggi_Erman_Safar.jpg",
            "title": "Wali Kota Bukittinggi",
            "sites": {
                "name": "Wikipedia",
                "url": "https://id.wikipedia.org/wiki/Erman_Safar"
            },
            "communityID": "f2c1e891-ba11-42cc-9f98-f683da8ab6e2"
        },
        {
            "name": "Syafrial Kani",
            "description": "",
            "profilePic": "",
            "title": "Ketua DPRD Kota Padang",
            "sites": {},
            "communityID": "f2c1e891-ba11-42cc-9f98-f683da8ab6e2"
        },
        {
            "name": "Adib Alfikri",
            "description": "\n",
            "profilePic": "https://upload.wikimedia.org/wikipedia/commons/9/95/Adib_Alfikri.jpg",
            "title": "Kepala Dinas Penanaman Modal dan Pelayanan Terpadu Satu Pintu Sumatera Barat",
            "sites": {
                "name": "Wikipedia",
                "url": "https://id.wikipedia.org/wiki/Adib_Alfikri"
            },
            "communityID": "f2c1e891-ba11-42cc-9f98-f683da8ab6e2"
        },
        {
            "name": "Mastilizal Aye",
            "description": "",
            "profilePic": "",
            "title": "Anggota DPRD Kota Padang",
            "sites": {},
            "communityID": "f2c1e891-ba11-42cc-9f98-f683da8ab6e2"
        },
        {
            "name": "Nanda Satria",
            "description": "",
            "profilePic": "",
            "title": "Ketua DPD KNPI Sumatera Barat",
            "sites": {},
            "communityID": "f2c1e891-ba11-42cc-9f98-f683da8ab6e2"
        }
    ]
}