{
    "title": "Pemilihan umum Wali Kota Pangkal Pinang 2024",
    "region": "Pangkal Pinang",
    "level": "KOTA",
    "candidates": [
        {
            "name": "Maulan Aklil",
            "title": "Calon Wali Kota",
            "description": "Dr. H. Maulan Aklil, S.I.P., M.Si. (lahir 4 Maret 1976) adalah Wali kota Pangkalpinang yang menjabat sejak 15 November 2018.",
            "profilePic": "https://upload.wikimedia.org/wikipedia/commons/thumb/6/66/Maulan_Aklil_Walikota_Pangkalpinang.jpg/220px-Maulan_Aklil_Walikota_Pangkalpinang.jpg",
            "communityID": "e65d77b9-ea10-47f0-a4d7-799070bf4ad4",
            "sites": {
                "name": "Wikipedia",
                "url": "https://id.wikipedia.org/wiki/Maulan_Aklil"
            }
        },
        {
            "name": "Muhammad Sopian",
            "title": "Calon Wali Kota",
            "description": "Muhammad Sopian, B.A. (lahir 1 Maret 1964 adalah Wakil Wali Kota Pangkalpinang 2 periode yakni 2013\u20142018 dan 2018\u20142023. Ia adalah wakil dari Wali Kota Pangkalpinang, Muhammad Irwansyah dan Maulan Aklil.",
            "profilePic": "https://upload.wikimedia.org/wikipedia/commons/thumb/8/89/Wakil_Wali_Kota_Pangkalpinang_Muhammad_Sopian.png/220px-Wakil_Wali_Kota_Pangkalpinang_Muhammad_Sopian.png",
            "communityID": "e65d77b9-ea10-47f0-a4d7-799070bf4ad4",
            "sites": {
                "name": "Wikipedia",
                "url": "https://id.wikipedia.org/wiki/Muhammad_Sopian"
            }
        },
        {
            "name": "Herry Erfian Rosman",
            "title": "Calon Wali Kota",
            "description": null,
            "profilePic": "",
            "communityID": "e65d77b9-ea10-47f0-a4d7-799070bf4ad4",
            "sites": null
        },
        {
            "name": "Muhammad Irwansyah",
            "title": "Calon Wali Kota",
            "description": "H. Muhammad Irwansyah, S.Sos., M.Si. (lahir 1 Juni 1983), dikenal dengan nama panggilan Wawan, adalah seorang politisi Indonesia yang berasal dari kalangan pengusaha. Ia adalah Wali Kota Pangkalpinang periode 2013\u20132018 yang sebelumnya diusung oleh Partai Demokrasi Indonesia Perjuangan dan Hanura, juga didukung oleh PKS dan Nasdem. Pelantikan jabatan dilaksanakan oleh Gubernur Bangka Belitung, Rustam Effendi, di Ruang Paripurna DPRD Kota Pangkalpinang, Kamis, 14 November 2013.",
            "profilePic": "https://upload.wikimedia.org/wikipedia/commons/c/cd/Wali_Kota_Pangkalpinang%2C_M._Irwansyah_Sofyan_Rebuin.jpg",
            "communityID": "e65d77b9-ea10-47f0-a4d7-799070bf4ad4",
            "sites": {
                "name": "Wikipedia",
                "url": "https://id.wikipedia.org/wiki/Muhammad_Irwansyah"
            }
        },
        {
            "name": "Ust. H. Dede Purnama Alzulami",
            "title": "Calon Wali Kota",
            "description": null,
            "profilePic": "",
            "communityID": "e65d77b9-ea10-47f0-a4d7-799070bf4ad4",
            "sites": null
        },
        {
            "name": "Dody Kusdian",
            "title": "Calon Wali Kota",
            "description": null,
            "profilePic": "",
            "communityID": "e65d77b9-ea10-47f0-a4d7-799070bf4ad4",
            "sites": null
        },
        {
            "name": "Radmida Dawam",
            "title": "Calon Wali Kota",
            "description": null,
            "profilePic": "",
            "communityID": "e65d77b9-ea10-47f0-a4d7-799070bf4ad4",
            "sites": null
        },
        {
            "name": "Rosdiansyah Rasyid",
            "title": "Calon Wali Kota",
            "description": null,
            "profilePic": "",
            "communityID": "e65d77b9-ea10-47f0-a4d7-799070bf4ad4",
            "sites": null
        },
        {
            "name": "Abang Hertza",
            "title": "Calon Wali Kota",
            "description": null,
            "profilePic": "",
            "communityID": "e65d77b9-ea10-47f0-a4d7-799070bf4ad4",
            "sites": null
        },
        {
            "name": "Bahar Buasan",
            "title": "Calon Wali Kota",
            "description": "Bahar Buasan, S.T. (lahir 25 Maret 1964) yaitu Anggota DPD RI 2 periode yakni 2009\u20132014 dan 2014\u20132019.",
            "profilePic": "https://upload.wikimedia.org/wikipedia/commons/thumb/4/4e/KPU_Bahar_Buasan.jpg/220px-KPU_Bahar_Buasan.jpg",
            "communityID": "e65d77b9-ea10-47f0-a4d7-799070bf4ad4",
            "sites": {
                "name": "Wikipedia",
                "url": "https://id.wikipedia.org/wiki/Bahar_Buasan"
            }
        }
    ],
    "source": "https://id.wikipedia.org/wiki/Pemilihan_umum_Wali_Kota_Pangkal_Pinang_2024",
    "path": "kota-pangkalpinang"
}