{
    "title": "Pemilihan umum Wali Kota Balikpapan 2024",
    "region": "Balikpapan",
    "level": "KOTA",
    "candidates": [
        {
            "name": "Rahmad Mas'ud",
            "title": "Calon Wali Kota",
            "description": "Rahmad Mas'ud (lahir 12 Mei 1976) adalah Wali kota Balikpapan petahana yang menjabat sejak 31 Mei 2021. Sebelumnya ia menjabat sebagai wakil wali kota Balikpapan mendampingi Rizal Effendi pada periode 2016\u20132021.",
            "profilePic": "https://upload.wikimedia.org/wikipedia/commons/thumb/6/65/Rahmad_Mas%27ud%2C_Wali_Kota_Balikpapan.jpg/250px-Rahmad_Mas%27ud%2C_Wali_Kota_Balikpapan.jpg",
            "communityID": "37ca53e1-76aa-4e41-af2f-3a9144a6b37d",
            "sites": {
                "name": "Wikipedia",
                "url": "https://id.wikipedia.org/wiki/Rahmad_Mas%27ud"
            }
        },
        {
            "name": "Abdulloh",
            "title": "Calon Wali Kota",
            "description": null,
            "profilePic": "",
            "communityID": "37ca53e1-76aa-4e41-af2f-3a9144a6b37d",
            "sites": null
        },
        {
            "name": "Syukri Wahid",
            "title": "Calon Wali Kota",
            "description": null,
            "profilePic": "",
            "communityID": "37ca53e1-76aa-4e41-af2f-3a9144a6b37d",
            "sites": null
        },
        {
            "name": "Ahmad Basir",
            "title": "Calon Wali Kota",
            "description": null,
            "profilePic": "",
            "communityID": "37ca53e1-76aa-4e41-af2f-3a9144a6b37d",
            "sites": null
        },
        {
            "name": "Nurhadi Saputra",
            "title": "Calon Wali Kota",
            "description": null,
            "profilePic": "",
            "communityID": "37ca53e1-76aa-4e41-af2f-3a9144a6b37d",
            "sites": null
        },
        {
            "name": "Muhammad Dimyathie Riza",
            "title": "Calon Wali Kota",
            "description": null,
            "profilePic": "",
            "communityID": "37ca53e1-76aa-4e41-af2f-3a9144a6b37d",
            "sites": null
        },
        {
            "name": "Ust. H. Naspi Arsyad",
            "title": "Calon Wali Kota",
            "description": null,
            "profilePic": "",
            "communityID": "37ca53e1-76aa-4e41-af2f-3a9144a6b37d",
            "sites": null
        },
        {
            "name": "Eddy Sunardi Darmawan",
            "title": "Calon Wali Kota",
            "description": null,
            "profilePic": "",
            "communityID": "37ca53e1-76aa-4e41-af2f-3a9144a6b37d",
            "sites": null
        }
    ],
    "source": "https://id.wikipedia.org/wiki/Pemilihan_umum_Wali_Kota_Balikpapan_2024",
    "path": "kota-balikpapan"
}