{
    "title": "Pemilihan umum Wali Kota Banda Aceh 2024",
    "region": "Banda Aceh",
    "level": "KOTA",
    "candidates": [
        {
            "name": "dr. Mahfudhdinsyah",
            "title": "Calon Wali Kota",
            "description": null,
            "profilePic": "",
            "communityID": "d156d938-441e-4a6c-bdf7-ac39efdcf9c8",
            "sites": null
        },
        {
            "name": "Teuku Irwan Djohan. ST",
            "title": "Calon Wali Kota",
            "description": null,
            "profilePic": "",
            "communityID": "d156d938-441e-4a6c-bdf7-ac39efdcf9c8",
            "sites": null
        },
        {
            "name": "Aminullah Usman",
            "title": "Calon Wali Kota",
            "description": "H. Aminullah Usman, S.E.Ak., M.M.  (lahir 1 Agustus 1958) adalah Wali kota Banda Aceh ke-12 yang menjabat sejak 7 Juli 2017 hingga 7 Juli 2022. Aminullah Usman pernah menjabat sebagai Direktur Utama PT Bank BPD Aceh (yang sekarang dikenal dengan Bank Aceh) pada tahun 2000 hingga 2010.",
            "profilePic": "https://upload.wikimedia.org/wikipedia/commons/thumb/5/5e/Wali_Kota_Banda_Aceh_Aminullah_Usman.jpg/220px-Wali_Kota_Banda_Aceh_Aminullah_Usman.jpg",
            "communityID": "d156d938-441e-4a6c-bdf7-ac39efdcf9c8",
            "sites": {
                "name": "Wikipedia",
                "url": "https://id.wikipedia.org/wiki/Aminullah_Usman"
            }
        },
        {
            "name": "Zainal Arifin",
            "title": "Calon Wali Kota",
            "description": null,
            "profilePic": "",
            "communityID": "d156d938-441e-4a6c-bdf7-ac39efdcf9c8",
            "sites": null
        },
        {
            "name": "Azwir Basyah",
            "title": "Calon Wali Kota",
            "description": null,
            "profilePic": "",
            "communityID": "d156d938-441e-4a6c-bdf7-ac39efdcf9c8",
            "sites": null
        }
    ],
    "source": "https://id.wikipedia.org/wiki/Pemilihan_umum_Wali_Kota_Banda_Aceh_2024",
    "path": "kota-banda-aceh"
}