{
    "title": "Pemilihan umum Wali Kota Yogyakarta 2024",
    "region": "Yogyakarta",
    "level": "KOTA",
    "candidates": [
        {
            "name": "Heroe Poerwadi",
            "title": "Calon Wali Kota",
            "description": "Drs. Heroe Poerwadi, MA (lahir 17 Januari 1966) adalah Wakil Wali Kota Yogyakarta yang menjabat sejak 22 Mei 2017.",
            "profilePic": "https://upload.wikimedia.org/wikipedia/commons/thumb/b/be/Wakil_Wali_Kota_Heroe_Poerwadi-_M9A5119.jpg/200px-Wakil_Wali_Kota_Heroe_Poerwadi-_M9A5119.jpg",
            "communityID": "a3639632-f72c-456e-b978-8c104a2aadb7",
            "sites": {
                "name": "Wikipedia",
                "url": "https://id.wikipedia.org/wiki/Heroe_Poerwadi"
            }
        },
        {
            "name": "Prabukusuma",
            "title": "Calon Wali Kota",
            "description": "Sri Sultan Hamengkubawana XGKR Hemas",
            "profilePic": "https://upload.wikimedia.org/wikipedia/commons/thumb/8/83/Yogyakarta_Sultanate_Hamengkubhuwono_X_Emblem.svg/220px-Yogyakarta_Sultanate_Hamengkubhuwono_X_Emblem.svg.png",
            "communityID": "a3639632-f72c-456e-b978-8c104a2aadb7",
            "sites": {
                "name": "Wikipedia",
                "url": "https://id.wikipedia.org/wiki/Prabukusuma"
            }
        },
        {
            "name": "Imam Priyono",
            "title": "Calon Wali Kota",
            "description": "Imam Priyono Dwi Putranto, S.E., M.Si. ( Aksara Jawa = \ua986\ua9a9\ua9a9\ua9c0\ua9a5\ua9bf\ua9b6\ua9aa\ua9ba\ua9b4\ua9a4\ua9ba\ua9b4\ua9a2\ua9c0\ua9ae\ua9b6\ua9a5\ua9b8\ua9a0\ua9bf\ua9a4\ua9c0\ua9a0\ua9ba\ua9b4, lahir 4 September 1964) merupakan seorang wakil wali kota Yogyakarta periode 2011-2016. Pada pemilihan umum Wali Kota Yogyakarta 2017, ia mendaftarkan diri sebagai bakal calon wali kota Yogyakarta di Komisi Pemilihan Umum (KPU) Kota Yogyakarta berpasangan dengan Achmad Fadli dengan diusung partai PDIP, PKB dan Nasdem.",
            "profilePic": "https://upload.wikimedia.org/wikipedia/commons/thumb/e/e8/KPU_Imam_Priyono_Dwi_Putranto.jpg/200px-KPU_Imam_Priyono_Dwi_Putranto.jpg",
            "communityID": "a3639632-f72c-456e-b978-8c104a2aadb7",
            "sites": {
                "name": "Wikipedia",
                "url": "https://id.wikipedia.org/wiki/Imam_Priyono_(politikus)"
            }
        },
        {
            "name": "Yudhaningrat",
            "title": "Calon Wali Kota",
            "description": "Sri Sultan Hamengkubawana XGKR Hemas",
            "profilePic": "https://upload.wikimedia.org/wikipedia/commons/thumb/8/82/Yudhaningrat_as_a_Commander_of_Royal_Troops_of_Yogyakarta.jpg/250px-Yudhaningrat_as_a_Commander_of_Royal_Troops_of_Yogyakarta.jpg",
            "communityID": "a3639632-f72c-456e-b978-8c104a2aadb7",
            "sites": {
                "name": "Wikipedia",
                "url": "https://id.wikipedia.org/wiki/Yudhaningrat"
            }
        },
        {
            "name": "Afnan Hadikusumo",
            "title": "Calon Wali Kota",
            "description": "Muhammad Afnan Hadikusumo (lahir 6 Februari 1967) adalah seorang politikus Indonesia.\u00a0Ia merupakan putera keempat dari tujuh bersaudara dari pasangan Hibrizie Hadikusumo dengan Siti Maryam.",
            "profilePic": "https://upload.wikimedia.org/wikipedia/commons/thumb/3/33/Senator_Muhammad_Afnan_Hadikusumo.jpg/220px-Senator_Muhammad_Afnan_Hadikusumo.jpg",
            "communityID": "a3639632-f72c-456e-b978-8c104a2aadb7",
            "sites": {
                "name": "Wikipedia",
                "url": "https://id.wikipedia.org/wiki/Muhammad_Afnan_Hadikusumo"
            }
        },
        {
            "name": "Bambang Atmanto Wiyogo",
            "title": "Calon Wali Kota",
            "description": "Bambang Atmanto Wiyogo, S.E.  (lahir 30 Januari 1958) adalah seorang politikus Indonesia. Ia menjabat sebagai Anggota DPR-RI dari 2014 hingga 2019 mewakili daerah pemilihan DKI Jakarta I. Ia merupakan anak kandung dari mantan Gubernur DKI Jakarta, Wiyogo Atmodarminto.",
            "profilePic": "https://upload.wikimedia.org/wikipedia/commons/thumb/9/96/Coat_of_arms_of_the_People%27s_Representative_Council_of_Indonesia.svg/80px-Coat_of_arms_of_the_People%27s_Representative_Council_of_Indonesia.svg.png",
            "communityID": "a3639632-f72c-456e-b978-8c104a2aadb7",
            "sites": {
                "name": "Wikipedia",
                "url": "https://id.wikipedia.org/wiki/Bambang_Atmanto_Wiyogo"
            }
        },
        {
            "name": "M. Busyro Muqoddas",
            "title": "Calon Wali Kota",
            "description": "Dr. H. M. Busyro Muqoddas, S.H., M.Hum. (lahir 17 Juli 1952) adalah wakil ketua Komisi Pemberantasan Korupsi Indonesia yang pernah menjabat sebagai ketua Komisi Pemberantasan Korupsi Indonesia Menggantikan Ketua KPK Antasari Azhar, Busyro dilantik dan diambil sumpah oleh Presiden RI pada 20 Desember 2010. Sebelumnya, Busyro merupakan ketua merangkap anggota Komisi Yudisial RI periode 2005-2010.",
            "profilePic": "https://upload.wikimedia.org/wikipedia/commons/thumb/c/c4/Busyro_Muqoddas_KPK_2011-2015.jpg/220px-Busyro_Muqoddas_KPK_2011-2015.jpg",
            "communityID": "a3639632-f72c-456e-b978-8c104a2aadb7",
            "sites": {
                "name": "Wikipedia",
                "url": "https://id.wikipedia.org/wiki/M._Busyro_Muqoddas"
            }
        },
        {
            "name": "DPRD Kota Yogyakarta",
            "title": "Calon Wali Kota",
            "description": "Dewan Perwakilan Rakyat Daerah Kota Yogyakarta (disingkat DPRD Kota Yogyakarta) (bahasa Jawa: \ua99d\ua9ba\ua9ae\ua9a4\ua9c0\ua9a5\ua9bc\ua982\ua9ae\ua98f\ua9b6\ua9ad\ua9a4\ua9c0\ua9ab\ua98f\ua9be\ua9a0\ua9c0\ua99d\ua9b2\ua9ba\ua9ab\ua983\ua98f\ua9b6\ua99b\ua994\ua9aa\ua9ba\ua9b4\ua992\ua9be\ua98f\ua982\ua9a0, translit.\u00a0Dh\u00e9wan Perwakilan Rakyat Dha\u00e9rah Kitha Ngayogyakarta) adalah lembaga legislatif unikameral yang berkedudukan di Kota Yogyakarta, Daerah Istimewa Yogyakarta. Dalam Pemilu 2014, DPRD Kota Yogyakarta menempatkan 40 orang wakilnya yang tersebar ke dalam beberapa fraksi, dengan perolehan suara terbanyak diraih oleh Partai Demokrasi Indonesia Perjuangan.",
            "profilePic": "https://upload.wikimedia.org/wikipedia/commons/thumb/2/2a/DPRD_Kota_Yogyakarta_2019.svg/250px-DPRD_Kota_Yogyakarta_2019.svg.png",
            "communityID": "a3639632-f72c-456e-b978-8c104a2aadb7",
            "sites": {
                "name": "Wikipedia",
                "url": "https://id.wikipedia.org/wiki/Dewan_Perwakilan_Rakyat_Daerah_Kota_Yogyakarta"
            }
        },
        {
            "name": "Wiendu Nuryanti",
            "title": "Calon Wali Kota",
            "description": "Prof. Dr. Ir. Wiendu Nuryanti, M.Arch., Ph.D. (lahir 15 Mei 1959) adalah akademisi yang menjabat Wakil Menteri Pendidikan dan Kebudayaan Indonesia bidang kebudayaan periode 2011\u20132014. Dengan latar belakang profesional dalam arsitektur dan perencanaan kota, Prof. Dr. Wiendu Nuryanti diakui sebagai ahli terkemuka pada isu-isu budaya, pariwisata dan pembangunan berada di Indonesia. Beliau adalah Profesor penuh Arsitektur dan Pariwisata Perencanaan di Departemen Teknik Arsitektur dan Perencanaan, Fakultas Teknik Universitas Gadjah Mada Yogyakarta, Indonesia.",
            "profilePic": "https://upload.wikimedia.org/wikipedia/commons/thumb/b/bc/Wiendu_Nuryanti.jpg/200px-Wiendu_Nuryanti.jpg",
            "communityID": "a3639632-f72c-456e-b978-8c104a2aadb7",
            "sites": {
                "name": "Wikipedia",
                "url": "https://id.wikipedia.org/wiki/Wiendu_Nuryanti"
            }
        },
        {
            "name": "Anggota DPRD Jateng",
            "title": "Calon Wali Kota",
            "description": "Oposisi (15)",
            "profilePic": "https://upload.wikimedia.org/wikipedia/commons/thumb/a/af/DPRD_Provinsi_Jawa_Tengah_2019.svg/250px-DPRD_Provinsi_Jawa_Tengah_2019.svg.png",
            "communityID": "a3639632-f72c-456e-b978-8c104a2aadb7",
            "sites": {
                "name": "Wikipedia",
                "url": "https://id.wikipedia.org/wiki/Dewan_Perwakilan_Rakyat_Daerah_Provinsi_Jawa_Tengah"
            }
        }
    ],
    "source": "https://id.wikipedia.org/wiki/Pemilihan_umum_Wali_Kota_Yogyakarta_2024",
    "path": "kota-yogyakarta"
}