{
    "title": "Pemilihan umum Wali Kota Banjarmasin 2024",
    "region": "Banjarmasin",
    "level": "KOTA",
    "path": "kota-banjarmasin",
    "source": "https://id.wikipedia.org/wiki/Pemilihan_umum_Wali_Kota_Banjarmasin_2024",
    "communityID": "0ef33aa8-a756-4c62-8d0d-fccd99da3553",
    "candidates": [
        {
            "name": "Ananda",
            "description": "",
            "profilePic": "",
            "title": "Mantan Wakil Ketua DPRD Kota Banjarmasin",
            "sites": {},
            "communityID": "0ef33aa8-a756-4c62-8d0d-fccd99da3553"
        },
        {
            "name": "Hasnuryadi Sulaiman",
            "description": "H.  Hasnuryadi Sulaiman, M.A.B., atau biasa dipanggil Hasnur (lahir 21 Juni 1975) adalah seorang pengusaha dan politikus Indonesia. Saat ini, ia menjabat sebagai Anggota DPR-RI sejak 2014 mewakili daerah pemilihan Kalimantan Selatan II. Hasnur merupakan kader Partai Golongan Karya dan duduk di Komisi VII.[1] Ia merupakan putra dari pengusaha dan pendiri klub sepak bola PS Barito Putera Abdussamad Sulaiman HB.\n",
            "profilePic": "https://upload.wikimedia.org/wikipedia/commons/2/2f/KPU_Hasnuryadi_Sulaiman.jpg",
            "title": "Anggota DPR RI",
            "sites": {
                "name": "Wikipedia",
                "url": "https://id.wikipedia.org/wiki/Hasnuryadi_Sulaiman"
            },
            "communityID": "0ef33aa8-a756-4c62-8d0d-fccd99da3553"
        },
        {
            "name": "Arifin Noor",
            "description": "Dr. Ir. H. Arifin Noor, M.T. (lahir 22 Agustus 1960) adalah Wakil Wali Kota Banjarmasin periode 2021\u20132024. Ia menjabat sejak 23 Juni 2021 setelah dilantik Penjabat Gubernur Kalimantan Selatan, Safrizal ZA di Gedung Mahligai Pancasila, Banjarmasin.[1]\n",
            "profilePic": "https://upload.wikimedia.org/wikipedia/commons/thumb/d/de/Wakil_Wali_Kota_Banjarmasin_Arifin_Noor.jpg/1200px-Wakil_Wali_Kota_Banjarmasin_Arifin_Noor.jpg",
            "title": "Wakil Wali Kota Banjarmasin",
            "sites": {
                "name": "Wikipedia",
                "url": "https://id.wikipedia.org/wiki/Arifin_Noor"
            },
            "communityID": "0ef33aa8-a756-4c62-8d0d-fccd99da3553"
        },
        {
            "name": "Yuni Abdi Nur Sulaiman",
            "description": "",
            "profilePic": "",
            "title": "Ketua DPD Kota Banjarmasin Partai Golkar",
            "sites": {},
            "communityID": "0ef33aa8-a756-4c62-8d0d-fccd99da3553"
        },
        {
            "name": "Harry Wijaya",
            "description": "",
            "profilePic": "",
            "title": "Ketua DPRD Kota Banjarmasin",
            "sites": {},
            "communityID": "0ef33aa8-a756-4c62-8d0d-fccd99da3553"
        },
        {
            "name": "Muhidin",
            "description": "H. Muhidin, S.E., S.H., M.M. (lahir 6 Mei 1958) adalah Wakil Gubernur Kalimantan Selatan periode 2021\u20142024.\n",
            "profilePic": "https://upload.wikimedia.org/wikipedia/commons/thumb/6/69/Muhidin%2CH-vice-goverment-of-south-kalimantan.idn.jpg/1200px-Muhidin%2CH-vice-goverment-of-south-kalimantan.idn.jpg",
            "title": "Wakil Gubernur Kalimantan Selatan",
            "sites": {
                "name": "Wikipedia",
                "url": "https://id.wikipedia.org/wiki/Muhidin"
            },
            "communityID": "0ef33aa8-a756-4c62-8d0d-fccd99da3553"
        },
        {
            "name": "Mukhyar",
            "description": "",
            "profilePic": "",
            "title": "Mantan Plh. Sekda Banjarmasin",
            "sites": {},
            "communityID": "0ef33aa8-a756-4c62-8d0d-fccd99da3553"
        },
        {
            "name": "Habib Banua",
            "description": "",
            "profilePic": "",
            "title": "Anggota DPD RI",
            "sites": {},
            "communityID": "0ef33aa8-a756-4c62-8d0d-fccd99da3553"
        },
        {
            "name": "Lutfi Saifuddin",
            "description": "",
            "profilePic": "",
            "title": "Anggota DPRD Kalsel",
            "sites": {},
            "communityID": "0ef33aa8-a756-4c62-8d0d-fccd99da3553"
        },
        {
            "name": "Habib Facthurrahman Bahasyim",
            "description": "",
            "profilePic": "",
            "title": "Politikus",
            "sites": {},
            "communityID": "0ef33aa8-a756-4c62-8d0d-fccd99da3553"
        },
        {
            "name": "Anang Misran",
            "description": "",
            "profilePic": "",
            "title": "Politikus",
            "sites": {},
            "communityID": "0ef33aa8-a756-4c62-8d0d-fccd99da3553"
        },
        {
            "name": "Aspihani Ideris",
            "description": "",
            "profilePic": "",
            "title": "Aktivis",
            "sites": {},
            "communityID": "0ef33aa8-a756-4c62-8d0d-fccd99da3553"
        },
        {
            "name": "Helmi Ri'fai",
            "description": "",
            "profilePic": "",
            "title": "Pengacara",
            "sites": {},
            "communityID": "0ef33aa8-a756-4c62-8d0d-fccd99da3553"
        },
        {
            "name": "Bambang Heri Purnama",
            "description": "Drs. H. Bambang Heri Purnama, S.T., S.H., M.H. (lahir 25 April 1967) adalah seorang politikus Indonesia. Saat ini ia menjabat sebagai Anggota DPR-RI sejak 2017 menggantikan Indro Hananto[1] dari 2009 hingga 2013. Ia mewakili daerah pemilihan Kalimantan Selatan I. Bambang merupakan kader Partai Golongan Karya dan duduk di Komisi VI.[2]\n",
            "profilePic": "https://upload.wikimedia.org/wikipedia/commons/7/7d/Anggota_DPR_Bambang_Heri_Purnama.jpg",
            "title": "Anggota DPR RI",
            "sites": {
                "name": "Wikipedia",
                "url": "https://id.wikipedia.org/wiki/Bambang_Heri_Purnama"
            },
            "communityID": "0ef33aa8-a756-4c62-8d0d-fccd99da3553"
        },
        {
            "name": "Hermansyah",
            "description": "",
            "profilePic": "",
            "title": "Mantan Wakil Walikota Banjarmasin",
            "sites": {},
            "communityID": "0ef33aa8-a756-4c62-8d0d-fccd99da3553"
        },
        {
            "name": "H.M. Yamin",
            "description": "",
            "profilePic": "",
            "title": "Wakil Ketua DPRD Banjarmasin",
            "sites": {},
            "communityID": "0ef33aa8-a756-4c62-8d0d-fccd99da3553"
        },
        {
            "name": "Hilyah Aulia",
            "description": "",
            "profilePic": "",
            "title": "Politikus",
            "sites": {},
            "communityID": "0ef33aa8-a756-4c62-8d0d-fccd99da3553"
        },
        {
            "name": "Habib Alwy Bahasyim",
            "description": "",
            "profilePic": "",
            "title": "Politikus",
            "sites": {},
            "communityID": "0ef33aa8-a756-4c62-8d0d-fccd99da3553"
        },
        {
            "name": "Rosehan Noor Bahri",
            "description": "Rosehan Noor Bahri, S.H. (lahir 12 April 1968) adalah politikus Kalimantan Selatan yang menjabat sebagai Anggota DPRD Kalimantan Selatan periode 2014\u20132019 dan 2019\u20132024 dari Fraksi PDI Perjuangan.[1] Ia dikenal juga sebagai wakil gubernur Kalimantan Selatan pada periode 2005-2010, berpasangan dengan gubernur Rudy Ariffin.\n",
            "profilePic": "https://upload.wikimedia.org/wikipedia/commons/0/07/KPU_Rosehan_Noor_Bahri.jpg",
            "title": "Anggota DPRD Prov Kalsel",
            "sites": {
                "name": "Wikipedia",
                "url": "https://id.wikipedia.org/wiki/Rosehan_Noor_Bahri"
            },
            "communityID": "0ef33aa8-a756-4c62-8d0d-fccd99da3553"
        },
        {
            "name": "Syamsuri Arsyad",
            "description": "",
            "profilePic": "",
            "title": "Wakil Bupati Hulu Sungai Selatan 2018 - 2023",
            "sites": {},
            "communityID": "0ef33aa8-a756-4c62-8d0d-fccd99da3553"
        }
    ]
}