{
    "title": "Pemilihan umum Wali Kota Bima 2024",
    "region": "Bima",
    "level": "KOTA",
    "candidates": [
        {
            "name": "Muhammad Lutfi",
            "title": "Calon Wali Kota",
            "description": "H. Muhammad Lutfi SE , (lahir 15 Agustus 1971) adalah Wali Kota Bima periode 2018-2023. Sebelumnya, Ia pernah menjabat sebagai anggota DPR RI dari Fraksi Partai Golkar selama periode 2009 \u2013 2014 mewakili Dapil Nusa Tenggara Barat. Ia terpilih kembali menjadi Anggota DPR-RI periode 2014-2019 dari Partai Golongan Karya setelah memperoleh 59.704 suara.",
            "profilePic": "",
            "communityID": "92531884-06c8-4afc-94b9-3912be011b6e",
            "sites": {
                "name": "Wikipedia",
                "url": "https://id.wikipedia.org/wiki/Muhammad_Lutfi_(politikus)"
            }
        },
        {
            "name": "Feri Sofiyan",
            "title": "Calon Wali Kota",
            "description": "Feri Sofiyan, SH (lahir 31 Desember 1968) adalah Wakil Walikota Bima periode 2018-sekarang. Sebelumnya ia pernah menjabat sebagai waklil ketua dprd kota bima.",
            "profilePic": "https://upload.wikimedia.org/wikipedia/commons/thumb/a/a3/Lambang_Kota_Bima.png/50px-Lambang_Kota_Bima.png",
            "communityID": "92531884-06c8-4afc-94b9-3912be011b6e",
            "sites": {
                "name": "Wikipedia",
                "url": "https://id.wikipedia.org/wiki/Feri_Sofiyan"
            }
        },
        {
            "name": "A. Rahman H. Abidin",
            "title": "Calon Wali Kota",
            "description": null,
            "profilePic": "",
            "communityID": "92531884-06c8-4afc-94b9-3912be011b6e",
            "sites": null
        },
        {
            "name": "Syamsurih",
            "title": "Calon Wali Kota",
            "description": null,
            "profilePic": "",
            "communityID": "92531884-06c8-4afc-94b9-3912be011b6e",
            "sites": null
        },
        {
            "name": "Alfian Indrawirawan",
            "title": "Calon Wali Kota",
            "description": null,
            "profilePic": "",
            "communityID": "92531884-06c8-4afc-94b9-3912be011b6e",
            "sites": null
        },
        {
            "name": "Khalid bin Walid",
            "title": "Calon Wali Kota",
            "description": "Penaklukan Islam di Suriah",
            "profilePic": "https://upload.wikimedia.org/wikipedia/commons/thumb/c/c0/Khalid_Bin_Al-Walid.gif/220px-Khalid_Bin_Al-Walid.gif",
            "communityID": "92531884-06c8-4afc-94b9-3912be011b6e",
            "sites": {
                "name": "Wikipedia",
                "url": "https://id.wikipedia.org/wiki/Khalid_bin_Walid"
            }
        },
        {
            "name": "Syamsuddin",
            "title": "Calon Wali Kota",
            "description": null,
            "profilePic": "",
            "communityID": "92531884-06c8-4afc-94b9-3912be011b6e",
            "sites": null
        },
        {
            "name": "Syamsuddin Majid",
            "title": "Calon Wali Kota",
            "description": null,
            "profilePic": "",
            "communityID": "92531884-06c8-4afc-94b9-3912be011b6e",
            "sites": null
        },
        {
            "name": "Syafriansar",
            "title": "Calon Wali Kota",
            "description": null,
            "profilePic": "",
            "communityID": "92531884-06c8-4afc-94b9-3912be011b6e",
            "sites": null
        }
    ],
    "source": "https://id.wikipedia.org/wiki/Pemilihan_umum_Wali_Kota_Bima_2024",
    "path": "kota-bima"
}