{
    "title": "Pemilihan umum Wali Kota Manado 2024",
    "region": "Manado",
    "level": "KOTA",
    "candidates": [
        {
            "name": "Andrei Angouw",
            "title": "Calon Wali Kota",
            "description": "Andrei Angouw (lahir 23 Mei 1971) adalah politikus Sulawesi Utara yang berasal dari PDI Perjuangan. Ia menjabat sebagai Wali Kota Manado sejak 10 Mei 2021. Sebelumnya ia menjabat sebagai Ketua DPRD Sulawesi Utara selama empat tahun. Andrei menjadi Ketua DPRD Sulawesi Utara menggantikan Steven Kandouw yang mengundurkan diri karena mengikuti Pilgub Sulawesi Utara 2015. Ia sebelumnya sudah menjadi Anggota DPRD Sulawesi Utara sejak Pemilu 2009. Ia kembali terpilih dalam Pemilu 2014 dan Pemilu 2019 di Daerah Pemilihan (Dapil) Sulawesi Utara 1 yang meliputi Kota Manado.",
            "profilePic": "https://upload.wikimedia.org/wikipedia/commons/thumb/4/42/Wali_Kota_Manado_Andrei_Angouw_%28cropped%29.jpg/220px-Wali_Kota_Manado_Andrei_Angouw_%28cropped%29.jpg",
            "communityID": "7d102259-d3b6-49f2-99a3-b4ebd5b6eb90",
            "sites": {
                "name": "Wikipedia",
                "url": "https://id.wikipedia.org/wiki/Andrei_Angouw"
            }
        },
        {
            "name": "Mor Bastiaan",
            "title": "Calon Wali Kota",
            "description": "Mor Dominus Bastiaan, S.E. (lahir 17 Maret 1974) adalah Wakil Wali Kota Manado periode 2016\u20142021. Ia adalah wakil dari Wali Kota Manado Vicky Lumentut.",
            "profilePic": "https://upload.wikimedia.org/wikipedia/commons/thumb/b/b0/Mor_Dominus_Bastiaan%2C_Wakil_Wali_Kota_Manado_%282016%29.jpg/220px-Mor_Dominus_Bastiaan%2C_Wakil_Wali_Kota_Manado_%282016%29.jpg",
            "communityID": "7d102259-d3b6-49f2-99a3-b4ebd5b6eb90",
            "sites": {
                "name": "Wikipedia",
                "url": "https://id.wikipedia.org/wiki/Mor_Bastiaan"
            }
        },
        {
            "name": "Hillary Brigitta Lasut",
            "title": "Calon Wali Kota",
            "description": "Dr. Hillary Brigitta Lasut, S.H., LL.M. (lahir 22 Mei 1996) adalah seorang politikus Indonesia. Ia menjabat sebagai anggota DPR-RI mewakili daerah pemilihan Sulawesi Utara sejak 2019 hingga mengundurkan diri pada 2023. Pada pemilihan legislatif 2019, ia berhasil meraih sebanyak 70.345 suara dan terpilih menjadi Anggota DPR-RI pada umur 22 tahun. Sebelumnya, Hillary merupakan kader Partai NasDem dan duduk di Komisi III. Ia kemudian berpindah ke Partai Demokrat sejak Agustus 2023.",
            "profilePic": "https://upload.wikimedia.org/wikipedia/commons/thumb/6/64/DPR_Hillary_Brigitta_Lasut.jpg/220px-DPR_Hillary_Brigitta_Lasut.jpg",
            "communityID": "7d102259-d3b6-49f2-99a3-b4ebd5b6eb90",
            "sites": {
                "name": "Wikipedia",
                "url": "https://id.wikipedia.org/wiki/Hillary_Brigitta_Lasut"
            }
        },
        {
            "name": "Jimmy Rimba Rogi",
            "title": "Calon Wali Kota",
            "description": "Jimmy Rimba Rogi, S.Sos (lahir 7 September 1954) adalah Wali Kota Manado periode 2005\u20142008. Imba pernah menjabat sebagai Ketua DPRD Kota Manado periode 2004\u20142005.",
            "profilePic": "https://upload.wikimedia.org/wikipedia/commons/thumb/8/8d/Jimmy_Rimba_Rogi%2C_Wali_Kota_Manado.jpg/150px-Jimmy_Rimba_Rogi%2C_Wali_Kota_Manado.jpg",
            "communityID": "7d102259-d3b6-49f2-99a3-b4ebd5b6eb90",
            "sites": {
                "name": "Wikipedia",
                "url": "https://id.wikipedia.org/wiki/Jimmy_Rimba_Rogi"
            }
        },
        {
            "name": "Abdi Buchari",
            "title": "Calon Wali Kota",
            "description": "Dr. Abdi Widjaja Buchari, S.E., M.Si. (EyD: Abdi Wijaya Bukhari; lahir 20  Oktober  1959) adalah birokrat Indonesia. Ia pernah menjabat Pelaksana Tugas Wali Kota Manado periode 2008\u20132009 dan Wakil Wali Kota Manado periode 2005\u20132008.",
            "profilePic": "https://upload.wikimedia.org/wikipedia/commons/thumb/7/71/Abdi_widjaja_buchari.jpg/220px-Abdi_widjaja_buchari.jpg",
            "communityID": "7d102259-d3b6-49f2-99a3-b4ebd5b6eb90",
            "sites": {
                "name": "Wikipedia",
                "url": "https://id.wikipedia.org/wiki/Abdi_Buchari"
            }
        }
    ],
    "source": "https://id.wikipedia.org/wiki/Pemilihan_umum_Wali_Kota_Manado_2024",
    "path": "kota-manado"
}