{
    "title": "Pemilihan umum Wali Kota Mojokerto 2024",
    "region": "Mojokerto",
    "level": "KOTA",
    "candidates": [
        {
            "name": "Ika Puspitasari",
            "title": "Calon Wali Kota",
            "description": "Hj. Ika Puspitasari, S.E. (lahir 12 April 1979) adalah Wali Kota Mojokerto periode 2018\u20132023. Ning Ita juga merupakan aktivis Muslimat NU.",
            "profilePic": "https://upload.wikimedia.org/wikipedia/commons/thumb/b/b9/Ika_Puspitasari_Wali_Kota_Mojokerto.png/220px-Ika_Puspitasari_Wali_Kota_Mojokerto.png",
            "communityID": "8c937997-a12d-4a7f-b5c3-fe3ed8868ba8",
            "sites": {
                "name": "Wikipedia",
                "url": "https://id.wikipedia.org/wiki/Ika_Puspitasari"
            }
        },
        {
            "name": "H. Junaedi Malik, SE",
            "title": "Calon Wali Kota",
            "description": null,
            "profilePic": "",
            "communityID": "8c937997-a12d-4a7f-b5c3-fe3ed8868ba8",
            "sites": null
        },
        {
            "name": "Mochamad Harun",
            "title": "Calon Wali Kota",
            "description": null,
            "profilePic": "",
            "communityID": "8c937997-a12d-4a7f-b5c3-fe3ed8868ba8",
            "sites": null
        }
    ],
    "source": "https://id.wikipedia.org/wiki/Pemilihan_umum_Wali_Kota_Mojokerto_2024",
    "path": "kota-mojokerto"
}