{
    "title": "Pemilihan umum Wali Kota Bekasi 2024",
    "region": "Bekasi",
    "level": "KOTA",
    "candidates": [
        {
            "name": "",
            "title": "Calon Wali Kota",
            "description": null,
            "profilePic": "https://upload.wikimedia.org/wikipedia/commons/thumb/d/d2/Partai_Keadilan_Sejahtera_2020.svg/600px-Partai_Keadilan_Sejahtera_2020.svg.png",
            "communityID": "b33cd76e-bc6b-4c9e-8648-8ec818c718db",
            "sites": {
                "name": "Wikipedia",
                "url": "https://id.wikipedia.org/wiki/Berkas:Partai_Keadilan_Sejahtera_2020.svg"
            }
        },
        {
            "name": "",
            "title": "Calon Wali Kota",
            "description": "Logo Partai Demokrasi Indonesia \u2013 Perjuangan.",
            "profilePic": "https://upload.wikimedia.org/wikipedia/id/thumb/d/d8/Lambang_Partai_Demokrasi_Indonesia_Perjuangan.svg/297px-Lambang_Partai_Demokrasi_Indonesia_Perjuangan.svg.png?20211120114940",
            "communityID": "b33cd76e-bc6b-4c9e-8648-8ec818c718db",
            "sites": {
                "name": "Wikipedia",
                "url": "https://id.wikipedia.org/wiki/Berkas:Lambang_Partai_Demokrasi_Indonesia_Perjuangan.svg"
            }
        },
        {
            "name": "",
            "title": "Calon Wali Kota",
            "description": "Logo Partai Demokrasi Indonesia \u2013 Perjuangan.",
            "profilePic": "https://upload.wikimedia.org/wikipedia/id/thumb/d/d8/Lambang_Partai_Demokrasi_Indonesia_Perjuangan.svg/297px-Lambang_Partai_Demokrasi_Indonesia_Perjuangan.svg.png?20211120114940",
            "communityID": "b33cd76e-bc6b-4c9e-8648-8ec818c718db",
            "sites": {
                "name": "Wikipedia",
                "url": "https://id.wikipedia.org/wiki/Berkas:Lambang_Partai_Demokrasi_Indonesia_Perjuangan.svg"
            }
        },
        {
            "name": "",
            "title": "Calon Wali Kota",
            "description": "English\u00a0| Bahasa Indonesia\u00a0| +/\u2212",
            "profilePic": "",
            "communityID": "b33cd76e-bc6b-4c9e-8648-8ec818c718db",
            "sites": {
                "name": "Wikipedia",
                "url": "https://id.wikipedia.org/wiki/Berkas:Logo_Golkar.svg"
            }
        },
        {
            "name": "",
            "title": "Calon Wali Kota",
            "description": "English\u00a0| Bahasa Indonesia\u00a0| +/\u2212",
            "profilePic": "",
            "communityID": "b33cd76e-bc6b-4c9e-8648-8ec818c718db",
            "sites": {
                "name": "Wikipedia",
                "url": "https://id.wikipedia.org/wiki/Berkas:Logo_Golkar.svg"
            }
        },
        {
            "name": "",
            "title": "Calon Wali Kota",
            "description": "English\u00a0| Bahasa Indonesia\u00a0| +/\u2212",
            "profilePic": "",
            "communityID": "b33cd76e-bc6b-4c9e-8648-8ec818c718db",
            "sites": {
                "name": "Wikipedia",
                "url": "https://id.wikipedia.org/wiki/Berkas:Logo_Golkar.svg"
            }
        },
        {
            "name": "",
            "title": "Calon Wali Kota",
            "description": "English\u00a0| Bahasa Indonesia\u00a0| +/\u2212",
            "profilePic": "",
            "communityID": "b33cd76e-bc6b-4c9e-8648-8ec818c718db",
            "sites": {
                "name": "Wikipedia",
                "url": "https://id.wikipedia.org/wiki/Berkas:Logo_Golkar.svg"
            }
        },
        {
            "name": "",
            "title": "Calon Wali Kota",
            "description": "Pertama adapung semua orang maju masa lalu masa depan.semuanya yang  mau di tangan Tuhan selalu membimbin SE se orang",
            "profilePic": "",
            "communityID": "b33cd76e-bc6b-4c9e-8648-8ec818c718db",
            "sites": {
                "name": "Wikipedia",
                "url": "https://id.wikipedia.org/wiki/Berkas:Logo_PKB.svg"
            }
        },
        {
            "name": "",
            "title": "Calon Wali Kota",
            "description": "Logo of United Development Party.",
            "profilePic": "",
            "communityID": "b33cd76e-bc6b-4c9e-8648-8ec818c718db",
            "sites": {
                "name": "Wikipedia",
                "url": "https://id.wikipedia.org/wiki/Berkas:Logo_PPP.svg"
            }
        },
        {
            "name": "",
            "title": "Calon Wali Kota",
            "description": "\u2713\nKode sumber dari gambar SVG ini dinyatakan sah.",
            "profilePic": "https://upload.wikimedia.org/wikipedia/id/thumb/9/9b/Lambang_Partai_Gerakan_Indonesia_Raya.svg/120px-Lambang_Partai_Gerakan_Indonesia_Raya.svg.png?20230903023350",
            "communityID": "b33cd76e-bc6b-4c9e-8648-8ec818c718db",
            "sites": {
                "name": "Wikipedia",
                "url": "https://id.wikipedia.org/wiki/Berkas:Lambang_Partai_Gerakan_Indonesia_Raya.svg"
            }
        },
        {
            "name": "",
            "title": "Calon Wali Kota",
            "description": "Ini adalah sebuah logo yang  dan digunakan untuk National Mandate Party.",
            "profilePic": "",
            "communityID": "b33cd76e-bc6b-4c9e-8648-8ec818c718db",
            "sites": {
                "name": "Wikipedia",
                "url": "https://id.wikipedia.org/wiki/Berkas:Logo_PAN.svg"
            }
        },
        {
            "name": "butuh rujukan",
            "title": "Calon Wali Kota",
            "description": "Halaman ini berisi panduan gaya penulisan, mendeskripsikan cara untuk menulis sumber kutipan dalam artikel. Memberikan sumber referensi suntingan merupakan suatu persyaratan berdasarkan kebijakan Wikipedia. Hal ini berarti, semua tulisan yang diperdebatkan dan tidak mengandung sumber referensi yang kuat, boleh dihapus oleh siapa saja.",
            "profilePic": "https://upload.wikimedia.org/wikipedia/commons/thumb/c/c7/Eo_circle_blue_white_checkmark.svg/50px-Eo_circle_blue_white_checkmark.svg.png",
            "communityID": "b33cd76e-bc6b-4c9e-8648-8ec818c718db",
            "sites": {
                "name": "Wikipedia",
                "url": "https://id.wikipedia.org/wiki/Wikipedia:Kutip_sumber_tulisan"
            }
        },
        {
            "name": "Anggota DPRD Kota Bekasi",
            "title": "Calon Wali Kota",
            "description": "Dewan Perwakilan Rakyat Daerah Kota Bekasi (disingkat DPRD Kota Bekasi) (bahasa Sunda: \u1b93\u1ba6\u1b9d\u1b94\u1baa \u1b95\u1b80\u1b9d\u1b8a\u1ba4\u1b9c\u1baa \u1b9b\u1ba0\u1b9a\u1b92\u1baa \u1b93\u1b86\u1b9b\u1b82 \u1b8a\u1ba7\u1b92 \u1b98\u1ba8\u1b8a\u1b9e\u1ba4, translit.\u00a0D\u00e9wan Pangwakil Rahayat Da\u00e9rah Kota Bekasi) adalah lembaga legislatif unikameral yang berkedudukan di Kota Bekasi, provinsi Jawa Barat. DPRD Kota Bekasi memiliki 50 orang anggota yang tersebar di 9 partai politik, dengan perolehan suara mayoritas diraih oleh Partai Keadilan Sejahtera dan Partai Demokrasi Indonesia Perjuangan.",
            "profilePic": "",
            "communityID": "b33cd76e-bc6b-4c9e-8648-8ec818c718db",
            "sites": {
                "name": "Wikipedia",
                "url": "https://id.wikipedia.org/wiki/Dewan_Perwakilan_Rakyat_Daerah_Kota_Bekasi"
            }
        },
        {
            "name": "butuh rujukan",
            "title": "Calon Wali Kota",
            "description": "Halaman ini berisi panduan gaya penulisan, mendeskripsikan cara untuk menulis sumber kutipan dalam artikel. Memberikan sumber referensi suntingan merupakan suatu persyaratan berdasarkan kebijakan Wikipedia. Hal ini berarti, semua tulisan yang diperdebatkan dan tidak mengandung sumber referensi yang kuat, boleh dihapus oleh siapa saja.",
            "profilePic": "https://upload.wikimedia.org/wikipedia/commons/thumb/c/c7/Eo_circle_blue_white_checkmark.svg/50px-Eo_circle_blue_white_checkmark.svg.png",
            "communityID": "b33cd76e-bc6b-4c9e-8648-8ec818c718db",
            "sites": {
                "name": "Wikipedia",
                "url": "https://id.wikipedia.org/wiki/Wikipedia:Kutip_sumber_tulisan"
            }
        },
        {
            "name": "butuh rujukan",
            "title": "Calon Wali Kota",
            "description": "Halaman ini berisi panduan gaya penulisan, mendeskripsikan cara untuk menulis sumber kutipan dalam artikel. Memberikan sumber referensi suntingan merupakan suatu persyaratan berdasarkan kebijakan Wikipedia. Hal ini berarti, semua tulisan yang diperdebatkan dan tidak mengandung sumber referensi yang kuat, boleh dihapus oleh siapa saja.",
            "profilePic": "https://upload.wikimedia.org/wikipedia/commons/thumb/c/c7/Eo_circle_blue_white_checkmark.svg/50px-Eo_circle_blue_white_checkmark.svg.png",
            "communityID": "b33cd76e-bc6b-4c9e-8648-8ec818c718db",
            "sites": {
                "name": "Wikipedia",
                "url": "https://id.wikipedia.org/wiki/Wikipedia:Kutip_sumber_tulisan"
            }
        }
    ],
    "source": "https://id.wikipedia.org/wiki/Pemilihan_umum_Wali_Kota_Bekasi_2024",
    "path": "kota-bekasi"
}