{
    "title": "Pemilihan umum Wali Kota Pariaman 2024",
    "region": "Pariaman",
    "level": "KOTA",
    "path": "kota-pariaman",
    "source": "https://id.wikipedia.org/wiki/Pemilihan_umum_Wali_Kota_Pariaman_2024",
    "communityID": "7bce3b8b-c6ca-4e48-8150-2a7787be1c8c",
    "candidates": [
        {
            "name": "Genius Umar",
            "description": "",
            "profilePic": "",
            "title": "Wali Kota Pariaman 2019-2023",
            "sites": {},
            "communityID": "7bce3b8b-c6ca-4e48-8150-2a7787be1c8c"
        },
        {
            "name": "Mardison Mahyuddin",
            "description": "",
            "profilePic": "",
            "title": "Wakil Wali Kota Pariaman",
            "sites": {},
            "communityID": "7bce3b8b-c6ca-4e48-8150-2a7787be1c8c"
        },
        {
            "name": "Martias Mahyuddin",
            "description": "",
            "profilePic": "",
            "title": "Mantan Wakil Bupati Padang Pariaman",
            "sites": {},
            "communityID": "7bce3b8b-c6ca-4e48-8150-2a7787be1c8c"
        },
        {
            "name": "Muhamad Ridwan",
            "description": "",
            "profilePic": "",
            "title": "Anggota Dewan Perwakilan Rakyat Daerah Provinsi Sumatera Barat, Bendahara DPW PKS Sumatera Barat",
            "sites": {},
            "communityID": "7bce3b8b-c6ca-4e48-8150-2a7787be1c8c"
        },
        {
            "name": "Mahyuddin",
            "description": "",
            "profilePic": "",
            "title": "Mantan Walikota Pariaman, Ketua Dewan Pakar PKS Kota Pariaman",
            "sites": {},
            "communityID": "7bce3b8b-c6ca-4e48-8150-2a7787be1c8c"
        },
        {
            "name": "Anwar Effendi Datuak Putiah",
            "description": "",
            "profilePic": "",
            "title": "Pengusaha, wakil ketua LKAAM Kab Padang Pariaman",
            "sites": {},
            "communityID": "7bce3b8b-c6ca-4e48-8150-2a7787be1c8c"
        },
        {
            "name": "Edison TRD",
            "description": "",
            "profilePic": "",
            "title": "Pengusaha properti, Ketua Umum KONI Kota Pariaman 2021-2025, anggota DPRD Kota Pariaman 2019 - 2024 (PAW) Partai Hanura, calon Walikota Pariaman nomor urut 3  pada Pilkada Pariaman 2013 ",
            "sites": {},
            "communityID": "7bce3b8b-c6ca-4e48-8150-2a7787be1c8c"
        },
        {
            "name": "Yota Balad",
            "description": "",
            "profilePic": "",
            "title": "Sekretaris Daerah Kota Pariaman",
            "sites": {},
            "communityID": "7bce3b8b-c6ca-4e48-8150-2a7787be1c8c"
        },
        {
            "name": "Buyung Lapau",
            "description": "",
            "profilePic": "",
            "title": "Kepala Badan Pengelolaan Keuangan Daerah Kota Pariaman",
            "sites": {},
            "communityID": "7bce3b8b-c6ca-4e48-8150-2a7787be1c8c"
        }
    ]
}