{
    "title": "Pemilihan umum Wali Kota Ambon 2024",
    "region": "Ambon",
    "level": "KOTA",
    "candidates": [
        {
            "name": "Syarif Hadler",
            "title": "Calon Wali Kota",
            "description": "Syarif Hadler (lahir 18 September 1957) adalah Wakil Wali Kota Ambon 2 periode yakni 2001\u20132006 dan 2017\u20132022. Ia menjabat mendampingi Wali Kota Marcus Jacob Papilaja dan Richard Louhenapessy.",
            "profilePic": "https://upload.wikimedia.org/wikipedia/commons/thumb/1/12/Wakil_Wali_Kota_Ambon_Syarif_Hadler.jpg/220px-Wakil_Wali_Kota_Ambon_Syarif_Hadler.jpg",
            "communityID": "2f1ea387-b357-467d-b896-f0a72fe8574e",
            "sites": {
                "name": "Wikipedia",
                "url": "https://id.wikipedia.org/wiki/Syarif_Hadler"
            }
        },
        {
            "name": "Lucky Wattimury",
            "title": "Calon Wali Kota",
            "description": "Lucky Wattimury (lahir 21 Juli 1960) adalah politikus PDI Perjuangan yang berasal dari Maluku. Ia menjabat sebagai Ketua DPRD Maluku sejak 25 Oktober 2019. Lucky berhasil menjadi anggota DPRD Maluku pada Pemilu 2019 setelah berhasil mengumpulkan 6.650 suara di Daerah Pemilihan (Dapil) Maluku 1 yang meliputi Kota Ambon.",
            "profilePic": "https://upload.wikimedia.org/wikipedia/commons/thumb/7/76/KPU_Lucky_Wattimury.jpg/180px-KPU_Lucky_Wattimury.jpg",
            "communityID": "2f1ea387-b357-467d-b896-f0a72fe8574e",
            "sites": {
                "name": "Wikipedia",
                "url": "https://id.wikipedia.org/wiki/Lucky_Wattimury"
            }
        },
        {
            "name": "Anthony Gustaf Latuheru",
            "title": "Calon Wali Kota",
            "description": null,
            "profilePic": "",
            "communityID": "2f1ea387-b357-467d-b896-f0a72fe8574e",
            "sites": null
        },
        {
            "name": "Abdul Aziz Arbi",
            "title": "Calon Wali Kota",
            "description": null,
            "profilePic": "",
            "communityID": "2f1ea387-b357-467d-b896-f0a72fe8574e",
            "sites": null
        }
    ],
    "source": "https://id.wikipedia.org/wiki/Pemilihan_umum_Wali_Kota_Ambon_2024",
    "path": "kota-ambon"
}