{
    "title": "Pemilihan umum Wali Kota Gorontalo 2024",
    "region": "Gorontalo",
    "level": "KOTA",
    "path": "kota-gorontalo",
    "source": "https://id.wikipedia.org/wiki/Pemilihan_umum_Wali_Kota_Gorontalo_2024",
    "communityID": "2259ab7c-df18-448d-9383-6a1f12fcb9ed",
    "candidates": [
        {
            "name": "Ryan Kono",
            "description": "Ryan Fahrichsan Kono, B.Com., M.A.P. (lahir 4 Januari 1987) adalah seorang politikus Indonesia. Ia lahir dari pasangan Roem Kono dan Letty Novianti Kalla. Dari 2014 sampai 2017, ia menjabat sebagai Ketua Himpunan Pengusaha Muda Indonesia Provinsi Gorontalo.[1] Pada 2019, ia diangkat menjadi Wakil Wali Kota Gorontalo mendampingi Marten Taha selaku Wali Kota Gorontalo.[2] Pada 2020, ia menikah dengan Jos Annisa.[3]\n",
            "profilePic": "https://upload.wikimedia.org/wikipedia/commons/4/4f/Ryan_Kono.jpg",
            "title": "Wakil Wali Kota Gorontalo",
            "sites": {
                "name": "Wikipedia",
                "url": "https://id.wikipedia.org/wiki/Ryan_Kono"
            },
            "communityID": "2259ab7c-df18-448d-9383-6a1f12fcb9ed"
        },
        {
            "name": "Adhan Dambea",
            "description": "H. Adhan Dambea, S.Sos., S.H., M.A. (lahir 7 Juni 1958) adalah Anggota DPRD Provinsi Gorontalo periode 2019\u20132024. Sebelumnya ia menjabat sebagai Wali Kota Gorontalo periode 2008\u20132013.[1]\n",
            "profilePic": "https://upload.wikimedia.org/wikipedia/commons/e/ea/Adhan_Dambea%2C_2017.jpg",
            "title": "Anggota DPRD Provinsi Gorontalo",
            "sites": {
                "name": "Wikipedia",
                "url": "https://id.wikipedia.org/wiki/Adhan_Dambea"
            },
            "communityID": "2259ab7c-df18-448d-9383-6a1f12fcb9ed"
        },
        {
            "name": "Idris Rahim",
            "description": "Dr. Drs. H. Idris Rahim, MM. [1] (lahir 10 Agustus 1954) adalah mantan birokrat dan juga politikus Indonesia yang pernah menjabat sebagai Wakil Gubernur Gorontalo dua periode yakni 2012\u20132017 dan 2017\u20132022. Sebelumnya ia menjabat sebagai Sekretaris Daerah Provinsi Gorontalo periode 2006\u20132012.\n",
            "profilePic": "https://upload.wikimedia.org/wikipedia/commons/c/c6/Wakil_Gubernur_Gorontalo_Idris_Rahim_%282014%29.jpg",
            "title": "Mantan Wakil Gubernur Gorontalo",
            "sites": {
                "name": "Wikipedia",
                "url": "https://id.wikipedia.org/wiki/Idris_Rahim"
            },
            "communityID": "2259ab7c-df18-448d-9383-6a1f12fcb9ed"
        },
        {
            "name": "Paris Jusuf",
            "description": "Dr. Drs. H. Paris R.A. Jusuf, S.Sos.I., M.Si. (lahir 20 Juli 1958) adalah politisi Partai Golongan Karya yang saat ini menjabat sebagai Ketua DPRD Provinsi Gorontalo periode 2019-2024. Ia tergolong politisi senior Gorontalo yang terlah menduduki kursi anggota dewan sejak tahun 1987. Sebelum itu, Paris merupakan akademisi yang tercatat sebagai tenaga pendidik sekolah menengah kemudian juga dosen pada beberapa perguruan tinggi di Gorontalo.[1] Ia kembali terpilih sebagai anggota DPRD Provinsi Gorontalo untuk periode kelima setelah berhasil meraih 6.429 suara di Dapil Gorontalo 3.[2]\n",
            "profilePic": "https://upload.wikimedia.org/wikipedia/commons/4/4c/KPU_Paris_R.A._Jusuf.jpg",
            "title": "Ketua DPRD Provinsi Gorontalo",
            "sites": {
                "name": "Wikipedia",
                "url": "https://id.wikipedia.org/wiki/Paris_Jusuf"
            },
            "communityID": "2259ab7c-df18-448d-9383-6a1f12fcb9ed"
        }
    ]
}