{
    "title": "Pemilihan umum Wali Kota Denpasar 2024",
    "region": "Denpasar",
    "level": "KOTA",
    "candidates": [
        {
            "name": "I Gusti Ngurah Jaya Negara",
            "title": "Calon Wali Kota",
            "description": "I Gusti Ngurah Jaya Negara atau akrab dipanggil Gung Jaya atau Turah Jayanegara (lahir 4 Juli 1966) adalah Wakil Wali Kota Denpasar periode 2010-2015 dan periode 2016-2021 berpasangan dengan Rai Mantra. Pada 4 September 2020, ia bersama dengan Kadek Agus Arya Wibawa maju mendaftar sebagai calon walikota dan wakil wali kota Denpasar untuk periode 2021-2024. Pasangan ini resmi diusung PDIP, Gerindra, PSI, dan Hanura.",
            "profilePic": "https://upload.wikimedia.org/wikipedia/commons/5/5d/Denpasar_Vice_Mayor%2C_I_Gusti_Ngurah_Jaya_Negara.jpg",
            "communityID": "83b518c3-94a6-4b9b-86b9-8a49925924ca",
            "sites": {
                "name": "Wikipedia",
                "url": "https://id.wikipedia.org/wiki/I_Gusti_Ngurah_Jaya_Negara"
            }
        }
    ],
    "source": "https://id.wikipedia.org/wiki/Pemilihan_umum_Wali_Kota_Denpasar_2024",
    "path": "kota-denpasar"
}