{
    "title": "Pemilihan umum Wali Kota Bukittinggi 2024",
    "region": "Bukittinggi",
    "level": "KOTA",
    "path": "kota-bukittinggi",
    "source": "https://id.wikipedia.org/wiki/Pemilihan_umum_Wali_Kota_Bukittinggi_2024",
    "communityID": "fd8ff30c-33aa-472c-a77d-b9778445cb83",
    "candidates": [
        {
            "name": "Erman Safar",
            "description": "H. Erman Safar, S.H. gelar Tuangku Nan Kuniang[2] (lahir 13 Mei 1986) adalah pengusaha dan politikus Partai Gerindra yang menjabat sebagai Wali Kota Bukittinggi periode 2021-2024.\n",
            "profilePic": "https://upload.wikimedia.org/wikipedia/commons/thumb/6/69/Wali_Kota_Bukittinggi_Erman_Safar.jpg/1200px-Wali_Kota_Bukittinggi_Erman_Safar.jpg",
            "title": "Wali Kota Bukittinggi",
            "sites": {
                "name": "Wikipedia",
                "url": "https://id.wikipedia.org/wiki/Erman_Safar"
            },
            "communityID": "fd8ff30c-33aa-472c-a77d-b9778445cb83"
        },
        {
            "name": "Marfendi",
            "description": "H. Marfendi gelar Datuak Basa Balimo (lahir 16 November 1963) adalah mubalig dan politikus dari Partai Keadilan Sejahtera yang menjabat Wakil Wali Kota Bukittinggi periode 2021\u20142024. Ia adalah wakil dari Wali Kota Bukittinggi, Erman Safar.[2]\n",
            "profilePic": "https://upload.wikimedia.org/wikipedia/commons/thumb/7/7f/Wakil_Wali_Kota_Bukittinggi_Marfendi.jpg/1200px-Wakil_Wali_Kota_Bukittinggi_Marfendi.jpg",
            "title": "Wakil Wali Kota Bukittinggi",
            "sites": {
                "name": "Wikipedia",
                "url": "https://id.wikipedia.org/wiki/Marfendi"
            },
            "communityID": "fd8ff30c-33aa-472c-a77d-b9778445cb83"
        },
        {
            "name": "Ramlan Nurmatias",
            "description": "H. M. Ramlan Nurmatias, S.H. gelar Datuk Nan Basa (lahir 10 Agustus 1964)[1] adalah politikus Partai Demokrat dan pengusaha Indonesia. Ia menjabat sebagai Wali Kota Bukittinggi periode 2016-2021 sejak 17 Februari 2016.[2] Berpasangan dengan Irwandi sebagai Wakil Wali Kota, mereka berhasil memenangkan Pilwako Bukittinggi 2015.[3] Sebelumnya, ia maju sebagai calon wali kota pada Pilwako Bukittinggi 2010 didampingi Azwar Risman Taher dengan diusung Partai Golkar.[4] Ia pernah menjabat sebagai Ketua Komisi Pemilihan Umum Kota Bukittinggi 2003\u20132008. Pada Pilwako Bukittinggi 2020, ia maju sebagai calon wali kota untuk ketiga kalinya, tetapi gagal.[5]\n",
            "profilePic": "https://upload.wikimedia.org/wikipedia/commons/c/c7/Wali_Kota_Bukittinggi_Ramlan_Nurmatias.jpg",
            "title": "Mantan Wali Kota Bukittinggi",
            "sites": {
                "name": "Wikipedia",
                "url": "https://id.wikipedia.org/wiki/Ramlan_Nurmatias"
            },
            "communityID": "fd8ff30c-33aa-472c-a77d-b9778445cb83"
        },
        {
            "name": "Ismet Amzis",
            "description": "H. Ismet Amzis, S.H. (lahir 20 Agustus 1953) adalah Anggota DPRD Sumatera Barat Fraksi Demokrat periode 2019\u20142024. Ismet Amzis pernah menjabat sebagai Wali Kota Bukittinggi periode 2009\u20142010 dan 2010\u20142015.[3][4]\n",
            "profilePic": "https://upload.wikimedia.org/wikipedia/commons/7/77/Anggota_DPRD_Sumatera_Barat_Ismet_Amzis.jpg",
            "title": "Mantan Wali Kota Bukittinggi",
            "sites": {
                "name": "Wikipedia",
                "url": "https://id.wikipedia.org/wiki/Ismet_Amzis"
            },
            "communityID": "fd8ff30c-33aa-472c-a77d-b9778445cb83"
        },
        {
            "name": "Zulkirwan Rivai",
            "description": "",
            "profilePic": "",
            "title": "Bakal Calon Wali Kota",
            "sites": {},
            "communityID": "fd8ff30c-33aa-472c-a77d-b9778445cb83"
        }
    ]
}