{
    "title": "Pemilihan umum Wali Kota Kupang 2024",
    "region": "Kupang",
    "level": "KOTA",
    "candidates": [
        {
            "name": "Jefirstson Richset Riwu Kore",
            "title": "Calon Wali Kota",
            "description": "Dr. Jefirstson Richset Riwu Kore, MM., MH atau lebih dikenal dengan Jefri Riwu Kore (lahir 13 Januari 1960) adalah Wali Kota Kupang periode 2017-2022.",
            "profilePic": "https://upload.wikimedia.org/wikipedia/commons/thumb/9/9c/Wali_Kota_Kupang_Jefirstson_R._Riwu_Kore.jpg/220px-Wali_Kota_Kupang_Jefirstson_R._Riwu_Kore.jpg",
            "communityID": "75daad15-cbc8-4fb8-a25f-bd385e299fcf",
            "sites": {
                "name": "Wikipedia",
                "url": "https://id.wikipedia.org/wiki/Jefirstson_Richset_Riwu_Kore"
            }
        },
        {
            "name": "Jonas Salean",
            "title": "Calon Wali Kota",
            "description": "Jonas Salean, S.H., M.Si. (lahir 12 Maret 1958) adalah seorang birokrat dan politikus Indonesia. Ia sekarang menjabat sebagai Anggota DPRD Nusa Tenggara Timur Fraksi Golongan Karya periode 2019\u20142024. Ia juga pernah menjabat sebagai Wali Kota Kupang periode 2012\u20142017.",
            "profilePic": "https://upload.wikimedia.org/wikipedia/commons/thumb/1/16/KPU_Jonas_Salean.jpg/250px-KPU_Jonas_Salean.jpg",
            "communityID": "75daad15-cbc8-4fb8-a25f-bd385e299fcf",
            "sites": {
                "name": "Wikipedia",
                "url": "https://id.wikipedia.org/wiki/Jonas_Salean"
            }
        },
        {
            "name": "Esthon Foenay",
            "title": "Calon Wali Kota",
            "description": "Ir. Esthon Leyloh Foenay, M.Si. (lahir 3 Agustus 1948) adalah Wakil Gubernur Nusa Tenggara Timur periode 2008\u20142013. Ia adalah wakil dari Gubernur Nusa Tenggara Timur, Frans Lebu Raya.",
            "profilePic": "https://upload.wikimedia.org/wikipedia/commons/f/fe/Wagub_NTT_Esthon_Foenay.jpg",
            "communityID": "75daad15-cbc8-4fb8-a25f-bd385e299fcf",
            "sites": {
                "name": "Wikipedia",
                "url": "https://id.wikipedia.org/wiki/Esthon_Foenay"
            }
        },
        {
            "name": "Felisberto Amaral",
            "title": "Calon Wali Kota",
            "description": "Drs. Felisberto Amaral (lahir 23 Maret 1960) adalah tokoh pejuang integrasi Timor Timur. Dia pernah menjabat sebagai Kepala Satuan Polisi Pamong Praja Kota Kupang.",
            "profilePic": "https://upload.wikimedia.org/wikipedia/commons/thumb/5/5c/Flag_of_Portugal.svg/23px-Flag_of_Portugal.svg.png",
            "communityID": "75daad15-cbc8-4fb8-a25f-bd385e299fcf",
            "sites": {
                "name": "Wikipedia",
                "url": "https://id.wikipedia.org/wiki/Felisberto_Amaral"
            }
        }
    ],
    "source": "https://id.wikipedia.org/wiki/Pemilihan_umum_Wali_Kota_Kupang_2024",
    "path": "kota-kupang"
}