{
    "title": "Pemilihan umum Wali Kota Mataram 2024",
    "region": "Mataram",
    "level": "KOTA",
    "candidates": [
        {
            "name": "Mohan Roliskana",
            "title": "Calon Wali Kota",
            "description": "Dr. H. Mohan Roliskana, S.Sos., M.H. (lahir 16 November 1972) adalah  Wali Kota Mataram periode 2021-Sekarang. Sebelumnya, Mohan menjabat Wakil Walikota Mataram dua periode, yakni periode 2010-2015 dan periode 2016-2020.",
            "profilePic": "https://upload.wikimedia.org/wikipedia/commons/thumb/9/98/Walikota_Mataram_Mohan_Roliskana.jpg/220px-Walikota_Mataram_Mohan_Roliskana.jpg",
            "communityID": "1d7beb60-c84f-4762-a2a5-b65746badb6b",
            "sites": {
                "name": "Wikipedia",
                "url": "https://id.wikipedia.org/wiki/Mohan_Roliskana"
            }
        },
        {
            "name": "Mujiburrahman",
            "title": "Calon Wali Kota",
            "description": "TGH. Mujiburrahman (lahir 11 Juli 1969) adalah Wakil Wali Kota Mataram periode 2021\u20132024. Ia menjabat sejak 26 Februari 2021 setelah dilantik Gubernur Nusa Tenggara Barat, Zulkieflimansyah di Gedung Graha Bhakti Praja Kompleks Kantor Gubernur Nusa Tenggara Barat, Mataram.",
            "profilePic": "https://upload.wikimedia.org/wikipedia/commons/thumb/1/10/Wakil_Wali_Kota_Mataram_Mujibburahman.jpg/220px-Wakil_Wali_Kota_Mataram_Mujibburahman.jpg",
            "communityID": "1d7beb60-c84f-4762-a2a5-b65746badb6b",
            "sites": {
                "name": "Wikipedia",
                "url": "https://id.wikipedia.org/wiki/Mujiburrahman"
            }
        },
        {
            "name": "TGH Achmad Muchlis",
            "title": "Calon Wali Kota",
            "description": null,
            "profilePic": "",
            "communityID": "1d7beb60-c84f-4762-a2a5-b65746badb6b",
            "sites": null
        },
        {
            "name": "Muzihir",
            "title": "Calon Wali Kota",
            "description": null,
            "profilePic": "",
            "communityID": "1d7beb60-c84f-4762-a2a5-b65746badb6b",
            "sites": null
        },
        {
            "name": "Didi Sumardi",
            "title": "Calon Wali Kota",
            "description": null,
            "profilePic": "",
            "communityID": "1d7beb60-c84f-4762-a2a5-b65746badb6b",
            "sites": null
        }
    ],
    "source": "https://id.wikipedia.org/wiki/Pemilihan_umum_Wali_Kota_Mataram_2024",
    "path": "kota-mataram"
}