{
    "title": "Pemilihan umum Wali Kota Palembang 2024",
    "region": "Palembang",
    "level": "KOTA",
    "path": "kota-palembang",
    "source": "https://id.wikipedia.org/wiki/Pemilihan_umum_Wali_Kota_Palembang_2024",
    "communityID": "465a68bb-ace1-4a24-8e56-a23f8cfe96f8",
    "candidates": [
        {
            "name": "Mularis Djahri",
            "description": "Brigadir Polisi (Purn.) \nH. Mularis Djahri, S.H. (lahir 08 Agustus 1964) adalah Ketua DPD Partai Hanura Provinsi Sumatera Selatan periode 2015-2020.[1]\n",
            "profilePic": "",
            "title": "Pengusaha",
            "sites": {
                "name": "Wikipedia",
                "url": "https://id.wikipedia.org/wiki/Mularis_Djahri"
            },
            "communityID": "465a68bb-ace1-4a24-8e56-a23f8cfe96f8"
        },
        {
            "name": "Charma Aprianto",
            "description": "",
            "profilePic": "",
            "title": "Pengusaha",
            "sites": {},
            "communityID": "465a68bb-ace1-4a24-8e56-a23f8cfe96f8"
        },
        {
            "name": "Hensyi Fitriansyah",
            "description": "",
            "profilePic": "",
            "title": "Pengusaha",
            "sites": {},
            "communityID": "465a68bb-ace1-4a24-8e56-a23f8cfe96f8"
        },
        {
            "name": "Samantha Tivani",
            "description": "",
            "profilePic": "",
            "title": "Anak Gubernur Sumsel Herman Deru",
            "sites": {},
            "communityID": "465a68bb-ace1-4a24-8e56-a23f8cfe96f8"
        },
        {
            "name": "Ratu Dewa",
            "description": "Ratu Dewa (lahir 17 Agustus 1969) adalah seorang birokrat Indonesia kelahiran Muara Kuang, Ogan Ilir. Ia lahir sebagai anak ke-8 dari 9 bersaudara dari pasangan Cik Den Tambun dan Zalipah. Ia menempuh pendidikan S1 Fakultas Ushuluddin di IAIN Raden Fatah Palembang dan S2 di Universitas Sriwijaya bergelar Magister Kebijakan Publik. Usai menjabat sebagai Sekretaris Daerah (Sekda) Palembang, ia diangkat menjadi pelaksana jabatan Wali Kota Palembang pada 18 September 2023.[1]\n",
            "profilePic": "https://upload.wikimedia.org/wikipedia/commons/thumb/0/01/Penjabat_Wali_Kota_Palembang_Ratu_Dewa.jpg/1200px-Penjabat_Wali_Kota_Palembang_Ratu_Dewa.jpg",
            "title": "Pj Wali Kota Palembang",
            "sites": {
                "name": "Wikipedia",
                "url": "https://id.wikipedia.org/wiki/Ratu_Dewa"
            },
            "communityID": "465a68bb-ace1-4a24-8e56-a23f8cfe96f8"
        },
        {
            "name": "Nasrun Umar",
            "description": "Universitas Sriwijaya\n",
            "profilePic": "",
            "title": "Mantan Sekretaris Daerah Sumsel",
            "sites": {
                "name": "Wikipedia",
                "url": "https://id.wikipedia.org/wiki/Nasrun_Umar"
            },
            "communityID": "465a68bb-ace1-4a24-8e56-a23f8cfe96f8"
        },
        {
            "name": "Basyaruddin Ahmad",
            "description": "",
            "profilePic": "",
            "title": "Kepala Dinas Provinsi Sumatera Selatan",
            "sites": {},
            "communityID": "465a68bb-ace1-4a24-8e56-a23f8cfe96f8"
        },
        {
            "name": "Akbar Alfaro",
            "description": "",
            "profilePic": "",
            "title": "Ketua Fraksi Gerindra DPRD Palembang",
            "sites": {},
            "communityID": "465a68bb-ace1-4a24-8e56-a23f8cfe96f8"
        },
        {
            "name": "Yudha Pratomo",
            "description": "Prof. Yudha Pratomo, S.T., M.Sc., Ph.D. (lahir 20 April 1979)  yang dikenal juga sebagai Yudha Pratomo Mahyuddin (lahir di Palembang, Sumatera Selatan, 20 April 1979; umur 38 tahun) adalah seorang konsultan, akademisi serta tokoh penggiat Teknologi Informasi dari Palembang. Putra kedua dari Prof. dr. H. Mahyuddin NS, SpOG(K) dan dr. Hj. Halipah Amin, SpTHT, MM. Pendiri komunitas Palembang MAJU, sebuah komunitas yang bertujuan menggalang partisipasi masyarakat untuk membangun kota Palembang (participatory government).\n",
            "profilePic": "https://upload.wikimedia.org/wikipedia/commons/thumb/8/83/Yudhapratomo.jpg/1200px-Yudhapratomo.jpg",
            "title": "Ketua Demokrat Kota Palembang",
            "sites": {
                "name": "Wikipedia",
                "url": "https://id.wikipedia.org/wiki/Yudha_Pratomo"
            },
            "communityID": "465a68bb-ace1-4a24-8e56-a23f8cfe96f8"
        },
        {
            "name": "Fitrianti Agustinda",
            "description": "Fitrianti Agustinda, S.H. (lahir 5 Agustus 1976) adalah politikus asal Partai Nasional Demokrat (NasDem) yang menjabat sebagai Wakil Wali Kota Palembang periode 2016-2018 dan 2018-2023.\n",
            "profilePic": "https://upload.wikimedia.org/wikipedia/commons/f/f2/Wakil_Wali_Kota_Palembang_Fitrianti_Agustinda.png",
            "title": "Wakil Wali Kota Palembang",
            "sites": {
                "name": "Wikipedia",
                "url": "https://id.wikipedia.org/wiki/Fitrianti_Agustinda"
            },
            "communityID": "465a68bb-ace1-4a24-8e56-a23f8cfe96f8"
        },
        {
            "name": "Yulian Gunhar",
            "description": "H. Yulian Gunhar, S.H., M.H. (lahir 6 Juli 1973) adalah politikus Indonesia yang menjabat sebagai anggota DPR-RI selama dua periode (2014\u20132019 dan 2019\u20132024). Ia mewakili daerah pemilihan Sumatera Selatan II, yang meliputi Kabupaten Ogan Komering Ulu, Kabupaten Ogan Komering Ilir, Kabupaten Muara Enim, Kabupaten Lahat, Kabupaten Ogan Komering Ulu Timur, Kabupaten Ogan Komering Ulu Selatan, Kabupaten Ogan Ilir, Kabupaten Empat Lawang, Kota Pagar Alam, Kota Prabumulih, dan Kabupaten Penukal Abab Lematang Ilir. Yulian merupakan kader Partai Demokrasi Indonesia Perjuangan. Saat ini, ia duduk di Komisi VII.[1]\n",
            "profilePic": "https://upload.wikimedia.org/wikipedia/commons/5/52/H._YULIAN_GUNHAR.jpg",
            "title": "Anggota DPR RI",
            "sites": {
                "name": "Wikipedia",
                "url": "https://id.wikipedia.org/wiki/Yulian_Gunhar"
            },
            "communityID": "465a68bb-ace1-4a24-8e56-a23f8cfe96f8"
        },
        {
            "name": "Prima Salam",
            "description": "",
            "profilePic": "",
            "title": "Anggota DPRD Provinsi Sumsel",
            "sites": {},
            "communityID": "465a68bb-ace1-4a24-8e56-a23f8cfe96f8"
        },
        {
            "name": "M Hidayat",
            "description": "",
            "profilePic": "",
            "title": "Anggota DPRD Kota Palembang",
            "sites": {},
            "communityID": "465a68bb-ace1-4a24-8e56-a23f8cfe96f8"
        },
        {
            "name": "Zainal Abidin",
            "description": "Zainal Abidin dapat mengacu pada beberapa hal berikut:\n",
            "profilePic": "",
            "title": "Ketua DPRD Kota Palembang",
            "sites": {
                "name": "Wikipedia",
                "url": "https://id.wikipedia.org/wiki/Zainal_Abidin"
            },
            "communityID": "465a68bb-ace1-4a24-8e56-a23f8cfe96f8"
        },
        {
            "name": "Yusuf Kohar",
            "description": "H. Muhammad Yusuf Kohar, S.E., M.M. (lahir 27 Agustus 1961) adalah seorang pengusaha dan politisi. Putra dari pasangan Kapten Inf. (Purn) Abdul Kohar dan Ibu Zainimah ini mencalonkan diri sebagai Wakil Wali kota berpasangan dengan Herman HN pada Pilwakot 2015. Ia mendapat nomor urut dua.\n",
            "profilePic": "https://upload.wikimedia.org/wikipedia/id/9/9a/Yusuf_Kohar_Official.jpg",
            "title": "Mantan Wakil Wali Kota Bandar Lampung",
            "sites": {
                "name": "Wikipedia",
                "url": "https://id.wikipedia.org/wiki/Yusuf_Kohar"
            },
            "communityID": "465a68bb-ace1-4a24-8e56-a23f8cfe96f8"
        },
        {
            "name": "Masagus Fachri",
            "description": "",
            "profilePic": "",
            "title": "Tokoh Milenial",
            "sites": {},
            "communityID": "465a68bb-ace1-4a24-8e56-a23f8cfe96f8"
        },
        {
            "name": "Muhammad Yaser",
            "description": "",
            "profilePic": "",
            "title": "Anggota DPRD Sumsel",
            "sites": {},
            "communityID": "465a68bb-ace1-4a24-8e56-a23f8cfe96f8"
        },
        {
            "name": "Anita Noeringhati",
            "description": "Hj. R.A. Anita Noeringhati, S.H., M.H., (lahir 28 Juli 1963) adalah seorang politikus Sumatera Selatan yang saat ini menjabat sebagai Ketua DPRD Provinsi Sumatera Selatan. Ia merupakan perempuan pertama yang memegang jabatan tersebut.[1][2] Ia kembali berhasil menjadi anggota DPRD Provinsi Sumatera Selatan setelah berhasil meraih 16.801 suara pada Daerah Pemilihan Sumatera Selatan 1 yang meliputi sebagian Kota Palembang (Ilir Barat II, Seberang Ulu I, Seberang Ulu II, Ilir Barat I, Gandus, Kertapati, Plaju, Bukit Kecil) pada Pemilu 2019.[3] Hal tersebut menempatkannya sebagai anggota DPRD Provinsi Sumatera Selatan tiga periode: 2009-2014, 2014-2019, dan 2019-2024.[4] Dalam tiga pemilihan tersebut, ia menggunakan perahu politik Partai Golongan Karya. Wanita keturunan trah Mangkunegaran dijuluki sebagai Singa Betina Parlemen di Panggung Legislatif Sumatera Selatan.[5][6]\n",
            "profilePic": "https://upload.wikimedia.org/wikipedia/commons/5/55/Ketua_DPRD_Sumatera_Selatan_Anita_Noeringhati.png",
            "title": "Ketua DPRD Provinsi Sumsel",
            "sites": {
                "name": "Wikipedia",
                "url": "https://id.wikipedia.org/wiki/Anita_Noeringhati"
            },
            "communityID": "465a68bb-ace1-4a24-8e56-a23f8cfe96f8"
        },
        {
            "name": "Nopianto",
            "description": "",
            "profilePic": "",
            "title": "Anggota DPRD Provinsi Sumsel",
            "sites": {},
            "communityID": "465a68bb-ace1-4a24-8e56-a23f8cfe96f8"
        }
    ]
}