{
    "title": "Pemilihan umum Wali Kota Cimahi 2024",
    "region": "Cimahi",
    "level": "KOTA",
    "candidates": [
        {
            "name": "H. Ali Hasan, S.I.P.",
            "title": "Calon Wali Kota",
            "description": null,
            "profilePic": "",
            "communityID": "bf525cc3-8e61-4346-89e9-ea18897bce5a",
            "sites": null
        },
        {
            "name": "M. Firaldi Akbar Zulkarnain",
            "title": "Calon Wali Kota",
            "description": null,
            "profilePic": "",
            "communityID": "bf525cc3-8e61-4346-89e9-ea18897bce5a",
            "sites": null
        },
        {
            "name": "Faisal Harris",
            "title": "Calon Wali Kota",
            "description": null,
            "profilePic": "",
            "communityID": "bf525cc3-8e61-4346-89e9-ea18897bce5a",
            "sites": null
        },
        {
            "name": "Enang Sahri Lukmansyah",
            "title": "Calon Wali Kota",
            "description": null,
            "profilePic": "",
            "communityID": "bf525cc3-8e61-4346-89e9-ea18897bce5a",
            "sites": null
        }
    ],
    "source": "https://id.wikipedia.org/wiki/Pemilihan_umum_Wali_Kota_Cimahi_2024",
    "path": "kota-cimahi"
}