{
    "title": "Pemilihan umum Wali Kota Tegal 2024",
    "region": "Tegal",
    "level": "KOTA",
    "candidates": [
        {
            "name": "Dedy Yon Supriyono",
            "title": "Calon Wali Kota",
            "description": "Dedy Yon Supriyono, S.E., M.M. (lahir 14 Agustus 1980) adalah politikus berkebangsaan Indonesia. Pada Pemilukada serentak yang diselenggarakan pada 27 Juni 2018 lalu, Dedy bersama pasangannya, Muhamad Jumadi memperoleh suara mayoritas, unggul tipis dengan pasangan Ali Zaenal Abidin - Tanty Prasetyoningrum. Setelah melalui serangkaian sidang sengketa PHPU di Mahkamah Konstitusi, pasangan ini akhirnya ditetapkan sebagai pimpinan Kota Tegal oleh KPU setempat, yang menjabat mulai 23 Maret 2019, menggantikan Nursholeh.",
            "profilePic": "https://upload.wikimedia.org/wikipedia/commons/thumb/f/fa/Wali_Kota_Tegal_Dedy_Yon_Supriyono.jpg/220px-Wali_Kota_Tegal_Dedy_Yon_Supriyono.jpg",
            "communityID": "40b7521e-f7ba-435e-ae00-0c74c28dd3d6",
            "sites": {
                "name": "Wikipedia",
                "url": "https://id.wikipedia.org/wiki/Dedy_Yon_Supriyono"
            }
        },
        {
            "name": "Muhamad Jumadi",
            "title": "Calon Wali Kota",
            "description": "H. Muhamad Jumadi, ST. MM (lahir 9 Mei 1971) adalah Wakil Wali Kota Tegal. Pada Pilkada Serentak 27 Juni 2018 ia mendampingi Dedy Yon Supriyono dan unggul tipis atas pasangan Ali Zaenal Abidin - Tanty Prasetyoningrum. Setelah melalui serangkaian sidang sengketa PHPU di Mahkamah Konstitusi, pasangan ini akhirnya ditetapkan sebagai pimpinan Kota Tegal oleh KPU, dan mulai menjabat pada 23 Maret 2019.",
            "profilePic": "https://upload.wikimedia.org/wikipedia/commons/thumb/6/62/Muhamad_Jumadi%2C_Wakil_Wali_Kota_Tegal.jpeg/220px-Muhamad_Jumadi%2C_Wakil_Wali_Kota_Tegal.jpeg",
            "communityID": "40b7521e-f7ba-435e-ae00-0c74c28dd3d6",
            "sites": {
                "name": "Wikipedia",
                "url": "https://id.wikipedia.org/wiki/Muhamad_Jumadi"
            }
        },
        {
            "name": "Elang Merayu Sukma",
            "title": "Calon Wali Kota",
            "description": null,
            "profilePic": "",
            "communityID": "40b7521e-f7ba-435e-ae00-0c74c28dd3d6",
            "sites": null
        },
        {
            "name": "K.H. Habib Ali Zaenal Abidin",
            "title": "Calon Wali Kota",
            "description": null,
            "profilePic": "",
            "communityID": "40b7521e-f7ba-435e-ae00-0c74c28dd3d6",
            "sites": null
        },
        {
            "name": "Herujito",
            "title": "Calon Wali Kota",
            "description": "Herujito, S.I.P (lahir 16 April 1973 ) adalah Staf Khusus  Kementerian Koordinator Bidang Pembangunan Manusia dan Kebudayaan Republik Indonesia yang Menangani Hubungan Kelembagaan Pemerintah, Menteri Koordinator Bidang Pembangunan Manusia dan Kebudayaan Republik Indonesia, Puan Maharani, memberi kepercayaan kepada Heru untuk membantunya dalam tugas menyelenggarakan koordinasi, sinkronisasi, dan pengendalian urusan kementerian dalam penyelenggaraan pemerintahan di bidang pembangunan manusia dan kebudayaan.",
            "profilePic": "https://upload.wikimedia.org/wikipedia/commons/thumb/6/69/Herujito.jpg/220px-Herujito.jpg",
            "communityID": "40b7521e-f7ba-435e-ae00-0c74c28dd3d6",
            "sites": {
                "name": "Wikipedia",
                "url": "https://id.wikipedia.org/wiki/Herujito"
            }
        },
        {
            "name": "Edy Suripno",
            "title": "Calon Wali Kota",
            "description": "H. Edy Suripno, S.H., M.H. (lahir 16 Maret 1978) adalah politikus berkebangsaan Indonesia. Sejak Oktober 2014, dia menjabat sebagai Ketua Dewan Perwakilan Rakyat Daerah Kota Tegal. Edy Suripno sudah terpilih sebagai anggota dewan dari Partai Demokrasi Indonesia Perjuangan selama tiga periode, yaitu 2004-2009, 2009-2014, dan 2014-2019.",
            "profilePic": "https://upload.wikimedia.org/wikipedia/id/thumb/9/92/Edy_Suripno.jpg/220px-Edy_Suripno.jpg",
            "communityID": "40b7521e-f7ba-435e-ae00-0c74c28dd3d6",
            "sites": {
                "name": "Wikipedia",
                "url": "https://id.wikipedia.org/wiki/Edy_Suripno"
            }
        },
        {
            "name": "Rosalina Ikmal Jaya",
            "title": "Calon Wali Kota",
            "description": null,
            "profilePic": "",
            "communityID": "40b7521e-f7ba-435e-ae00-0c74c28dd3d6",
            "sites": null
        },
        {
            "name": "Wasmad Edi Susilo",
            "title": "Calon Wali Kota",
            "description": null,
            "profilePic": "",
            "communityID": "40b7521e-f7ba-435e-ae00-0c74c28dd3d6",
            "sites": null
        },
        {
            "name": "drg Agus Dwi Sulistyantono",
            "title": "Calon Wali Kota",
            "description": null,
            "profilePic": "",
            "communityID": "40b7521e-f7ba-435e-ae00-0c74c28dd3d6",
            "sites": null
        },
        {
            "name": "Warsidin",
            "title": "Calon Wali Kota",
            "description": null,
            "profilePic": "",
            "communityID": "40b7521e-f7ba-435e-ae00-0c74c28dd3d6",
            "sites": null
        },
        {
            "name": "Harris Turino",
            "title": "Calon Wali Kota",
            "description": "Dr. Ir. Harris Turino Kurniawan, M.Si., M.M. atau lebih dikenal dengan nama Harris Turino saja, (lahir 15 Juli 1968) adalah seorang politisi dari PDIP, pengusaha, dan akademisi. Ia menjadi terkenal saat berhasil lulus doktoral di UI dengan predikat cumlaude dan meraih rekor MURI sebagai lulusan Doktor Manajemen Stratejik tercepat. Tanggal 1 November 2021, Harris dilantik menjadi anggota DPR RI untuk masa bakti 2019-2024 melalui mekanisme pergantian antarwaktu menggantikan M. Prakosa yang sebelumnya ditunjuk sebagai duta besar berkuasa penuh Indonesia untuk Italia.",
            "profilePic": "https://upload.wikimedia.org/wikipedia/commons/thumb/7/77/Harris_Turino.jpg/220px-Harris_Turino.jpg",
            "communityID": "40b7521e-f7ba-435e-ae00-0c74c28dd3d6",
            "sites": {
                "name": "Wikipedia",
                "url": "https://id.wikipedia.org/wiki/Harris_Turino"
            }
        }
    ],
    "source": "https://id.wikipedia.org/wiki/Pemilihan_umum_Wali_Kota_Tegal_2024",
    "path": "kota-tegal"
}