{
    "title": "Pemilihan umum Wali Kota Gunungsitoli 2024",
    "region": "Gunungsitoli",
    "level": "KOTA",
    "candidates": [
        {
            "name": "Sowa'a Laoli",
            "title": "Calon Wali Kota",
            "description": "Sowa'a Laoli, S.E., M.Si, (lahir 11 November 1981), adalah politikus PDI Perjuangan yang menjabat Wali Kota Gunungsitoli yang menjabat sejak 5 Februari 2024 menggantikan Lakhomizaro Zebua yang meninggal dunia saat sedang menjabat. Ia juga pernah menjabat sebagai Wakil Wali Kota Gunungsitoli dua periode, yakni 2016\u20132021 dan 2021\u20132024 mendampingi Wali Kota Lakhomizaro Zebua dalam Pilwali Gunungsitoli 2015 dan Pilwali Gunungsitoli 2020. Sebelum itu, ia pernah menjabat Ketua DPRD Kota Gunungsitoli yang pertama pada periode 2009-2014.",
            "profilePic": "https://upload.wikimedia.org/wikipedia/commons/thumb/5/52/Acap.svg/36px-Acap.svg.png",
            "communityID": "9d5a662c-14b9-46b2-a393-cfdd993405c6",
            "sites": {
                "name": "Wikipedia",
                "url": "https://id.wikipedia.org/wiki/Sowa%27a_Laoli"
            }
        },
        {
            "name": "Putra Hidayat Zebua",
            "title": "Calon Wali Kota",
            "description": null,
            "profilePic": "",
            "communityID": "9d5a662c-14b9-46b2-a393-cfdd993405c6",
            "sites": null
        },
        {
            "name": "Herman Jaya Harefa",
            "title": "Calon Wali Kota",
            "description": null,
            "profilePic": "",
            "communityID": "9d5a662c-14b9-46b2-a393-cfdd993405c6",
            "sites": null
        },
        {
            "name": "Martinus Lase",
            "title": "Calon Wali Kota",
            "description": "Drs. Martinus Lase, M.S.P. (lahir 26 September 1957) adalah Wali Kota Gunungsitoli periode 2011\u20132016. Ia pernah menjabat sebagai Pejabat Wali Kota Gunungsitoli periode 2009\u20132010.",
            "profilePic": "https://upload.wikimedia.org/wikipedia/commons/thumb/9/96/Martinus_Lase%2C_Wali_Kota_Gunungsitoli_%282011%29.jpg/200px-Martinus_Lase%2C_Wali_Kota_Gunungsitoli_%282011%29.jpg",
            "communityID": "9d5a662c-14b9-46b2-a393-cfdd993405c6",
            "sites": {
                "name": "Wikipedia",
                "url": "https://id.wikipedia.org/wiki/Martinus_Lase"
            }
        },
        {
            "name": "Pdt. Sinema Laoly",
            "title": "Calon Wali Kota",
            "description": null,
            "profilePic": "",
            "communityID": "9d5a662c-14b9-46b2-a393-cfdd993405c6",
            "sites": null
        },
        {
            "name": "Pdt. Berkat Kurniawan Laoli",
            "title": "Calon Wali Kota",
            "description": null,
            "profilePic": "",
            "communityID": "9d5a662c-14b9-46b2-a393-cfdd993405c6",
            "sites": null
        },
        {
            "name": "Mayjen TNI (Purn.) Drs. Christian Zebua",
            "title": "Calon Wali Kota",
            "description": "Mayor Jenderal TNI (Purn.) Drs. Christian Zebua, M.M. (lahir 24 Oktober 1957) adalah seorang Purnawirawan perwira tinggi TNI-AD yang berdasarkan Keputusan Panglima TNI Nomor: Kep/643/IX/2014 tanggal 5 September 2014, tentang pemberhentian dari dan pengangkatan dalam jabatan di lingkungan TNI telah dimutasi menjadi Staf Khusus KSAD.",
            "profilePic": "https://upload.wikimedia.org/wikipedia/id/thumb/9/9a/Pangdam_XVII_Christian_Zebua.jpg/220px-Pangdam_XVII_Christian_Zebua.jpg",
            "communityID": "9d5a662c-14b9-46b2-a393-cfdd993405c6",
            "sites": {
                "name": "Wikipedia",
                "url": "https://id.wikipedia.org/wiki/Christian_Zebua"
            }
        },
        {
            "name": "Dalizatulo Lase",
            "title": "Calon Wali Kota",
            "description": null,
            "profilePic": "",
            "communityID": "9d5a662c-14b9-46b2-a393-cfdd993405c6",
            "sites": null
        },
        {
            "name": "Imanuel Zebua",
            "title": "Calon Wali Kota",
            "description": null,
            "profilePic": "",
            "communityID": "9d5a662c-14b9-46b2-a393-cfdd993405c6",
            "sites": null
        },
        {
            "name": "Andhika P Laoli",
            "title": "Calon Wali Kota",
            "description": null,
            "profilePic": "",
            "communityID": "9d5a662c-14b9-46b2-a393-cfdd993405c6",
            "sites": null
        },
        {
            "name": "Karya Septianus Bate'e",
            "title": "Calon Wali Kota",
            "description": null,
            "profilePic": "",
            "communityID": "9d5a662c-14b9-46b2-a393-cfdd993405c6",
            "sites": null
        },
        {
            "name": "Temazaro Harefa",
            "title": "Calon Wali Kota",
            "description": "Temazaro Harefa adalah seorang politikus Indonesia yang pernah menjabat sebagai Wakil Bupati Nias, Sumatera Utara periode 2006\u20142011. Ia adalah wakil dari Bupati Nias, Binahati B. Baeha.",
            "profilePic": "https://upload.wikimedia.org/wikipedia/commons/thumb/8/83/David_face.png/33px-David_face.png",
            "communityID": "9d5a662c-14b9-46b2-a393-cfdd993405c6",
            "sites": {
                "name": "Wikipedia",
                "url": "https://id.wikipedia.org/wiki/Temazaro_Harefa"
            }
        },
        {
            "name": "Kemurnian Zebua",
            "title": "Calon Wali Kota",
            "description": null,
            "profilePic": "",
            "communityID": "9d5a662c-14b9-46b2-a393-cfdd993405c6",
            "sites": null
        },
        {
            "name": "Aroni Zendrato",
            "title": "Calon Wali Kota",
            "description": null,
            "profilePic": "",
            "communityID": "9d5a662c-14b9-46b2-a393-cfdd993405c6",
            "sites": null
        },
        {
            "name": "Marthinus Lase",
            "title": "Calon Wali Kota",
            "description": "Marthinus Lase, S.H.(lahir 29 September 1957) adalah birokrat dan politikus Indonesia yang sekarang menjabat sebagai Anggota DPRD Kota Gunungsitoli periode 2019\u20142024. Sebelumnya ia menjabat sebagai Wakil Ketua DPRD Kota Gunungsitoli periode 2014\u20142019.",
            "profilePic": "",
            "communityID": "9d5a662c-14b9-46b2-a393-cfdd993405c6",
            "sites": {
                "name": "Wikipedia",
                "url": "https://id.wikipedia.org/wiki/Marthinus_Lase"
            }
        }
    ],
    "source": "https://id.wikipedia.org/wiki/Pemilihan_umum_Wali_Kota_Gunungsitoli_2024",
    "path": "kota-gunungsitoli"
}