{
    "title": "Pemilihan umum Wali Kota Batam 2024",
    "region": "Batam",
    "level": "KOTA",
    "path": "kota-batam",
    "source": "https://id.wikipedia.org/wiki/Pemilihan_umum_Wali_Kota_Batam_2024",
    "communityID": "59502d90-8bcc-4f9f-9b62-24ee7b66a49a",
    "candidates": [
        {
            "name": "Marlin Agustina",
            "description": "Marlin Agustina Nasution,[1] S.E., S.H. (lahir 15 Agustus 1971) adalah seorang politikus Indonesia dari Partai Gerindra[2] yang menjabat sebagai Wakil Gubernur Kepulauan Riau sejak 25 Februari 2021. Ia merupakan istri Muhammad Rudi yang kini menjabat Wali Kota Batam.[3] \n",
            "profilePic": "https://upload.wikimedia.org/wikipedia/commons/thumb/0/06/Marlin_Agustina%2C_Wakil_Gubernur_Kepulauan_Riau_%282021%29.jpg/1200px-Marlin_Agustina%2C_Wakil_Gubernur_Kepulauan_Riau_%282021%29.jpg",
            "title": "Wakil Gubernur Kepulauan Riau",
            "sites": {
                "name": "Wikipedia",
                "url": "https://id.wikipedia.org/wiki/Marlin_Agustina"
            },
            "communityID": "59502d90-8bcc-4f9f-9b62-24ee7b66a49a"
        },
        {
            "name": "Amsakar Achmad",
            "description": "Amsakar Achmad, S.Sos., M.Si. (lahir 1 Agustus 1968) adalah Wakil Wali Kota Batam masa jabatan 2016-2021 dan 2021-2024 mendampingi Muhammad Rudi. Sebelumnya, Amsakar Achmad menjabat sebagai Kepala Dinas Perindustrian dan Perdagangan Kota Batam.\n",
            "profilePic": "https://upload.wikimedia.org/wikipedia/commons/d/d3/Amsakar_Achmad.jpg",
            "title": "Wakil Wali Kota Batam",
            "sites": {
                "name": "Wikipedia",
                "url": "https://id.wikipedia.org/wiki/Amsakar_Achmad"
            },
            "communityID": "59502d90-8bcc-4f9f-9b62-24ee7b66a49a"
        },
        {
            "name": "Soerya Respationo",
            "description": "Prof. Dr. H. M. Soerya Respationo, S.H., M.H., M.M. (lahir 12 September 1959) adalah Wakil Gubernur Kepulauan Riau periode 2010\u20142015. Ia adalah Wakil dari Gubernur Kepulauan Riau, Muhammad Sani\n",
            "profilePic": "https://upload.wikimedia.org/wikipedia/commons/8/8e/KPU_Soerya_Respationo.jpg",
            "title": "Mantan Wakil Gubernur Kepulauan Riau",
            "sites": {
                "name": "Wikipedia",
                "url": "https://id.wikipedia.org/wiki/Soerya_Respationo"
            },
            "communityID": "59502d90-8bcc-4f9f-9b62-24ee7b66a49a"
        },
        {
            "name": "Iman Sutiawan",
            "description": "Iman Sutiawan, S.E.(lahir 6 November 1975) adalah seorang politisi Indonesia yang merupakan politisi Partai Gerakan Indonesia Raya yang menjabat sebagai Wakil Ketua Dewan Perwakilan Rakyat Daerah Kota Batam 2 periode yakni 2014\u20142019 dan 2019\u20142020.[1] Iman merupakan anggota DPRD Kota Batam mewakili daerah pemilihan Kota Batam 6 yang meliputi Kecamatan Belakang Padang dan Sekupang.\n",
            "profilePic": "https://upload.wikimedia.org/wikipedia/commons/9/9a/KPU_Iman_Sutiawan.jpg",
            "title": "Mantan Wakil Ketua DPRD Kota Batam",
            "sites": {
                "name": "Wikipedia",
                "url": "https://id.wikipedia.org/wiki/Iman_Sutiawan"
            },
            "communityID": "59502d90-8bcc-4f9f-9b62-24ee7b66a49a"
        },
        {
            "name": "Ria Saptarika",
            "description": "Ir. H. Ria Saptarika, M.Eng (lahir 16 September 1967) adalah mantan Wakil Wali Kota Batam yang untuk periode 2006\u20132011 berpasangan dengan wali kota Ahmad Dahlan.[1] Ia kini mencalonkan diri sebagai anggota Dewan Perwakilan Daerah (DPD) RI tahun 2014-2019 untuk Kepulauan Riau.[2]\n",
            "profilePic": "https://upload.wikimedia.org/wikipedia/commons/0/0f/Senator_Ria_Saptarika.jpg",
            "title": "Anggota DPD-RI",
            "sites": {
                "name": "Wikipedia",
                "url": "https://id.wikipedia.org/wiki/Ria_Saptarika"
            },
            "communityID": "59502d90-8bcc-4f9f-9b62-24ee7b66a49a"
        },
        {
            "name": "Lukita Dinarsyah Tuwo",
            "description": "Dr. Ir. Lukita Dinarsyah Tuwo, M.A. (lahir 25 September 1961[1]) adalah seorang birokrat profesional Indonesia. Ia pernah menjabat sebagai Kepala Badan Pengusahaan (BP) Batam sejak 19 Oktober 2017 hingga Januari 2019.[2] Ia digantikan oleh Edy Putra Irawady yang dilantik pada 7 Januari 2019 yang diberi tugas untuk membuat proses dan persiapan penyerahan dan penggabungan jabatan Wali Kota Batam dengan Kepala BP Batam.[3]\n",
            "profilePic": "https://upload.wikimedia.org/wikipedia/commons/f/f4/Wakil_Menteri_PPN_Lukita_Dinarsyah_Tuwo.jpg",
            "title": "Mantan Badan Pengusahaan Batam",
            "sites": {
                "name": "Wikipedia",
                "url": "https://id.wikipedia.org/wiki/Lukita_Dinarsyah_Tuwo"
            },
            "communityID": "59502d90-8bcc-4f9f-9b62-24ee7b66a49a"
        },
        {
            "name": "Arief Muhammad, S.H.,",
            "description": "\nArief Muhammad, S.H. (lahir 26 Oktober 1990) adalah seorang selebritas internet berkebangsaan Indonesia keturunan Minangkabau. Ia dikenal karena menulis buku yang berjudul Poconggg Juga Pocong.\n",
            "profilePic": "",
            "title": "Bakal Calon Wali Kota",
            "sites": {
                "name": "Wikipedia",
                "url": "https://id.wikipedia.org/wiki/Arief_Muhammad"
            },
            "communityID": "59502d90-8bcc-4f9f-9b62-24ee7b66a49a"
        },
        {
            "name": "Taba Iskandar",
            "description": "H. Taba Iskandar, S.H., M.H., M.Si. (lahir 10 November 1964) adalah Anggota DPRD Provinsi Kepulauan Riau 2 periode yakni 2014-2019 dan 2019-2024. Ia pernah menjabat sebagai Ketua DPRD Kota Batam periode 1999-2004. Kini beliau juga menjabat sebagai Ketua HDCI Pengda KEPRI untuk periode 2018-2021 dan periode 2021-2024\n",
            "profilePic": "https://upload.wikimedia.org/wikipedia/commons/thumb/5/56/KPU_Taba_Iskandar.jpg/1200px-KPU_Taba_Iskandar.jpg",
            "title": "Anggota DPRD Kepri",
            "sites": {
                "name": "Wikipedia",
                "url": "https://id.wikipedia.org/wiki/Taba_Iskandar"
            },
            "communityID": "59502d90-8bcc-4f9f-9b62-24ee7b66a49a"
        },
        {
            "name": "Suryani",
            "description": "Suryani, SE (lahir 28 Januari 1973) adalah seorang politisi Partai Keadilan Sejahtera (PKS) yang pernah menjabat sebagai Anggota DPRD Kepulauan Riau 2006-2024 sebelum akhirnya mengundurkan diri untuk mengikuti Pemilihan umum Gubernur Kepulauan Riau 2020. Suryani maju sebagai Calon Wakil Gubernur Kepulauan Riau mendampingi Isdianto yang diusung oleh Partai Keadilan Sejahtera, Partai Hanura, dan Partai Demokrat[1]\n",
            "profilePic": "https://upload.wikimedia.org/wikipedia/commons/a/a8/KPU_Suryani.jpg",
            "title": "Mantan Anggota DPRD Kepri",
            "sites": {
                "name": "Wikipedia",
                "url": "https://id.wikipedia.org/wiki/Suryani"
            },
            "communityID": "59502d90-8bcc-4f9f-9b62-24ee7b66a49a"
        },
        {
            "name": "Raden Hari Cahyono",
            "description": "",
            "profilePic": "",
            "title": "Wakil Ketua DPRD Kepri",
            "sites": {},
            "communityID": "59502d90-8bcc-4f9f-9b62-24ee7b66a49a"
        },
        {
            "name": "Nuryanto",
            "description": "",
            "profilePic": "",
            "title": "Ketua DPRD Kota Batam",
            "sites": {},
            "communityID": "59502d90-8bcc-4f9f-9b62-24ee7b66a49a"
        },
        {
            "name": "Sirajuddin Nur",
            "description": "",
            "profilePic": "",
            "title": "Anggota DPRD Kepri",
            "sites": {},
            "communityID": "59502d90-8bcc-4f9f-9b62-24ee7b66a49a"
        },
        {
            "name": "Mesrawati Tampubolon",
            "description": "",
            "profilePic": "",
            "title": "Mantan Anggota DPRD kota Batam",
            "sites": {},
            "communityID": "59502d90-8bcc-4f9f-9b62-24ee7b66a49a"
        }
    ]
}