{
    "title": "Pemilihan umum Wali Kota Jambi 2024",
    "region": "Jambi",
    "level": "KOTA",
    "candidates": [
        {
            "name": "Maulana",
            "title": "Calon Wali Kota",
            "description": "Dr. dr. H. Maulana, M.K.M. (lahir 14 Februari 1976) adalah Wakil Wali Kota Jambi periode 2018\u20132023. Ia merupakan wakil dari Wali Kota Jambi, Syarif Fasha.",
            "profilePic": "https://upload.wikimedia.org/wikipedia/commons/thumb/f/fe/Wakil_Wali_Kota_Jambi_Maulana.jpg/220px-Wakil_Wali_Kota_Jambi_Maulana.jpg",
            "communityID": "e9088a9f-04d9-44aa-b021-9f09819d4ed0",
            "sites": {
                "name": "Wikipedia",
                "url": "https://id.wikipedia.org/wiki/Maulana_(politikus)"
            }
        },
        {
            "name": "Sum Indra",
            "title": "Calon Wali Kota",
            "description": "M. Sum Indra, S.E., M.M.Si. (lahir 6 September 1972) adalah seorang politisi Indonesia. Ia merupakan anggota DPD RI periode 2019-2024 daerah pemilihan Jambi. Sebelumnya Sum Indra pernah menjabat sebagai Wakil Wali Kota Jambi mendampingi Wali Kota Jambi, Bambang Priyanto pada periode 2008-2013.",
            "profilePic": "https://upload.wikimedia.org/wikipedia/commons/thumb/1/1f/Sum_Indra.jpg/220px-Sum_Indra.jpg",
            "communityID": "e9088a9f-04d9-44aa-b021-9f09819d4ed0",
            "sites": {
                "name": "Wikipedia",
                "url": "https://id.wikipedia.org/wiki/Sum_Indra"
            }
        },
        {
            "name": "Edi Purwanto",
            "title": "Calon Wali Kota",
            "description": "Edi Purwanto, S.H.I., M.Si. (lahir 4 Juli 1980) adalah seorang politikus Indonesia. Ia merupakan ketua DPRD Provinsi Jambi periode 2019-2024.",
            "profilePic": "https://upload.wikimedia.org/wikipedia/commons/thumb/0/0b/KPU_Edi_Purwanto.jpg/200px-KPU_Edi_Purwanto.jpg",
            "communityID": "e9088a9f-04d9-44aa-b021-9f09819d4ed0",
            "sites": {
                "name": "Wikipedia",
                "url": "https://id.wikipedia.org/wiki/Edi_Purwanto"
            }
        },
        {
            "name": "Abdullah Sani",
            "title": "Calon Wali Kota",
            "description": "Drs. H. Abdullah Sani, M.Pd.I. gelar Paduko Agungmulyo Agamo (lahir 8 September 1956) adalah mubalig dan politikus yang menjabat sebagai Wakil Gubernur Jambi periode 2021\u20132024. Ia merupakan wakil dari Gubernur Jambi, Al Haris. Sebelumnya, Sani pernah menjabat sebagai Wakil Wali Kota Jambi periode 2013\u20132018.",
            "profilePic": "https://upload.wikimedia.org/wikipedia/commons/thumb/2/2e/Wagub_Jambi_Abdullah_Sani.jpg/220px-Wagub_Jambi_Abdullah_Sani.jpg",
            "communityID": "e9088a9f-04d9-44aa-b021-9f09819d4ed0",
            "sites": {
                "name": "Wikipedia",
                "url": "https://id.wikipedia.org/wiki/Abdullah_Sani"
            }
        }
    ],
    "source": "https://id.wikipedia.org/wiki/Pemilihan_umum_Wali_Kota_Jambi_2024",
    "path": "kota-jambi"
}