{
    "title": "Pemilihan umum Wali Kota Pariaman 2024",
    "region": "Pariaman",
    "level": "KOTA",
    "candidates": [
        {
            "name": "Genius Umar",
            "title": "Calon Wali Kota",
            "description": "Dr. H. Genius Umar, S.Sos., M.Si. (lahir 24 Juli 1972) adalah politikus, birokrat, dan dosen Indonesia yang menjabat Wali Kota Pariaman periode 2018\u20132023 dan Wakil Wali Kota Pariaman  periode 2013\u20132018. Ia memulai karier birokrat pada 1994 sebagai staf di Kantor Pemberdayaan Masyarakat Desa Kabupaten Padang Pariaman. Setelah tiga kali mendapatkan tugas belajar, ia meraih gelar Doktor dari Institut Pertanian Bogor pada 2007. Ia mengakhiri karier birokrat sebagai Kepala Bagian Sekretariat Wakil Ketua Dewan Perwakilan Daerah Republik Indonesia pada 2013.",
            "profilePic": "https://upload.wikimedia.org/wikipedia/commons/thumb/c/c9/Genius_Umar_2018.jpg/225px-Genius_Umar_2018.jpg",
            "communityID": "7bce3b8b-c6ca-4e48-8150-2a7787be1c8c",
            "sites": {
                "name": "Wikipedia",
                "url": "https://id.wikipedia.org/wiki/Genius_Umar"
            }
        },
        {
            "name": "Mardison Mahyuddin",
            "title": "Calon Wali Kota",
            "description": "Drs. Mardison Mahyuddin, M.M. (lahir 11 Januari 1969) adalah politikus Partai Golongan Karya (Golkar) yang menjabat sebagai Wakil Wali Kota Pariaman sejak 9 Oktober 2018 mendampingi Genius Umar. Ia berkarier sebagai Anggota DPRD sejak 1999 hingga 2018.",
            "profilePic": "https://upload.wikimedia.org/wikipedia/commons/thumb/c/c4/Wakil_Wali_Kota_Pariaman_Mardison_Mahyuddin.jpg/220px-Wakil_Wali_Kota_Pariaman_Mardison_Mahyuddin.jpg",
            "communityID": "7bce3b8b-c6ca-4e48-8150-2a7787be1c8c",
            "sites": {
                "name": "Wikipedia",
                "url": "https://id.wikipedia.org/wiki/Mardison_Mahyuddin"
            }
        },
        {
            "name": "Martias Mahyuddin",
            "title": "Calon Wali Kota",
            "description": "Drs. Martias Mahyuddin, M.Sc. (lahir 8 Desember 1953) adalah seorang politikus Indonesia yang pernah menjabat sebagai Wakil Bupati Padang Pariaman periode 2000\u20132005. Ia pernah menjabat sebagai Wali Kota Administratif Pariaman periode 1993\u20131997. Ia merupakan kakak kandung dari Wakil Wali Kota Pariaman, Mardison Mahyuddin.",
            "profilePic": "",
            "communityID": "7bce3b8b-c6ca-4e48-8150-2a7787be1c8c",
            "sites": {
                "name": "Wikipedia",
                "url": "https://id.wikipedia.org/wiki/Martias_Mahyuddin"
            }
        },
        {
            "name": "Muhamad Ridwan",
            "title": "Calon Wali Kota",
            "description": null,
            "profilePic": "",
            "communityID": "7bce3b8b-c6ca-4e48-8150-2a7787be1c8c",
            "sites": null
        },
        {
            "name": "Mahyuddin",
            "title": "Calon Wali Kota",
            "description": "Mahyuddin dapat mengacu pada beberapa hal berikut:",
            "profilePic": "https://upload.wikimedia.org/wikipedia/commons/thumb/5/5f/Disambig_gray.svg/30px-Disambig_gray.svg.png",
            "communityID": "7bce3b8b-c6ca-4e48-8150-2a7787be1c8c",
            "sites": {
                "name": "Wikipedia",
                "url": "https://id.wikipedia.org/wiki/Mahyuddin"
            }
        },
        {
            "name": "Anwar Effendi Datuak Putiah",
            "title": "Calon Wali Kota",
            "description": null,
            "profilePic": "",
            "communityID": "7bce3b8b-c6ca-4e48-8150-2a7787be1c8c",
            "sites": null
        }
    ],
    "source": "https://id.wikipedia.org/wiki/Pemilihan_umum_Wali_Kota_Pariaman_2024",
    "path": "kota-pariaman"
}