{
    "title": "Pemilihan umum Wali Kota Prabumulih 2024",
    "region": "Prabumulih",
    "level": "KOTA",
    "path": "kota-prabumulih",
    "source": "https://id.wikipedia.org/wiki/Pemilihan_umum_Wali_Kota_Prabumulih_2024",
    "communityID": "ac746ac1-231f-46bd-a74f-9389161b0edb",
    "candidates": [
        {
            "name": "A.W.Noviadi",
            "description": "",
            "profilePic": "",
            "title": "Mantan Bupati OI",
            "sites": {},
            "communityID": "ac746ac1-231f-46bd-a74f-9389161b0edb"
        },
        {
            "name": "H Andriansyah Fikri SH",
            "description": "H. Andriansyah Fikri, S.H. (lahir 30 Agustus 1969) adalah Wakil Wali Kota Prabumulih 2 periode yakni 2013\u20132018 dan 2018\u20132023. Ia adalah wakil dari Wali Kota Prabumulih, Ir. H Ridho Yahya, MM.[1][2]\n",
            "profilePic": "https://upload.wikimedia.org/wikipedia/commons/4/4e/Andriansyah_Fikri.jpg",
            "title": "Wakil Walikota Prabumulih periode 2013 - 2018 dan 2018 2023",
            "sites": {
                "name": "Wikipedia",
                "url": "https://id.wikipedia.org/wiki/Andriansyah_Fikri"
            },
            "communityID": "ac746ac1-231f-46bd-a74f-9389161b0edb"
        },
        {
            "name": "H Arlan",
            "description": "",
            "profilePic": "",
            "title": "Dewan Pembina Partai Gerindra Kota Prabumulih",
            "sites": {},
            "communityID": "ac746ac1-231f-46bd-a74f-9389161b0edb"
        },
        {
            "name": "Deni Victoria, SH, MSi",
            "description": "",
            "profilePic": "",
            "title": "Ketua DPC Partai Demokrat Kota Prabumulih",
            "sites": {},
            "communityID": "ac746ac1-231f-46bd-a74f-9389161b0edb"
        },
        {
            "name": "Ir Hj Suryanti Ngesti Rahayu Ridho",
            "description": "",
            "profilePic": "",
            "title": "Isteri mantan Walikota Prabumulih Ridho Yahya",
            "sites": {},
            "communityID": "ac746ac1-231f-46bd-a74f-9389161b0edb"
        },
        {
            "name": "H. Ahmad Palo, SE",
            "description": "H. Ahmad Palo, SE. (lahir 22 Juli 1969) adalah Ketua DPRD Prabumulih Sumatera Selatan periode 2014-2019.[1] Ia terpilih menjabat sejak 27 September 2014 Setelah menunggu selama 30 Hari dari pelantikan 25 Anggota Dewan Perwakilan Rakyat Daerah Kota Prabumulih.\n",
            "profilePic": "https://upload.wikimedia.org/wikipedia/commons/2/27/KPU_Ahmad_Palo.jpg",
            "title": "Wakil Ketua DPRD Kota Prabumulih",
            "sites": {
                "name": "Wikipedia",
                "url": "https://id.wikipedia.org/wiki/Ahmad_Palo"
            },
            "communityID": "ac746ac1-231f-46bd-a74f-9389161b0edb"
        },
        {
            "name": "H. Mat Amin S.Ag",
            "description": "",
            "profilePic": "",
            "title": "Anggota DPRD Kota Prabumulih",
            "sites": {},
            "communityID": "ac746ac1-231f-46bd-a74f-9389161b0edb"
        },
        {
            "name": "Hartono Hamid, SH",
            "description": "Hartono Hamid, SH. (lahir 6 Agustus 1960) adalah Anggota DPRD Prabumulih[1] Sumatera Selatan periode 2014-2019. Ia terpilih menjabat sejak 27 September 2014 Setelah menunggu selama 30 Hari dari pelantikan 25 Anggota Dewan Perwakilan Rakyat Daerah Kota Prabumulih.[2]\n",
            "profilePic": "https://upload.wikimedia.org/wikipedia/commons/thumb/1/1f/KPU_Hartono_Hamid.jpg/1200px-KPU_Hartono_Hamid.jpg",
            "title": "Anggota DPRD Kota Prabumulih",
            "sites": {
                "name": "Wikipedia",
                "url": "https://id.wikipedia.org/wiki/Hartono_Hamid"
            },
            "communityID": "ac746ac1-231f-46bd-a74f-9389161b0edb"
        },
        {
            "name": "Syamdakir Edi Hamid",
            "description": "",
            "profilePic": "",
            "title": "Ketua DPD Golkar Kota Prabumulih",
            "sites": {},
            "communityID": "ac746ac1-231f-46bd-a74f-9389161b0edb"
        },
        {
            "name": "Hanan Zulkarnain",
            "description": "Ir. H. Hanan Zulkarnain, M.T.P.[1] (lahir 5 April 1963) adalah Wakil Bupati Muara Enim periode 2003\u20132008. Ia adalah wakil dari Bupati Muara Enim, Kalamudin Djinab.\n",
            "profilePic": "",
            "title": "Mantan Wakil Bupati Muara Enim",
            "sites": {
                "name": "Wikipedia",
                "url": "https://id.wikipedia.org/wiki/Hanan_Zulkarnain"
            },
            "communityID": "ac746ac1-231f-46bd-a74f-9389161b0edb"
        }
    ]
}