{
    "title": "Pemilihan umum Wali Kota Tangerang 2024",
    "region": "Tangerang",
    "level": "KOTA",
    "path": "kota-tangerang",
    "source": "https://id.wikipedia.org/wiki/Pemilihan_umum_Wali_Kota_Tangerang_2024",
    "communityID": "bb3a2b29-7468-4b0b-9ff7-f44663808253",
    "candidates": [
        {
            "name": "Sachrudin",
            "description": "Drs. H. Sachrudin (lahir 6 November 1961) adalah seorang pegawai negeri sipil Indonesia yang menjabat sebagai Wakil Wali kota Tangerang periode 2013\u20142018. Sachrudin diusung oleh Partai Demokrat menjadi wakil dari Arief Wismansyah yang menjabat sebagai Wali kota Tangerang. Sebagai pegawai negeri sipil, ia pernah dua kali memimpin sebagai camat di dua wilayah berbeda, yaitu Camat Cipondoh dan Camat Pinang.\n",
            "profilePic": "https://upload.wikimedia.org/wikipedia/commons/2/26/Wakil_Wali_Kota_Tangerang_Sachrudin.jpg",
            "title": "Wakil Wali Kota Tangerang",
            "sites": {
                "name": "Wikipedia",
                "url": "https://id.wikipedia.org/wiki/Sachrudin"
            },
            "communityID": "bb3a2b29-7468-4b0b-9ff7-f44663808253"
        },
        {
            "name": "H. Iskandar",
            "description": "",
            "profilePic": "",
            "title": "Anggota DPRD Kota & Provinsi 5 Periode",
            "sites": {},
            "communityID": "bb3a2b29-7468-4b0b-9ff7-f44663808253"
        },
        {
            "name": "Abdul Syukur",
            "description": "H. Abdul Syukur[1] (lahir 20 Juni 1967) adalah seorang politikus Indonesia dari Partai Demokrat. Ia menjabat Anggota DPRD Provinsi Banten periode 2009\u20132014. Sebelumnya ia menjabat sebagai Anggota DPRD Kota Tangerang 2 periode yakni 1999\u20132004 dan 2004\u20132009. Ia juga dikenal sebagai adik dari Hassan Wirajuda (mantan Menteri Luar Negeri) dan Wahidin Halim (Daftar Gubernur Banten dan mantan Daftar Wali Kota Tangerang).[2] Ia dicalonkan oleh Partai Golkar dan beberapa partai lainnya (PKS, PKPB, PBB, dan PPI) untuk Pemilihan umum Wali Kota Tangerang pada tahun 2013 yang lalu.[3] Ia juga pernah diperiksa terkait kasus suap dan korupsi mantan Gubernur Banten Ratu Atut Chosiyah pada tahun 2013 yang lalu.[4] Pada Pemilihan umum Legislatif 2019 yang lalu, Ia menjadi calon anggota legislatif untuk daerah pemilihan Banten 3 (Kabupaten dan Kota Tangerang serta Kota Tangerang Selatan).[5][6][7] Saat ini, namanya diunggulkan di dalam Pemilihan umum Wali Kota Tangerang tahun 2023.[8]\n",
            "profilePic": "https://upload.wikimedia.org/wikipedia/commons/9/9b/KPU_Abdul_Syukur.png",
            "title": "Mantan Anggota DPRD Banten",
            "sites": {
                "name": "Wikipedia",
                "url": "https://id.wikipedia.org/wiki/Abdul_Syukur"
            },
            "communityID": "bb3a2b29-7468-4b0b-9ff7-f44663808253"
        },
        {
            "name": "Arief Muhammad, S.H.,",
            "description": "\nArief Muhammad, S.H. (lahir 26 Oktober 1990) adalah seorang selebritas internet berkebangsaan Indonesia keturunan Minangkabau. Ia dikenal karena menulis buku yang berjudul Poconggg Juga Pocong.\n",
            "profilePic": "",
            "title": "Bakal Calon Wali Kota",
            "sites": {
                "name": "Wikipedia",
                "url": "https://id.wikipedia.org/wiki/Arief_Muhammad"
            },
            "communityID": "bb3a2b29-7468-4b0b-9ff7-f44663808253"
        },
        {
            "name": "Andri S Permana",
            "description": "",
            "profilePic": "",
            "title": "Anggota DPRD Kota Tangerang Fraksi PDI Perjuangan",
            "sites": {},
            "communityID": "bb3a2b29-7468-4b0b-9ff7-f44663808253"
        },
        {
            "name": "Hilmi Fuad",
            "description": "",
            "profilePic": "",
            "title": "Politikus PKS",
            "sites": {},
            "communityID": "bb3a2b29-7468-4b0b-9ff7-f44663808253"
        }
    ]
}