{
    "title": "Pemilihan umum Wali Kota Pontianak 2024",
    "region": "Pontianak",
    "level": "KOTA",
    "path": "kota-pontianak",
    "source": "https://id.wikipedia.org/wiki/Pemilihan_umum_Wali_Kota_Pontianak_2024",
    "communityID": "478759db-b1b4-4631-8d10-2b6506fbb495",
    "candidates": [
        {
            "name": "Edi Rusdi Kamtono",
            "description": "Ir. H. Edi Rusdi Kamtono, M.M., M.T. (lahir 17 Oktober 1963) adalah Wali Kota Pontianak masa jabatan 2018-2023 menggantikan Sutarmidji. Ia memenangkan Pilwako Pontianak 2018 bersama dengan wakilnya, Bahasan dengan perolehan 63,92% suara. Sebelumnya, Bang Edi (sapaan akrabnya) menjabat sebagai Kepala Dinas Pekerjaan Umum Kota Pontianak dan Wakil Wali Kota Pontianak.\n",
            "profilePic": "https://upload.wikimedia.org/wikipedia/commons/thumb/5/5f/Edi_Rusdi_Kamtono%2C_Wali_Kota_Pontianak.jpg/1200px-Edi_Rusdi_Kamtono%2C_Wali_Kota_Pontianak.jpg",
            "title": "Wali Kota Pontianak 2018\u20132023",
            "sites": {
                "name": "Wikipedia",
                "url": "https://id.wikipedia.org/wiki/Edi_Rusdi_Kamtono"
            },
            "communityID": "478759db-b1b4-4631-8d10-2b6506fbb495"
        }
    ]
}