{
    "title": "Pemilihan umum Wali Kota Banjar 2024",
    "region": "Banjar",
    "level": "KOTA",
    "candidates": [
        {
            "name": "Nana Suryana",
            "title": "Calon Wali Kota",
            "description": null,
            "profilePic": "",
            "communityID": "980d1803-39c9-49df-bbc7-35720be91a2b",
            "sites": null
        },
        {
            "name": "Darmadji Prawirasetia",
            "title": "Calon Wali Kota",
            "description": null,
            "profilePic": "",
            "communityID": "980d1803-39c9-49df-bbc7-35720be91a2b",
            "sites": null
        },
        {
            "name": "Maman Suryaman",
            "title": "Calon Wali Kota",
            "description": null,
            "profilePic": "",
            "communityID": "980d1803-39c9-49df-bbc7-35720be91a2b",
            "sites": null
        },
        {
            "name": "Akhmad Dimyati",
            "title": "Calon Wali Kota",
            "description": null,
            "profilePic": "",
            "communityID": "980d1803-39c9-49df-bbc7-35720be91a2b",
            "sites": null
        },
        {
            "name": "Dadang Ramdhan Kalyubi",
            "title": "Calon Wali Kota",
            "description": null,
            "profilePic": "",
            "communityID": "980d1803-39c9-49df-bbc7-35720be91a2b",
            "sites": null
        },
        {
            "name": "Dian Sardiana",
            "title": "Calon Wali Kota",
            "description": null,
            "profilePic": "",
            "communityID": "980d1803-39c9-49df-bbc7-35720be91a2b",
            "sites": null
        },
        {
            "name": "Tri Pamuji Rudianto",
            "title": "Calon Wali Kota",
            "description": null,
            "profilePic": "",
            "communityID": "980d1803-39c9-49df-bbc7-35720be91a2b",
            "sites": null
        },
        {
            "name": "Sutarno.",
            "title": "Calon Wali Kota",
            "description": null,
            "profilePic": "",
            "communityID": "980d1803-39c9-49df-bbc7-35720be91a2b",
            "sites": null
        }
    ],
    "source": "https://id.wikipedia.org/wiki/Pemilihan_umum_Wali_Kota_Banjar_2024",
    "path": "kota-banjar"
}