{
    "title": "Pemilihan umum Wali Kota Sibolga 2024",
    "region": "Sibolga",
    "level": "KOTA",
    "candidates": [
        {
            "name": "Jamaluddin Pohan",
            "title": "Calon Wali Kota",
            "description": "H. Jamaluddin Pohan (lahir 4 Februari 1966) adalah Wali Kota Sibolga periode 2021-2024. Ia menjabat sejak 26 Februari 2021 setelah dilantik Gubernur Sumatera Utara, Edy Rahmayadi di Aula Tengku Rizal Nurdin Rumah Dinas Gubernur Sumatera Utara, Medan. Ia juga merupakan politisi Partai NasDem dan dipercaya sebagai Ketua DPD Partai NasDem Kota Sibolga.",
            "profilePic": "https://upload.wikimedia.org/wikipedia/commons/thumb/c/c4/Walikota_Sibolga_periode_2021-2024_Jamaluddin_Pohan.jpg/220px-Walikota_Sibolga_periode_2021-2024_Jamaluddin_Pohan.jpg",
            "communityID": "33b04192-5e34-4b61-a33d-1d3ffee83280",
            "sites": {
                "name": "Wikipedia",
                "url": "https://id.wikipedia.org/wiki/Jamaluddin_Pohan"
            }
        },
        {
            "name": "Pantas Maruba Lumbantobing",
            "title": "Calon Wali Kota",
            "description": "Pantas Maruba Lumbantobing (lahir 29 Maret 1977) adalah seorang politikus yang menjabat sebagai Wakil Wali Kota Sibolga ke-16. Ia adalah anggota Partai Demokrat dan sebelumnya pernah menjabat sebagai anggota Dewan Perwakilan Rakyat Daerah Kota Sibolga dari 2009 hingga 2019.",
            "profilePic": "https://upload.wikimedia.org/wikipedia/commons/thumb/6/65/Pantas_Maruba_Lumban_Tobing%2C_Wakil_Wali_Kota_Sibolga_%282021%29.jpg/270px-Pantas_Maruba_Lumban_Tobing%2C_Wakil_Wali_Kota_Sibolga_%282021%29.jpg",
            "communityID": "33b04192-5e34-4b61-a33d-1d3ffee83280",
            "sites": {
                "name": "Wikipedia",
                "url": "https://id.wikipedia.org/wiki/Pantas_Maruba_Lumbantobing"
            }
        },
        {
            "name": "Akhmad Syukri Nazry Penarik",
            "title": "Calon Wali Kota",
            "description": null,
            "profilePic": "",
            "communityID": "33b04192-5e34-4b61-a33d-1d3ffee83280",
            "sites": null
        },
        {
            "name": "Jamil Zeb Tumori",
            "title": "Calon Wali Kota",
            "description": null,
            "profilePic": "",
            "communityID": "33b04192-5e34-4b61-a33d-1d3ffee83280",
            "sites": null
        },
        {
            "name": "Afifi Lubis",
            "title": "Calon Wali Kota",
            "description": null,
            "profilePic": "",
            "communityID": "33b04192-5e34-4b61-a33d-1d3ffee83280",
            "sites": null
        },
        {
            "name": "Maykel Fuater",
            "title": "Calon Wali Kota",
            "description": null,
            "profilePic": "",
            "communityID": "33b04192-5e34-4b61-a33d-1d3ffee83280",
            "sites": null
        },
        {
            "name": "Sahlul Umur Situmeang",
            "title": "Calon Wali Kota",
            "description": null,
            "profilePic": "",
            "communityID": "33b04192-5e34-4b61-a33d-1d3ffee83280",
            "sites": null
        },
        {
            "name": "Azlinda Hutagalung",
            "title": "Calon Wali Kota",
            "description": null,
            "profilePic": "",
            "communityID": "33b04192-5e34-4b61-a33d-1d3ffee83280",
            "sites": null
        },
        {
            "name": "Dapot Sileang Sihite",
            "title": "Calon Wali Kota",
            "description": null,
            "profilePic": "",
            "communityID": "33b04192-5e34-4b61-a33d-1d3ffee83280",
            "sites": null
        }
    ],
    "source": "https://id.wikipedia.org/wiki/Pemilihan_umum_Wali_Kota_Sibolga_2024",
    "path": "kota-sibolga"
}