{
    "title": "Pemilihan umum Gubernur Papua Barat Daya 2024",
    "region": "Papua Barat Daya",
    "level": "PROVINSI",
    "path": "provinsi-papua-barat-daya",
    "source": "https://id.wikipedia.org/wiki/Pemilihan_umum_Gubernur_Papua_Barat_Daya_2024",
    "communityID": "34fc83fd-4244-472f-ba6c-714366f09787",
    "candidates": [
        {
            "name": "Letjen TNI (Purn.) Ali Hamdan Bogra",
            "description": "Letnan Jenderal TNI (Purn.) Ali Hamdan Bogra, S.IP., M.Si. (lahir 6 Januari 1963) adalah seorang Purnawirawan TNI-AD yang sebelumnya menjabat sebagai Koordinator Staf Ahli Kepala Staf Angkatan Darat.\n",
            "profilePic": "https://upload.wikimedia.org/wikipedia/commons/1/19/Ali_Hamdan_Bogra.jpg",
            "title": "Mantan Koordinator Staf Ahli Kasad",
            "sites": {
                "name": "Wikipedia",
                "url": "https://id.wikipedia.org/wiki/Ali_Hamdan_Bogra"
            },
            "communityID": "34fc83fd-4244-472f-ba6c-714366f09787"
        },
        {
            "name": "Stepanus Malak",
            "description": "Dr. Stepanus Malak, M.Si. (lahir 26 Desember 1960) adalah Bupati Sorong 2 periode yakni 2007\u20142012 dan 2012\u20142017.\n",
            "profilePic": "https://upload.wikimedia.org/wikipedia/commons/3/3f/Stepanus_Malak%2C_2016.jpg",
            "title": "Mantan Bupati Sorong",
            "sites": {
                "name": "Wikipedia",
                "url": "https://id.wikipedia.org/wiki/Stepanus_Malak"
            },
            "communityID": "34fc83fd-4244-472f-ba6c-714366f09787"
        },
        {
            "name": "Abdul Faris Umlati",
            "description": "H. Abdul Faris Umlati, S.E. (lahir 12 Februari 1973) adalah Bupati Raja Ampat 2 periode yakni 2016\u20132021[1] dan 2021\u20132024.[2]\n",
            "profilePic": "",
            "title": "Bupati Raja Ampat",
            "sites": {
                "name": "Wikipedia",
                "url": "https://id.wikipedia.org/wiki/Abdul_Faris_Umlati"
            },
            "communityID": "34fc83fd-4244-472f-ba6c-714366f09787"
        },
        {
            "name": "Lamberthus Jitmau",
            "description": "Drs. Lamberthus Jitmau, M.M. (lahir 18 Oktober 1962) adalah birokrat dan politikus Indonesia yang menjabat Wali Kota Sorong 2 periode yakni 2012\u20142017 dan 2017\u20142022.\n",
            "profilePic": "https://upload.wikimedia.org/wikipedia/commons/b/bc/Walikota_Lambert_jitmau_Kota_Sorong_Papua_Barat_Indonesia.jpg",
            "title": "Mantan Wali Kota Sorong",
            "sites": {
                "name": "Wikipedia",
                "url": "https://id.wikipedia.org/wiki/Lamberthus_Jitmau"
            },
            "communityID": "34fc83fd-4244-472f-ba6c-714366f09787"
        },
        {
            "name": "Menase Robert Kambu",
            "description": "Drs. Menase Robert Kambu, M.Si. (lahir 14 Juni 1948) adalah birokrat dan politikus Indonesia yang menjabat Wali Kota Jayapura 2 periode yakni 2000\u20142005 dan 2005\u20142010.[1] Kambu pernah menjabat sebagai Sekretaris Wilayah Daerah Merauke.\n",
            "profilePic": "https://upload.wikimedia.org/wikipedia/commons/a/af/MR_Kambu.PNG",
            "title": "Mantan Wali Kota Jayapura",
            "sites": {
                "name": "Wikipedia",
                "url": "https://id.wikipedia.org/wiki/Menase_Robert_Kambu"
            },
            "communityID": "34fc83fd-4244-472f-ba6c-714366f09787"
        },
        {
            "name": "Gabriel Asem",
            "description": "Gabriel Asem, S.E., M.Si., (lahir 26 Oktober 1963), adalah politikus Partai Golongan Karya yang menjabat sebaga Bupati Tambrauw sejak 22 Mei 2017. Ia terpilih sebagai Bupati Tambrauw dalam dua pilkada, yaitu Pilbup Tambrauw 2011 dan Pilbup Tambrauw 2017. Sebelum menjadi bupati, Bupati Tambrauw pertama yang akrab dipanggil Gebi merupakan pegawai negeri sipil di Pemerintah Kabupaten Tambrauw dengan jabatan terakhir Kepala Dinas Pendapatan, Aset, dan Keuangan Daerah (DPAKD).[1]\n",
            "profilePic": "https://upload.wikimedia.org/wikipedia/id/c/c2/Gabriel-Asem-150x150.jpg",
            "title": "Mantan Bupati Tambrauw",
            "sites": {
                "name": "Wikipedia",
                "url": "https://id.wikipedia.org/wiki/Gabriel_Asem"
            },
            "communityID": "34fc83fd-4244-472f-ba6c-714366f09787"
        },
        {
            "name": "Bernard Sagrim",
            "description": "Drs. Bernard Sagrim, M.M., (lahir 05 Januari 1966), adalah politikus Partai Golongan Karya yang menjabat sebagai Bupati Maybrat sejak 22 Agustus 2017. Ia terpilih sebagai Bupati Maybrat dalam dua pilkada, yaitu Pilbup Maybrat 2011 dan Pilbup Maybrat 2017.[1] Sebelum menjadi bupati, Sagrim merupakan pegawai negeri sipil di Pemerintah Kabupaten Sorong dengan jabatan terakhir Kepala Badan Pengelola Keuangan dan Aset Daerah (BPKAD).[2]\n",
            "profilePic": "https://upload.wikimedia.org/wikipedia/commons/7/78/KPU_Bernard_Sagrim.jpg",
            "title": "Mantan Bupati Maybrat",
            "sites": {
                "name": "Wikipedia",
                "url": "https://id.wikipedia.org/wiki/Bernard_Sagrim"
            },
            "communityID": "34fc83fd-4244-472f-ba6c-714366f09787"
        },
        {
            "name": "Origenes Nauw",
            "description": "",
            "profilePic": "",
            "title": "Mantan Anggota Dewan Perwakilan Rakyat Papua Barat",
            "sites": {},
            "communityID": "34fc83fd-4244-472f-ba6c-714366f09787"
        }
    ]
}