{
    "title": "Pemilihan umum Gubernur Jambi 2024",
    "region": "Jambi",
    "level": "PROVINSI",
    "candidates": [
        {
            "name": "Al Haris",
            "title": "Calon Gubernur",
            "description": "Dr. H. Al Haris, S.Sos., M.H. gelar Datuk Mangkubumi Setio Alam (lahir 23 November 1973) adalah seorang birokrat dan politikus Indonesia. Ia merupakan Gubernur Jambi yang menjabat sejak 7 Juli 2021. Sebelumnya, Ia pernah menjabat sebagai Bupati Merangin dua periode sejak 2013 hingga 2021. Saat ini, Haris resmi dilantik sebagai Ketua Umum APPSI (Asosiasi Pemerintah Provinsi Seluruh Indonesia) 2023\u20132024, pada 2 Oktober 2023. Serah terima jabatan Ketua APPSI juga dihadiri langsung oleh, Menteri Dalam Negeri, Tito Karnavian selaku pembina APPSI.",
            "profilePic": "https://upload.wikimedia.org/wikipedia/commons/thumb/4/4e/Gubernur_Jambi_Al_Haris.jpg/220px-Gubernur_Jambi_Al_Haris.jpg",
            "communityID": "c4a17fbd-cb72-4921-88a1-0fff373ab127",
            "sites": {
                "name": "Wikipedia",
                "url": "https://id.wikipedia.org/wiki/Al_Haris"
            }
        },
        {
            "name": "Abdullah Sani",
            "title": "Calon Gubernur",
            "description": "Drs. H. Abdullah Sani, M.Pd.I. gelar Paduko Agungmulyo Agamo (lahir 8 September 1956) adalah mubalig dan politikus yang menjabat sebagai Wakil Gubernur Jambi periode 2021\u20132024. Ia merupakan wakil dari Gubernur Jambi, Al Haris. Sebelumnya, Sani pernah menjabat sebagai Wakil Wali Kota Jambi periode 2013\u20132018.",
            "profilePic": "https://upload.wikimedia.org/wikipedia/commons/thumb/2/2e/Wagub_Jambi_Abdullah_Sani.jpg/220px-Wagub_Jambi_Abdullah_Sani.jpg",
            "communityID": "c4a17fbd-cb72-4921-88a1-0fff373ab127",
            "sites": {
                "name": "Wikipedia",
                "url": "https://id.wikipedia.org/wiki/Abdullah_Sani"
            }
        },
        {
            "name": "Cek Endra",
            "title": "Calon Gubernur",
            "description": "Drs. H. Cek Endra (lahir 17 Maret 1958) adalah Bupati Sarolangun yang menjabat sejak 2010 hingga 2022. Sebelumnya, Ia pernah menjabat sebagai Wakil Bupati Sarolangun periode 2006\u20132010 mendampingi, Hasan Basri Agus.",
            "profilePic": "https://upload.wikimedia.org/wikipedia/commons/thumb/8/82/Cek_Endra.jpg/200px-Cek_Endra.jpg",
            "communityID": "c4a17fbd-cb72-4921-88a1-0fff373ab127",
            "sites": {
                "name": "Wikipedia",
                "url": "https://id.wikipedia.org/wiki/Cek_Endra"
            }
        },
        {
            "name": "Ratu Munawaroh",
            "title": "Calon Gubernur",
            "description": "Hj. Ratu Munawaroh (lahir 30 Agustus 1977) adalah anggota DPR-RI fraksi PAN dapil Jambi pada 2009\u20132010. Ratu merupakan istri almarhum Zulkifli Nurdin, Gubernur Jambi periode 1999\u20132004 dan 2005\u20132010. Ratu menjabat sebagai Ketua Tim Penggerak PKK Provinsi Jambi selama almarhum suaminya menjabat sebagai Gubernur Jambi dua periode.",
            "profilePic": "https://upload.wikimedia.org/wikipedia/commons/thumb/a/aa/KPU_Ratu_Munawaroh.jpg/220px-KPU_Ratu_Munawaroh.jpg",
            "communityID": "c4a17fbd-cb72-4921-88a1-0fff373ab127",
            "sites": {
                "name": "Wikipedia",
                "url": "https://id.wikipedia.org/wiki/Ratu_Munawaroh"
            }
        },
        {
            "name": "Mashuri",
            "title": "Calon Gubernur",
            "description": "H. Mashuri, S.P., M.E. (lahir 9 Oktober 1972) adalah Bupati Bungo dua periode 2016\u20132021 dan 2021\u20132024. Sebelumnya, Ia pernah menjabat sebagai Wakil Bupati Bungo periode 2011\u20132016 mendampingi Sudirman Zaini.",
            "profilePic": "https://upload.wikimedia.org/wikipedia/commons/thumb/c/c5/Mashuri_Bungo.jpg/200px-Mashuri_Bungo.jpg",
            "communityID": "c4a17fbd-cb72-4921-88a1-0fff373ab127",
            "sites": {
                "name": "Wikipedia",
                "url": "https://id.wikipedia.org/wiki/Mashuri_(politikus,_lahir_1972)"
            }
        },
        {
            "name": "Muhammad Fadhil Arief",
            "title": "Calon Gubernur",
            "description": "Muhammad Fadhil Arief, S.E. (lahir 1 Juni 1975) adalah Bupati Batanghari periode 2021-2024. Bersama wakilnya, Bakhtiar, mereka berhasil memenangkan pemilihan umum Bupati Batanghari 2020. Fadhil sebelumnya merupakan Sekretaris Daerah Kabupaten Muaro Jambi.",
            "profilePic": "https://upload.wikimedia.org/wikipedia/commons/thumb/2/2b/Bupati_Batanghari_M_Fadhil_Arief.jpg/220px-Bupati_Batanghari_M_Fadhil_Arief.jpg",
            "communityID": "c4a17fbd-cb72-4921-88a1-0fff373ab127",
            "sites": {
                "name": "Wikipedia",
                "url": "https://id.wikipedia.org/wiki/Muhammad_Fadhil_Arief"
            }
        },
        {
            "name": "Syarif Fasha",
            "title": "Calon Gubernur",
            "description": "Dr. H. Syarif Fasha, S.E., M.E. (lahir 12 Mei 1968) adalah Wali Kota Jambi dua periode yakni 2013\u20132018 dan 2018\u20132023. Pada periode pertama, Ia berpasangan dengan Abdullah Sani dan di periode kedua berpasangan dengan Maulana.",
            "profilePic": "https://upload.wikimedia.org/wikipedia/commons/thumb/5/57/Syarif_Fasha%2C_Wali_Kota_Jambi_%28Periode_II%29.jpg/230px-Syarif_Fasha%2C_Wali_Kota_Jambi_%28Periode_II%29.jpg",
            "communityID": "c4a17fbd-cb72-4921-88a1-0fff373ab127",
            "sites": {
                "name": "Wikipedia",
                "url": "https://id.wikipedia.org/wiki/Syarif_Fasha"
            }
        },
        {
            "name": "Romi Hariyanto",
            "title": "Calon Gubernur",
            "description": "H. Romi Hariyanto, S.E. (lahir 3 November 1974) adalah Bupati Tanjung Jabung Timur dua periode 2016\u20132021 dan 2021\u20132024. Sebelumnya, Ia pernah menjabat sebagai ketua DPRD Tanjung Jabung Timur selama tiga periode.",
            "profilePic": "https://upload.wikimedia.org/wikipedia/commons/thumb/b/b9/Bupati_Tanjabtim_Romi_Hariyanto.jpg/200px-Bupati_Tanjabtim_Romi_Hariyanto.jpg",
            "communityID": "c4a17fbd-cb72-4921-88a1-0fff373ab127",
            "sites": {
                "name": "Wikipedia",
                "url": "https://id.wikipedia.org/wiki/Romi_Hariyanto"
            }
        },
        {
            "name": "Sukandar",
            "title": "Calon Gubernur",
            "description": "Dr. H. Sukandar, S.Kom., M.Si.  (lahir 1 Oktober 1968) adalah Bupati Tebo dua periode sejak 2011 hingga 2022. Pada periode pertama, Ia berpasangan dengan Hamdi dan di periode kedua berpasangan dengan Syahlan. Sebelumnya, Sukandar pernah menjabat sebagai Wakil Bupati Tebo periode 2006-2011 mendampingi, Abdul Madjid Mu'az.",
            "profilePic": "https://upload.wikimedia.org/wikipedia/id/thumb/6/68/Bupati_Tebo_Sukandar.jpg/220px-Bupati_Tebo_Sukandar.jpg",
            "communityID": "c4a17fbd-cb72-4921-88a1-0fff373ab127",
            "sites": {
                "name": "Wikipedia",
                "url": "https://id.wikipedia.org/wiki/Sukandar_(politikus)"
            }
        },
        {
            "name": "Adirozal",
            "title": "Calon Gubernur",
            "description": "Dr. Drs. H. Adirozal, M.Si. (lahir 23 Oktober 1961) adalah akademisi dan politisi Indonesia. Ia adalah Bupati Kerinci 2 periode yakni 2014\u20132019 dan 2019\u20132024. Sebelumnya, ia menjadi Direktur Pascasarjana Institut Seni Indonesia Padang Panjang. Adirozal pernah menjabat sebagai Wakil Wali Kota Padang Panjang periode 2003\u20132008.",
            "profilePic": "https://upload.wikimedia.org/wikipedia/commons/thumb/a/a1/2017-fr.wp-orange-source.svg/40px-2017-fr.wp-orange-source.svg.png",
            "communityID": "c4a17fbd-cb72-4921-88a1-0fff373ab127",
            "sites": {
                "name": "Wikipedia",
                "url": "https://id.wikipedia.org/wiki/Adirozal"
            }
        },
        {
            "name": "Edi Purwanto",
            "title": "Calon Gubernur",
            "description": "Edi Purwanto, S.H.I., M.Si. (lahir 4 Juli 1980) adalah seorang politikus Indonesia. Ia merupakan ketua DPRD Provinsi Jambi periode 2019-2024.",
            "profilePic": "https://upload.wikimedia.org/wikipedia/commons/thumb/0/0b/KPU_Edi_Purwanto.jpg/200px-KPU_Edi_Purwanto.jpg",
            "communityID": "c4a17fbd-cb72-4921-88a1-0fff373ab127",
            "sites": {
                "name": "Wikipedia",
                "url": "https://id.wikipedia.org/wiki/Edi_Purwanto"
            }
        },
        {
            "name": "Sutan Adil Hendra",
            "title": "Calon Gubernur",
            "description": "",
            "profilePic": "https://upload.wikimedia.org/wikipedia/commons/thumb/3/31/Pas_Foto_SAH_NEW_2020.jpg/220px-Pas_Foto_SAH_NEW_2020.jpg",
            "communityID": "c4a17fbd-cb72-4921-88a1-0fff373ab127",
            "sites": {
                "name": "Wikipedia",
                "url": "https://id.wikipedia.org/wiki/Sutan_Adil_Hendra"
            }
        },
        {
            "name": "A. Bakri HM",
            "title": "Calon Gubernur",
            "description": "H. A. Bakri HM., S.E. (lahir 15 Mei 1968) adalah seorang pengusaha dan politisi Indonesia. Ia merupakan anggota DPR RI tiga periode melalui daerah pemilihan Jambi. Didaerah asalnya Jambi, Bakri atau lebih dikenal dengan sebutan Bang Haji ini dikenal sebagai pengusaha yang sukses sekaligus politikus yang cukup vokal menyuarakan aspirasi masyarakat, khususnya dalam upaya memajukan infrastruktur.",
            "profilePic": "https://upload.wikimedia.org/wikipedia/commons/thumb/b/b7/A_Bakri_HM.jpg/234px-A_Bakri_HM.jpg",
            "communityID": "c4a17fbd-cb72-4921-88a1-0fff373ab127",
            "sites": {
                "name": "Wikipedia",
                "url": "https://id.wikipedia.org/wiki/A._Bakri_HM"
            }
        },
        {
            "name": "Muchlis A.S.",
            "title": "Calon Gubernur",
            "description": "Irjen. Pol. (Purn.) Drs. Muchlis A.S., M.H. (5 Mei 1962\u00a0\u2013\u00a010 April 2024) adalah seorang Purnawirawan Polri yang terakhir menjabat sebagai Analis Kebijakan Utama Baharkam Polri.",
            "profilePic": "https://upload.wikimedia.org/wikipedia/commons/thumb/9/9f/Irjen_Pol_Drs._H._Muchlis_A.S._M.H..jpg/220px-Irjen_Pol_Drs._H._Muchlis_A.S._M.H..jpg",
            "communityID": "c4a17fbd-cb72-4921-88a1-0fff373ab127",
            "sites": {
                "name": "Wikipedia",
                "url": "https://id.wikipedia.org/wiki/Muchlis_A.S."
            }
        },
        {
            "name": "Asafri Jaya Bakri",
            "title": "Calon Gubernur",
            "description": "Dr. Drs. H. Asafri Jaya Bakri, M.A. (lahir 10 Oktober 1957) adalah akademikus dan politikus Indonesia yang menjabat sebagai Wali Kota Sungai Penuh dua periode sejak 2011 hingga 2021. Sebelum terjun ke politik, ia menjabat Rektor UIN Sultan Thaha Saifuddin dua periode sejak 1998 hingga 2006 dan Rektor IAIN Kerinci sejak 2009 hingga 2011.",
            "profilePic": "https://upload.wikimedia.org/wikipedia/commons/thumb/5/5d/KPU_Asafri_Jaya_Bakri.jpg/250px-KPU_Asafri_Jaya_Bakri.jpg",
            "communityID": "c4a17fbd-cb72-4921-88a1-0fff373ab127",
            "sites": {
                "name": "Wikipedia",
                "url": "https://id.wikipedia.org/wiki/Asafri_Jaya_Bakri"
            }
        }
    ],
    "source": "https://id.wikipedia.org/wiki/Pemilihan_umum_Gubernur_Jambi_2024",
    "path": "provinsi-jambi"
}