{
    "title": "Pemilihan umum Gubernur Kepulauan Bangka Belitung 2024",
    "region": "Kepulauan Bangka Belitung",
    "level": "PROVINSI",
    "candidates": [
        {
            "name": "Erzaldi Rosman Djohan",
            "title": "Calon Gubernur",
            "description": "Dr. H. Erzaldi Rosman Djohan, S.E., M.M. gelar Datuk Dipati Maharajanegeri (lahir 31 Oktober 1969) adalah Gubernur Kepulauan Bangka Belitung yang menjabat sejak 12 Mei 2017 hingga 12 Mei 2022. Sebelumnya Ia pernah menjabat sebagai Bupati Bangka Tengah dua periode yakni 2010\u20132017.",
            "profilePic": "https://upload.wikimedia.org/wikipedia/commons/thumb/f/f2/Edit-clear.svg/40px-Edit-clear.svg.png",
            "communityID": "51d187b9-004f-4e3a-8141-e785ddf293aa",
            "sites": {
                "name": "Wikipedia",
                "url": "https://id.wikipedia.org/wiki/Erzaldi_Rosman_Djohan"
            }
        },
        {
            "name": "Abdul Fatah",
            "title": "Calon Gubernur",
            "description": "Drs. H. Abdul Fatah, M.Si. (lahir 3 Agustus 1953) adalah Wakil Gubernur Kepulauan Bangka Belitung yang menjabat sejak 12 Mei 2017 hingga 12 Mei 2022.",
            "profilePic": "https://upload.wikimedia.org/wikipedia/commons/thumb/b/b1/Wagub_Bangka_Belitung_Abdul_Fatah.jpg/250px-Wagub_Bangka_Belitung_Abdul_Fatah.jpg",
            "communityID": "51d187b9-004f-4e3a-8141-e785ddf293aa",
            "sites": {
                "name": "Wikipedia",
                "url": "https://id.wikipedia.org/wiki/Abdul_Fatah"
            }
        },
        {
            "name": "Darmansyah Husein",
            "title": "Calon Gubernur",
            "description": "Ir. H. Darmansyah Husein (lahir 17 Juli 1954) adalah mantan Bupati Belitung selama dua periode. Saat ini, Darmansyah menjabat sebagai Anggota DPD RI terpilih periode 2019 - 2024 yang mewakili Kepulauan Bangka Belitung.",
            "profilePic": "https://upload.wikimedia.org/wikipedia/commons/thumb/7/70/Senator_Darmansyah_Husein.jpg/220px-Senator_Darmansyah_Husein.jpg",
            "communityID": "51d187b9-004f-4e3a-8141-e785ddf293aa",
            "sites": {
                "name": "Wikipedia",
                "url": "https://id.wikipedia.org/wiki/Darmansyah_Husein"
            }
        },
        {
            "name": "Sahani Saleh",
            "title": "Calon Gubernur",
            "description": "Sahani Saleh atau Sanem (lahir 7 November 1958) adalah seorang politikus Indonesia kelahiran Burung Mandi, Kecamatan Damar, Kabupaten Belitung Timur. Ia menempuh pendidikan di SD Negeri Mengkubang, SMP Budi Utomo Kelapa Kampit hingga kelas 2, SMP Muda Karya Manggar pada kelas 3, STM Tanjungpandan dan Akademi Pembangunan Masyarakat Desa (APMD) Yogyakarta. Ia meraih Anugerah Humas Indonesia (AHI) pada tahun 2022.",
            "profilePic": "https://upload.wikimedia.org/wikipedia/commons/thumb/7/72/Bupati_Belitung_Sahani_Saleh.jpg/220px-Bupati_Belitung_Sahani_Saleh.jpg",
            "communityID": "51d187b9-004f-4e3a-8141-e785ddf293aa",
            "sites": {
                "name": "Wikipedia",
                "url": "https://id.wikipedia.org/wiki/Sahani_Saleh"
            }
        },
        {
            "name": "Sukirman",
            "title": "Calon Gubernur",
            "description": "H. Sukirman, S.H. (lahir 20 Mei 1961) adalah seorang politikus Indonesia yang menjabat sebagai Bupati Bangka Barat sejak 2021. Sukirman pernah menjabat sebagai Wakil Bupati Bangka Barat pada tahun 2010 hingga 2015. Selain itu, ia juga sempat menjabat sebagai anggota DPRD Kepulauan Bangka Belitung pada 2019 hingga 2020 dan anggota DPRD Bangka Barat dari tahun 2009 sampai 2010.",
            "profilePic": "https://upload.wikimedia.org/wikipedia/commons/thumb/2/20/Bupati_Bangka_Barat_H.Sukirman_SH.jpg/220px-Bupati_Bangka_Barat_H.Sukirman_SH.jpg",
            "communityID": "51d187b9-004f-4e3a-8141-e785ddf293aa",
            "sites": {
                "name": "Wikipedia",
                "url": "https://id.wikipedia.org/wiki/Sukirman_(politikus,_lahir_1961)"
            }
        },
        {
            "name": "Didit Srigusjaya",
            "title": "Calon Gubernur",
            "description": "",
            "profilePic": "https://upload.wikimedia.org/wikipedia/commons/thumb/e/e1/Ambox_wikify.svg/50px-Ambox_wikify.svg.png",
            "communityID": "51d187b9-004f-4e3a-8141-e785ddf293aa",
            "sites": {
                "name": "Wikipedia",
                "url": "https://id.wikipedia.org/wiki/Didit_Srigusjaya"
            }
        },
        {
            "name": "Rustam Effendi",
            "title": "Calon Gubernur",
            "description": "H. Rustam Effendi, B.Sc. (lahir 31 Desember 1956) adalah politikus berkebangsaan Indonesia. Dia pernah menjabat sebagai Gubernur Kepulauan Bangka Belitung dari 2013 hingga 2017.",
            "profilePic": "https://upload.wikimedia.org/wikipedia/id/thumb/0/0c/Gubernur-Babel-Rustam-Effendi.jpg/220px-Gubernur-Babel-Rustam-Effendi.jpg",
            "communityID": "51d187b9-004f-4e3a-8141-e785ddf293aa",
            "sites": {
                "name": "Wikipedia",
                "url": "https://id.wikipedia.org/wiki/Rustam_Effendi_(politikus)"
            }
        },
        {
            "name": "Yuslih Ihza Mahendra",
            "title": "Calon Gubernur",
            "description": "Yuslih Ihza Mahendra, S.E. (lahir 29 Januari 1952) adalah seorang politisi dari Partai Bulan Bintang yang menjabat Bupati Belitung Timur ke-4 menggantikan Basuri Tjahaja Purnama.",
            "profilePic": "https://upload.wikimedia.org/wikipedia/id/thumb/b/b2/Yuslih_Ihza_Bupati_Beltim.jpg/220px-Yuslih_Ihza_Bupati_Beltim.jpg",
            "communityID": "51d187b9-004f-4e3a-8141-e785ddf293aa",
            "sites": {
                "name": "Wikipedia",
                "url": "https://id.wikipedia.org/wiki/Yuslih_Ihza_Mahendra"
            }
        },
        {
            "name": "Hidayat Arsani",
            "title": "Calon Gubernur",
            "description": "H. Hidayat Arsani adalah Wakil Gubernur Kepulauan Bangka Belitung yang menjabat sejak 12 Mei 2014 hingga 12 Mei 2017 merupakan pengusaha Tionghoa asal Bangka Belitung yang memiliki banyak bidang usaha di bawah bendera Arsani group bisnisnya di rintis dari nol di bumi Babel nama Hidayat Arsani tak asing terdengar karena merupakan sosok pengusaha yang peduli terhadap daerah dan masyarakat oleh karena itu tak heran ia mendapatkan penghargaan Maha Karya Pembangunan dari provinsi Bangka Belitung pada tahun 2012 oleh Gubenur Babel Ir.Eko Maulana Ali karena kontribusinya terhadap daerah Babel telah ikut serta membangun babel dari berbagai sektor dari pabrik perkebunan,hotel,plaza,rumah sakit di babel sudah ada 3 rumah sakit yang di bangun yaitu Rs.Arsani,Rs.muhaya dan Rs.Almah sebagai wujud kepedulian terhadap daerah",
            "profilePic": "https://upload.wikimedia.org/wikipedia/commons/thumb/f/fb/Hidayat_Arsani%2C_Wakil_Gubernur_Bangka_Belitung.jpg/220px-Hidayat_Arsani%2C_Wakil_Gubernur_Bangka_Belitung.jpg",
            "communityID": "51d187b9-004f-4e3a-8141-e785ddf293aa",
            "sites": {
                "name": "Wikipedia",
                "url": "https://id.wikipedia.org/wiki/Hidayat_Arsani"
            }
        },
        {
            "name": "Muhammad Irwansyah",
            "title": "Calon Gubernur",
            "description": "H. Muhammad Irwansyah, S.Sos., M.Si. (lahir 1 Juni 1983), dikenal dengan nama panggilan Wawan, adalah seorang politisi Indonesia yang berasal dari kalangan pengusaha. Ia adalah Wali Kota Pangkalpinang periode 2013\u20132018 yang sebelumnya diusung oleh Partai Demokrasi Indonesia Perjuangan dan Hanura, juga didukung oleh PKS dan Nasdem. Pelantikan jabatan dilaksanakan oleh Gubernur Bangka Belitung, Rustam Effendi, di Ruang Paripurna DPRD Kota Pangkalpinang, Kamis, 14 November 2013.",
            "profilePic": "https://upload.wikimedia.org/wikipedia/commons/c/cd/Wali_Kota_Pangkalpinang%2C_M._Irwansyah_Sofyan_Rebuin.jpg",
            "communityID": "51d187b9-004f-4e3a-8141-e785ddf293aa",
            "sites": {
                "name": "Wikipedia",
                "url": "https://id.wikipedia.org/wiki/Muhammad_Irwansyah"
            }
        },
        {
            "name": "Rudianto Tjen",
            "title": "Calon Gubernur",
            "description": "Ir. Rudianto Tjen (lahir 27 Mei 1958) adalah politikus Indonesia yang menjabat sebagai anggota DPR-RI selama empat periode (2004\u20132009, 2009\u20132014, 2014\u20132019, dan 2019\u20132024). Pada periode keempat, ia mewakili daerah pemilihan Kepulauan Bangka Belitung. Rudianto merupakan kader Partai Demokrasi Indonesia Perjuangan, ia duduk di Komisi I.",
            "profilePic": "https://upload.wikimedia.org/wikipedia/commons/thumb/a/a3/Anggota_DPR_Rudianto_Tjen.jpg/220px-Anggota_DPR_Rudianto_Tjen.jpg",
            "communityID": "51d187b9-004f-4e3a-8141-e785ddf293aa",
            "sites": {
                "name": "Wikipedia",
                "url": "https://id.wikipedia.org/wiki/Rudianto_Tjen"
            }
        },
        {
            "name": "Bambang Patijaya",
            "title": "Calon Gubernur",
            "description": "Bambang Patijaya, S.E., M.M. (lahir 11 Juli 1977) adalah politikus Indonesia yang menjabat sebagai anggota DPR-RI periode 2019\u20132024. Ia mewakili daerah pemilihan Kepulauan Bangka Belitung. Bambang merupakan kader Partai Golongan Karya, ia duduk di Komisi VII.",
            "profilePic": "https://upload.wikimedia.org/wikipedia/commons/thumb/e/e2/Bambang_patijaya.jpg/220px-Bambang_patijaya.jpg",
            "communityID": "51d187b9-004f-4e3a-8141-e785ddf293aa",
            "sites": {
                "name": "Wikipedia",
                "url": "https://id.wikipedia.org/wiki/Bambang_Patijaya"
            }
        },
        {
            "name": "Maulan Aklil",
            "title": "Calon Gubernur",
            "description": "Dr. H. Maulan Aklil, S.I.P., M.Si. (lahir 4 Maret 1976) adalah Wali kota Pangkalpinang yang menjabat sejak 15 November 2018.",
            "profilePic": "https://upload.wikimedia.org/wikipedia/commons/thumb/6/66/Maulan_Aklil_Walikota_Pangkalpinang.jpg/220px-Maulan_Aklil_Walikota_Pangkalpinang.jpg",
            "communityID": "51d187b9-004f-4e3a-8141-e785ddf293aa",
            "sites": {
                "name": "Wikipedia",
                "url": "https://id.wikipedia.org/wiki/Maulan_Aklil"
            }
        },
        {
            "name": "Yusril Ihza Mahendra",
            "title": "Calon Gubernur",
            "description": "Prof. Dr. H. Yusril Ihza Mahendra, S.H., M.Sc. gelar Datuak Maharajo Palinduang (lahir 5 Februari 1956) adalah seorang advokat, akademisi di bidang hukum tata negara, politikus, dan salah seorang tokoh pemikir dan intelektual Indonesia. Ia pernah bekerja di Sekretariat Negara sebagai penulis pidato Presiden Soeharto dan B.J. Habibie, kemudian menjadi anggota DPR/MPR RI,  dan selanjutnya menjabat sebagai Menteri Hukum dan Perundang-Undangan,  Menteri Kehakiman dan Hak Asasi Manusia dan Menteri Sekretaris Negara Republik Indonesia. Ia juga aktif dalam berbagai kegiatan di tingkat internasional, seperti ASEAN, AALCO dan Organisasi Kerjasama Islam (OKI). Ia pernah menjadi Ketua Panitia Penyelenggara Konferensi Internasional tentang Tsunami dan Konferensi Tingkat Tinggi (KTT) Asia Afrika II di Jakarta. Yusril juga beberapa kali memimpin delegasi Republik Indonesia ke persidangan Perserikatan Bangsa-Bangsa (PBB) untuk membahas dan mensahkan berbagai Konvensi Internasional, antara lain UN Convention on Transnational Organized Crime di Palermo, Italia, dan UN Convention Against Corruption di Markas PBB di New York.  Yusril juga pernah  menjadi President dari Asian-African Legal Consultative Organization (AALCO) yang bermarkas di New Delhi, India.",
            "profilePic": "https://upload.wikimedia.org/wikipedia/id/thumb/2/20/Yusril_Ihza_Mahendra_PBB.png/220px-Yusril_Ihza_Mahendra_PBB.png",
            "communityID": "51d187b9-004f-4e3a-8141-e785ddf293aa",
            "sites": {
                "name": "Wikipedia",
                "url": "https://id.wikipedia.org/wiki/Yusril_Ihza_Mahendra"
            }
        },
        {
            "name": "Basuri Tjahaja Purnama",
            "title": "Calon Gubernur",
            "description": "dr. Basuri Tjahaja Purnama, M.Gizi., Sp.GK. (lahir 1 Desember 1967) (\u937e\u842c\u6709, Tjoeng Wan Joe) atau paling dikenal dengan panggilan Hakka Yuyu (\u6709\u6709, Joe Joe) atau Yuyuk, adalah mantan Bupati Belitung Timur. Ia merupakan adik kandung dari Ir. Basuki Tjahaja Purnama, M.M. yang menjabat sebagai bupati periode 2005-2006 (Gubernur DKI Jakarta periode 2014-2017). Ia juga merupakan putra kedua dari Alm. Indra Tjahaja Purnama (Tjoeng Kiem Nam) dan Buniarti Ningsih (Boen Nen Tjauw).",
            "profilePic": "https://upload.wikimedia.org/wikipedia/commons/thumb/3/3f/Basuri_Tjahja_Purnama.jpg/220px-Basuri_Tjahja_Purnama.jpg",
            "communityID": "51d187b9-004f-4e3a-8141-e785ddf293aa",
            "sites": {
                "name": "Wikipedia",
                "url": "https://id.wikipedia.org/wiki/Basuri_Tjahaja_Purnama"
            }
        }
    ],
    "source": "https://id.wikipedia.org/wiki/Pemilihan_umum_Gubernur_Kepulauan_Bangka_Belitung_2024",
    "path": "provinsi-kepulauan-bangka-belitung"
}