{
    "title": "Pemilihan umum Gubernur Gorontalo 2024",
    "region": "Gorontalo",
    "level": "PROVINSI",
    "candidates": [
        {
            "name": "Idris Rahim",
            "title": "Calon Gubernur",
            "description": "Dr. Drs. H. Idris Rahim, MM.  (lahir 10 Agustus 1954) adalah mantan birokrat dan juga politikus Indonesia yang pernah menjabat sebagai Wakil Gubernur Gorontalo dua periode yakni 2012\u20132017 dan 2017\u20132022. Sebelumnya ia menjabat sebagai Sekretaris Daerah Provinsi Gorontalo periode 2006\u20132012.",
            "profilePic": "https://upload.wikimedia.org/wikipedia/commons/thumb/c/c6/Wakil_Gubernur_Gorontalo_Idris_Rahim_%282014%29.jpg/220px-Wakil_Gubernur_Gorontalo_Idris_Rahim_%282014%29.jpg",
            "communityID": "de5e975d-086e-4048-8ee3-0279f109774f",
            "sites": {
                "name": "Wikipedia",
                "url": "https://id.wikipedia.org/wiki/Idris_Rahim"
            }
        },
        {
            "name": "Rachmad Gobel",
            "title": "Calon Gubernur",
            "description": "Dr. (H.C.) H. Rachmad Gobel (lahir 3 September 1962) adalah seorang pengusaha dan politikus Indonesia. Ia merupakan generasi kedua dari keluarga Gobel yang mengendalikan perusahaan National Gobel Group yang didirikan oleh ayahnya, Thayeb Mohammad Gobel. National Gobel Group sekarang telah berganti nama menjadi Panasonic Gobel Group.",
            "profilePic": "https://upload.wikimedia.org/wikipedia/commons/thumb/4/49/Rachmad_Gobel%2C_Wakil_Ketua_DPR.jpg/220px-Rachmad_Gobel%2C_Wakil_Ketua_DPR.jpg",
            "communityID": "de5e975d-086e-4048-8ee3-0279f109774f",
            "sites": {
                "name": "Wikipedia",
                "url": "https://id.wikipedia.org/wiki/Rachmad_Gobel"
            }
        },
        {
            "name": "Sandiaga Uno",
            "title": "Calon Gubernur",
            "description": "Dr. H. Sandiaga Salahuddin Uno, B.B.A., M.B.A. (lahir 28 Juni 1969), lebih dikenal dengan nama Sandiaga Uno adalah seorang Wirausahawan serta Politisi kelahiran Riau, Sumatera, berdarah Gorontalo dan Jawa, berkebangsaan Indonesia.",
            "profilePic": "https://upload.wikimedia.org/wikipedia/commons/thumb/6/6f/Sandiaga_Uno%2C_Menteri_Pariwisata_dan_Ekonomi_Kreatif.png/200px-Sandiaga_Uno%2C_Menteri_Pariwisata_dan_Ekonomi_Kreatif.png",
            "communityID": "de5e975d-086e-4048-8ee3-0279f109774f",
            "sites": {
                "name": "Wikipedia",
                "url": "https://id.wikipedia.org/wiki/Sandiaga_Uno"
            }
        },
        {
            "name": "Adhyaksa Dault",
            "title": "Calon Gubernur",
            "description": "Dr. H. Adhyaksa Dault, S.H., M.Si. (lahir 7 Juni 1963) merupakan politikus Indonesia yang menjabat Menteri Negara Pemuda dan Olahraga dalam Kabinet Indonesia Bersatu (2004\u20132009). Ia adalah keturunan Gorontalo dan Mandar. Ia juga merupakan menteri termuda pada saat kabinet tersebut pertama kali diumumkan.",
            "profilePic": "",
            "communityID": "de5e975d-086e-4048-8ee3-0279f109774f",
            "sites": {
                "name": "Wikipedia",
                "url": "https://id.wikipedia.org/wiki/Adhyaksa_Dault"
            }
        }
    ],
    "source": "https://id.wikipedia.org/wiki/Pemilihan_umum_Gubernur_Gorontalo_2024",
    "path": "provinsi-gorontalo"
}