{
    "title": "Pemilihan umum Gubernur Papua Selatan 2024",
    "region": "Papua Selatan",
    "level": "PROVINSI",
    "candidates": [
        {
            "name": "Frederikus Gebze",
            "title": "Calon Gubernur",
            "description": "Frederikus Gebze (lahir di Merauke, Papua, 25 November 1971) adalah seorang politisi asal Merauke, Papua, Indonesia",
            "profilePic": "",
            "communityID": "2c4e11ff-a081-47dd-be86-944e59c60457",
            "sites": {
                "name": "Wikipedia",
                "url": "https://id.wikipedia.org/wiki/Frederikus_Gebze"
            }
        },
        {
            "name": "Mathius D. Fakhiri",
            "title": "Calon Gubernur",
            "description": "Irjen. Pol. Mathius Derek Fakhiri, S.I.K., M.H. (lahir 6 Januari 1968) adalah seorang perwira tinggi Polri yang sejak 18 Februari 2021 mengemban amanat sebagai Kepala Kepolisian Daerah Papua.",
            "profilePic": "https://upload.wikimedia.org/wikipedia/commons/thumb/0/06/Kunjungan_Dubes_Blake_ke_Maluku_Utara_dan_Papua_%28Mathius_Fakhiri%29.jpg/220px-Kunjungan_Dubes_Blake_ke_Maluku_Utara_dan_Papua_%28Mathius_Fakhiri%29.jpg",
            "communityID": "2c4e11ff-a081-47dd-be86-944e59c60457",
            "sites": {
                "name": "Wikipedia",
                "url": "https://id.wikipedia.org/wiki/Mathius_D._Fakhiri"
            }
        },
        {
            "name": "Johanes Gluba Gebze",
            "title": "Calon Gubernur",
            "description": null,
            "profilePic": "",
            "communityID": "2c4e11ff-a081-47dd-be86-944e59c60457",
            "sites": null
        },
        {
            "name": "Romanus Mbaraka",
            "title": "Calon Gubernur",
            "description": "Drs. Romanus Mbaraka, M.T. (lahir 8 April 1969) adalah politikus Indonesia. Ia adalah Bupati Merauke 2 periode yakni 2011\u20142016 dan 2021\u20142024. Bersama wakilnya, Ridwan, mereka berhasil memenangkan pemilihan umum Bupati Merauke 2020.",
            "profilePic": "https://upload.wikimedia.org/wikipedia/commons/thumb/9/98/Coat_of_arms_of_Papua_2.svg/50px-Coat_of_arms_of_Papua_2.svg.png",
            "communityID": "2c4e11ff-a081-47dd-be86-944e59c60457",
            "sites": {
                "name": "Wikipedia",
                "url": "https://id.wikipedia.org/wiki/Romanus_Mbaraka"
            }
        },
        {
            "name": "Yusak Yaluwo",
            "title": "Calon Gubernur",
            "description": "Yusak Yaluwo, S.H., M.Si. (lahir 20 Mei 1970) adalah politikus Indonesia yang menjabat Bupati Boven Digoel 2 periode yakni 2005\u20142010 dan 2010\u20142013. Yusak pernah menjabat sebagai Wakil Ketua DPRD Boven Digoel.",
            "profilePic": "https://upload.wikimedia.org/wikipedia/commons/thumb/8/81/KPU_Yusak_Yaluwo.png/220px-KPU_Yusak_Yaluwo.png",
            "communityID": "2c4e11ff-a081-47dd-be86-944e59c60457",
            "sites": {
                "name": "Wikipedia",
                "url": "https://id.wikipedia.org/wiki/Yusak_Yaluwo"
            }
        }
    ],
    "source": "https://id.wikipedia.org/wiki/Pemilihan_umum_Gubernur_Papua_Selatan_2024",
    "path": "provinsi-papua-selatan"
}