{
    "title": "Pemilihan umum Gubernur Maluku Utara 2024",
    "region": "Maluku Utara",
    "level": "PROVINSI",
    "candidates": [
        {
            "name": "Al Yasin Ali",
            "title": "Calon Gubernur",
            "description": "Ir. H. M. Al Yasin Ali, M.M.T. (lahir 25 Mei 1958) adalah politikus Partai Demokrasi Indonesia Perjuangan (PDI-P) yang menjabat sebagai Pelaksana Tugas Gubernur Maluku Utara sejak 2023 menggantikan Abdul Gani Kasuba yang terjerat kasus korupsi. Sebelumnya ia menjabat sebagai Wakil Gubernur Maluku Utara periode 2019\u20132023. Ia pernah menjabat sebagai Bupati Halmahera Tengah 2 periode yakni 2007\u20132012 dan 2012\u20132017.",
            "profilePic": "https://upload.wikimedia.org/wikipedia/commons/thumb/7/71/M_Al_Yasin_Ali.jpg/250px-M_Al_Yasin_Ali.jpg",
            "communityID": "c94f7411-53a9-465f-bc33-f7a2a4748c8e",
            "sites": {
                "name": "Wikipedia",
                "url": "https://id.wikipedia.org/wiki/Al_Yasin_Ali"
            }
        },
        {
            "name": "Ahmad Hidayat Mus",
            "title": "Calon Gubernur",
            "description": "H. Ahmad Hidayat Mus, S.E. (lahir 2 Juni 1969) adalah politikus Indonesia. Ia adalah Bupati Kepulauan Sula untuk dua periode yakni 2005\u20132010 dan 2010\u20132015. Ia pernah menjabat sebagai Ketua DPRD Kepulauan Sula antara 2004 dan 2005.",
            "profilePic": "https://upload.wikimedia.org/wikipedia/id/thumb/7/77/Bupati_Kep._Sula_Ahmad_Hidayat_Mus.jpg/220px-Bupati_Kep._Sula_Ahmad_Hidayat_Mus.jpg",
            "communityID": "c94f7411-53a9-465f-bc33-f7a2a4748c8e",
            "sites": {
                "name": "Wikipedia",
                "url": "https://id.wikipedia.org/wiki/Ahmad_Hidayat_Mus"
            }
        },
        {
            "name": "Muhammad Kasuba",
            "title": "Calon Gubernur",
            "description": "Dr. H. Muhammad Kasuba, M.A. (lahir 24 September 1960) adalah Bupati Halmahera Selatan 2 periode yakni 2005\u20132010 dan 2010\u20132015. Kasuba pernah menjabat sebagai Anggota DPRD Maluku Utara Fraksi PKS periode 2001\u20132005 dan Anggota DPRD Maluku Fraksi PKS periode 1999\u20132001. Kasuba merupakan adik Gubernur Maluku Utara Abdul Ghani Kasuba.",
            "profilePic": "",
            "communityID": "c94f7411-53a9-465f-bc33-f7a2a4748c8e",
            "sites": {
                "name": "Wikipedia",
                "url": "https://id.wikipedia.org/wiki/Muhammad_Kasuba"
            }
        },
        {
            "name": "Ali Ibrahim",
            "title": "Calon Gubernur",
            "description": "Capt. H. Ali Ibrahim, M.H. (lahir 12 Oktober 1959) adalah Wali Kota Tidore Kepulauan periode 2016-2021 dan 2021-2024. Ia menjabat untuk periode kedua sejak 26 Februari 2021 setelah dilantik Gubernur Maluku Utara, Abdul Ghani Kasuba di Aula Nuku Kantor Gubernur Maluku Utara, Sofifi. Ia juga merupakan politisi PDI Perjuangan dan dipercaya sebagai Ketua Dewan Pertimbangan DPC PDI Perjuangan Kota Tidore Kepulauan.",
            "profilePic": "https://upload.wikimedia.org/wikipedia/commons/thumb/4/41/Wali_Kota_Tidore_Kepulauan_Ali_Ibrahim.png/220px-Wali_Kota_Tidore_Kepulauan_Ali_Ibrahim.png",
            "communityID": "c94f7411-53a9-465f-bc33-f7a2a4748c8e",
            "sites": {
                "name": "Wikipedia",
                "url": "https://id.wikipedia.org/wiki/Ali_Ibrahim"
            }
        },
        {
            "name": "Frans Manery",
            "title": "Calon Gubernur",
            "description": "Ir. Frans Manery (lahir 17 Februari 1956) adalah Bupati Halmahera Utara 2 periode yakni 2016\u20142021 dan 2021\u20142024.",
            "profilePic": "https://upload.wikimedia.org/wikipedia/commons/thumb/e/e8/Ir._Frans_Manery.jpg/200px-Ir._Frans_Manery.jpg",
            "communityID": "c94f7411-53a9-465f-bc33-f7a2a4748c8e",
            "sites": {
                "name": "Wikipedia",
                "url": "https://id.wikipedia.org/wiki/Frans_Manery"
            }
        },
        {
            "name": "Tauhid Soleman",
            "title": "Calon Gubernur",
            "description": "Dr. M. Tauhid Soleman, M.Si. (lahir 13 Februari 1970) adalah Wali Kota Ternate periode 2021\u20132024. Ia menjabat sejak 26 April 2021 setelah dilantik Gubernur Maluku Utara, Abdul Ghani Kasuba di Aula Nuku Kantor Gubernur Maluku Utara, Sofifi.",
            "profilePic": "https://upload.wikimedia.org/wikipedia/commons/thumb/7/7b/M_TAUHID_SOLEMAN_2020.jpg/150px-M_TAUHID_SOLEMAN_2020.jpg",
            "communityID": "c94f7411-53a9-465f-bc33-f7a2a4748c8e",
            "sites": {
                "name": "Wikipedia",
                "url": "https://id.wikipedia.org/wiki/Tauhid_Soleman"
            }
        },
        {
            "name": "Rahmawati Muhammad",
            "title": "Calon Gubernur",
            "description": null,
            "profilePic": "",
            "communityID": "c94f7411-53a9-465f-bc33-f7a2a4748c8e",
            "sites": null
        },
        {
            "name": "Aliong Mus",
            "title": "Calon Gubernur",
            "description": "H. Aliong Mus, S.T. (lahir 3 Oktober 1977) adalah politikus Indonesia yang menjabat sebagai Bupati Pulau Taliabu pada masa jabatan 2016\u20132021 dan 2021\u20132024.",
            "profilePic": "https://upload.wikimedia.org/wikipedia/commons/thumb/c/c6/Bupati_Pulau_Taliabu_Aliong_Mus.jpg/220px-Bupati_Pulau_Taliabu_Aliong_Mus.jpg",
            "communityID": "c94f7411-53a9-465f-bc33-f7a2a4748c8e",
            "sites": {
                "name": "Wikipedia",
                "url": "https://id.wikipedia.org/wiki/Aliong_Mus"
            }
        },
        {
            "name": "Husain Alting Sjah",
            "title": "Calon Gubernur",
            "description": "Sultan H. Husain Alting Sjah, S.E., M.M. (lahir 1 Maret 1964) adalah bangsawan Tidore, senator dan mantan birokrat Indonesia. Dia adalah sultan ke-37 dari Kesultanan Tidore sejak 2014. Selain itu dia juga merupakan anggota DPD RI asal Provinsi Maluku Utara, yang dilantik pada 1 Oktober 2019.",
            "profilePic": "https://upload.wikimedia.org/wikipedia/commons/thumb/d/db/Senator_Husain_Alting_Sjah.jpg/220px-Senator_Husain_Alting_Sjah.jpg",
            "communityID": "c94f7411-53a9-465f-bc33-f7a2a4748c8e",
            "sites": {
                "name": "Wikipedia",
                "url": "https://id.wikipedia.org/wiki/Husain_Syah_dari_Tidore"
            }
        },
        {
            "name": "Edi Langkara",
            "title": "Calon Gubernur",
            "description": "Edi Langkara  (lahir 12 September 1966) adalah seorang politisi Indonesia yang menjabat sebagai Bupati Halmahera Tengah. Ia lahir dari pasangan Langkara Hidayat dan Asia Karim. Ia tercatat sebagai mahasiswa Sekolah Tinggi Ilmu Sosial dan Ilmu Politik Merdeka Manado dan lulus 1993. Ia melanjutkan ke jenjang S2 dan mendapat gelar Magister Hukum dari Universitas Hasanuddin Makassar pada 2005.",
            "profilePic": "https://upload.wikimedia.org/wikipedia/commons/thumb/a/a1/Edi_Langkara%2C_2017.jpg/220px-Edi_Langkara%2C_2017.jpg",
            "communityID": "c94f7411-53a9-465f-bc33-f7a2a4748c8e",
            "sites": {
                "name": "Wikipedia",
                "url": "https://id.wikipedia.org/wiki/Edi_Langkara"
            }
        },
        {
            "name": "Bahrain Kasuba",
            "title": "Calon Gubernur",
            "description": "H. Bahrain Kasuba, S.Pd., M.Pd. (lahir 29 Januari 1967) adalah Bupati Halmahera Selatan sejak 23 Mei 2016. Bahrain pernah menjabat sebagai Ketua DPRD Halmahera Selatan periode 2009\u20132014. Bahrain merupakan keponakan Gubernur Maluku Utara Abdul Ghani Kasuba serta mantan Bupati Halmahera Selatan Muhammad Kasuba.",
            "profilePic": "https://upload.wikimedia.org/wikipedia/commons/thumb/3/33/Bahrain_Kasuba_Bupati_Halmahera_Selatan_periode_2016-2021.jpg/200px-Bahrain_Kasuba_Bupati_Halmahera_Selatan_periode_2016-2021.jpg",
            "communityID": "c94f7411-53a9-465f-bc33-f7a2a4748c8e",
            "sites": {
                "name": "Wikipedia",
                "url": "https://id.wikipedia.org/wiki/Bahrain_Kasuba"
            }
        },
        {
            "name": "Namto Hui Roba",
            "title": "Calon Gubernur",
            "description": "Ir. Namto Hui Roba, S.H. (lahir 23 November 1958) adalah Anggota DPD RI periode 2019\u20142024. Namto Hui Roba pernah menjabat sebagai Bupati Halmahera Barat 2 periode yakni 2006\u20142011 dan 2011\u20142016. Ia juga ayah dari Irene Yusiana Roba Putri (Anggota DPR RI dari PDI Perjuangan).",
            "profilePic": "https://upload.wikimedia.org/wikipedia/commons/thumb/8/86/Senator_Namto_Roba.jpg/220px-Senator_Namto_Roba.jpg",
            "communityID": "c94f7411-53a9-465f-bc33-f7a2a4748c8e",
            "sites": {
                "name": "Wikipedia",
                "url": "https://id.wikipedia.org/wiki/Namto_Hui_Roba"
            }
        }
    ],
    "source": "https://id.wikipedia.org/wiki/Pemilihan_umum_Gubernur_Maluku_Utara_2024",
    "path": "provinsi-maluku-utara"
}