{
    "title": "Pemilihan umum Gubernur Sulawesi Tengah 2024",
    "region": "Sulawesi Tengah",
    "level": "PROVINSI",
    "path": "provinsi-sulawesi-tengah",
    "source": "https://id.wikipedia.org/wiki/Pemilihan_umum_Gubernur_Sulawesi_Tengah_2024",
    "communityID": "f1ebd790-0335-4172-907a-ccaac5c9101d",
    "candidates": [
        {
            "name": "Rusdy Mastura",
            "description": "H. Rusdy Mastura (lahir 8 Februari 1950) adalah Gubernur Sulawesi Tengah periode 2021\u20142024. Ia pernah menjabat sebagai Wali Kota Palu selama dua periode yakni pada tahun 2005\u20142010 dan 2010\u20142015 serta Ketua DPRD Kota Palu selama dua periode yakni 1999\u20142004 dan 2004\u20142005.\n",
            "profilePic": "https://upload.wikimedia.org/wikipedia/commons/2/23/Governor_of_Central_Sulawesi_Rusdi_Mastura.jpg",
            "title": "Gubernur Sulawesi Tengah",
            "sites": {
                "name": "Wikipedia",
                "url": "https://id.wikipedia.org/wiki/Rusdy_Mastura"
            },
            "communityID": "f1ebd790-0335-4172-907a-ccaac5c9101d"
        },
        {
            "name": "Ma'mun Amir",
            "description": "Drs. H. Ma'mun Amir (lahir 1 November 1952) adalah Wakil Gubernur Sulawesi Tengah periode 2021\u20142024. Ia pernah menjabat sebagai Bupati Banggai periode 2006\u20142011.\n",
            "profilePic": "https://upload.wikimedia.org/wikipedia/commons/7/78/Ma%27mun_Amir%2C_Vice_Governor_of_Central_Sulawesi.jpg",
            "title": "Wakil Gubernur Sulawesi Tengah",
            "sites": {
                "name": "Wikipedia",
                "url": "https://id.wikipedia.org/wiki/Ma%27mun_Amir"
            },
            "communityID": "f1ebd790-0335-4172-907a-ccaac5c9101d"
        },
        {
            "name": "J. Mario Belougi",
            "description": "",
            "profilePic": "",
            "title": "Aktivis pro-demokrasi Indonesia",
            "sites": {},
            "communityID": "f1ebd790-0335-4172-907a-ccaac5c9101d"
        },
        {
            "name": "Hidayat Lamakarate",
            "description": "Dr. H. Mohammad Hidayat Lamakarate, S.I.P., M.Si. (lahir 8 Oktober 1970) adalah birokrat Indonesia yang menjabat Sekretaris Daerah Provinsi Sulawesi Tengah sejak 11 Agustus 2017 hingga 4 September 2020.[1] Sebelumnya, ia menjabat sebagai Staf Ahli Gubernur Bidang Pemerintahan, Hukum dan Politik. Ia juga pernah menjadi Penjabat Wali Kota Palu[2][3] dan Penjabat Bupati Banggai Laut.[4]\n",
            "profilePic": "https://upload.wikimedia.org/wikipedia/commons/9/94/Hidayat_Lamakarate.jpg",
            "title": "Mantan Sekda Sulteng",
            "sites": {
                "name": "Wikipedia",
                "url": "https://id.wikipedia.org/wiki/Hidayat_Lamakarate"
            },
            "communityID": "f1ebd790-0335-4172-907a-ccaac5c9101d"
        },
        {
            "name": "Muhammad Ali Panangi",
            "description": "",
            "profilePic": "",
            "title": "Tokoh Nelayan Tradisional Indonesia",
            "sites": {},
            "communityID": "f1ebd790-0335-4172-907a-ccaac5c9101d"
        },
        {
            "name": "Kasman Lassa",
            "description": "Dr. Drs. Kasman Lassa, S.H., M.H. (lahir 21 April 1961) adalah birokrat dan politikus Indonesia yang menjabat Bupati Donggala 2 periode yakni 2014\u20142019 dan 2019\u20142024. Kasman pernah menjabat sebagai Staf Ahli Gubernur Sulawesi Tengah bidang Hukum dan Politik.\n",
            "profilePic": "https://upload.wikimedia.org/wikipedia/commons/0/01/Kasman_Lassa.jpg",
            "title": "Bupati Donggala",
            "sites": {
                "name": "Wikipedia",
                "url": "https://id.wikipedia.org/wiki/Kasman_Lassa"
            },
            "communityID": "f1ebd790-0335-4172-907a-ccaac5c9101d"
        },
        {
            "name": "Anwar Hafid",
            "description": "Dr. H. Anwar Hafid, M.Si. (lahir 14 Agustus 1969) adalah seorang politikus Indonesia. Saat ini menjabat sebagai Anggota DPR-RI sejak 2014. Ia mewakili daerah pemilihan Sulawesi Tengah. Sebelumnya ia menjabat sebagai Bupati Morowali dari 2007 hingga 2018. dan sebagai Asisten Bagian Pemerintahan Kabupaten Luwu Timur. Anwar merupakan kader Partai Demokrat. Bertugas Komisi V (Sebelumnya di Komisi IX dan Komisi II[1]\n",
            "profilePic": "https://upload.wikimedia.org/wikipedia/commons/5/54/KPU_Anwar_Hafid.jpg",
            "title": "Anggota DPR RI",
            "sites": {
                "name": "Wikipedia",
                "url": "https://id.wikipedia.org/wiki/Anwar_Hafid"
            },
            "communityID": "f1ebd790-0335-4172-907a-ccaac5c9101d"
        },
        {
            "name": "Mohamad Irwan Lapatta",
            "description": "Mohamad Irwan Lapatta, M.Si. (lahir 19 September 1968) adalah bupati kabupaten Sigi, provinsi Sulawesi Tengah, Indonesia.[1] Mohamad Irwan menjabat untuk kedua kalinya, dimana pada periode I 2016-2021, ia didampingi oleh wakilnya Paulina Lallo, S.E., M.Si. Sementara pada periode II 2021-2024, ia didampingi oleh wakilnya Samuel Yansen Pongi, menang dengan persentasi 55,60% (77.376 suara).[2]\n",
            "profilePic": "",
            "title": "Bupati Sigi",
            "sites": {
                "name": "Wikipedia",
                "url": "https://id.wikipedia.org/wiki/Mohamad_Irwan_Lapatta"
            },
            "communityID": "f1ebd790-0335-4172-907a-ccaac5c9101d"
        },
        {
            "name": "Sigit Purnomo Said",
            "description": "Sigit Purnomo Syamsuddin Said S.A.P. yang lebih dikenal sebagai Pasha (lahir 27 November 1979) adalah seorang penyanyi dan politikus Indonesia yang menjabat sebagai Wakil Wali Kota Palu, Sulawesi Tengah pada periode 2016\u20132021. Sebelum terjun ke dunia politik, Pasha merupakan vokalis grup musik Ungu. Pasha bergabung dengan Ungu pada tahun 1998.\n",
            "profilePic": "https://upload.wikimedia.org/wikipedia/commons/e/ef/KPU_Sigit_Purnomo_Syamsudin_Said.jpg",
            "title": "Mantan Wakil Wali Kota Palu",
            "sites": {
                "name": "Wikipedia",
                "url": "https://id.wikipedia.org/wiki/Sigit_Purnomo_Said"
            },
            "communityID": "f1ebd790-0335-4172-907a-ccaac5c9101d"
        },
        {
            "name": "Adhyaksa Dault",
            "description": "Dr. H. Adhyaksa Dault, S.H., M.Si. (lahir 7 Juni 1963) merupakan politikus Indonesia yang menjabat Menteri Negara Pemuda dan Olahraga dalam Kabinet Indonesia Bersatu (2004\u20132009). Ia adalah keturunan Gorontalo dan Mandar. Ia juga merupakan menteri termuda pada saat kabinet tersebut pertama kali diumumkan.\n",
            "profilePic": "https://upload.wikimedia.org/wikipedia/id/7/73/Kwartir_Nasional_Adhyaksa_Dault.jpg",
            "title": "Mantan Ketua Kwartir Nasional Gerakan Pramuka",
            "sites": {
                "name": "Wikipedia",
                "url": "https://id.wikipedia.org/wiki/Adhyaksa_Dault"
            },
            "communityID": "f1ebd790-0335-4172-907a-ccaac5c9101d"
        },
        {
            "name": "Ahmad Ali",
            "description": "Ahmad H.M. Ali, S.E. (lahir 16 Mei 1969) adalah seorang pengusaha dan politikus Indonesia. Saat ini menjabat sebagai Anggota DPR-RI sejak 2014. Ia mewakili daerah pemilihan Sulawesi Tengah. Ali merupakan kader Partai NasDem dan duduk di Komisi III, merangkap sebagai Ketua Fraksi Partai NasDem.[1][2][3]\n",
            "profilePic": "https://upload.wikimedia.org/wikipedia/commons/c/ca/Anggota_DPR_Ahmad_Ali.jpg",
            "title": "Anggota DPR RI",
            "sites": {
                "name": "Wikipedia",
                "url": "https://id.wikipedia.org/wiki/Ahmad_Ali"
            },
            "communityID": "f1ebd790-0335-4172-907a-ccaac5c9101d"
        },
        {
            "name": "Muhidin M. Said",
            "description": "H. Muhidin Mohamad Said, S.E., M.B.A. (lahir 7 Oktober 1950) adalah seorang pengusaha dan politikus Indonesia. Saat ini menjabat sebagai Anggota DPR-RI selama empat periode sejak 2004. Ia mewakili daerah pemilihan Sulawesi Tengah. Muhidin merupakan kader Partai Golongan Karya dan saat ini duduk di Komisi XI.[1][2]\n",
            "profilePic": "https://upload.wikimedia.org/wikipedia/commons/9/93/Anggota_DPR_Muhidin_Mohamad_Said.jpg",
            "title": "Anggota DPR RI",
            "sites": {
                "name": "Wikipedia",
                "url": "https://id.wikipedia.org/wiki/Muhidin_M._Said"
            },
            "communityID": "f1ebd790-0335-4172-907a-ccaac5c9101d"
        },
        {
            "name": "Nurmawati Dewi Bantilan",
            "description": "Hj. Nurmawati Dewi Bantilan, SE (lahir 16 September 1971) adalah seorang politikus Indonesia yang menjabat sebagai anggota Dewan Perwakilan Daerah Republik Indonesia mewakili Provinsi Sulawesi Tengah periode 2004-2009, 2009-2014 dan 2014-2019. Putri dari mantan bupati Kabupaten Tolitoli, H. Ma'ruf Bantilan itu juga dikenal sebagai salah satu deklarator sebuah organisasi kemasyarakatan bernama Barisan Indonesia.[1]\n",
            "profilePic": "",
            "title": "Anggota DPD RI",
            "sites": {
                "name": "Wikipedia",
                "url": "https://id.wikipedia.org/wiki/Nurmawati_Dewi_Bantilan"
            },
            "communityID": "f1ebd790-0335-4172-907a-ccaac5c9101d"
        },
        {
            "name": "Mohammad Saleh Bantilan",
            "description": "",
            "profilePic": "",
            "title": "Mantan Bupati Tolitoli",
            "sites": {},
            "communityID": "f1ebd790-0335-4172-907a-ccaac5c9101d"
        },
        {
            "name": "Mohammad Lahay",
            "description": "Mohammad Lahay, S.E., M.M. (lahir 24 Oktober 1961) adalah Bupati Tojo Una-Una periode 2016\u20132021 dan 2021\u20132024.[1] Ia menjabat untuk periode kedua sejak 30 April 2021 setelah dilantik Gubernur Sulawesi Tengah, Longki Djanggola di Ruang Polibu Kantor Gubernur Sulawesi Tengah, Palu.[2]\n",
            "profilePic": "",
            "title": "Bupati Tojo Una-Una",
            "sites": {
                "name": "Wikipedia",
                "url": "https://id.wikipedia.org/wiki/Mohammad_Lahay"
            },
            "communityID": "f1ebd790-0335-4172-907a-ccaac5c9101d"
        },
        {
            "name": "S.U. Marunduh",
            "description": "Drs. Sumisi Umi Marunduh, M.Hum. (lahir 23 November 1946) adalah Wakil Bupati Morowali 2 periode yakni 2008\u20142013 dan 2013\u20142018.[1] Ia adalah wakil dari Bupati Morowali, Anwar Hafid.\n",
            "profilePic": "",
            "title": "Wakil Bupati Morowali",
            "sites": {
                "name": "Wikipedia",
                "url": "https://id.wikipedia.org/wiki/S.U._Marunduh"
            },
            "communityID": "f1ebd790-0335-4172-907a-ccaac5c9101d"
        },
        {
            "name": "Samsurizal Tombolotutu",
            "description": "Kolonel Inf. TNI. (Purn.) H. Samsurizal Tombolotutu[1] (lahir 3 Maret 1958) adalah tokoh militer dan politikus Indonesia. Ia sekarang menjabat Bupati Parigi Moutong 3 periode yakni 2011\u20142013, 2013\u20142018 dan 2018\u20142023. Ia juga pernah menjabat sebagai Wakil Bupati Parigi Moutong periode 2008\u20142011.\n",
            "profilePic": "https://upload.wikimedia.org/wikipedia/commons/9/99/Bupati_Parigi_Moutong_Samsurizal_Tombolotutu.jpg",
            "title": "Bupati Parigi Moutong",
            "sites": {
                "name": "Wikipedia",
                "url": "https://id.wikipedia.org/wiki/Samsurizal_Tombolotutu"
            },
            "communityID": "f1ebd790-0335-4172-907a-ccaac5c9101d"
        },
        {
            "name": "Habir Ponulele",
            "description": "Drs. H. Habir Ponulele's, M.M. (lahir 20 April 1950) adalah Bupati Donggala 2 periode yakni 2006\u20142008 dan 2008\u20142013. Ia menggantikan Adam Ardjad Lamarauna yang meninggal dunia pada 2006.[1] Sebelumnya, ia adalah Wakil Bupati Donggala periode 2004\u20142006.\n",
            "profilePic": "",
            "title": "Mantan Bupati Donggala",
            "sites": {
                "name": "Wikipedia",
                "url": "https://id.wikipedia.org/wiki/Habir_Ponulele"
            },
            "communityID": "f1ebd790-0335-4172-907a-ccaac5c9101d"
        },
        {
            "name": "Rudi Dewanto",
            "description": "",
            "profilePic": "",
            "title": "Pj. Sekretaris Daerah Sulawesi Tengah",
            "sites": {},
            "communityID": "f1ebd790-0335-4172-907a-ccaac5c9101d"
        },
        {
            "name": "Susi E.W Mastura",
            "description": "",
            "profilePic": "",
            "title": "Anggota DPRD Prov. Sulawesi Tengah",
            "sites": {},
            "communityID": "f1ebd790-0335-4172-907a-ccaac5c9101d"
        },
        {
            "name": "Darmin Sigilipu",
            "description": "Kolonel Mar. (Purn.) Darmin Agustinus Sigilipu (lahir 9 Agustus 1964), adalah seorang tokoh militer dan politikus asal Indonesia. Ia menjabat sebagai Bupati Poso sejak tanggal 17 Februari 2016 hingga 17 Februari 2021. Sebelumnya, dia sempat meniti karier di kemiliteran dan berdinas di TNI Angkatan Laut. Jabatan terakhirnya sebelum pensiun dari TNI adalah Staf Ahli A Wilayah Nasional Panglima Komando Armada Republik Indonesia Kawasan Timur TNI-AL sejak tahun 2014 hingga 2015.\n",
            "profilePic": "https://upload.wikimedia.org/wikipedia/id/5/56/Darmin_Agustinus_Sigilipu.png",
            "title": "Mantan Bupati Poso",
            "sites": {
                "name": "Wikipedia",
                "url": "https://id.wikipedia.org/wiki/Darmin_Sigilipu"
            },
            "communityID": "f1ebd790-0335-4172-907a-ccaac5c9101d"
        }
    ]
}