{
    "title": "Pemilihan umum Gubernur Jawa Tengah 2024",
    "region": "Jawa Tengah",
    "level": "PROVINSI",
    "candidates": [
        {
            "name": "Taj Yasin Maimoen",
            "title": "Calon Gubernur",
            "description": "K.H. Taj Yasin Maimoen (lahir 2 Juli 1983), dikenal dengan sapaan Gus Yasin, merupakan Wakil Gubernur Jawa Tengah periode 2018\u20132023. Ia adalah wakil dari Gubernur Jawa Tengah, Ganjar Pranowo.",
            "profilePic": "https://upload.wikimedia.org/wikipedia/commons/thumb/3/32/Taj_Yasin_Maimoen%2C_Wagub_Jateng.jpg/200px-Taj_Yasin_Maimoen%2C_Wagub_Jateng.jpg",
            "communityID": "52e3b3b8-3f28-44ec-9017-8c57cc43bdf5",
            "sites": {
                "name": "Wikipedia",
                "url": "https://id.wikipedia.org/wiki/Taj_Yasin_Maimoen"
            }
        },
        {
            "name": "Hendrar Prihadi",
            "title": "Calon Gubernur",
            "description": "Dr. Hendrar Prihadi, S.E., M.M. (lahir 30 Maret 1971), dikenal dengan sapaan Hendi adalah Kepala Lembaga Kebijakan Pengadaan Barang/Jasa Pemerintah yang menjabat sejak tanggal 10 Oktober 2022. Sebelumnya, ia pernah menjabat sebagai Wali Kota Semarang selama dua periode dan Wakil Wali Kota Semarang.",
            "profilePic": "https://upload.wikimedia.org/wikipedia/commons/thumb/f/fa/Ketua_LKPP_Hendrar_Prihadi.jpg/250px-Ketua_LKPP_Hendrar_Prihadi.jpg",
            "communityID": "52e3b3b8-3f28-44ec-9017-8c57cc43bdf5",
            "sites": {
                "name": "Wikipedia",
                "url": "https://id.wikipedia.org/wiki/Hendrar_Prihadi"
            }
        },
        {
            "name": "Sudaryono",
            "title": "Calon Gubernur",
            "description": null,
            "profilePic": "",
            "communityID": "52e3b3b8-3f28-44ec-9017-8c57cc43bdf5",
            "sites": null
        },
        {
            "name": "Bambang Wuryanto",
            "title": "Calon Gubernur",
            "description": "Ir. Bambang Wuryanto, MBA (lahir 17 Juli 1956), yang dikenal dengan nama Bambang Pacul1 adalah seorang politikus berkebangsaan Indonesia yang menjabat sebagai anggota Dewan Perwakilan Rakyat untuk daerah pemilihan Jawa Tengah IV sejak tahun 2004. Ia mengawali kiprah politiknya saat bergabung dengan Partai Demokrasi Indonesia Perjuangan (PDI-P) pada 2000.",
            "profilePic": "https://upload.wikimedia.org/wikipedia/commons/thumb/5/54/Anggota_DPR_Bambang_Wuryanto.jpg/220px-Anggota_DPR_Bambang_Wuryanto.jpg",
            "communityID": "52e3b3b8-3f28-44ec-9017-8c57cc43bdf5",
            "sites": {
                "name": "Wikipedia",
                "url": "https://id.wikipedia.org/wiki/Bambang_Wuryanto"
            }
        },
        {
            "name": "Dico Ganinduto",
            "title": "Calon Gubernur",
            "description": "Dico M. Ganinduto, B.Sc. (lahir 19 Februari 1990) adalah seorang politikus Indonesia dari Partai Golkar yang menjabat sebagai Bupati Kendal sejak 26 Februari 2021. Sebelumnya, ia adalah seorang pengusaha yang mencalonkan diri dalam pemilihan calon legislatif DPR RI Dapil 1 Jawa Tengah pada tahun 2018. Dico juga menjabat sebagai Presiden PERMIAS (Persatuan Mahasiswa Indonesia - AS) University of Tulsa pada tahun 2011-2012.",
            "profilePic": "https://upload.wikimedia.org/wikipedia/commons/thumb/6/6d/Dico_M_Ganinduto.jpg/220px-Dico_M_Ganinduto.jpg",
            "communityID": "52e3b3b8-3f28-44ec-9017-8c57cc43bdf5",
            "sites": {
                "name": "Wikipedia",
                "url": "https://id.wikipedia.org/wiki/Dico_Ganinduto"
            }
        },
        {
            "name": "Nana Sudjana",
            "title": "Calon Gubernur",
            "description": "Komjen. Pol. (Purn.) Drs. Nana Sudjana, M.M. (lahir 26 Maret 1965) adalah seorang purnawirawan Polri yang kini menjabat sebagai Inspektur Utama Setjen DPR RI dan sejak 5 September 2023 merangkap jabatan sebagai Penjabat Gubernur Jawa Tengah.",
            "profilePic": "https://upload.wikimedia.org/wikipedia/commons/thumb/e/e7/Nana_Sudjana_Pj._Gubernur_Jawa_Tengah.jpg/220px-Nana_Sudjana_Pj._Gubernur_Jawa_Tengah.jpg",
            "communityID": "52e3b3b8-3f28-44ec-9017-8c57cc43bdf5",
            "sites": {
                "name": "Wikipedia",
                "url": "https://id.wikipedia.org/wiki/Nana_Sudjana"
            }
        },
        {
            "name": "Kaesang Pangarep",
            "title": "Calon Gubernur",
            "description": "Kaesang Pangarep, B.Sc. (lahir 25 Desember 1994) adalah seorang pengusaha makanan, YouTuber Indonesia dan terjun ke dunia politik menjadi kader Partai Solidaritas Indonesia (PSI) mulai 23 September 2023. Sejak 25 September 2023, ia menjabat sebagai Ketua Umum Partai Solidaritas Indonesia (PSI) periode 2023\u20132028 menggantikan Giring Ganesha. Ia merupakan putra bungsu Presiden ke-7 Republik Indonesia, Joko Widodo, dan Ibu Negara, Iriana. Ia menikah dengan seorang wanita yang merupakan Puteri Indonesia Daerah Istimewa Yogyakarta 2022, bernama: Erina Gudono, pada Sabtu, 10 Desember 2022.",
            "profilePic": "https://upload.wikimedia.org/wikipedia/commons/thumb/a/ae/Kaesang_Pangarep_in_2016.jpg/220px-Kaesang_Pangarep_in_2016.jpg",
            "communityID": "52e3b3b8-3f28-44ec-9017-8c57cc43bdf5",
            "sites": {
                "name": "Wikipedia",
                "url": "https://id.wikipedia.org/wiki/Kaesang_Pangarep"
            }
        },
        {
            "name": "Muhammad Yusuf Chudlori",
            "title": "Calon Gubernur",
            "description": "K.H. Muhammad Yusuf Chudlori atau lebih dikenal dengan sebutan Gus Yusuf (lahir 9 Juli 1973) adalah budayawan dan ulama berkebangsaan Indonesia.",
            "profilePic": "",
            "communityID": "52e3b3b8-3f28-44ec-9017-8c57cc43bdf5",
            "sites": {
                "name": "Wikipedia",
                "url": "https://id.wikipedia.org/wiki/Muhammad_Yusuf_Chudlori"
            }
        },
        {
            "name": "Ahmad Luthfi",
            "title": "Calon Gubernur",
            "description": "Irjen. Pol. Drs. Ahmad Luthfi, S.H., S.St.M.K. (lahir 22 November 1966) adalah seorang perwira tinggi Polri yang sejak 1 Mei 2020 menjabat sebagai Kepala Kepolisian Daerah Jawa Tengah.",
            "profilePic": "https://upload.wikimedia.org/wikipedia/id/thumb/d/d5/Irjen_Pol_Ahmad_Luthfi.jpg/220px-Irjen_Pol_Ahmad_Luthfi.jpg",
            "communityID": "52e3b3b8-3f28-44ec-9017-8c57cc43bdf5",
            "sites": {
                "name": "Wikipedia",
                "url": "https://id.wikipedia.org/wiki/Ahmad_Luthfi"
            }
        }
    ],
    "source": "https://id.wikipedia.org/wiki/Pemilihan_umum_Gubernur_Jawa_Tengah_2024",
    "path": "provinsi-jawa-tengah"
}