{
    "title": "Pemilihan umum Gubernur Sulawesi Selatan 2024",
    "region": "Sulawesi Selatan",
    "level": "PROVINSI",
    "path": "provinsi-sulawesi-selatan",
    "source": "https://id.wikipedia.org/wiki/Pemilihan_umum_Gubernur_Sulawesi_Selatan_2024",
    "communityID": "24174295-b2fe-4a8e-aacd-57afa586f7e1",
    "candidates": [
        {
            "name": "Andi Sudirman Sulaiman",
            "description": "H. Andi Sudirman Sulaiman, S.T. (lahir 25 September 1983)[1] merupakan politikus Indonesia yang menjabat Gubernur Sulawesi Selatan antara tahun 2022 dan 2023. Ia menggantikan Nurdin Abdullah yang tersandung kasus korupsi. Sebelumnya ia menjabat Wakil Gubernur Sulawesi Selatan dari tahun 2018. Pada 28 Februari 2021, ia ditunjuk oleh Kemendagri menjadi Pelaksana Tugas Gubernur Sulawesi Selatan setelah Gubernur Nurdin Abdullah ditangkap oleh KPK. Ia adalah adik dari Amran Sulaiman, Menteri Pertanian dua periode. Dirinya mulai dikenal sebagai calon wakil gubernur pada Pilgub Sulsel 2018 mendampingi Nurdin Abdullah yang sebelumnya menjabat sebagai Bupati Bantaeng periode 2018\u20132023.[2] Pada 10 Maret 2022, Presiden Joko Widodo melantik Sudirman sebagai Gubernur Sulawesi Selatan. Berusia 38 tahun pada saat pelantikannya, Sudirman menjadi gubernur termuda di Indonesia.[3]\n",
            "profilePic": "https://upload.wikimedia.org/wikipedia/commons/thumb/3/3a/Andi_Sudirman_Sulaiman%2C_Gubernur_Sulawesi_Selatan_%282023%29_%28cropped%29.jpg/1200px-Andi_Sudirman_Sulaiman%2C_Gubernur_Sulawesi_Selatan_%282023%29_%28cropped%29.jpg",
            "title": "Gubernur Sulawesi Selatan (2022\u20132023)",
            "sites": {
                "name": "Wikipedia",
                "url": "https://id.wikipedia.org/wiki/Andi_Sudirman_Sulaiman"
            },
            "communityID": "24174295-b2fe-4a8e-aacd-57afa586f7e1"
        },
        {
            "name": "Komisaris Jenderal Polisi",
            "description": "Komisaris Jenderal Polisi adalah pangkat perwira tinggi di Kepolisian Republik Indonesia, setara dengan Letnan Jenderal, Laksamana Madya, dan Marsekal Madya pada Kepangkatan Militer Indonesia. Tanda kepangkatan yang dipakai adalah tiga bintang. Sebelum tahun 2001, pangkat ini disebut Letnan Jenderal Polisi. Sering digunakan penyebutan Komjen Pol untuk pangkat ini.\n",
            "profilePic": "https://upload.wikimedia.org/wikipedia/commons/9/93/PDU_KOMJEN_KOM.png",
            "title": "Kabaharkam; Kepala Kepolisian Daerah Metro Jaya (2020\u20132023)",
            "sites": {
                "name": "Wikipedia",
                "url": "https://id.wikipedia.org/wiki/Komisaris_Jenderal_Polisi"
            },
            "communityID": "24174295-b2fe-4a8e-aacd-57afa586f7e1"
        },
        {
            "name": "Ilham Arief Sirajuddin",
            "description": "Dr. Ir. H. Ilham Arief Sirajuddin, M.M. (lahir 16 September 1965) adalah politikus Indonesia. Ia adalah Wali Kota Makassar 2 periode yakni 2004\u20132009 dan 2009\u20132014. Ia pernah menjabat sebagai Anggota DPRD Sulawesi Selatan Fraksi Golkar periode 1999\u20132004. Aco demikian sapaan akrab Ilham, dijuluki Bapak Pembangunan Makassar karena prestasinya dalam membangun Kota Makassar. Selama menjabat ia mendapat 160-an penghargaan baik itu tingkat nasional maupun Internasional.[1] Ia juga merupakan manajer dan ketua umum tim sepak bola PSM Makassar. Pada tahun 2010 Ilham memenangkan Musyawarah Daerah Partai Demokrat Provinsi Sulawesi Selatan. Ilham juga adalah Ketua Organisasi Masyarakat Nasional Demokrat dan menjadi salah satu dari 45 deklarator Nasional Demokrat.\n",
            "profilePic": "",
            "title": "Wali Kota Makassar (2004\u20132008; 2009\u20132014)",
            "sites": {
                "name": "Wikipedia",
                "url": "https://id.wikipedia.org/wiki/Ilham_Arief_Sirajuddin"
            },
            "communityID": "24174295-b2fe-4a8e-aacd-57afa586f7e1"
        },
        {
            "name": "Adnan Purichta Ichsan",
            "description": "Dr. Adnan Purichta Ichsan, S.H., M.H. (lahir 9 Maret 1986)[1] Bupati Gowa 2  periode yakni 2016\u20132021 dan 2021\u20132025. Sebelumnya, ia menjabat sebagai Anggota DPRD Sulawesi Selatan Fraksi Golkar periode 2014\u20132015 Ia merupakan anak kandung dari mantan Bupati Gowa, Ichsan Yasin Limpo (Alm).\n",
            "profilePic": "https://upload.wikimedia.org/wikipedia/commons/c/c7/Adnan_Purichta_Ichsan_Bupati_Gowa.jpg",
            "title": "Bupati Gowa (2016\u20132024)",
            "sites": {
                "name": "Wikipedia",
                "url": "https://id.wikipedia.org/wiki/Adnan_Purichta_Ichsan"
            },
            "communityID": "24174295-b2fe-4a8e-aacd-57afa586f7e1"
        },
        {
            "name": "Taufan Pawe",
            "description": "Dr.  H. Muhammad Taufan Pawe, S.H., M.H. (lahir 14 Oktober 1965) adalah Wali Kota Parepare Periode 2013\u20132023 didampingi oleh Faisal Andi Sapada periode pertama, dan Pangerang Rahim periode kedua sebagai Wakil Wali Kota Parepare.\n",
            "profilePic": "https://upload.wikimedia.org/wikipedia/commons/thumb/6/6d/KPU_Taufan_Pawe.jpg/1200px-KPU_Taufan_Pawe.jpg",
            "title": "Wali Kota Parepare (2013\u20132023)",
            "sites": {
                "name": "Wikipedia",
                "url": "https://id.wikipedia.org/wiki/Taufan_Pawe"
            },
            "communityID": "24174295-b2fe-4a8e-aacd-57afa586f7e1"
        },
        {
            "name": "Danny Pomanto",
            "description": "Ir. H. Mohammad Ramdhan Pomanto atau biasa dikenal sebagai Danny Pomanto (lahir 30 Januari 1964) adalah seorang arsitek dan politisi yang berdarah Gorontalo.[1] Darah Gorontalo yang mengalir dalam dirinya berasal dari kedua orang tuanya, serta Marga Pomanto yang disandangnya pun merupakan marga keluarga besar Ayahnya di Gorontalo.\n",
            "profilePic": "https://upload.wikimedia.org/wikipedia/commons/thumb/b/ba/Walikota_Makassar.jpg/1200px-Walikota_Makassar.jpg",
            "title": "Wali Kota Makassar (2014\u20132019; 2021\u20132024)",
            "sites": {
                "name": "Wikipedia",
                "url": "https://id.wikipedia.org/wiki/Danny_Pomanto"
            },
            "communityID": "24174295-b2fe-4a8e-aacd-57afa586f7e1"
        },
        {
            "name": "Indah Putri Indriani",
            "description": "Sebelumnya\n",
            "profilePic": "https://upload.wikimedia.org/wikipedia/commons/1/1f/Bupati_Luwu_Utara_Indah_Putri_Indriani_%28Periode_II%29.jpg",
            "title": "Bupati Luwu Utara (2016\u20132024)",
            "sites": {
                "name": "Wikipedia",
                "url": "https://id.wikipedia.org/wiki/Indah_Putri_Indriani"
            },
            "communityID": "24174295-b2fe-4a8e-aacd-57afa586f7e1"
        },
        {
            "name": "Andi Fahsar M. Padjalangi",
            "description": "Dr. Drs. H. Andi Fahsar Mahdin Padjalangi M.Si.[1] atau biasa dikenal sebagai Andi Baso Fahsar (lahir 21 Juni 1963) adalah Bupati Bone yang menjabat sejak 8 April 2013. Andi Fahsar yang berpasangan dengan H. Ambo Dalle dengan tagline Tafa'dal dan diusung oleh Partai Golkar, PKS, PPP dan PKB ini keluar sebagai pemenang Pilkada Bone 2013-2014 dengan perolehan suara 191.524 atau 47,64 persen mengungguli 5 pasangan lainnya[2]\n",
            "profilePic": "https://upload.wikimedia.org/wikipedia/commons/a/ad/A_Fahsar.jpg",
            "title": "Bupati Bone (2013\u20132023)",
            "sites": {
                "name": "Wikipedia",
                "url": "https://id.wikipedia.org/wiki/Andi_Fahsar_M._Padjalangi"
            },
            "communityID": "24174295-b2fe-4a8e-aacd-57afa586f7e1"
        },
        {
            "name": "Nurdin Halid",
            "description": "Prof. Dr. (H.C.)  Drs. H. A. M. Nurdin Halid (lahir 17 November 1958) adalah seorang pengusaha, politikus dan administrator sepak bola Indonesia. Ia adalah Ketua Umum PSSI periode 2003\u20142011 dan pernah menjadi anggota DPR-RI dari Partai Golkar pada tahun 1999\u20142004.\n",
            "profilePic": "https://upload.wikimedia.org/wikipedia/commons/thumb/5/56/Nurdin_Halid.jpg/1200px-Nurdin_Halid.jpg",
            "title": "Waketum DPP Golkar",
            "sites": {
                "name": "Wikipedia",
                "url": "https://id.wikipedia.org/wiki/Nurdin_Halid"
            },
            "communityID": "24174295-b2fe-4a8e-aacd-57afa586f7e1"
        },
        {
            "name": "Muhammad Hatta Rahman",
            "description": "Ir. H. Muhammad Hatta Rahman, M.M., lebih dikenal dengan nama M. Hatta Rahman atau Hatta Rahman (lahir 9 September 1966) adalah seorang pengusaha dan politikus Indonesia yang berasal dari Maros. Dia adalah eks Bupati Maros yang ke-12 dengan menjabat selama dua periode, yakni periode 2010\u20132015 (periode I) dan periode 2016\u20132021 (periode II). Pada kedua periode tersebut, dia berpasangan dengan Andi Harmil Mattotorang yang menjadi wakilnya. \n",
            "profilePic": "https://upload.wikimedia.org/wikipedia/commons/e/e3/KPU_Muhammad_Hatta_Rahman.jpg",
            "title": "Bupati Maros (2011\u20132021)",
            "sites": {
                "name": "Wikipedia",
                "url": "https://id.wikipedia.org/wiki/M._Hatta_Rahman"
            },
            "communityID": "24174295-b2fe-4a8e-aacd-57afa586f7e1"
        },
        {
            "name": "Andi Kaswadi Razak",
            "description": "H. Andi Kaswadi Razak, S.E.  (lahir 1 Februari 1967) adalah Bupati Soppeng periode 2016\u20132021 dan 2021\u20132024. Ia menjabat untuk periode kedua sejak 26 Februari 2021 setelah dilantik Gubernur Sulawesi Selatan, Nurdin Abdullah di Rumah Jabatan Gubernur Sulawesi Selatan, Makassar.[1]\n",
            "profilePic": "https://upload.wikimedia.org/wikipedia/commons/9/9c/Andi_Kaswadi_Razak%2C_Bupati_Soppeng_%28Periode_II%29.jpg",
            "title": "Bupati Soppeng (2016\u20132024)",
            "sites": {
                "name": "Wikipedia",
                "url": "https://id.wikipedia.org/wiki/Andi_Kaswadi_Razak"
            },
            "communityID": "24174295-b2fe-4a8e-aacd-57afa586f7e1"
        },
        {
            "name": "A. M. Bau Sawa Mappanyukki",
            "description": "Mayor Jenderal TNI (Purn.) H. Andi Muhammad Bau Sawa Mappanyukki, S.H., M.H.  (lahir 7 Agustus 1964) adalah seorang purnawirawan perwira tinggi TNI-AD yang terakhir menjabat sebagai Panglima Komando Daerah Militer XIV/Hasanuddin. Ia merupakan cucu dari Raja Bone ke-32, Andi Mappanyukki.[1]\n",
            "profilePic": "https://upload.wikimedia.org/wikipedia/commons/2/2a/MAYJEN_TNI_ANDI_MUHAMMAD.jpg",
            "title": "Panglima Komando Daerah Militer XIV/Hasanuddin (2022)",
            "sites": {
                "name": "Wikipedia",
                "url": "https://id.wikipedia.org/wiki/Andi_Muhammad_Bau_Sawa_Mappanyukki"
            },
            "communityID": "24174295-b2fe-4a8e-aacd-57afa586f7e1"
        },
        {
            "name": "Rusdi Masse Mappasessu",
            "description": "H. Rusdi Masse Mappasessu (lahir 3 Maret 1973) adalah seorang politikus dan pengusaha Indonesia. Ia saat ini menjabat sebagai Anggota DPR-RI mewakili daerah pemilihan Sulawesi Selatan III sejak 2019. Sebelumnya ia menjabat sebagai Bupati Sidenreng Rappang dari 2008 hingga 2018.[1] Saat ini Rusdi Masse Mappasessu terpilih sebagai anggota DPR RI Periode 2019-2024.[2]\n",
            "profilePic": "https://upload.wikimedia.org/wikipedia/commons/3/34/DPR_Rusdi_Masse_Mappasessu.jpg",
            "title": "Anggota DPR RI (2019\u20132024); Bupati Sidenreng Rappang (2008\u20132018)",
            "sites": {
                "name": "Wikipedia",
                "url": "https://id.wikipedia.org/wiki/Rusdi_Masse_Mappasessu"
            },
            "communityID": "24174295-b2fe-4a8e-aacd-57afa586f7e1"
        },
        {
            "name": "Tamsil Linrung",
            "description": "Drs. H. Tamsil Linrung (lahir 17 September 1961) adalah seorang politikus Indonesia yang saat ini menjabat sebagaianggota DPD-RI sejak 2019 mewakili Sulawesi Selatan. Sebelumnya, Tamsil adalah anggota DPR-RI tiga periode sejak 2004 hingga 2019 dari Fraksi Partai Keadilan Sejahtera (PKS).[1] Tamsil berasal dari daerah pemilihan Sulawesi Selatan II. Di DPR-RI sendiri, ia menjadi wakil ketua Badan Anggaran DPR-RI.\nIa pernah dicalonkan oleh Partai Keadilan Sejahtera, Partai Hanura dan Partai Bintang Reformasi untuk menjadi Calon Wali Kota Makassar periode 2013-2018.[2]\n",
            "profilePic": "https://upload.wikimedia.org/wikipedia/commons/d/d8/Senator_Tamsil_Linrung.jpg",
            "title": "Anggota DPD RI (2019\u20132024)",
            "sites": {
                "name": "Wikipedia",
                "url": "https://id.wikipedia.org/wiki/Tamsil_Linrung"
            },
            "communityID": "24174295-b2fe-4a8e-aacd-57afa586f7e1"
        },
        {
            "name": "Abraham Samad",
            "description": "Dr. Abraham Samad, S.H., M.H. (lahir 27 November 1966) adalah seorang pengacara dan aktivis Indonesia yang terpilih pada bulan Desember 2011 sebagai Ketua Komisi Pemberantasan Korupsi (KPK) untuk periode 2011\u20132015.[1]\n",
            "profilePic": "https://upload.wikimedia.org/wikipedia/commons/3/39/Abraham_Samad.jpg",
            "title": "Ketua KPK (2011\u20132015)",
            "sites": {
                "name": "Wikipedia",
                "url": "https://id.wikipedia.org/wiki/Abraham_Samad"
            },
            "communityID": "24174295-b2fe-4a8e-aacd-57afa586f7e1"
        },
        {
            "name": "Amran Sulaiman",
            "description": "Dr. Ir. H. Andi Amran Sulaiman, M.P. (lahir 27 April 1968)[2] adalah seorang pengusaha berkebangsaan Indonesia yang menjabat Menteri Pertanian sejak 25 Oktober 2023 setelah sebelumnya memangku jabatan itu dari 27 Oktober 2014 hingga 20 Oktober 2019.[3] Sebelum menjadi menteri, ia adalah pemimpin Tiran Group, sebuah perusahaan konglomerat yang bermarkas di Makassar ini sebagian besar beroperasi di Indonesia Timur menjadikannya menteri terkaya yang diangkat ke kabinet baru.\n",
            "profilePic": "https://upload.wikimedia.org/wikipedia/commons/f/f9/KIM_Amran_Sulaiman.jpg",
            "title": "Menteri Pertanian Indonesia (2014\u20132019)",
            "sites": {
                "name": "Wikipedia",
                "url": "https://id.wikipedia.org/wiki/Amran_Sulaiman"
            },
            "communityID": "24174295-b2fe-4a8e-aacd-57afa586f7e1"
        },
        {
            "name": "Anis Matta",
            "description": "Muhammad Anis Matta (lahir 7 Desember 1968)[3] adalah seorang politikus Indonesia yang saat ini sedang menjabat sebagai Ketua Umum Partai Gelombang Rakyat Indonesia sejak 2019.[4] Sebelumnya, Anis adalah Presiden Partai Keadilan Sejahtera dari 2013 hingga 2015[5] dan Wakil Ketua DPR RI Bidang Ekonomi dan Keuangan dari 2009 hingga 2013.   \n",
            "profilePic": "https://upload.wikimedia.org/wikipedia/id/a/aa/AnisMatta_Gelora.png",
            "title": "Ketua Umum Partai Gelora",
            "sites": {
                "name": "Wikipedia",
                "url": "https://id.wikipedia.org/wiki/Anis_Matta"
            },
            "communityID": "24174295-b2fe-4a8e-aacd-57afa586f7e1"
        },
        {
            "name": "Annar Salahuddin Sampetoding",
            "description": "",
            "profilePic": "",
            "title": "Pengusaha",
            "sites": {},
            "communityID": "24174295-b2fe-4a8e-aacd-57afa586f7e1"
        },
        {
            "name": "Bahtiar Baharuddin",
            "description": "Dr. Bahtiar Baharuddin, M.Si. [1][2] (lahir 16 Januari 1973) adalah birokrat Indonesia asal Bone, Sulawesi Selatan. Bahtiar adalah seorang pejabat madya atau pejabat eselon I di Kementerian Dalam Negeri (Kemendagri), sebelumnya menjabat sebagai Kepala Pusat Penerangan (Kapuspen) Kemendagri[3], Direktur Jenderal (Dirjen) Politik dan Pemerintahan Umum Kemendagri, dan pada tanggal 17 Mei 2024 diangkat menjadi Penjabat Gubernur Sulawesi Barat setelah sebelumnya menjabat sebagai Penjabat Gubernur Sulawesi Selatan. \n",
            "profilePic": "https://upload.wikimedia.org/wikipedia/commons/4/45/Bahtiar.jpg",
            "title": "Pj. Gubernur Sulawesi Selatan (2023\u20132024)",
            "sites": {
                "name": "Wikipedia",
                "url": "https://id.wikipedia.org/wiki/Bahtiar_Baharuddin"
            },
            "communityID": "24174295-b2fe-4a8e-aacd-57afa586f7e1"
        }
    ]
}