{
    "title": "Pemilihan umum Gubernur Kalimantan Utara 2024",
    "region": "Kalimantan Utara",
    "level": "PROVINSI",
    "candidates": [
        {
            "name": "Zainal Arifin Paliwang",
            "title": "Calon Gubernur",
            "description": "Brigjen. Pol. (Purn.) Drs. Zainal Arifin Paliwang, S.H., M.Hum. (lahir 6 Desember 1962) adalah seorang Gubernur Kalimantan Utara. Ia merupakan purnawirawan Polri yang memiliki jabatan terakhir sebagai Analis Kebijakan Utama bidang Pidum Bareskrim Polri.",
            "profilePic": "https://upload.wikimedia.org/wikipedia/commons/thumb/0/02/Gubernur_Kaltara_Zainal_Arifin_Paliwang.png/250px-Gubernur_Kaltara_Zainal_Arifin_Paliwang.png",
            "communityID": "d24b6447-ccb5-4b75-bdc5-d94bbbde4ff8",
            "sites": {
                "name": "Wikipedia",
                "url": "https://id.wikipedia.org/wiki/Zainal_Arifin_Paliwang"
            }
        },
        {
            "name": "Yansen Tipa Padan",
            "title": "Calon Gubernur",
            "description": "Dr. Yansen Tipa Padan, M.Si. (lahir 14 Januari 1960) adalah seorang politisi Indonesia yang menjabat sebagai Wakil Gubernur Kalimantan Utara periode 2021\u20132024.",
            "profilePic": "https://upload.wikimedia.org/wikipedia/commons/thumb/2/28/Wakil_Gubernur_Kaltara_Yansen_TP.png/250px-Wakil_Gubernur_Kaltara_Yansen_TP.png",
            "communityID": "d24b6447-ccb5-4b75-bdc5-d94bbbde4ff8",
            "sites": {
                "name": "Wikipedia",
                "url": "https://id.wikipedia.org/wiki/Yansen_Tipa_Padan"
            }
        },
        {
            "name": "Marthin Billa",
            "title": "Calon Gubernur",
            "description": "Dr. Drs. Marthin Billa, M.M. (lahir 29 Maret 1954) adalah anggota DPD RI 2 periode yakni 2014\u20142015 dan 2019\u20142024. Ia pernah menjabat sebagai Bupati Malinau 2 periode yakni 2001\u20142006 dan 2006\u20142011 dan sebagai Presiden Majelis Adat Dayak Nasional Periode 2021\u20142026.",
            "profilePic": "https://upload.wikimedia.org/wikipedia/commons/thumb/4/4b/Senator_Marthin_Billa.jpg/220px-Senator_Marthin_Billa.jpg",
            "communityID": "d24b6447-ccb5-4b75-bdc5-d94bbbde4ff8",
            "sites": {
                "name": "Wikipedia",
                "url": "https://id.wikipedia.org/wiki/Marthin_Billa"
            }
        },
        {
            "name": "Syamsuddin Arfah",
            "title": "Calon Gubernur",
            "description": null,
            "profilePic": "",
            "communityID": "d24b6447-ccb5-4b75-bdc5-d94bbbde4ff8",
            "sites": null
        },
        {
            "name": "Asmin Laura Hafid",
            "title": "Calon Gubernur",
            "description": "Hj. Asmin Laura Hafid, S.E., M.M.,Ph.D. (lahir 10 Agustus 1985) adalah politikus Indonesia. Ia adalah Bupati Nunukan dua periode yakni 2016\u20132021 dan 2021\u20132024. Laura pernah menjabat sebagai Bupati Nunukan periode 2014\u20132015.",
            "profilePic": "https://upload.wikimedia.org/wikipedia/commons/thumb/4/41/Bupati_Nunukan_Asmin_Laura_Hafid.jpg/220px-Bupati_Nunukan_Asmin_Laura_Hafid.jpg",
            "communityID": "d24b6447-ccb5-4b75-bdc5-d94bbbde4ff8",
            "sites": {
                "name": "Wikipedia",
                "url": "https://id.wikipedia.org/wiki/Asmin_Laura_Hafid"
            }
        },
        {
            "name": "Khairul",
            "title": "Calon Gubernur",
            "description": "dr. Khairul, M.Kes. (lahir 3 Juni 1964) adalah Wali Kota Tarakan periode 2019-2024. Ia dilantik oleh Gubernur Kalimantan Utara, Irianto Lambrie, pada 1 Maret 2019. Sebelumnya, ia merupakan pegawai negeri sipil dengan jabatan terakhir sebagai Staf Ahli Wali Kota Tarakan Bidang Administrasi Umum dan Pelayanan Publik yang diembannya sejak 2017. Ia pernah menjabat sebagai Sekretaris Daerah Kota Tarakan dan juga Kepala Dinas Kesehatan Kota Tarakan.",
            "profilePic": "https://upload.wikimedia.org/wikipedia/commons/3/36/Khairul_Wali_Kota_Tarakan.jpg",
            "communityID": "d24b6447-ccb5-4b75-bdc5-d94bbbde4ff8",
            "sites": {
                "name": "Wikipedia",
                "url": "https://id.wikipedia.org/wiki/Khairul"
            }
        },
        {
            "name": "Deddy Yevri Hanteru Sitorus",
            "title": "Calon Gubernur",
            "description": "Ir. Deddy Yevri Hanteru Sitorus, M.A. (lahir 17 November 1970) adalah seorang politikus Indonesia. Saat ini, ia menjabat sebagai Anggota DPR-RI sejak 2019 mewakili daerah pemilihan Kalimantan Utara. Pada pemilihan legislatif 2019, ia meraih suara terbanyak di Provinsi Kalimantan Utara dengan 34.709 suara. Deddy merupakan kader PDI Perjuangan dan duduk di Komisi VI.",
            "profilePic": "https://upload.wikimedia.org/wikipedia/commons/thumb/2/2a/Anggota_DPR_Deddy_Yevri_Hanteru_Sitorus.jpg/220px-Anggota_DPR_Deddy_Yevri_Hanteru_Sitorus.jpg",
            "communityID": "d24b6447-ccb5-4b75-bdc5-d94bbbde4ff8",
            "sites": {
                "name": "Wikipedia",
                "url": "https://id.wikipedia.org/wiki/Deddy_Yevri_Hanteru_Sitorus"
            }
        },
        {
            "name": "Hasan Basri",
            "title": "Calon Gubernur",
            "description": "Hasan Basri dapat mengacu pada beberapa hal berikut:",
            "profilePic": "https://upload.wikimedia.org/wikipedia/commons/thumb/5/5f/Disambig_gray.svg/30px-Disambig_gray.svg.png",
            "communityID": "d24b6447-ccb5-4b75-bdc5-d94bbbde4ff8",
            "sites": {
                "name": "Wikipedia",
                "url": "https://id.wikipedia.org/wiki/Hasan_Basri"
            }
        }
    ],
    "source": "https://id.wikipedia.org/wiki/Pemilihan_umum_Gubernur_Kalimantan_Utara_2024",
    "path": "provinsi-kalimantan-utara"
}