{
    "title": "Pemilihan umum Gubernur Papua Pegunungan 2024",
    "region": "Papua Pegunungan",
    "level": "PROVINSI",
    "path": "provinsi-papua-pegunungan",
    "source": "https://id.wikipedia.org/wiki/Pemilihan_umum_Gubernur_Papua_Pegunungan_2024",
    "communityID": "ceb5b771-e7f7-4c4c-87ed-29d9dbf99484",
    "candidates": [
        {
            "name": "Mesakh Mirin",
            "description": "Mesakh Mirin (lahir 9 Februari 1982) adalah politikus Indonesia yang menjabat sebagai anggota DPR-RI sejak 1 Oktober 2019. Ia mewakili daerah pemilihan Papua. Mesakh merupakan kader Partai Amanat Nasional. Saat ini, ia duduk di Komisi V.\n",
            "profilePic": "https://upload.wikimedia.org/wikipedia/commons/thumb/0/0a/Mesakh_Mirin.jpg/1200px-Mesakh_Mirin.jpg",
            "title": "Anggota DPR-RI periode 2019-2024 dari Dapil Papua dan kader PAN",
            "sites": {
                "name": "Wikipedia",
                "url": "https://id.wikipedia.org/wiki/Mesakh_Mirin"
            },
            "communityID": "ceb5b771-e7f7-4c4c-87ed-29d9dbf99484"
        },
        {
            "name": "Befa Yigibalom",
            "description": "Befa Yigibalom, S.E., M.M. (lahir 15 Juni 1972) adalah Bupati Lanny Jaya periode 2011\u20132016[1] dan periode 2017\u20132022.[2]\n",
            "profilePic": "https://upload.wikimedia.org/wikipedia/commons/d/d6/Befa_Yigibalom_selaku_Ketua_Asosiasi_Bupati_Pegunungan_Papua.jpg",
            "title": "Bupati Lanny Jaya dan kader Partai NasDem",
            "sites": {
                "name": "Wikipedia",
                "url": "https://id.wikipedia.org/wiki/Befa_Yigibalom"
            },
            "communityID": "ceb5b771-e7f7-4c4c-87ed-29d9dbf99484"
        },
        {
            "name": "John Tabo",
            "description": "Dr. (HC) John Tabo, M.B.A.[2] (lahir 2 Juni 1970) adalah Bupati Mamberamo Raya periode 2021\u20142024. Ia pernah menjabat sebagai Bupati Tolikara periode 2005\u20142010.\n",
            "profilePic": "https://upload.wikimedia.org/wikipedia/commons/e/e0/John_Tabo.jpg",
            "title": "Bupati Mamberamo Raya dan kader Partai Golkar",
            "sites": {
                "name": "Wikipedia",
                "url": "https://id.wikipedia.org/wiki/John_Tabo"
            },
            "communityID": "ceb5b771-e7f7-4c4c-87ed-29d9dbf99484"
        },
        {
            "name": "Usman Wanimbo",
            "description": "Usman Genongga Wanimbo, S.E., M.Si. (lahir 8 Januari 1969) adalah Bupati Tolikara dua periode yang menjabat pada periode 2012\u20132017[1] dan 2017\u20132022, dan Politisi Partai Demokrat.[2] Ia lahir pada tanggal 8 Januari 1969 dari pasangan Abobam Genongga dan Amelu Wenda di Kampung Kanggime, Lembah Toli (Provinsi Papua). Ketika lahir, orangtuanya memberi nama Yeria Genongga, tetapi dia mengganti namanya menjadi Usman Genongga Wanimbo ketika pindah sekolah dari Kanggime ke Wunim.\n",
            "profilePic": "https://upload.wikimedia.org/wikipedia/id/d/d4/Usman_Wanimbo_Bupati_Tolikara.png",
            "title": "Mantan Bupati Tolikara dan kader Partai Amanat Nasional",
            "sites": {
                "name": "Wikipedia",
                "url": "https://id.wikipedia.org/wiki/Usman_Wanimbo"
            },
            "communityID": "ceb5b771-e7f7-4c4c-87ed-29d9dbf99484"
        },
        {
            "name": "John Wempi Wetipo",
            "description": "John Wempi Wetipo, S.H., M.H. (lahir 15 September 1972) adalah Wakil Menteri Dalam Negeri Indonesia sejak 15 Juni 2022. Ia sebelumnya menjabat sebagai Wakil Menteri Pekerjaan Umum dan Perumahan Rakyat Indonesia dari 25 Oktober 2019 hingga 15 Juni 2022,[1] serta pernah menjabat Bupati Jayawijaya dua periode yakni 2008-2013 dan 2013\u20132018.[2][3] Pada Pemilihan umum Gubernur Papua 2018, ia ikut serta sebagai Calon Gubernur Papua menghadapi petahana Lukas Enembe.\n",
            "profilePic": "https://upload.wikimedia.org/wikipedia/commons/3/37/KPU_John_Wempi_Wetipo.jpg",
            "title": "Wakil Menteri Dalam Negeri Indonesia dan kader Partai Demokrasi Indonesia Perjuangan",
            "sites": {
                "name": "Wikipedia",
                "url": "https://id.wikipedia.org/wiki/John_Wempi_Wetipo"
            },
            "communityID": "ceb5b771-e7f7-4c4c-87ed-29d9dbf99484"
        },
        {
            "name": "Yop Kogoya",
            "description": "",
            "profilePic": "",
            "title": "Mantan Wakil Ketua Dewan Perwakilan Rakyat Papua",
            "sites": {},
            "communityID": "ceb5b771-e7f7-4c4c-87ed-29d9dbf99484"
        }
    ]
}