{
    "title": "Pemilihan umum Gubernur Jawa Barat 2024",
    "region": "Jawa Barat",
    "level": "PROVINSI",
    "path": "provinsi-jawa-barat",
    "source": "https://id.wikipedia.org/wiki/Pemilihan_umum_Gubernur_Jawa_Barat_2024",
    "communityID": "aa4ac592-2a66-4723-895f-d71a2d30e0a9",
    "candidates": [
        {
            "name": "Ahmad Syaikhu",
            "description": "H. Ahmad Syaikhu (lahir 23 Januari 1965) adalah seorang politikus Indonesia yang menjabat sebagai Presiden Partai Keadilan Sejahtera. Ia juga adalah Anggota DPR RI fraksi PKS periode 2019-2024 dari Daerah Pemilihan Jawa Barat VII. Ia juga adalah Wakil Wali Kota Bekasi, Jawa Barat periode 2013-2018 mendampingi Rahmat Effendi yang dilantik pada 10 Maret 2013.[1] Pasangan ini diusung Partai Golkar, Partai Keadilan Sejahtera (PKS).\n",
            "profilePic": "https://upload.wikimedia.org/wikipedia/commons/1/1e/KPU_Ahmad_Syaikhu.jpg",
            "title": "Anggota DPR-RI F-PKS",
            "sites": {
                "name": "Wikipedia",
                "url": "https://id.wikipedia.org/wiki/Ahmad_Syaikhu"
            },
            "communityID": "aa4ac592-2a66-4723-895f-d71a2d30e0a9"
        },
        {
            "name": "Haru Suandharu",
            "description": "Dr. H. Haru Suandharu, S.Si., M.Si., (lahir 29 Juni 1975) adalah seorang anggota DPRD Provinsi Jawa Barat periode 2019\u20132024[1] sekaligus sebagai Ketua Fraksi Partai Keadilan Sejahtera (PKS) DPRD Provinsi Jawa Barat.[2]\n",
            "profilePic": "https://upload.wikimedia.org/wikipedia/commons/e/e1/KPU_Haru_Suandharu.jpg",
            "title": "Anggota DPRD Provinsi Jawa Barat dan Ketua DPW PKS Jawa Barat",
            "sites": {
                "name": "Wikipedia",
                "url": "https://id.wikipedia.org/wiki/Haru_Suandharu"
            },
            "communityID": "aa4ac592-2a66-4723-895f-d71a2d30e0a9"
        },
        {
            "name": "Mohamad Sohibul Iman",
            "description": "H. Mohamad Sohibul Iman, M.Sc, Ph.D. (lahir 5 Oktober 1965) adalah politikus Indonesia yang pernah menjabat sebagai Presiden Partai Keadilan Sejahtera sejak 10 Agustus 2015[2][3] hingga 5 Oktober 2020. Sohibul adalah Wakil Ketua DPR-RI periode 2013-2014, menggantikan Anis Matta yang mengundurkan diri lantaran menjadi Presiden PKS menggantikan Luthfi Hasan Ishaaq.[4][5]\nIa meraih gelar S2 sampai S3 di Jepang, walaupun Ia sempat berkuliah di Institut Pertanian Bogor. Ia pernah terlibat di banyak organisasi, diantaranya ISTECS (Institute for Science and Technology Studies), YPNF (Yayasan Pendidikan Nurul Fikri), HSF (Hokuriku Scientific Forum), MITI (Masyarakat Ilmuwan dan Teknologi Indonesia), YIT (Yayasan Inovasi Teknologi).\nSejak 2005, Sohibul mendapat mandat sebagai Ketua DPP PKS Bidang Ekuintek (Ekonomi, Keuangan, Industri, dan Teknologi).[6]\n",
            "profilePic": "https://upload.wikimedia.org/wikipedia/commons/5/5c/Sohibul_Iman_PKS.jpg",
            "title": "Wakil Ketua DPR-RI 2013-2014",
            "sites": {
                "name": "Wikipedia",
                "url": "https://id.wikipedia.org/wiki/Sohibul_Iman"
            },
            "communityID": "aa4ac592-2a66-4723-895f-d71a2d30e0a9"
        },
        {
            "name": "Ridwan Kamil",
            "description": "",
            "profilePic": "https://upload.wikimedia.org/wikipedia/commons/d/dc/Governor_of_West_Java_Ridwan_Kamil.png",
            "title": "Gubernur Jawa Barat 2018 - 2023",
            "sites": {
                "name": "Wikipedia",
                "url": "https://id.wikipedia.org/wiki/Ridwan_Kamil"
            },
            "communityID": "aa4ac592-2a66-4723-895f-d71a2d30e0a9"
        },
        {
            "name": "Mochamad Iriawan",
            "description": "Komjen. Pol. (Purn.) Dr. Drs. H. Mochamad Iriawan, S.H., M.M., M.H. (lahir 31 Maret 1962), atau yang akrab disapa Iwan Bule, adalah seorang purnawirawan perwira tinggi Polri yang terakhir menjabat sebagai Sekretaris Utama Lembaga Ketahanan Nasional.[1] Ia merupakan lulusan Akademi Kepolisian tahun 1984. Sebelumnya, Iriawan pernah menjabat sebagai Kepala Divisi Profesi dan Pengamanan Polri. Kasus terkenal yang pernah ditanganinya yaitu pembunuhan kontroversial Nasrudin Zulkarnaen oleh tersangka Ketua KPK Antasari Azhar, saat beliau masih menjabat Direktur Reserse Kriminal Umum Polda Metro Jaya berpangkat Komisaris Besar Polisi tahun 2008. Pada tanggal 18 Juni 2018, Iriawan dilantik oleh Mendagri Tjahjo Kumolo menjadi Penjabat Gubernur Jawa Barat menggantikan Ahmad Heryawan hingga 5 September 2018.[2][3]\n",
            "profilePic": "https://upload.wikimedia.org/wikipedia/commons/f/f4/SESTAMA_LEMHANNAS_RI_Mochamad_Iriawan.jpg",
            "title": "Mantan Penjabat Gubernur Jawa Barat",
            "sites": {
                "name": "Wikipedia",
                "url": "https://id.wikipedia.org/wiki/Mochamad_Iriawan"
            },
            "communityID": "aa4ac592-2a66-4723-895f-d71a2d30e0a9"
        },
        {
            "name": "Syaiful Huda",
            "description": "H. Syaiful Huda (lahir 22 April 1977) adalah politikus Indonesia yang menjabat sebagai anggota DPR-RI sejak 1 Oktober 2019. Ia mewakili daerah pemilihan Jawa Barat VII, yang meliputi Kabupaten Karawang, Kabupaten Purwakarta, dan Kabupaten Bekasi. Huda merupakan kader Partai Kebangkitan Bangsa, ia menjabat sebagai Ketua Komisi X DPR-RI.\n",
            "profilePic": "https://upload.wikimedia.org/wikipedia/commons/5/5a/Anggota_DPR_Syaiful_Huda.jpg",
            "title": "Anggota DPR RI F-PKB dan Ketua DPW PKB Jawa Barat",
            "sites": {
                "name": "Wikipedia",
                "url": "https://id.wikipedia.org/wiki/Syaiful_Huda"
            },
            "communityID": "aa4ac592-2a66-4723-895f-d71a2d30e0a9"
        },
        {
            "name": "Dedi Mulyadi",
            "description": "H. Dedi Mulyadi, S.H. (lahir 11 April 1971) adalah seorang aktivis dan politikus berkebangsaan Indonesia. Ia merupakan anggota Dewan Perwakilan Rakyat daerah pemilihan Jawa Barat VII dan duduk di Komisi VI dari 2019 hingga 2023. Sebelumnya, Dedi menjabat sebagai Bupati Purwakarta selama dua periode berturut-turut dari 2008 sampai 2018. Kiprahnya menjadi bupati bermula setelah dirinya terpilih pada Pilkada 2008 dengan menjadikan Dudung Bachtiar Supardi sebagai wakilnya di pemerintahan. Pada pemilu selanjutnya, ia kembali terpilih untuk masa jabatan kedua: 2013\u20132018.[1] Sebelum diangkat menjadi bupati, Dedi terlebih dahulu berkarier sebagai wakil bupati dan legislator di Dewan Perwakilan Rakyat Daerah Kabupaten Purwakarta pada 1999 hingga pengunduran dirinya seusai terpilih menjadi Wakil Bupati Purwakarta.\n",
            "profilePic": "https://upload.wikimedia.org/wikipedia/id/thumb/c/c9/Dedi_Mulyadi.jpg/1200px-Dedi_Mulyadi.jpg",
            "title": "Mantan Bupati Purwakarta dan Anggota DPR RI",
            "sites": {
                "name": "Wikipedia",
                "url": "https://id.wikipedia.org/wiki/Dedi_Mulyadi"
            },
            "communityID": "aa4ac592-2a66-4723-895f-d71a2d30e0a9"
        },
        {
            "name": "Uu Ruzhanul Ulum",
            "description": "H. Uu Ruzhanul Ulum, S.E. (lahir 10 Mei 1969) adalah Wakil Gubernur Jawa Barat yang menjabat sejak 5 September 2018. Pada pemilihan Gubernur Jawa Barat tahun 2018, Uu berpasangan dengan Ridwan Kamil sebagai calon wakil gubernur dengan dukungan empat partai politik, yakni PPP, PKB, Nasdem, dan Hanura.[1]\n",
            "profilePic": "https://upload.wikimedia.org/wikipedia/commons/b/b0/UU_Ruzhanul_Ulum%2C_Wakil_Gubernur_Jawa_Barat.jpg",
            "title": "Mantan Wakil Gubernur Jawa Barat",
            "sites": {
                "name": "Wikipedia",
                "url": "https://id.wikipedia.org/wiki/Uu_Ruzhanul_Ulum"
            },
            "communityID": "aa4ac592-2a66-4723-895f-d71a2d30e0a9"
        },
        {
            "name": "Bima Arya Sugiarto",
            "description": "Dr. H. Bima Arya Sugiarto, S.I.P.  (lahir 17 Desember 1972) adalah seorang politisi Indonesia dari Partai Amanat Nasional (PAN). Bima adalah Wali Kota Bogor dua periode yang menjabat sejak 20 April 2019 hingga 20 April 2024. Sebelumnya, ia adalah Wali Kota Bogor periode pertama sejak 7 April 2014 hingga 7 April 2019.\n",
            "profilePic": "https://upload.wikimedia.org/wikipedia/commons/thumb/4/45/Wali_Kota_Bogor_Bima_Arya_Sugiarto_2020.jpg/1200px-Wali_Kota_Bogor_Bima_Arya_Sugiarto_2020.jpg",
            "title": "Mantan Wali Kota Bogor",
            "sites": {
                "name": "Wikipedia",
                "url": "https://id.wikipedia.org/wiki/Bima_Arya_Sugiarto"
            },
            "communityID": "aa4ac592-2a66-4723-895f-d71a2d30e0a9"
        },
        {
            "name": "Desy Ratnasari",
            "description": "Hj. Desy Ratnasari, S.Psi, M.Si, M.Psi. (lahir 12 Desember 1973) adalah seorang aktris, politikus, pembawa acara televisi, penyanyi, dan model Indonesia. Desy menjabat sebagai anggota Dewan Perwakilan Rakyat Republik Indonesia dari Partai Amanat Nasional selama dua periode sejak 1 Oktober 2014. Ia memulai kariernya dari dunia modeling dengan meraih juara kedua pada pemilihan GADIS Sampul tahun 1988. Sebelum berkarier di dunia politik, ia dikenal sebagai seorang aktris dan penyanyi. Salah satu lagunya yang sangat populer di masyarakat berjudul \"Tenda Biru\", yang terdapat di album ketiganya dengan judul sama.\n",
            "profilePic": "https://upload.wikimedia.org/wikipedia/commons/thumb/7/7c/Desy_Ratnasari_2013.jpg/1200px-Desy_Ratnasari_2013.jpg",
            "title": "Anggota DPR RI F-PAN",
            "sites": {
                "name": "Wikipedia",
                "url": "https://id.wikipedia.org/wiki/Desy_Ratnasari"
            },
            "communityID": "aa4ac592-2a66-4723-895f-d71a2d30e0a9"
        },
        {
            "name": "Dede Yusuf",
            "description": "Dr. H. Dede Yusuf Macan Effendi, S.T., M.I.Pol. (lahir 14 September 1966) adalah seorang aktor, politikus, dan presenter Indonesia. Dede menjabat sebagai Wakil Gubernur Jawa Barat sejak 13 Juni 2008 hingga 13 Juni 2013. Dede pernah menjadi salah seorang anggota DPR dari PAN periode 2004\u20142009. Ia pindah partai dari PAN ke Partai Demokrat pada tahun 2013. Pada Pemilihan Gubernur Jawa Barat 2013, ia memutuskan untuk mencalonkan diri menjadi Gubernur berpasangan dengan Sekretaris Daerah Jawa Barat Lex Laksamana di nomor urut 3.\n",
            "profilePic": "https://upload.wikimedia.org/wikipedia/commons/thumb/e/e5/Anggota_DPR_Dede_Yusuf_Macan_Effendi.jpg/1200px-Anggota_DPR_Dede_Yusuf_Macan_Effendi.jpg",
            "title": "Mantan Wakil Gubernur Jawa Barat",
            "sites": {
                "name": "Wikipedia",
                "url": "https://id.wikipedia.org/wiki/Dede_Yusuf"
            },
            "communityID": "aa4ac592-2a66-4723-895f-d71a2d30e0a9"
        },
        {
            "name": "Bey Machmudin",
            "description": "Bey Triadi Machmudin, S.E., M.T. (lahir 15 April 1970) adalah seorang birokrat Indonesia yang menjabat sebagai Deputi Bidang Protokol, Pers, dan Media Sekretariat Presiden Republik Indonesia sejak 2021, dan sekarang menjadi Penjabat Gubernur Jawa Barat sejak 5 September 2023.\n",
            "profilePic": "https://upload.wikimedia.org/wikipedia/commons/e/ee/Bey_Machmudin_20-9-2023.jpg",
            "title": "Penjabat Gubernur Jawa Barat",
            "sites": {
                "name": "Wikipedia",
                "url": "https://id.wikipedia.org/wiki/Bey_Triadi_Machmudin"
            },
            "communityID": "aa4ac592-2a66-4723-895f-d71a2d30e0a9"
        },
        {
            "name": "Ono Surono",
            "description": "Ono Surono, S.T. (lahir 24 Agustus 1974) dikenal sebagai tokoh nelayan pantura. Ia pernah menjabat sebagai Ketua Koperasi Perikanan Laut Mina Sumitra, sebuah koperasi perikanan yang terbesar di Jawa Barat dari segi produksi ikan laut. Saat ini ia menjabat sebagai Anggota DPR RI dari Fraksi PDI Perjuangandan menempati posisi sebagai Anggota Komisi IV. Jabatan politiknya saat ini sebagai Ketua DPD PDI Perjuangan Provinsi Jawa Barat.[1]\n",
            "profilePic": "https://upload.wikimedia.org/wikipedia/commons/thumb/2/28/Anggota_DPR_Ono_Surono.jpg/1200px-Anggota_DPR_Ono_Surono.jpg",
            "title": "Anggota DPR RI F-PDIP",
            "sites": {
                "name": "Wikipedia",
                "url": "https://id.wikipedia.org/wiki/Ono_Surono"
            },
            "communityID": "aa4ac592-2a66-4723-895f-d71a2d30e0a9"
        },
        {
            "name": "Don Murdono",
            "description": "Dr. H. Don Murdono, S.H., M.Si. (lahir 15 Oktober 1958) adalah politisi berkebangsaan Indonesia. Dia pernah menjabat sebagai Bupati Sumedang 2 periode yakni 2003\u20142008 dan 2008\u20142013. Sebelumnya dia adalah Anggota DPR RI Fraksi PDIP periode 1999\u20142003. Selain itu juga berasal dari keluarga campuran Kendal, Jawa Tengah dan Wanakerta, Situraja, Sumedang, Jawa Barat.\n",
            "profilePic": "https://upload.wikimedia.org/wikipedia/id/4/44/Don_Murdono.jpg",
            "title": "Mantan Bupati Sumedang",
            "sites": {
                "name": "Wikipedia",
                "url": "https://id.wikipedia.org/wiki/Don_Murdono"
            },
            "communityID": "aa4ac592-2a66-4723-895f-d71a2d30e0a9"
        },
        {
            "name": "Mohammad Idris",
            "description": "Dr. K.H. Mohammad Idris, Lc., MA. (lahir 25 Juli 1961), dikenal dengan nama lain Idris Abdul Shomad adalah seorang ulama dan politikus Indonesia. Saat ini, ia memegang jabatan Wali Kota Depok yang telah diembannya sejak 2016. Selama menjabat, kebijakan yang diambilnya selalu kontroversial, salah satunya pengalihfungsian lahan sekolah dasar di Beji, Depok, pada akhir 2022.[2] Sebelumnya, ia mendampingi Nur Mahmudi Ismail sebagai Wakil Wali Kota Depok.\n",
            "profilePic": "https://upload.wikimedia.org/wikipedia/commons/3/33/Mayor_of_Depok_Mohammad_Idris_%28no_background%29%2C_2021.png",
            "title": "Wali Kota Depok",
            "sites": {
                "name": "Wikipedia",
                "url": "https://id.wikipedia.org/wiki/Mohammad_Idris"
            },
            "communityID": "aa4ac592-2a66-4723-895f-d71a2d30e0a9"
        }
    ]
}