{
    "title": "Pemilihan umum Gubernur Papua Pegunungan 2024",
    "region": "Papua Pegunungan",
    "level": "PROVINSI",
    "candidates": [
        {
            "name": "Mesakh Mirin",
            "title": "Calon Gubernur",
            "description": "Mesakh Mirin (lahir 9 Februari 1982) adalah politikus Indonesia yang menjabat sebagai anggota DPR-RI sejak 1 Oktober 2019. Ia mewakili daerah pemilihan Papua. Mesakh merupakan kader Partai Amanat Nasional. Saat ini, ia duduk di Komisi V.",
            "profilePic": "https://upload.wikimedia.org/wikipedia/commons/thumb/0/0a/Mesakh_Mirin.jpg/220px-Mesakh_Mirin.jpg",
            "communityID": "ceb5b771-e7f7-4c4c-87ed-29d9dbf99484",
            "sites": {
                "name": "Wikipedia",
                "url": "https://id.wikipedia.org/wiki/Mesakh_Mirin"
            }
        },
        {
            "name": "Befa Yigibalom",
            "title": "Calon Gubernur",
            "description": "Befa Yigibalom, S.E., M.M. (lahir 15 Juni 1972) adalah Bupati Lanny Jaya periode 2011\u20132016 dan periode 2017\u20132022.",
            "profilePic": "https://upload.wikimedia.org/wikipedia/commons/thumb/d/d6/Befa_Yigibalom_selaku_Ketua_Asosiasi_Bupati_Pegunungan_Papua.jpg/200px-Befa_Yigibalom_selaku_Ketua_Asosiasi_Bupati_Pegunungan_Papua.jpg",
            "communityID": "ceb5b771-e7f7-4c4c-87ed-29d9dbf99484",
            "sites": {
                "name": "Wikipedia",
                "url": "https://id.wikipedia.org/wiki/Befa_Yigibalom"
            }
        },
        {
            "name": "John Tabo",
            "title": "Calon Gubernur",
            "description": "Dr. (HC) John Tabo, M.B.A. (lahir 2 Juni 1970) adalah Bupati Mamberamo Raya periode 2021\u20142024. Ia pernah menjabat sebagai Bupati Tolikara periode 2005\u20142010.",
            "profilePic": "https://upload.wikimedia.org/wikipedia/commons/thumb/e/e0/John_Tabo.jpg/220px-John_Tabo.jpg",
            "communityID": "ceb5b771-e7f7-4c4c-87ed-29d9dbf99484",
            "sites": {
                "name": "Wikipedia",
                "url": "https://id.wikipedia.org/wiki/John_Tabo"
            }
        },
        {
            "name": "Usman Wanimbo",
            "title": "Calon Gubernur",
            "description": "Usman Genongga Wanimbo, S.E., M.Si. (lahir 8 Januari 1969) adalah Bupati Tolikara dua periode yang menjabat pada periode 2012\u20132017 dan 2017\u20132022, dan Politisi Partai Demokrat. Ia lahir pada tanggal 8 Januari 1969 dari pasangan Abobam Genongga dan Amelu Wenda di Kampung Kanggime, Lembah Toli (Provinsi Papua). Ketika lahir, orangtuanya memberi nama Yeria Genongga, tetapi dia mengganti namanya menjadi Usman Genongga Wanimbo ketika pindah sekolah dari Kanggime ke Wunim.",
            "profilePic": "https://upload.wikimedia.org/wikipedia/commons/thumb/f/f2/Edit-clear.svg/40px-Edit-clear.svg.png",
            "communityID": "ceb5b771-e7f7-4c4c-87ed-29d9dbf99484",
            "sites": {
                "name": "Wikipedia",
                "url": "https://id.wikipedia.org/wiki/Usman_Wanimbo"
            }
        },
        {
            "name": "John Wempi Wetipo",
            "title": "Calon Gubernur",
            "description": "John Wempi Wetipo, S.H., M.H. (lahir 15 September 1972) adalah Wakil Menteri Dalam Negeri Indonesia sejak 15 Juni 2022. Ia sebelumnya menjabat sebagai Wakil Menteri Pekerjaan Umum dan Perumahan Rakyat Indonesia dari 25 Oktober 2019 hingga 15 Juni 2022, serta pernah menjabat Bupati Jayawijaya dua periode yakni 2008-2013 dan 2013\u20132018. Pada Pemilihan umum Gubernur Papua 2018, ia ikut serta sebagai Calon Gubernur Papua menghadapi petahana Lukas Enembe.",
            "profilePic": "https://upload.wikimedia.org/wikipedia/commons/thumb/3/37/KPU_John_Wempi_Wetipo.jpg/220px-KPU_John_Wempi_Wetipo.jpg",
            "communityID": "ceb5b771-e7f7-4c4c-87ed-29d9dbf99484",
            "sites": {
                "name": "Wikipedia",
                "url": "https://id.wikipedia.org/wiki/John_Wempi_Wetipo"
            }
        },
        {
            "name": "Yop Kogoya",
            "title": "Calon Gubernur",
            "description": null,
            "profilePic": "",
            "communityID": "ceb5b771-e7f7-4c4c-87ed-29d9dbf99484",
            "sites": null
        }
    ],
    "source": "https://id.wikipedia.org/wiki/Pemilihan_umum_Gubernur_Papua_Pegunungan_2024",
    "path": "provinsi-papua-pegunungan"
}