{
    "title": "Pemilihan umum Bupati Way Kanan 2024",
    "region": "Way Kanan",
    "level": "KABUPATEN",
    "path": "kabupaten-way-kanan",
    "source": "https://id.wikipedia.org/wiki/Pemilihan_umum_Bupati_Way_Kanan_2024",
    "communityID": "1ff10599-11f0-4b74-a3ef-31766b87998f",
    "candidates": [
        {
            "name": "Ali Rahman",
            "description": "Ali Rahman (lahir 10 Agustus 1970) adalah seorang politikus Indonesia kelahiran Blambangan Umpu. Ia sempat menjabat sebagai Kepala Badan Kepegawaian dan Pengembangan Sumber Daya Manusia Kabupaten Way Kanan. Pada pemilihan umum Bupati Way Kanan 2020, ia terpilih menjadi Wakil Bupati Way Kanan mendampingi Raden Adipati Surya selaku Bupati Way Kanan.[1]\n",
            "profilePic": "https://upload.wikimedia.org/wikipedia/commons/thumb/6/6f/ALI_RAHMAN.jpg/1200px-ALI_RAHMAN.jpg",
            "title": "Wakil Bupati Way Kanan",
            "sites": {
                "name": "Wikipedia",
                "url": "https://id.wikipedia.org/wiki/Ali_Rahman"
            },
            "communityID": "1ff10599-11f0-4b74-a3ef-31766b87998f"
        },
        {
            "name": "Ayu Marwan Cik Asan",
            "description": "",
            "profilePic": "",
            "title": null,
            "sites": {},
            "communityID": "1ff10599-11f0-4b74-a3ef-31766b87998f"
        }
    ]
}