{
    "title": "Pemilihan umum Bupati Situbondo 2024",
    "region": "Situbondo",
    "level": "KABUPATEN",
    "path": "kabupaten-situbondo",
    "source": "https://id.wikipedia.org/wiki/Pemilihan_umum_Bupati_Situbondo_2024",
    "communityID": "1a303260-0178-4a38-918a-48b0a3f6089e",
    "candidates": [
        {
            "name": "Dr. Drs. Ec. Karnadi",
            "description": "",
            "profilePic": "",
            "title": "M.Si (Rama Karnadi)",
            "sites": {},
            "communityID": "1a303260-0178-4a38-918a-48b0a3f6089e"
        },
        {
            "name": "Karna Suswandi",
            "description": "Drs. H. Karna Suswandi, M.M. (lahir 15 April 1967) adalah Bupati Situbondo yang menjabat sejak 26 Februari 2021. Ia sebelumnya adalah Kepala Dinas PUTR Kabupaten Lumajang yang menjabat sejak tanggal 4 Juli 2019 hingga pensiun dini di bulan September 2020.\n",
            "profilePic": "https://upload.wikimedia.org/wikipedia/commons/thumb/f/fb/Bupati_Situbondo_17.jpg/1200px-Bupati_Situbondo_17.jpg",
            "title": "Bupati Situbondo periode 2021\u20132024",
            "sites": {
                "name": "Wikipedia",
                "url": "https://id.wikipedia.org/wiki/Karna_Suswandi"
            },
            "communityID": "1a303260-0178-4a38-918a-48b0a3f6089e"
        },
        {
            "name": "Yusuf Rio Wahyu Prayogo (Mas Rio Patenang)",
            "description": "",
            "profilePic": "",
            "title": "Pengusaha",
            "sites": {},
            "communityID": "1a303260-0178-4a38-918a-48b0a3f6089e"
        },
        {
            "name": "Saiful Bahri (Bang Ipoel)",
            "description": "",
            "profilePic": "",
            "title": "Pengusaha & mantan ketua umum LSM Garda Sakera",
            "sites": {},
            "communityID": "1a303260-0178-4a38-918a-48b0a3f6089e"
        }
    ]
}