{
    "title": "Pemilihan umum Bupati Lamandau 2024",
    "region": "Lamandau",
    "level": "KABUPATEN",
    "path": "kabupaten-lamandau",
    "source": "https://id.wikipedia.org/wiki/Pemilihan_umum_Bupati_Lamandau_2024",
    "communityID": "bef45f64-4b44-4aa5-8d49-e05b31ad9ac4",
    "candidates": [
        {
            "name": "Hendra Lesmana",
            "description": "H. Hendra Lesmana (lahir 19 Januari 1981)[1] adalah bupati Lamandau yang menjabat untuk masa bakti 2018\u20132023. Ia terpilih sebagai bupati Lamandau setelah memenangkan Pilkada Lamandau 2018 dengan meraih 24.193 suara.[2]\n",
            "profilePic": "",
            "title": "Bupati Lamandau periode 2018-2023",
            "sites": {
                "name": "Wikipedia",
                "url": "https://id.wikipedia.org/wiki/Hendra_Lesmana"
            },
            "communityID": "bef45f64-4b44-4aa5-8d49-e05b31ad9ac4"
        },
        {
            "name": "Riko Purwanto",
            "description": "",
            "profilePic": "",
            "title": "Wakil Bupati Lamandau periode 2018-2023",
            "sites": {},
            "communityID": "bef45f64-4b44-4aa5-8d49-e05b31ad9ac4"
        },
        {
            "name": "Adbul Hamid",
            "description": "",
            "profilePic": "",
            "title": "Anggota DPRD Lamandau 2019-2024",
            "sites": {},
            "communityID": "bef45f64-4b44-4aa5-8d49-e05b31ad9ac4"
        },
        {
            "name": "Lilis Suriani",
            "description": "Dr. Dra. Lilis Suriani, M.M., MM. RS. adalah seorang birokrat Indonesia. Ia sempat menjabat sebagai Kepala Biro Organisasi Sekretariat Daerah Provinsi Kalimantan Tengah. Pada 2023, ia diangkat menjadi pelaksana jabatan Bupati Lamandau.[1]\n",
            "profilePic": "https://upload.wikimedia.org/wikipedia/commons/1/19/Pj_Bupati_Lilis_Suriani.jpg",
            "title": "PJ Bupati Lamandau 2023",
            "sites": {
                "name": "Wikipedia",
                "url": "https://id.wikipedia.org/wiki/Lilis_Suriani"
            },
            "communityID": "bef45f64-4b44-4aa5-8d49-e05b31ad9ac4"
        },
        {
            "name": "Rizky Aditya Putra",
            "description": "",
            "profilePic": "",
            "title": "Anggota DPRD Kotawaringin Barat 2019 - 2024",
            "sites": {},
            "communityID": "bef45f64-4b44-4aa5-8d49-e05b31ad9ac4"
        }
    ]
}