{
    "title": "Pemilihan umum Bupati Dogiyai 2024",
    "region": "Dogiyai",
    "level": "KABUPATEN",
    "source": "https://id.wikipedia.org/wiki/Pemilihan_umum_Bupati_Dogiyai_2024",
    "communityID": "b8ec38e5-4a46-4266-9335-383d2d04613c",
    "path": "kabupaten-dogiyai",
    "candidates": [
        {
            "name": "Yakobus Dumupa",
            "description": "Yakobus Dumupa, S.IP. M. IP, (lahir 12 Mei 1982), juga dipanggil Odiyaipai, adalah Bupati Dogiyai sejak 18 Desember 2017. Ia terpilih sebagai Bupati Dogiyai dalam Pilkada Dogiyai 2017 didampingi oleh Wakil Bupati  Oskar Makai masa jabatannya berakhir pada 18 Desember 2022. sebelum menjadi bupati, ia merupakan anggota Majelis Rakyat Papua sebagai Ketua Pokja Adat pada Periode 2011\u20132016.[1]\n",
            "profilePic": "https://upload.wikimedia.org/wikipedia/commons/9/9b/Yakobus_Dumupa.jpg",
            "title": "Bupati Dogiyai periode 2017\u20132022",
            "sites": {
                "name": "Wikipedia",
                "url": "https://id.wikipedia.org/wiki/Yakobus_Dumupa"
            },
            "communityID": "b8ec38e5-4a46-4266-9335-383d2d04613c"
        }
    ]
}