{
    "title": "Pemilihan umum Bupati Probolinggo 2024",
    "region": "Probolinggo",
    "level": "KABUPATEN",
    "path": "kabupaten-probolinggo",
    "source": "https://id.wikipedia.org/wiki/Pemilihan_umum_Bupati_Probolinggo_2024",
    "communityID": "ff55d8f9-1a7e-49fb-ad91-2c4dca139cac",
    "candidates": [
        {
            "name": "Muhammad Haris Damanhuri Romly",
            "description": "dr. K.H. Muhammad Haris Damanhuri Romly, M.Kes., atau biasa disebut Gus. Haris (Lahir di Probolinggo 27 September 1974) adalah seorang Pengusaha dan Politisi yang berasal dari Pondok Pesantren Zainul Hasan Genggong, Kecamatan Pajarakan, Kabupaten Probolinggo, Jawa Timur. ia adalah merupakan putra pertama dari Almarhum KH. Damanhuri Romly dan Nyai Hj. Diana Susilowati atau Ning Sus. ia juga keponakan dari KH. Moh. Hasan Mutawakkil 'Alallah, S.H., M.M. yang merupakan Pengasuh Pondok Pesantren Zainul Hasan Genggong. \n",
            "profilePic": "https://upload.wikimedia.org/wikipedia/commons/b/b5/Gusdrharris.jpg",
            "title": "Ketua Dewan Penasehat DPC Partai Gerindra Probolinggo",
            "sites": {
                "name": "Wikipedia",
                "url": "https://id.wikipedia.org/wiki/Muhammad_Haris_Damanhuri_Romly"
            },
            "communityID": "ff55d8f9-1a7e-49fb-ad91-2c4dca139cac"
        },
        {
            "name": "Timbul Prihanjoko",
            "description": "Drs. H. Ahmad Timbul Prihanjoko (lahir 19 April 1968) adalah politikus Indonesia yang menjabat sebagai Pelaksana Tugas Bupati Probolinggo sisa masa jabatan 2021\u20132023, dan Wakil Bupati Probolinggo dua periode, yakni 2013\u20132018 dan 2018\u20132021.\n",
            "profilePic": "https://upload.wikimedia.org/wikipedia/commons/thumb/9/98/Wakil_Bupati_Probolinggo_A._Timbul_Prihanjoko.jpg/1200px-Wakil_Bupati_Probolinggo_A._Timbul_Prihanjoko.jpg",
            "title": "Plt. Bupati Probolinggo. ",
            "sites": {
                "name": "Wikipedia",
                "url": "https://id.wikipedia.org/wiki/Timbul_Prihanjoko"
            },
            "communityID": "ff55d8f9-1a7e-49fb-ad91-2c4dca139cac"
        },
        {
            "name": "Abdul Malik Haramain",
            "description": "Gus. H. Abdul Malik Haramain, M.Si., terlahir dari keluarga Pondok Pesantren Roudlotut Tholibin Kademangan Kota Probolinggo. adalah seorang Politikus Indonesia dari Partai Kebangkitan Bangsa yang menjabat sebagai anggota DPR-RI dua periode sejak 2009 - 2014 dan 2014 - 2018. Ia mewakili daerah pemilihan Jawa Timur II, yang meliputi Kabupaten Pasuruan, Kabupaten Probolinggo, Kota Pasuruan, dan Kota Probolinggo.\n",
            "profilePic": "https://upload.wikimedia.org/wikipedia/commons/4/40/Masmalikcocok.jpg",
            "title": "Mantan Anggota DPR RI",
            "sites": {
                "name": "Wikipedia",
                "url": "https://id.wikipedia.org/wiki/Abdul_Malik_Haramain"
            },
            "communityID": "ff55d8f9-1a7e-49fb-ad91-2c4dca139cac"
        },
        {
            "name": "Mahdi",
            "description": "Mahdi, S.E., S.H. ( lahir 27 April 1973), dikenal dengan sapaan Kang Mahdi  adalah seorang Politisi Indonesia yang menjabat sebagai anggota legislatif Dewan Perwakilan Rakyat Daerah Provinsi Jawa Timur selama 3 periode (2009-2014, 2014-2019 dan 2019\u20132024), Ia mewakili daerah pemilihan Jawa Timur III, yang meliputi Kabupaten Probolinggo, Kota Probolinggo, Kabupaten Pasuruan, dan Kota Pasuruan, Mahdi merupakan kader Partai Persatuan Pembangunan. Saat ini, ia duduk di Komisi B sebagai Wakil Ketua.\n",
            "profilePic": "https://upload.wikimedia.org/wikipedia/commons/d/d3/Mahdi_%28PPP%29.jpg",
            "title": "Anggota DPRD Jatim",
            "sites": {
                "name": "Wikipedia",
                "url": "https://id.wikipedia.org/wiki/Mahdi"
            },
            "communityID": "ff55d8f9-1a7e-49fb-ad91-2c4dca139cac"
        },
        {
            "name": "Zulmi Noor Hasani",
            "description": "",
            "profilePic": "",
            "title": "Putra Mantan Bupati Probolinggo Hasan Aminuddin Puput Tantriana Sari. ",
            "sites": {},
            "communityID": "ff55d8f9-1a7e-49fb-ad91-2c4dca139cac"
        },
        {
            "name": "Dini Rahmania",
            "description": "",
            "profilePic": "",
            "title": "Putri Mantan Bupati Probolinggo Hasan Aminuddin Puput Tantriana Sari. ",
            "sites": {},
            "communityID": "ff55d8f9-1a7e-49fb-ad91-2c4dca139cac"
        },
        {
            "name": "Salim Qurays",
            "description": "Habib H. Salim Qurays. (Lahir 12 Juli 1975) seorang Politisi Partai Persatuan Pembangunan. pernah menjabat sebagai Wakil Bupati yang berpasangan dengan Bupati Hasan Aminuddin Kabupaten Probolinggo periode 2008 - 2013\n",
            "profilePic": "https://upload.wikimedia.org/wikipedia/commons/2/2e/KPU_Salim_Qurays.jpg",
            "title": "Mantan Wakil Bupati Probolinggo",
            "sites": {
                "name": "Wikipedia",
                "url": "https://id.wikipedia.org/wiki/Salim_Qurays"
            },
            "communityID": "ff55d8f9-1a7e-49fb-ad91-2c4dca139cac"
        },
        {
            "name": "Faisol Riza",
            "description": "H. Faisol Riza, S.S.[1] (lahir 1 Januari 1973) adalah seorang santri dan aktivis pejuang reformasi yang sempat diculik, tetapi dikembalikan. Ia dikenal sebagai kerabat Hasan Aminuddin mantan Bupati Probolinggo.\n",
            "profilePic": "https://upload.wikimedia.org/wikipedia/commons/e/ec/KPU_Faisol_Reza.png",
            "title": "Anggota DPR RI",
            "sites": {
                "name": "Wikipedia",
                "url": "https://id.wikipedia.org/wiki/Faisol_Reza"
            },
            "communityID": "ff55d8f9-1a7e-49fb-ad91-2c4dca139cac"
        },
        {
            "name": "Abdul Hamid Wahid",
            "description": "R. K.H. Datuk Guru.[1] Abdul Hamid Wahid, M.Ag,. Atau biasa dipanggil Gus atau Lora Hamid. (Lahir 04 September 1971) terlahir dari pasangan KH. Abd. Wahid Zaini, S.H. (Alm.) dan Ny. Hj. Zubaidiyah Thoha. dari keluarga Pondok Pesantren Nurul Jadid, Karanganyar, Paiton, Probolinggo, Jawa Timur. Sejak kecil beliau telah menempuh pendidikan formal yang religius, hingga kemudian melanjutkan karier sebagai tenaga pengajar masih di bidang keagamaan. beliau adalah anggota DPR RI periode 2004-2009 dan 2009-2014 dari Partai Kebangkitan Bangsa mewakili Jawa Timur. Ia ditempatkan di Komisi X yang menangani Pendidikan, Olahraga, Pariwisata, Kesenian dan Kebudayaan. saat ini beliau menjabat sebagai Kepala Pondok Pesantren Nurul Jadid dan Rektor Universitas Nurul Jadid Paiton Probolinggo Jawa Timur Indonesia. \n",
            "profilePic": "https://upload.wikimedia.org/wikipedia/commons/9/92/Loragushamid.jpg",
            "title": "Mantan Anggota DPR RI",
            "sites": {
                "name": "Wikipedia",
                "url": "https://id.wikipedia.org/wiki/Abdul_Hamid_Wahid"
            },
            "communityID": "ff55d8f9-1a7e-49fb-ad91-2c4dca139cac"
        },
        {
            "name": "Oka Mahendra Jati Kusuma",
            "description": "",
            "profilePic": "",
            "title": "Wakil II Ketua DPRD Kab. Probolinggo",
            "sites": {},
            "communityID": "ff55d8f9-1a7e-49fb-ad91-2c4dca139cac"
        },
        {
            "name": "Andi Suryanto Wibowo",
            "description": "",
            "profilePic": "",
            "title": "Ketua DPRD Kabupaten. Probolinggo. ",
            "sites": {},
            "communityID": "ff55d8f9-1a7e-49fb-ad91-2c4dca139cac"
        },
        {
            "name": "Akhmad Sruji Bahtiar",
            "description": "",
            "profilePic": "",
            "title": "Kepala Kemenag Kabupaten Jember",
            "sites": {},
            "communityID": "ff55d8f9-1a7e-49fb-ad91-2c4dca139cac"
        },
        {
            "name": "Fahmi Abdul Haq Zaini",
            "description": "",
            "profilePic": "",
            "title": "Biro Pondok Pesantren Nurul Jadid Paiton",
            "sites": {},
            "communityID": "ff55d8f9-1a7e-49fb-ad91-2c4dca139cac"
        }
    ]
}