{
    "title": "Pemilihan umum Bupati Muara Enim 2024",
    "region": "Muara Enim",
    "level": "KABUPATEN",
    "path": "kabupaten-muara-enim",
    "source": "https://id.wikipedia.org/wiki/Pemilihan_umum_Bupati_Muara_Enim_2024",
    "communityID": "da0cce78-161d-4fe4-8c25-0cbad99907d4",
    "candidates": [
        {
            "name": "Nurul Aman",
            "description": "",
            "profilePic": "",
            "title": "Mantan Wakil Bupati Muara Enim",
            "sites": {},
            "communityID": "da0cce78-161d-4fe4-8c25-0cbad99907d4"
        },
        {
            "name": "Ir H. Mat Kasrun Msi",
            "description": "",
            "profilePic": "",
            "title": "Birokrat Kab.Muara Enim",
            "sites": {},
            "communityID": "da0cce78-161d-4fe4-8c25-0cbad99907d4"
        },
        {
            "name": "Shinta Paramita Sari",
            "description": "",
            "profilePic": "",
            "title": "Mantan Cabup Pilkada Muara Enim 2018",
            "sites": {},
            "communityID": "da0cce78-161d-4fe4-8c25-0cbad99907d4"
        },
        {
            "name": "Ersangkut S.Psi",
            "description": "",
            "profilePic": "",
            "title": "Anggota DPRD Sumsel",
            "sites": {},
            "communityID": "da0cce78-161d-4fe4-8c25-0cbad99907d4"
        },
        {
            "name": "Izudin SE",
            "description": "",
            "profilePic": "",
            "title": "Anggota DPRD kab.Muara Enim",
            "sites": {},
            "communityID": "da0cce78-161d-4fe4-8c25-0cbad99907d4"
        },
        {
            "name": "Firdaus S.H",
            "description": "",
            "profilePic": "",
            "title": "Anggota DPRD Sumsel",
            "sites": {},
            "communityID": "da0cce78-161d-4fe4-8c25-0cbad99907d4"
        }
    ]
}