{
    "title": "Pemilihan umum Bupati Pasaman 2024",
    "region": "Pasaman",
    "level": "KABUPATEN",
    "path": "kabupaten-pasaman",
    "source": "https://id.wikipedia.org/wiki/Pemilihan_umum_Bupati_Pasaman_2024",
    "communityID": "ae8004bf-3eef-416c-9d58-26d9ab77ebaf",
    "candidates": [
        {
            "name": "Danny Ismaya   SP Dt Sandaran",
            "description": "",
            "profilePic": "",
            "title": "Wakil Ketua DPRD Pasaman",
            "sites": {},
            "communityID": "ae8004bf-3eef-416c-9d58-26d9ab77ebaf"
        },
        {
            "name": "Sabar AS",
            "description": "Sabar AS, S.Ag., M.Si. (lahir 1 Mei 1976) adalah politikus Partai Demokrat yang menjabat Bupati Pasaman sejak 12 Desember 2023 setelah menjadi pelaksana tugas sejak 3 November 2023.[3][4] Sebelumnya ia menjabat Wakil Bupati Pasaman mendampingi Benny Utama sejak 2021.[5] Ia pernah menjabat sebagai Anggota DPRD Sumatera Barat tiga periode sejak tahun 2009. Selain itu Sabar AS juga aktif dalam aktifitas organisasi. Pada tahun 2021 ia dilantik sebagai Presidium Majelis Wilayah Korps Alumni Himpunan Mahasiswa Islam (KAHMI) Sumatera Barat untuk masa bakti 2021-2026.[6]\n",
            "profilePic": "https://upload.wikimedia.org/wikipedia/commons/c/c4/Wakil_Bupati_Pasaman_Sabar_AS.jpg",
            "title": "Wakil Bupati Pasaman",
            "sites": {
                "name": "Wikipedia",
                "url": "https://id.wikipedia.org/wiki/Sabar_A.S."
            },
            "communityID": "ae8004bf-3eef-416c-9d58-26d9ab77ebaf"
        },
        {
            "name": "Daniel Lubis",
            "description": "H. Daniel Lubis (lahir 19 September 1957) adalah Wakil Bupati Pasaman periode 2010\u20142015. Ia adalah wakil dari Bupati Pasaman, Benny Utama.[1]\n",
            "profilePic": "https://upload.wikimedia.org/wikipedia/id/9/91/Daniel_Wabup.jpg",
            "title": "Mantan Wakil Bupati Pasaman",
            "sites": {
                "name": "Wikipedia",
                "url": "https://id.wikipedia.org/wiki/Daniel_Lubis"
            },
            "communityID": "ae8004bf-3eef-416c-9d58-26d9ab77ebaf"
        },
        {
            "name": "Rahmat Saleh",
            "description": "H. Rahmat Saleh, S.Farm., M.I.P. (lahir 27 April 1983)[1] adalah mubalig dan politikus dari Partai Keadilan Sejahtera (PKS). Ia menjabat sebagai anggota DPRD Sumatera Barat dua periode yakni 2014\u20132019 dan 2019\u20132024.[2] Dalam struktur partai, ia menjabat sebagai Sekretaris Umum Dewan Perwakilan Wilayah (DPW) PKS Sumatera Barat periode 2020\u20132025.[3][4] Dalam pemilihan umum presiden 2024, ia diangkat menjadi Ketua Tim Kampanye Daerah (TKD) Anies Baswedan dan Muhaimin Iskandar Sumatera Barat.[5]\n",
            "profilePic": "https://upload.wikimedia.org/wikipedia/commons/7/77/Anggota_DPRD_Sumatera_Barat_Rahmat_Saleh.jpg",
            "title": "Anggota DPRD Sumatera Barat",
            "sites": {
                "name": "Wikipedia",
                "url": "https://id.wikipedia.org/wiki/Rahmat_Saleh"
            },
            "communityID": "ae8004bf-3eef-416c-9d58-26d9ab77ebaf"
        },
        {
            "name": "Atos Pratama",
            "description": "Mayor CZI (Purn.) Atos Pratama[1] (lahir 18 September 1976) adalah Wakil Bupati Kabupaten Pasaman, Sumatera Barat periode 2016\u20132021. Ia adalah wakil dari Bupati Pasaman, Yusuf Lubis.\n",
            "profilePic": "https://upload.wikimedia.org/wikipedia/commons/e/e1/Atos_Pratama.jpg",
            "title": "Mantan Wakil Bupati Pasaman",
            "sites": {
                "name": "Wikipedia",
                "url": "https://id.wikipedia.org/wiki/Atos_Pratama"
            },
            "communityID": "ae8004bf-3eef-416c-9d58-26d9ab77ebaf"
        },
        {
            "name": "Yasri",
            "description": "",
            "profilePic": "",
            "title": "Wakil Ketua DPRD Pasaman",
            "sites": {},
            "communityID": "ae8004bf-3eef-416c-9d58-26d9ab77ebaf"
        },
        {
            "name": "Nelfri Asfandi",
            "description": "",
            "profilePic": "",
            "title": "Ketua DPD PKS Pasaman",
            "sites": {},
            "communityID": "ae8004bf-3eef-416c-9d58-26d9ab77ebaf"
        },
        {
            "name": "Bustomi",
            "description": "",
            "profilePic": "",
            "title": "Ketua DPRD Pasaman",
            "sites": {},
            "communityID": "ae8004bf-3eef-416c-9d58-26d9ab77ebaf"
        },
        {
            "name": "Ristawadi",
            "description": "",
            "profilePic": "",
            "title": "Anggota DPRD Pasaman",
            "sites": {},
            "communityID": "ae8004bf-3eef-416c-9d58-26d9ab77ebaf"
        },
        {
            "name": "Hasbullah Nasution",
            "description": "",
            "profilePic": "",
            "title": "Politisi Nasdem",
            "sites": {},
            "communityID": "ae8004bf-3eef-416c-9d58-26d9ab77ebaf"
        },
        {
            "name": "Heri Supriadi",
            "description": "",
            "profilePic": "",
            "title": "Mantan Anggota DPRD Pasaman",
            "sites": {},
            "communityID": "ae8004bf-3eef-416c-9d58-26d9ab77ebaf"
        },
        {
            "name": "Dalhas Edward",
            "description": "",
            "profilePic": "",
            "title": "Pengusaha",
            "sites": {},
            "communityID": "ae8004bf-3eef-416c-9d58-26d9ab77ebaf"
        },
        {
            "name": "Wahyudil Hayat",
            "description": "",
            "profilePic": "",
            "title": "Tokoh Pendidikan",
            "sites": {},
            "communityID": "ae8004bf-3eef-416c-9d58-26d9ab77ebaf"
        },
        {
            "name": "Sudirman Pasaribu",
            "description": "",
            "profilePic": "",
            "title": "Mantan Kasibinlat Subditbinsatpam/Polsus Ditbinmas Polda Sumut",
            "sites": {},
            "communityID": "ae8004bf-3eef-416c-9d58-26d9ab77ebaf"
        },
        {
            "name": "Partomuan Tanjung",
            "description": "",
            "profilePic": "",
            "title": "Mantan Dan POM I/4 Padang",
            "sites": {},
            "communityID": "ae8004bf-3eef-416c-9d58-26d9ab77ebaf"
        },
        {
            "name": "Syafrialis",
            "description": "",
            "profilePic": "",
            "title": "Mantan Kepala Dinas Pertanian Kabupaten Pasaman",
            "sites": {},
            "communityID": "ae8004bf-3eef-416c-9d58-26d9ab77ebaf"
        }
    ]
}