{
    "title": "Pemilihan umum Bupati Kediri 2024",
    "region": "Kediri",
    "level": "KABUPATEN",
    "path": "kabupaten-kediri",
    "source": "https://id.wikipedia.org/wiki/Pemilihan_umum_Bupati_Kediri_2024",
    "communityID": "11547604-5374-42fd-9aa3-6ea2a820eb87",
    "candidates": [
        {
            "name": "Hanindhito Himawan Pramana",
            "description": "Hanindhito Himawan Pramana, S.H. (lahir 31 Juli 1992, dikenal sebagai Dhito atau Mas Dhito) adalah seorang politisi yang saat ini menjabat sebagai Bupati Kediri periode 2021-2024.[4][5] Dhito terpilih sebagai bupati melalui pilkada tahun 2020.[6][7] Pada pemilihan tersebut, Ia diusung oleh sembilan partai politik dan menjadi calon tunggal.[8]\n",
            "profilePic": "https://upload.wikimedia.org/wikipedia/commons/a/ad/Hanindhito_Himawan_Pramana.jpg",
            "title": "Bupati Kediri",
            "sites": {
                "name": "Wikipedia",
                "url": "https://id.wikipedia.org/wiki/Hanindhito_Himawan_Pramana"
            },
            "communityID": "11547604-5374-42fd-9aa3-6ea2a820eb87"
        },
        {
            "name": "Dewi Mariya Ulfa",
            "description": "Dewi Mariya Ulfa, S.T. (lahir 1 September 1980) adalah Wakil Bupati Kediri periode 2021\u20132024. Ia menjabat sejak 26 Februari 2021 setelah dilantik Gubernur Jawa Timur, Khofifah Indar Parawansa di Gedung Negara Grahadi, Surabaya.[1]\n",
            "profilePic": "https://upload.wikimedia.org/wikipedia/commons/thumb/3/31/Wakil_Bupati_Kediri_Dewi_Mariya_Ulfa.jpg/1200px-Wakil_Bupati_Kediri_Dewi_Mariya_Ulfa.jpg",
            "title": "Wakil Bupati Kediri",
            "sites": {
                "name": "Wikipedia",
                "url": "https://id.wikipedia.org/wiki/Dewi_Mariya_Ulfa"
            },
            "communityID": "11547604-5374-42fd-9aa3-6ea2a820eb87"
        },
        {
            "name": "Subianto",
            "description": "Subianto adalah nama keluarga. Orang-orang terkenal dengan nama keluarga meliputi:\n",
            "profilePic": "",
            "title": "Anggota DPRD Jatim Partai Demokrat",
            "sites": {
                "name": "Wikipedia",
                "url": "https://id.wikipedia.org/wiki/Subianto"
            },
            "communityID": "11547604-5374-42fd-9aa3-6ea2a820eb87"
        },
        {
            "name": "An\u2019im Falachuddin Mahrus",
            "description": "H. An'im Falachuddin Mahrus (lahir 6 Juni 1964) adalah politikus Indonesia yang menjabat sebagai anggota DPR-RI selama dua periode (2014\u20132019 dan 2019\u20132024). Ia mewakili daerah pemilihan Jawa Timur VI, yang meliputi Kabupaten Blitar, Kabupaten Kediri, Kabupaten Tulungagung, Kota Blitar, dan Kota Kediri. An'im merupakan kader Partai Kebangkitan Bangsa, ia bertugas di Komisi X.\n",
            "profilePic": "https://upload.wikimedia.org/wikipedia/commons/9/9a/Anggota_DPR_An%E2%80%99im_Falachuddin_Mahrus.jpg",
            "title": "Anggota DPR RI",
            "sites": {
                "name": "Wikipedia",
                "url": "https://id.wikipedia.org/wiki/An%E2%80%99im_Falachuddin_Mahrus"
            },
            "communityID": "11547604-5374-42fd-9aa3-6ea2a820eb87"
        },
        {
            "name": "Erjik Bintoro",
            "description": "",
            "profilePic": "",
            "title": "Anggota DPRD Jatim",
            "sites": {},
            "communityID": "11547604-5374-42fd-9aa3-6ea2a820eb87"
        },
        {
            "name": "Sentot Djamaludin",
            "description": "",
            "profilePic": "",
            "title": "Wakil Ketua I DPRD Kabupaten Kediri",
            "sites": {},
            "communityID": "11547604-5374-42fd-9aa3-6ea2a820eb87"
        },
        {
            "name": "Agus Ferry Chusnul Ma'ab",
            "description": "",
            "profilePic": "",
            "title": "Putra KH Agus Sabuth Panoto Projo",
            "sites": {},
            "communityID": "11547604-5374-42fd-9aa3-6ea2a820eb87"
        },
        {
            "name": "Adi Suwono",
            "description": "",
            "profilePic": "",
            "title": "Ketua DPD Nasdem Kota Kediri",
            "sites": {},
            "communityID": "11547604-5374-42fd-9aa3-6ea2a820eb87"
        },
        {
            "name": "Yekti Murih Wiyati",
            "description": "",
            "profilePic": "",
            "title": "Pengusaha",
            "sites": {},
            "communityID": "11547604-5374-42fd-9aa3-6ea2a820eb87"
        },
        {
            "name": "Rahmadi Yogianto",
            "description": "",
            "profilePic": "",
            "title": "Ketua Kadin Kabupaten Kediri",
            "sites": {},
            "communityID": "11547604-5374-42fd-9aa3-6ea2a820eb87"
        },
        {
            "name": "Dede Sujana",
            "description": "",
            "profilePic": "",
            "title": "Ketua PMI Kabupaten Kediri",
            "sites": {},
            "communityID": "11547604-5374-42fd-9aa3-6ea2a820eb87"
        },
        {
            "name": "Sudjono Teguh Widjaja",
            "description": "",
            "profilePic": "",
            "title": "Ketua DPD Golkar Kota Kediri",
            "sites": {},
            "communityID": "11547604-5374-42fd-9aa3-6ea2a820eb87"
        },
        {
            "name": "Ari Purnomo Adi",
            "description": "",
            "profilePic": "",
            "title": "Ketua Forum Pengurangan Resiko Bencana Kabupaten Kediri",
            "sites": {},
            "communityID": "11547604-5374-42fd-9aa3-6ea2a820eb87"
        },
        {
            "name": "A. Basuki Babussalam",
            "description": "",
            "profilePic": "",
            "title": "Anggota DPRD Jatim",
            "sites": {},
            "communityID": "11547604-5374-42fd-9aa3-6ea2a820eb87"
        },
        {
            "name": "Sulkani",
            "description": "",
            "profilePic": "",
            "title": "Anggota DPRD Kabupaten Kediri",
            "sites": {},
            "communityID": "11547604-5374-42fd-9aa3-6ea2a820eb87"
        }
    ]
}