{
    "title": "Pemilihan umum Bupati Lembata 2024",
    "region": "Lembata",
    "level": "KABUPATEN",
    "path": "kabupaten-lembata",
    "source": "https://id.wikipedia.org/wiki/Pemilihan_umum_Bupati_Lembata_2024",
    "communityID": "78fcb639-4c89-4a57-bdcf-a177a61c11f1",
    "candidates": [
        {
            "name": "Yohanes Derosari",
            "description": "",
            "profilePic": "",
            "title": "Anggota DPRD Provinsi Nusa Tenggara Timur",
            "sites": {},
            "communityID": "78fcb639-4c89-4a57-bdcf-a177a61c11f1"
        },
        {
            "name": "Thomas Ola Langoday",
            "description": "",
            "profilePic": "",
            "title": "Bupati Lembata periode sisa masa jabatan 2017-2022",
            "sites": {},
            "communityID": "78fcb639-4c89-4a57-bdcf-a177a61c11f1"
        },
        {
            "name": "Herman Yosef Loli Wutun",
            "description": "Herman Yosef Loli Wutun (lahir 08 Juli 1954) adalah seorang praktisi Koperasi yang juga pernah aktif sebagai anggota Majelis Permusyawaratan Rakyat (MPR) Utusan Daerah Provinsi Nusa Tenggara Timur tahun 1999-2004, diusulkan melalui Partai Golongan Karya. Ia adalah kakek dari seorang cucu yang bernama Joseph Joya Juan Diego Asa dan ayah empat orang anak yaitu Maria Bernadethe Mawarni Gelu Wutun, Hermawati Rose Liwat Tena Wutun, Pedro Sarmento Aster Pehan Wutun, dan Mathilda Oliander Nogomukang Wutun dari seorang istri Petronela Peni Sanga.\n",
            "profilePic": "https://upload.wikimedia.org/wikipedia/id/9/9f/Herman_wutun.jpg",
            "title": "Mantan anggota MPR-RI Utusan Daerah",
            "sites": {
                "name": "Wikipedia",
                "url": "https://id.wikipedia.org/wiki/Herman_Wutun"
            },
            "communityID": "78fcb639-4c89-4a57-bdcf-a177a61c11f1"
        },
        {
            "name": "Petrus Sinun Manuk",
            "description": "",
            "profilePic": "",
            "title": "Ketua Kwarda Pramuka NTT periode 2020-2025",
            "sites": {},
            "communityID": "78fcb639-4c89-4a57-bdcf-a177a61c11f1"
        },
        {
            "name": "John Batafor",
            "description": "",
            "profilePic": "",
            "title": "Pegiat literasi",
            "sites": {},
            "communityID": "78fcb639-4c89-4a57-bdcf-a177a61c11f1"
        },
        {
            "name": "Fery Koban",
            "description": "",
            "profilePic": "",
            "title": "Ketua Dewan Pimpinan Cabang (DPC) Partai Prima Kabupaten Lembata",
            "sites": {},
            "communityID": "78fcb639-4c89-4a57-bdcf-a177a61c11f1"
        },
        {
            "name": "Gewura Fransiskus",
            "description": "",
            "profilePic": "",
            "title": "Ketua Dewan Pimpinan Cabang (DPC) PDI Perjuangan Kabupaten Lembata",
            "sites": {},
            "communityID": "78fcb639-4c89-4a57-bdcf-a177a61c11f1"
        }
    ]
}