{
    "title": "Pemilihan umum Bupati Sintang 2024",
    "region": "Sintang",
    "level": "KABUPATEN",
    "path": "kabupaten-sintang",
    "source": "https://id.wikipedia.org/wiki/Pemilihan_umum_Bupati_Sintang_2024",
    "communityID": "52e791ce-c325-457d-aa5c-5b3e7f02287e",
    "candidates": [
        {
            "name": "Melkianus",
            "description": "",
            "profilePic": "",
            "title": "Wakil Bupati Sintang petahana",
            "sites": {},
            "communityID": "52e791ce-c325-457d-aa5c-5b3e7f02287e"
        },
        {
            "name": "Agrianus",
            "description": "",
            "profilePic": "",
            "title": "Anggota DPRD Kabupaten Sintang",
            "sites": {},
            "communityID": "52e791ce-c325-457d-aa5c-5b3e7f02287e"
        },
        {
            "name": "Heri Jambri",
            "description": "",
            "profilePic": "",
            "title": "Ketua DPC Partai Hanura Kabupaten Sintang",
            "sites": {},
            "communityID": "52e791ce-c325-457d-aa5c-5b3e7f02287e"
        },
        {
            "name": "Supranto Aji",
            "description": "",
            "profilePic": "",
            "title": "Ketua KPU Daerah Kabupaten Sintang periode 2013-2018",
            "sites": {},
            "communityID": "52e791ce-c325-457d-aa5c-5b3e7f02287e"
        },
        {
            "name": "Gregorius Herkulanus Bala",
            "description": "",
            "profilePic": "",
            "title": "Anggota DPRD Provinsi Kalimantan Barat",
            "sites": {},
            "communityID": "52e791ce-c325-457d-aa5c-5b3e7f02287e"
        }
    ]
}