{
    "title": "Pemilihan umum Bupati Rejang Lebong 2024",
    "region": "Rejang Lebong",
    "level": "KABUPATEN",
    "path": "kabupaten-rejang-lebong",
    "source": "https://id.wikipedia.org/wiki/Pemilihan_umum_Bupati_Rejang_Lebong_2024",
    "communityID": "12d5ed42-1e10-4950-a304-aea5c45a0b54",
    "candidates": [
        {
            "name": "Syamsul Effendi",
            "description": "Syamsul Effendi (lahir 10 Agustus 1965) adalah seorang birokrat Indonesia yang lahir di Turan Baru, Curup Selatan, Rejang Lebong. Ia pernah menduduki sejumlah jabatan strategis di tiga pemerintah daerah yang berbeda, seperti Pemkab Kepahiang, Pemkab Lebong dan Pemkab Rejang Lebong. Bahkan, ia pernah menjadi Sekretaris Lurah Kota Bengkulu.\n",
            "profilePic": "",
            "title": "Bupati Rejang Lebong periode 2021\u20132024",
            "sites": {
                "name": "Wikipedia",
                "url": "https://id.wikipedia.org/wiki/Syamsul_Effendi"
            },
            "communityID": "12d5ed42-1e10-4950-a304-aea5c45a0b54"
        },
        {
            "name": "Hendra Wahyudiansyah",
            "description": "Hendra Wahyudiansyah (lahir 31 Desember 1982) adalah seorang politikus Indonesia kelahiran Bengkulu. Ia merupakan putra bungsu dari Bupati Rejang Lebong Ahmad Hijazi. Ia menjabat sebagai ketua umum Palang Merah Indonesia (PMI) Kabupaten Rejang Lebong. Dari 2021 sampai 2024, ia menjabat sebagai Wakil Bupati Rejang Lebong.[1]\n",
            "profilePic": "https://upload.wikimedia.org/wikipedia/commons/1/1f/Hendra_Wahyudiansyah%2C_SH.jpg",
            "title": "Wakil Bupati Rejang Lebong periode 2021\u20132024",
            "sites": {
                "name": "Wikipedia",
                "url": "https://id.wikipedia.org/wiki/Hendra_Wahyudiansyah"
            },
            "communityID": "12d5ed42-1e10-4950-a304-aea5c45a0b54"
        },
        {
            "name": "M. Fikri Thobari",
            "description": "",
            "profilePic": "",
            "title": "Ketua PAN Kabupaten Rejang Lebong",
            "sites": {},
            "communityID": "12d5ed42-1e10-4950-a304-aea5c45a0b54"
        },
        {
            "name": "Wahono",
            "description": "",
            "profilePic": "",
            "title": "Anggota DPRD Kabupaten Rejang Lebong",
            "sites": {},
            "communityID": "12d5ed42-1e10-4950-a304-aea5c45a0b54"
        },
        {
            "name": "Suhardhi",
            "description": "",
            "profilePic": "",
            "title": "Ketua Fraksi Demokrat DPRD Provinsi Bengkulu",
            "sites": {},
            "communityID": "12d5ed42-1e10-4950-a304-aea5c45a0b54"
        },
        {
            "name": "Herizal Apriansyah",
            "description": "",
            "profilePic": "",
            "title": "Anggota DPRD Provinsi Bengkulu",
            "sites": {},
            "communityID": "12d5ed42-1e10-4950-a304-aea5c45a0b54"
        },
        {
            "name": "Surya",
            "description": "",
            "profilePic": "",
            "title": "Wakil Ketua II DPRD Kabupaten Rejang Lebong",
            "sites": {},
            "communityID": "12d5ed42-1e10-4950-a304-aea5c45a0b54"
        },
        {
            "name": "Destiansyah",
            "description": "",
            "profilePic": "",
            "title": "Anggota DPRD Kabupaten Rejang Lebong",
            "sites": {},
            "communityID": "12d5ed42-1e10-4950-a304-aea5c45a0b54"
        }
    ]
}