{
    "title": "Pemilihan umum Bupati Bombana 2024",
    "region": "Bombana",
    "level": "KABUPATEN",
    "path": "kabupaten-bombana",
    "source": "https://id.wikipedia.org/wiki/Pemilihan_umum_Bupati_Bombana_2024",
    "communityID": "52c716c3-d02b-4ddf-bc79-b9cf5b3d8c5a",
    "candidates": [
        {
            "name": "Johan Salim",
            "description": "",
            "profilePic": "",
            "title": "Mantan Wakil Bupati Bombana",
            "sites": {},
            "communityID": "52c716c3-d02b-4ddf-bc79-b9cf5b3d8c5a"
        },
        {
            "name": "Kasra Jaru Munara",
            "description": "",
            "profilePic": "",
            "title": "Politisi PSI",
            "sites": {},
            "communityID": "52c716c3-d02b-4ddf-bc79-b9cf5b3d8c5a"
        },
        {
            "name": "Abdul Aziz Baking",
            "description": "",
            "profilePic": "",
            "title": "Mantan Ka.Kankemenag Bombana",
            "sites": {},
            "communityID": "52c716c3-d02b-4ddf-bc79-b9cf5b3d8c5a"
        },
        {
            "name": "Man Arfah",
            "description": "",
            "profilePic": "",
            "title": "Sekda Bombana",
            "sites": {},
            "communityID": "52c716c3-d02b-4ddf-bc79-b9cf5b3d8c5a"
        },
        {
            "name": "Masyhura Ila Ladamay",
            "description": "",
            "profilePic": "",
            "title": "Mantan Wakil Bupati Bombana",
            "sites": {},
            "communityID": "52c716c3-d02b-4ddf-bc79-b9cf5b3d8c5a"
        },
        {
            "name": "Hasrat",
            "description": "Hasrat adalah sebuah emosi yang mana seseorang atau sesuatu menginginkan sesuatu. Emosi ini mirip dengan rasa menginginkan, berharap, rindu dan mengidam. Hasrat-hasrat berhubungan dekat dengan agensi: mereka memotivasi seseorang yang memiliki hasrat tersebut untuk mengenalinya. Biasanya orang mengidam sesuatu yang memberikannya kenikmatan atau membuatnya gembira.[1]\n",
            "profilePic": "",
            "title": "Anggota DPRD Sultra",
            "sites": {
                "name": "Wikipedia",
                "url": "https://id.wikipedia.org/wiki/Hasrat"
            },
            "communityID": "52c716c3-d02b-4ddf-bc79-b9cf5b3d8c5a"
        },
        {
            "name": "Arsyad",
            "description": "",
            "profilePic": "",
            "title": "Ketua DPRD Kab. Bombana",
            "sites": {},
            "communityID": "52c716c3-d02b-4ddf-bc79-b9cf5b3d8c5a"
        },
        {
            "name": "Ardi Alimuddin",
            "description": "",
            "profilePic": "",
            "title": "Wakil Ketua DPRD Kab. Bombana",
            "sites": {},
            "communityID": "52c716c3-d02b-4ddf-bc79-b9cf5b3d8c5a"
        },
        {
            "name": "Andi Nirwana Sebbu",
            "description": "",
            "profilePic": "",
            "title": "Anggota DPD RI",
            "sites": {},
            "communityID": "52c716c3-d02b-4ddf-bc79-b9cf5b3d8c5a"
        },
        {
            "name": "Iskandar",
            "description": "H. Iskandar, S.E.[1] (lahir 15 Agustus 1964) adalah politisi Indonesia. Ia adalah Bupati Ogan Komering Ilir 2 periode yakni 2014\u20132019 dan 2019\u20132024.\n",
            "profilePic": "https://upload.wikimedia.org/wikipedia/commons/thumb/9/97/Bupati_OKI_Iskandar.jpg/1200px-Bupati_OKI_Iskandar.jpg",
            "title": "Anggota DPRD Kab. Bombana",
            "sites": {
                "name": "Wikipedia",
                "url": "https://id.wikipedia.org/wiki/Iskandar"
            },
            "communityID": "52c716c3-d02b-4ddf-bc79-b9cf5b3d8c5a"
        },
        {
            "name": "Rahmat Jaya Rahman",
            "description": "",
            "profilePic": "",
            "title": "Ketua DPD Gardu Prabowo Sultra",
            "sites": {},
            "communityID": "52c716c3-d02b-4ddf-bc79-b9cf5b3d8c5a"
        }
    ]
}