{
    "title": "Pemilihan umum Bupati Pangandaran 2024",
    "region": "Pangandaran",
    "level": "KABUPATEN",
    "path": "kabupaten-pangandaran",
    "source": "https://id.wikipedia.org/wiki/Pemilihan_umum_Bupati_Pangandaran_2024",
    "communityID": "de4fafd8-c1d4-41ed-ac56-d5648ab404e0",
    "candidates": [
        {
            "name": "Ida Nurlaela Wiradinata",
            "description": "",
            "profilePic": "",
            "title": "Ketua TP PKK Kabupaten Pangandaran periode 2016\u20132021 dan 2021\u20132024",
            "sites": {},
            "communityID": "de4fafd8-c1d4-41ed-ac56-d5648ab404e0"
        },
        {
            "name": "Asep Noordin",
            "description": "",
            "profilePic": "",
            "title": "Ketua DPRD Kabupaten Pangandaran",
            "sites": {},
            "communityID": "de4fafd8-c1d4-41ed-ac56-d5648ab404e0"
        },
        {
            "name": "Ujang Endin Indrawan",
            "description": "Ujang Endin Indrawan (lahir 24 Juni 1963) adalah seorang politikus Indonesia kelahiran Bandung. Ia tergabung dalam Partai Demokrasi Indonesia Perjuangan (PDIP). Ia sempat bertugas di Kabupaten Ciamis dan kemudian pindah ke Kota Banjar sebelum memasuki masa pensiun dari jabatan eselon II di Kabupaten Pangandaran. Ia menjabat sebagai Wakil Bupati Pangandaran dari 2021 sampai 2024 mendampingi Jeje Wiradinata selaku Bupati Pangandaran.[1]\n",
            "profilePic": "https://upload.wikimedia.org/wikipedia/id/c/cc/Pangandaran_-_Ujang_Ending_Indrawan.jpeg",
            "title": "Wakil Bupati Pangandaran periode 2021\u20132024",
            "sites": {
                "name": "Wikipedia",
                "url": "https://id.wikipedia.org/wiki/Ujang_Endin_Indrawan"
            },
            "communityID": "de4fafd8-c1d4-41ed-ac56-d5648ab404e0"
        },
        {
            "name": "Ade Ruminah",
            "description": "",
            "profilePic": "",
            "title": "Anggota DPRD Kabupaten Pangandaran",
            "sites": {},
            "communityID": "de4fafd8-c1d4-41ed-ac56-d5648ab404e0"
        },
        {
            "name": "Otang Tarlian",
            "description": "",
            "profilePic": "",
            "title": "Ketua DPC PKB Kabupaten Pangandaran",
            "sites": {},
            "communityID": "de4fafd8-c1d4-41ed-ac56-d5648ab404e0"
        },
        {
            "name": "Ino Darsono",
            "description": "",
            "profilePic": "",
            "title": "Tokoh masyarakat",
            "sites": {},
            "communityID": "de4fafd8-c1d4-41ed-ac56-d5648ab404e0"
        },
        {
            "name": "Wowo Kustiwa",
            "description": "",
            "profilePic": "",
            "title": "Anggota DPRD Kabupaten Pangandaran",
            "sites": {},
            "communityID": "de4fafd8-c1d4-41ed-ac56-d5648ab404e0"
        },
        {
            "name": "Supratman",
            "description": "",
            "profilePic": "",
            "title": "Ketua Pemekaran Kabupaten Pangandaran",
            "sites": {},
            "communityID": "de4fafd8-c1d4-41ed-ac56-d5648ab404e0"
        },
        {
            "name": "Kusdiana",
            "description": "",
            "profilePic": "",
            "title": "Sekretaris Daerah Kabupaten Pangandaran",
            "sites": {},
            "communityID": "de4fafd8-c1d4-41ed-ac56-d5648ab404e0"
        },
        {
            "name": "Dadang Solihat",
            "description": "",
            "profilePic": "",
            "title": "Kepala Badan Pendapatan Daerah Kabupaten Pangandaran",
            "sites": {},
            "communityID": "de4fafd8-c1d4-41ed-ac56-d5648ab404e0"
        },
        {
            "name": "Arief Hikmawan",
            "description": "",
            "profilePic": "",
            "title": "Putera Bupati Jeje Wiradinata",
            "sites": {},
            "communityID": "de4fafd8-c1d4-41ed-ac56-d5648ab404e0"
        },
        {
            "name": "Endjang Naffandy",
            "description": "",
            "profilePic": "",
            "title": "Penjabat Bupati Pangandaran 2013\u20132015",
            "sites": {},
            "communityID": "de4fafd8-c1d4-41ed-ac56-d5648ab404e0"
        },
        {
            "name": "Shena Rizkantya",
            "description": "",
            "profilePic": "",
            "title": "Ketua Himpunan Pengusaha Muda Indonesia (HIPMI) Kabupaten Pangandaran",
            "sites": {},
            "communityID": "de4fafd8-c1d4-41ed-ac56-d5648ab404e0"
        },
        {
            "name": "I",
            "description": "",
            "profilePic": "",
            "title": "Ketua DPRD Pangandaran periode 2014\u20132019",
            "sites": {},
            "communityID": "de4fafd8-c1d4-41ed-ac56-d5648ab404e0"
        }
    ]
}