{
    "title": "Pemilihan umum Bupati Timor Tengah Selatan 2024",
    "region": "Timor Tengah Selatan",
    "level": "KABUPATEN",
    "path": "kabupaten-timor-tengah-selatan",
    "source": "https://id.wikipedia.org/wiki/Pemilihan_umum_Bupati_Timor_Tengah_Selatan_2024",
    "communityID": "7fe535d7-297d-4001-a520-f8f5e4f8502c",
    "candidates": [
        {
            "name": "Egusem Pieter Tahun",
            "description": "Egusem Pieter Tahun, S.T., M.M. (lahir 4 Maret 1961) adalah politikus Indonesia yang menjabat sebagai bupati Timor Tengah Selatan sejak 14 Februari 2019.[1]\n",
            "profilePic": "https://upload.wikimedia.org/wikipedia/commons/7/75/Egusem_Pieter_Tahun_Bupati_TTS.png",
            "title": "Bupati Timor Tengah Selatan periode 2014\u20132019",
            "sites": {
                "name": "Wikipedia",
                "url": "https://id.wikipedia.org/wiki/Egusem_Pieter_Tahun"
            },
            "communityID": "7fe535d7-297d-4001-a520-f8f5e4f8502c"
        },
        {
            "name": "Amos Aleksander Lafu",
            "description": "",
            "profilePic": "",
            "title": "Advokat",
            "sites": {},
            "communityID": "7fe535d7-297d-4001-a520-f8f5e4f8502c"
        },
        {
            "name": "Uksam Selan",
            "description": "",
            "profilePic": "",
            "title": "Anggota DPRD Kabupaten Timor Tengah Selatan",
            "sites": {},
            "communityID": "7fe535d7-297d-4001-a520-f8f5e4f8502c"
        },
        {
            "name": "R.E.S Fobia",
            "description": "",
            "profilePic": "",
            "title": "Pengamat Hukum dan Kebijakan Publik Universitas Satya Wacana Salatiga",
            "sites": {},
            "communityID": "7fe535d7-297d-4001-a520-f8f5e4f8502c"
        }
    ]
}