{
    "title": "Pemilihan umum Bupati Sumenep 2024",
    "region": "Sumenep",
    "level": "KABUPATEN",
    "path": "kabupaten-sumenep",
    "source": "https://id.wikipedia.org/wiki/Pemilihan_umum_Bupati_Sumenep_2024",
    "communityID": "05fc87bd-49af-45b3-9a66-d5d237fd58fe",
    "candidates": [
        {
            "name": "Achmad Fauzi (politikus)",
            "description": "Achmad Fauzi, S.H., M.H. (lahir 21 Mei 1979) adalah Bupati Sumenep periode 2021-2024 dan merupakan politisi PDI Perjuangan. Fauzi juga menjabat sebagai Ketua DPC PDI Perjuangan Kabupaten Sumenep periode 2019-2024.[1]\n",
            "profilePic": "https://upload.wikimedia.org/wikipedia/commons/9/9d/Bupati_Sumenep_Achmad_Fauzi.jpg",
            "title": "Bupati Sumenep periode 2021\u20132024",
            "sites": {
                "name": "Wikipedia",
                "url": "https://id.wikipedia.org/wiki/Achmad_Fauzi_(politisi)"
            },
            "communityID": "05fc87bd-49af-45b3-9a66-d5d237fd58fe"
        },
        {
            "name": "Fattah Jasin",
            "description": "Dr. Ir. Raden Bagus Fattah Jasin M.S (lahir di Sumenep, Jawa Timur, 25 April 1962; umur 58 tahun) adalah Wakil Bupati Pamekasan, Sebelumnya menjabat Kepala Bakorwil Pamekasan selama 9 bulan (Des 2019 - purna tugas per September 2020)[1][2] yang sebelumnya menjabat sebagai Kepala Dinas Perhubungan Provinsi Jawa Timur selama 10 bulan (Feb 2019 - Des 2019) pada kepemimpinan Khofifah Indar Parawansa.[3]\n",
            "profilePic": "https://upload.wikimedia.org/wikipedia/commons/7/70/Fattah_Jasin.jpg",
            "title": "Wakil Bupati Pamekasan sisa masa jabatan periode 2018\u20132023 pada tahun 2022\u20132023",
            "sites": {
                "name": "Wikipedia",
                "url": "https://id.wikipedia.org/wiki/Fattah_Jasin"
            },
            "communityID": "05fc87bd-49af-45b3-9a66-d5d237fd58fe"
        },
        {
            "name": "Dewi Khalifah",
            "description": "Dewi Khalifah atau Nyi Eva (lahir 30 Maret 1971)[1] adalah seorang politikus Indonesia. Ia menjabat selaku Wakil Bupati Sumenep periode 2021-2024. Ia juga menjabat sebagai Ketua Muslimat Nahdlatul Ulama (NU) Kabupaten Sumenep dan pengasuh Pondok Pesantren Aqidah Usmuni.[2]\n",
            "profilePic": "https://upload.wikimedia.org/wikipedia/commons/d/dc/Wakil_Bupati_Sumenep_Dewi_Khalifah.jpg",
            "title": "Wakil Bupati Sumenep periode 2021\u20132024",
            "sites": {
                "name": "Wikipedia",
                "url": "https://id.wikipedia.org/wiki/Dewi_Khalifah"
            },
            "communityID": "05fc87bd-49af-45b3-9a66-d5d237fd58fe"
        },
        {
            "name": "Edi Humaidi",
            "description": "",
            "profilePic": "",
            "title": "Ketua Kaukus Muda Indonesia",
            "sites": {},
            "communityID": "05fc87bd-49af-45b3-9a66-d5d237fd58fe"
        },
        {
            "name": "Nur Fitriana Busyro",
            "description": "",
            "profilePic": "",
            "title": "Anggota DPRD Provinsi Jawa Timur",
            "sites": {},
            "communityID": "05fc87bd-49af-45b3-9a66-d5d237fd58fe"
        },
        {
            "name": "Caesar Putra Said Abdullah",
            "description": "",
            "profilePic": "",
            "title": "Pengusaha",
            "sites": {},
            "communityID": "05fc87bd-49af-45b3-9a66-d5d237fd58fe"
        },
        {
            "name": "KH. Ali Fikri",
            "description": "",
            "profilePic": "",
            "title": "Ketua DPC PPP Kabupaten Sumenep",
            "sites": {},
            "communityID": "05fc87bd-49af-45b3-9a66-d5d237fd58fe"
        },
        {
            "name": "H. Latib",
            "description": "",
            "profilePic": "",
            "title": "Anggota DPRD Kabupaten Sumenep",
            "sites": {},
            "communityID": "05fc87bd-49af-45b3-9a66-d5d237fd58fe"
        },
        {
            "name": "H. Hairul Anwar",
            "description": "",
            "profilePic": "",
            "title": "Pengusaha",
            "sites": {},
            "communityID": "05fc87bd-49af-45b3-9a66-d5d237fd58fe"
        },
        {
            "name": "Kurniadi",
            "description": "",
            "profilePic": "",
            "title": "Advokat",
            "sites": {},
            "communityID": "05fc87bd-49af-45b3-9a66-d5d237fd58fe"
        },
        {
            "name": "Edy Rasyadi",
            "description": "",
            "profilePic": "",
            "title": "Sekretaris Daerah Kabupaten Sumenep",
            "sites": {},
            "communityID": "05fc87bd-49af-45b3-9a66-d5d237fd58fe"
        },
        {
            "name": "KH. Mohammad Shalahuddin A Warist",
            "description": "",
            "profilePic": "",
            "title": "Pengasuh Pondok Pesantren Annuqayah Lubangsa",
            "sites": {},
            "communityID": "05fc87bd-49af-45b3-9a66-d5d237fd58fe"
        },
        {
            "name": "Zamrud Khan",
            "description": "",
            "profilePic": "",
            "title": "Mantan ketua Bawaslu Kabupaten Sumenep",
            "sites": {},
            "communityID": "05fc87bd-49af-45b3-9a66-d5d237fd58fe"
        },
        {
            "name": "KH.",
            "description": "",
            "profilePic": "",
            "title": "Ketua Yayasan Pondok Pesantren Nurul Islam",
            "sites": {},
            "communityID": "05fc87bd-49af-45b3-9a66-d5d237fd58fe"
        },
        {
            "name": "Kamarullah",
            "description": "",
            "profilePic": "",
            "title": "Advokat",
            "sites": {},
            "communityID": "05fc87bd-49af-45b3-9a66-d5d237fd58fe"
        },
        {
            "name": "Indra Wahyudi",
            "description": "",
            "profilePic": "",
            "title": "Ketua DPC Partai Demokrat Kabupaten Sumenep",
            "sites": {},
            "communityID": "05fc87bd-49af-45b3-9a66-d5d237fd58fe"
        },
        {
            "name": "Nia Kurnia Fauzi",
            "description": "",
            "profilePic": "",
            "title": "Anggota DPRD Kabupaten Sumenep",
            "sites": {},
            "communityID": "05fc87bd-49af-45b3-9a66-d5d237fd58fe"
        },
        {
            "name": "Muhammad Unais Ali Hisyam",
            "description": "Muhammad Unais Ali Hisyam (lahir 14 Desember 1973) adalah seorang politikus Indonesia. Berawal dari sebuah tawaran dari salah satu tokoh nadhliyin untuk menjadi anggota DPRD, pada tahun 1999, ia akhirnya mendaftarkan diri sebagai anggota DPRD  dan tanpa diduga terpilih sekaligus ditunjuk menjadi Ketua Komisi E DPRD Kabupaten Sumenep yang saat itu menangani bagian agama dan pendidikan di usianya yang cukup muda, 26 tahun. Berlanjut menjadi anggota Komisi B yang membawahi bidang perekonomian pada tahun 2004-2009.\n",
            "profilePic": "",
            "title": "Mantan Ketua DPC PKB Kabupaten Sumenep",
            "sites": {
                "name": "Wikipedia",
                "url": "https://id.wikipedia.org/wiki/Muhammad_Unais_Ali_Hisyam"
            },
            "communityID": "05fc87bd-49af-45b3-9a66-d5d237fd58fe"
        },
        {
            "name": "Malik Efendi",
            "description": "",
            "profilePic": "",
            "title": "Wakil Ketua DPW PAN Provinsi Jawa Timur",
            "sites": {},
            "communityID": "05fc87bd-49af-45b3-9a66-d5d237fd58fe"
        },
        {
            "name": "H. Zainal Arifin",
            "description": "",
            "profilePic": "",
            "title": "Anggota DPRD Kabupaten Sumenep",
            "sites": {},
            "communityID": "05fc87bd-49af-45b3-9a66-d5d237fd58fe"
        },
        {
            "name": "Miskun Legiono",
            "description": "",
            "profilePic": "",
            "title": "Ketua Asosiasi Kepala Desa (AKD) Kabupaten Sumenep",
            "sites": {},
            "communityID": "05fc87bd-49af-45b3-9a66-d5d237fd58fe"
        }
    ]
}