{
    "title": "Pemilihan umum Bupati Banyuasin 2024",
    "region": "Banyuasin",
    "level": "KABUPATEN",
    "path": "kabupaten-banyuasin",
    "source": "https://id.wikipedia.org/wiki/Pemilihan_umum_Bupati_Banyuasin_2024",
    "communityID": "eff220f1-a5cc-48a9-a616-b4508997fdb1",
    "candidates": [
        {
            "name": "Askolani Jasi",
            "description": "H. Askolani Jasi, S.H., M.H. (lahir 23 April 1974) saat ini adalah Bupati Kabupaten Banyuasin periode 2018 - 2023 sesuai dengan Hasil Pilkada Kab Banyuasin 27 Juni 2018 dan Pleno KPUD Kab Banyuasin tertanggal 4 Juli 2018. Pernah menjabat sebagai Wakil Ketua DPRD Kabupaten Banyuasin periode 2014 - 2019.[1] Saat ini juga menjabat sebagai Ketua DPC PDI Perjuangan Kabupaten Banyuasin periode 2015 - 2020. Semasa kuliah, ia dikenal sebagai Aktivis 98 yang ikut aktif memperjuangkan Reformasi.\n",
            "profilePic": "https://upload.wikimedia.org/wikipedia/id/4/46/Cabup_Banyuasin_-_Askolani.png",
            "title": "Bupati Banyuasin",
            "sites": {
                "name": "Wikipedia",
                "url": "https://id.wikipedia.org/wiki/Askolani_Jasi"
            },
            "communityID": "eff220f1-a5cc-48a9-a616-b4508997fdb1"
        },
        {
            "name": "Slamet Somosentono",
            "description": "H. Slamet Somosentono, S.H. (lahir 11 September 1950) adalah Wakil Bupati Banyuasin periode 2018\u20142023. Ia adalah wakil dari Bupati Banyuasin, Askolani Jasi.[1]\n",
            "profilePic": "https://upload.wikimedia.org/wikipedia/id/7/76/Cawabup_Banyuasin_-_Slamet.png",
            "title": "Wakil Bupati Banyuasin",
            "sites": {
                "name": "Wikipedia",
                "url": "https://id.wikipedia.org/wiki/Slamet_Somosentono"
            },
            "communityID": "eff220f1-a5cc-48a9-a616-b4508997fdb1"
        },
        {
            "name": "Suman Asra Supriono",
            "description": "",
            "profilePic": "",
            "title": "Sekda Provinsi Sumsel",
            "sites": {},
            "communityID": "eff220f1-a5cc-48a9-a616-b4508997fdb1"
        },
        {
            "name": "Muhammad Yaser",
            "description": "",
            "profilePic": "",
            "title": "Anggota DPRD Prov. Sumsel (Menantu Gubernur Sumsel Herman Deru)",
            "sites": {},
            "communityID": "eff220f1-a5cc-48a9-a616-b4508997fdb1"
        },
        {
            "name": "Arkoni MD",
            "description": "",
            "profilePic": "",
            "title": "Mantan Cabup 2018",
            "sites": {},
            "communityID": "eff220f1-a5cc-48a9-a616-b4508997fdb1"
        },
        {
            "name": "Ahmad Zarkasih",
            "description": "",
            "profilePic": "",
            "title": "Wakil Ketua DPRD Kab. Banyuasin",
            "sites": {},
            "communityID": "eff220f1-a5cc-48a9-a616-b4508997fdb1"
        },
        {
            "name": "Noor Ishmatuddin",
            "description": "",
            "profilePic": "",
            "title": "Wakil Ketua DPRD Kab. Banyuasin",
            "sites": {},
            "communityID": "eff220f1-a5cc-48a9-a616-b4508997fdb1"
        },
        {
            "name": "Irian Setiawan",
            "description": "",
            "profilePic": "",
            "title": "Ketua DPRD Kab. Banyuasin",
            "sites": {},
            "communityID": "eff220f1-a5cc-48a9-a616-b4508997fdb1"
        },
        {
            "name": "Iis Harianto",
            "description": "",
            "profilePic": "",
            "title": "Anggota DPRD Kab. Banyuasin",
            "sites": {},
            "communityID": "eff220f1-a5cc-48a9-a616-b4508997fdb1"
        },
        {
            "name": "Samsul Rizal (militer)",
            "description": "Marsekal Madya TNI Samsul Rizal, S.I.P., M.Tr.Han. (lahir 23 Februari 1969) adalah seorang perwira tinggi TNI-AU yang sejak 1 April 2024 mengemban jabatan sebagai Dosen Tetap Unhan.\n",
            "profilePic": "https://upload.wikimedia.org/wikipedia/commons/5/55/Dansesko_TNI_Marsdya_Samsul_Rizal.jpg",
            "title": "Anggota DPRD Kab. Banyuasin",
            "sites": {
                "name": "Wikipedia",
                "url": "https://id.wikipedia.org/wiki/Samsul_Rizal"
            },
            "communityID": "eff220f1-a5cc-48a9-a616-b4508997fdb1"
        },
        {
            "name": "Ahmad Nurcholis",
            "description": "",
            "profilePic": "",
            "title": "Anggota DPRD Kab. Banyuasin",
            "sites": {},
            "communityID": "eff220f1-a5cc-48a9-a616-b4508997fdb1"
        },
        {
            "name": "Sri Fitriyanti",
            "description": "",
            "profilePic": "",
            "title": "Mantan Ketua TP PKK Kabupaten Banyuasin",
            "sites": {},
            "communityID": "eff220f1-a5cc-48a9-a616-b4508997fdb1"
        },
        {
            "name": "Nadia Basyir",
            "description": "",
            "profilePic": "",
            "title": "Anggota DPRD Prov. Sumsel",
            "sites": {},
            "communityID": "eff220f1-a5cc-48a9-a616-b4508997fdb1"
        },
        {
            "name": "Nasrul Halim",
            "description": "",
            "profilePic": "",
            "title": "Anggota DPRD Prov. Sumsel",
            "sites": {},
            "communityID": "eff220f1-a5cc-48a9-a616-b4508997fdb1"
        },
        {
            "name": "Muhamad F. Ridho",
            "description": "",
            "profilePic": "",
            "title": "Anggota DPRD Prov. Sumsel",
            "sites": {},
            "communityID": "eff220f1-a5cc-48a9-a616-b4508997fdb1"
        },
        {
            "name": "Agus Saputra Holidu",
            "description": "",
            "profilePic": "",
            "title": "Ketua AMB",
            "sites": {},
            "communityID": "eff220f1-a5cc-48a9-a616-b4508997fdb1"
        },
        {
            "name": "Daspini",
            "description": "Kapten Inf. (Purn.) H. Daspini A.S., S.H. (lahir 24 Agustus 1963) adalah Anggota DPRD Kabupaten Banyuasin Fraksi Nasdem  periode 2019\u20142024.[1] Ia merupakan purnawirawan TNI-AD yang memiliki jabatan terakhir sebagai Komandan Koramil 401-07/Mariana.\n",
            "profilePic": "",
            "title": "Anggota DPRD Kab. Banyuasin",
            "sites": {
                "name": "Wikipedia",
                "url": "https://id.wikipedia.org/wiki/Daspini"
            },
            "communityID": "eff220f1-a5cc-48a9-a616-b4508997fdb1"
        }
    ]
}