{
    "title": "Pemilihan umum Bupati Teluk Bintuni 2024",
    "source": "https://id.wikipedia.org/wiki/Pemilihan_umum_Bupati_Teluk_Bintuni_2024",
    "region": "Teluk Bintuni",
    "level": "KABUPATEN",
    "path": "kabupaten-teluk-bintuni",
    "communityID": "85c80668-4204-4c46-bd48-15b6cd77b902",
    "candidates": [
        {
            "name": "Irene Manibuy",
            "description": "Irene Manibuy (lahir 19 Februari 1962) adalah seorang politikus Indonesia. Ia menjabat sebagai Wakil Gubernur Papua Barat dari 2015 hingga 2017, menggantikan Rahimin Katjong yang meninggal dunia.[1]\n",
            "profilePic": "https://upload.wikimedia.org/wikipedia/commons/2/24/Irene_Manibuy%2C_Vice_Governor_of_West_Papua.jpg",
            "title": "Mantan Wakil Gubernur Papua Barat",
            "sites": {
                "name": "Wikipedia",
                "url": "https://id.wikipedia.org/wiki/Irene_Manibuy"
            },
            "communityID": "85c80668-4204-4c46-bd48-15b6cd77b902"
        },
        {
            "name": "Matret Kokop",
            "description": "Matret Kokop, S.H.(lahir 29 September 1961) adalah Wakil Bupati Teluk Bintuni 2 periode yakni 2016\u20142021 dan 2021\u20142024.[1] Ia adalah wakil dari Bupati Teluk Bintuni, Petrus Kasihiw.\n",
            "profilePic": "",
            "title": "Wakil Bupati Teluk Bintuni",
            "sites": {
                "name": "Wikipedia",
                "url": "https://id.wikipedia.org/wiki/Matret_Kokop"
            },
            "communityID": "85c80668-4204-4c46-bd48-15b6cd77b902"
        }
    ]
}