{
    "title": "Pemilihan umum Bupati Luwu Utara 2024",
    "region": "Luwu Utara",
    "level": "KABUPATEN",
    "path": "kabupaten-luwu-utara",
    "source": "https://id.wikipedia.org/wiki/Pemilihan_umum_Bupati_Luwu_Utara_2024",
    "communityID": "ec376cd8-c514-4e7c-92c3-838aae9f973b",
    "candidates": [
        {
            "name": "Muhammad Thahar Rum",
            "description": "Muhammad Thahar Rum (31 Januari 1955\u00a0\u2013\u00a018 Februari 2024) adalah seorang politikus Indonesia. Ia tercatat pernah menjabat sebagai Camat Sabbang (1993), Camat Lamasi (1998), dan Kepala Dinas Pendidikan (1999). ia menjabat sebagai Wakil Ketua DPRD Luwu Utara dari 2014 sampai 2016 dan menjabat sebagai Wakil Bupati Luwu Utara dari 2016 sampai 2021.[1] \n",
            "profilePic": "https://upload.wikimedia.org/wikipedia/commons/9/9d/Wakil_Bupati_M_Thahar_Rum.jpg",
            "title": "Mantan Wakil Bupati Luwu Utara",
            "sites": {
                "name": "Wikipedia",
                "url": "https://id.wikipedia.org/wiki/M._Thahar_Rum"
            },
            "communityID": "ec376cd8-c514-4e7c-92c3-838aae9f973b"
        },
        {
            "name": "Suaib Mansur",
            "description": "Suaib Mansur, S.T., M.Si. (lahir 20 Agustus 1970) adalah Wakil Bupati Luwu Utara periode 2021\u20132024. Ia menjabat sejak 26 Februari 2021 setelah dilantik Gubernur Sulawesi Selatan, Nurdin Abdullah di Rumah Jabatan Gubernur Sulawesi Selatan, Makassar.[1]\n",
            "profilePic": "https://upload.wikimedia.org/wikipedia/commons/1/10/Wakil_Bupati_Luwu_Utara_Suaib_Mansur.jpg",
            "title": "Wakil Bupati Luwu Utara",
            "sites": {
                "name": "Wikipedia",
                "url": "https://id.wikipedia.org/wiki/Suaib_Mansur"
            },
            "communityID": "ec376cd8-c514-4e7c-92c3-838aae9f973b"
        },
        {
            "name": "Arsyad Kasmar",
            "description": "",
            "profilePic": "",
            "title": "Mantan Calon Bupati Luwu Utara 2020",
            "sites": {},
            "communityID": "ec376cd8-c514-4e7c-92c3-838aae9f973b"
        },
        {
            "name": "Arifin Junaidi",
            "description": "Arifin Junaidi (lahir 17 Agustus 1952) adalah seorang politikus Indonesia kelahiran Sabbang, Luwu Utara. Ia menjabat selaku Ketua DPD II Partai Golkar. Dari 2010 sampai 2015, ia menjabat sebagai Bupati Luwu Utara.[1]\n",
            "profilePic": "https://upload.wikimedia.org/wikipedia/commons/4/4b/Arifin_Junaidi%2C_Bupati_Luwu_Utara.jpg",
            "title": "Mantan Bupati Luwu Utara",
            "sites": {
                "name": "Wikipedia",
                "url": "https://id.wikipedia.org/wiki/Arifin_Junaidi"
            },
            "communityID": "ec376cd8-c514-4e7c-92c3-838aae9f973b"
        },
        {
            "name": "Basir",
            "description": "Basir adalah artileri 155\u00a0mm Iran dipandu laser, ledakan tinggi yang dirancang untuk menghancurkan tank musuh, kendaraan dan sasaran bergerak atau tidak bergerak dengan presisi tinggi.[1][2]\n",
            "profilePic": "",
            "title": "Ketua DPRD Luwu Utara",
            "sites": {
                "name": "Wikipedia",
                "url": "https://id.wikipedia.org/wiki/Basir"
            },
            "communityID": "ec376cd8-c514-4e7c-92c3-838aae9f973b"
        },
        {
            "name": "Karemuddin",
            "description": "",
            "profilePic": "",
            "title": "Wakil Ketua DPRD Luwu Utara",
            "sites": {},
            "communityID": "ec376cd8-c514-4e7c-92c3-838aae9f973b"
        }
    ]
}