{
    "title": "Pemilihan umum Bupati Ciamis 2024",
    "region": "Ciamis",
    "level": "KABUPATEN",
    "path": "kabupaten-ciamis",
    "source": "https://id.wikipedia.org/wiki/Pemilihan_umum_Bupati_Ciamis_2024",
    "communityID": "5d6e5446-6959-41b5-b03a-9a35570f119f",
    "candidates": [
        {
            "name": "Herdiat Sunarya",
            "description": "Dr. H. Herdiat Sunarya (lahir 10 Oktober 1960), dikenal dengan sapaan Kang Herdiat adalah seorang mantan Birokrat dan politisi Kabupaten Ciamis.[1] Beliau pernah menjabat sebagai Bupati Ciamis sejak 2019 hingga 2024.[2] Ia terpilih bersama Yana D Putra pada Pibup Ciamis. Sebelumnya, Herdiat Sunarya pernah menjabat sebagai Kepala Desa Panjalu sampai Sekretaris Daerah Kabupaten Ciamis.[3]\n",
            "profilePic": "https://upload.wikimedia.org/wikipedia/id/0/02/Herdiat_Sunarya.jpg",
            "title": "Bupati Ciamis periode 2019\u20132024",
            "sites": {
                "name": "Wikipedia",
                "url": "https://id.wikipedia.org/wiki/Herdiat_Sunarya"
            },
            "communityID": "5d6e5446-6959-41b5-b03a-9a35570f119f"
        },
        {
            "name": "Yana Diana Putra",
            "description": "Yana Diana Putra (lahir 26 November 1976) adalah seorang politikus Indonesia. Ia tergabung dalam Partai Amanat Nasional dan mula-mula berkiprah dalam DPD PAN Ciamis. Ia menjadi legislator selama tiga periode berturut-turut pada 2004-2009, 2009-2014, dan 2014-2019. Pada pemilihan umum Bupati Ciamis 2018, ia terpilih menjadi Wakil Bupati Ciamis mendampingi Herdiat Sunarya selaku Bupati Ciamis.[1]\n",
            "profilePic": "https://upload.wikimedia.org/wikipedia/id/a/a4/Yana_D_Putra.jpg",
            "title": "Wakil Bupati Ciamis periode 2019\u20132024",
            "sites": {
                "name": "Wikipedia",
                "url": "https://id.wikipedia.org/wiki/Yana_Diana_Putra"
            },
            "communityID": "5d6e5446-6959-41b5-b03a-9a35570f119f"
        },
        {
            "name": "Nanang Permana",
            "description": "",
            "profilePic": "",
            "title": "Ketua DPRD Kabupaten Ciamis",
            "sites": {},
            "communityID": "5d6e5446-6959-41b5-b03a-9a35570f119f"
        },
        {
            "name": "Didi Sukardi",
            "description": "",
            "profilePic": "",
            "title": "Anggota DPRD Provinsi Jawa Barat",
            "sites": {},
            "communityID": "5d6e5446-6959-41b5-b03a-9a35570f119f"
        },
        {
            "name": "Trian Slamet Triyana",
            "description": "",
            "profilePic": "",
            "title": "Anggota DPRD Kabupaten Ciamis",
            "sites": {},
            "communityID": "5d6e5446-6959-41b5-b03a-9a35570f119f"
        },
        {
            "name": "Toni Taufiqurrahman",
            "description": "",
            "profilePic": "",
            "title": "Ketua DPC PPP Kabupaten Ciamis",
            "sites": {},
            "communityID": "5d6e5446-6959-41b5-b03a-9a35570f119f"
        },
        {
            "name": "Fadlil Yani Ainusyamsi",
            "description": "",
            "profilePic": "",
            "title": "Pengasuh Pondok Pesantren Darussalam CIamis",
            "sites": {},
            "communityID": "5d6e5446-6959-41b5-b03a-9a35570f119f"
        },
        {
            "name": "KH. Arief Ismail Chowas",
            "description": "",
            "profilePic": "",
            "title": "Pimpinan Pondok Pesantren Miftahul Ulum Ciamis",
            "sites": {},
            "communityID": "5d6e5446-6959-41b5-b03a-9a35570f119f"
        },
        {
            "name": "Tatang",
            "description": "",
            "profilePic": "",
            "title": "Sekretaris Daerah Kabupaten Ciamis",
            "sites": {},
            "communityID": "5d6e5446-6959-41b5-b03a-9a35570f119f"
        },
        {
            "name": "Dr. H. Yat Rospia Brata",
            "description": "",
            "profilePic": "",
            "title": "Rektor Universitas Galuh",
            "sites": {},
            "communityID": "5d6e5446-6959-41b5-b03a-9a35570f119f"
        },
        {
            "name": "Bagus Heru",
            "description": "",
            "profilePic": "",
            "title": "Pengusaha",
            "sites": {},
            "communityID": "5d6e5446-6959-41b5-b03a-9a35570f119f"
        },
        {
            "name": "Endang Rahmat",
            "description": "",
            "profilePic": "",
            "title": "Ketua PGRI Kabupaten Ciamis",
            "sites": {},
            "communityID": "5d6e5446-6959-41b5-b03a-9a35570f119f"
        },
        {
            "name": "H Roni Karno",
            "description": "",
            "profilePic": "",
            "title": "Pengusaha",
            "sites": {},
            "communityID": "5d6e5446-6959-41b5-b03a-9a35570f119f"
        },
        {
            "name": "Iman Solichin",
            "description": "",
            "profilePic": "",
            "title": "Dokter Ortopedi Subspesialis Tulang Belakang",
            "sites": {},
            "communityID": "5d6e5446-6959-41b5-b03a-9a35570f119f"
        },
        {
            "name": "H Akasah",
            "description": "",
            "profilePic": "",
            "title": "Tokoh masyarakat. ",
            "sites": {},
            "communityID": "5d6e5446-6959-41b5-b03a-9a35570f119f"
        },
        {
            "name": "H Wawan S. Arifen",
            "description": "",
            "profilePic": "",
            "title": "Mantan Kepala Dinas Pendidikan Kabupaten Ciamis",
            "sites": {},
            "communityID": "5d6e5446-6959-41b5-b03a-9a35570f119f"
        }
    ]
}