{
    "title": "Pemilihan umum Bupati Grobogan 2024",
    "region": "Grobogan",
    "level": "KABUPATEN",
    "path": "kabupaten-grobogan",
    "source": "https://id.wikipedia.org/wiki/Pemilihan_umum_Bupati_Grobogan_2024",
    "communityID": "4ad61a54-7843-4421-9907-6ec9dc833491",
    "candidates": [
        {
            "name": "Bambang Pudjiyanto",
            "description": "",
            "profilePic": "",
            "title": "Wakil Bupati Grobogan",
            "sites": {},
            "communityID": "4ad61a54-7843-4421-9907-6ec9dc833491"
        },
        {
            "name": "",
            "description": "",
            "profilePic": "",
            "title": "Calon Bupati Grobogan 2024",
            "sites": {},
            "communityID": "4ad61a54-7843-4421-9907-6ec9dc833491"
        },
        {
            "name": "Icek Baskoro",
            "description": "",
            "profilePic": "",
            "title": "Mantan Wakil Bupati Grobogan",
            "sites": {},
            "communityID": "4ad61a54-7843-4421-9907-6ec9dc833491"
        },
        {
            "name": "Edy Wuryanto",
            "description": "Dr. H. Edy Wuryanto, S.KP., M.Kep. (lahir 15 Agustus 1968) adalah politikus Indonesia yang menjabat sebagai anggota DPR-RI periode 2019\u20132024. Ia mewakili daerah pemilihan Jawa Tengah III, yang meliputi Kabupaten Grobogan, Kabupaten Blora, Kabupaten Rembang, dan Kabupaten Pati. Edy merupakan kader Partai Demokrasi Indonesia Perjuangan. Saat ini, ia bertugas di Komisi IX.[1]\n",
            "profilePic": "https://upload.wikimedia.org/wikipedia/commons/4/45/Edy_Wuryanto.jpg",
            "title": "Anggota DPR RI",
            "sites": {
                "name": "Wikipedia",
                "url": "https://id.wikipedia.org/wiki/Edy_Wuryanto"
            },
            "communityID": "4ad61a54-7843-4421-9907-6ec9dc833491"
        },
        {
            "name": "A. Baginda Muhammad Mahfuz H.",
            "description": "",
            "profilePic": "",
            "title": "Anggota DPRD Jateng",
            "sites": {},
            "communityID": "4ad61a54-7843-4421-9907-6ec9dc833491"
        },
        {
            "name": "Sardjono.",
            "description": "",
            "profilePic": "",
            "title": "Mantan Anggota DPRD Kab. Grobogan",
            "sites": {},
            "communityID": "4ad61a54-7843-4421-9907-6ec9dc833491"
        },
        {
            "name": "Mukhlisin",
            "description": "",
            "profilePic": "",
            "title": "Anggota DPRD Kab. Grobogan",
            "sites": {},
            "communityID": "4ad61a54-7843-4421-9907-6ec9dc833491"
        },
        {
            "name": "Agus Siswanto",
            "description": "",
            "profilePic": "",
            "title": "Ketua DPRD Kab. Grobogan",
            "sites": {},
            "communityID": "4ad61a54-7843-4421-9907-6ec9dc833491"
        },
        {
            "name": "Setiawan Djoko Purwanto",
            "description": "",
            "profilePic": "",
            "title": "Anggota DPRD Kab. Grobogan",
            "sites": {},
            "communityID": "4ad61a54-7843-4421-9907-6ec9dc833491"
        },
        {
            "name": "Mochammad Fatah",
            "description": "",
            "profilePic": "",
            "title": "Wakil Ketua III DPRD Kab. Grobogan",
            "sites": {},
            "communityID": "4ad61a54-7843-4421-9907-6ec9dc833491"
        },
        {
            "name": "Sugeng Prasetyo",
            "description": "",
            "profilePic": "",
            "title": "Wakil Ketua II DPRD Kab. Grobogan",
            "sites": {},
            "communityID": "4ad61a54-7843-4421-9907-6ec9dc833491"
        }
    ]
}