{
    "title": "Pemilihan umum Bupati Sumbawa Barat 2024",
    "region": "Sumbawa Barat",
    "level": "KABUPATEN",
    "path": "kabupaten-sumbawa-barat",
    "source": "https://id.wikipedia.org/wiki/Pemilihan_umum_Bupati_Sumbawa_Barat_2024",
    "communityID": "d28db968-4dfa-4c77-bd00-02b507cbc22a",
    "candidates": [
        {
            "name": "Fud Syaifuddin",
            "description": "Fud Syaifuddin, S.T. (lahir 11 Maret 1975) adalah Wakil Bupati Sumbawa Barat periode 2016\u20132021 dan 2021\u20132024. Ia menjabat untuk periode kedua sejak 26 Februari 2021 setelah dilantik Gubernur Nusa Tenggara Barat, Zulkieflimansyah di Gedung Graha Bhakti Praja Kompleks Kantor Gubernur Nusa Tenggara Barat, Kota Mataram.[1]\n",
            "profilePic": "https://upload.wikimedia.org/wikipedia/commons/6/61/Fud_Syaifuddin.jpg",
            "title": "Wakil Bupati Lombok Utara periode 2016\u20132021 dan 2021\u20132024",
            "sites": {
                "name": "Wikipedia",
                "url": "https://id.wikipedia.org/wiki/Fud_Syaifuddin"
            },
            "communityID": "d28db968-4dfa-4c77-bd00-02b507cbc22a"
        },
        {
            "name": "Kaharuddin Umar",
            "description": "",
            "profilePic": "",
            "title": "Ketua DPRD Kabupaten Sumbawa Barat",
            "sites": {},
            "communityID": "d28db968-4dfa-4c77-bd00-02b507cbc22a"
        },
        {
            "name": "Muhammad Nasir",
            "description": "",
            "profilePic": "",
            "title": "Ketua DPD PAN Kabupaten Sumbawa Barat",
            "sites": {},
            "communityID": "d28db968-4dfa-4c77-bd00-02b507cbc22a"
        },
        {
            "name": "Andi Laweng",
            "description": "",
            "profilePic": "",
            "title": "Anggota DPRD Kabupaten Sumbawa Barat",
            "sites": {},
            "communityID": "d28db968-4dfa-4c77-bd00-02b507cbc22a"
        },
        {
            "name": "Aheruddin Sidik",
            "description": "",
            "profilePic": "",
            "title": "Anggota DPRD Kabupaten Sumbawa Barat",
            "sites": {},
            "communityID": "d28db968-4dfa-4c77-bd00-02b507cbc22a"
        },
        {
            "name": "H.M. Thamzil",
            "description": "",
            "profilePic": "",
            "title": "Sekretaris DPD Partai Golkar Kabupaten Sumbawa Barat",
            "sites": {},
            "communityID": "d28db968-4dfa-4c77-bd00-02b507cbc22a"
        },
        {
            "name": "H. Amar Nurmansyah",
            "description": "",
            "profilePic": "",
            "title": "Sekretaris Daerah Kabupaten Sumbawa Barat",
            "sites": {},
            "communityID": "d28db968-4dfa-4c77-bd00-02b507cbc22a"
        },
        {
            "name": "Hj. Hanipah Musyafirin",
            "description": "",
            "profilePic": "",
            "title": "Ketua TP PPK Kabupaten Sumbawa Barat",
            "sites": {},
            "communityID": "d28db968-4dfa-4c77-bd00-02b507cbc22a"
        },
        {
            "name": "Taufik Hikmawan",
            "description": "",
            "profilePic": "",
            "title": "Sekretaris Diskominfo Kabupaten Sumbawa Barat",
            "sites": {},
            "communityID": "d28db968-4dfa-4c77-bd00-02b507cbc22a"
        },
        {
            "name": "H.M Nur Yasin",
            "description": "",
            "profilePic": "",
            "title": "Tokoh masyarakt dan agama",
            "sites": {},
            "communityID": "d28db968-4dfa-4c77-bd00-02b507cbc22a"
        },
        {
            "name": "KH. Samsul Ismain",
            "description": "",
            "profilePic": "",
            "title": "Tokoh masyarakt dan agama",
            "sites": {},
            "communityID": "d28db968-4dfa-4c77-bd00-02b507cbc22a"
        },
        {
            "name": "H. Sumardan",
            "description": "",
            "profilePic": "",
            "title": "Tokoh masyarakt dan agama",
            "sites": {},
            "communityID": "d28db968-4dfa-4c77-bd00-02b507cbc22a"
        },
        {
            "name": "M. Sahril Amin",
            "description": "",
            "profilePic": "",
            "title": "Tokoh masyarakt dan agama",
            "sites": {},
            "communityID": "d28db968-4dfa-4c77-bd00-02b507cbc22a"
        },
        {
            "name": "Ustad Nasrum",
            "description": "",
            "profilePic": "",
            "title": "Tokoh masyarakt dan agama",
            "sites": {},
            "communityID": "d28db968-4dfa-4c77-bd00-02b507cbc22a"
        },
        {
            "name": "Dr. Najamuddin Amy",
            "description": "",
            "profilePic": "",
            "title": "Kepala Dinas Kominikasi dan Informatika Provinsi NTB",
            "sites": {},
            "communityID": "d28db968-4dfa-4c77-bd00-02b507cbc22a"
        }
    ]
}