{
    "title": "Pemilihan umum Bupati Puncak 2024",
    "region": "Puncak",
    "level": "KABUPATEN",
    "path": "kabupaten-puncak",
    "source": "https://id.wikipedia.org/wiki/Pemilihan_umum_Bupati_Puncak_2024",
    "communityID": "146948ac-c09c-40e8-b08b-170bf3a0d00e",
    "candidates": [
        {
            "name": "Manase Wandik",
            "description": "",
            "profilePic": "",
            "title": "Anggota DPRD Kabupaten Puncak provinsi Papua Tengah",
            "sites": {},
            "communityID": "146948ac-c09c-40e8-b08b-170bf3a0d00e"
        }
    ]
}