{
    "title": "Pemilihan umum Bupati Seruyan 2024",
    "region": "Seruyan",
    "level": "KABUPATEN",
    "path": "kabupaten-seruyan",
    "source": "https://id.wikipedia.org/wiki/Pemilihan_umum_Bupati_Seruyan_2024",
    "communityID": "2cba62e8-efba-4816-b748-a010749457fe",
    "candidates": [
        {
            "name": "Akhmad Pajriannor",
            "description": "",
            "profilePic": "",
            "title": "Wakil Ketua DPD Partai Golkar Kabupaten Seruyan",
            "sites": {},
            "communityID": "2cba62e8-efba-4816-b748-a010749457fe"
        },
        {
            "name": "Sudarsono",
            "description": "H. Sudarsono, S.H. (lahir 17 November 1965) adalah politikus dan bupati kedua Kabupaten Seruyan yang menjabat pada periode 2013 hingga 2018. Ia terutama dikenal karena berhasil memenangkan pemilihan umum bupati dengan jalur independen dan berhasil mengalahkan lawannya yang didukung oleh belasan partai besar di Seruyan.[1]\n",
            "profilePic": "https://upload.wikimedia.org/wikipedia/id/2/24/BUPATI-SERUYAN.jpg",
            "title": "Bupati Seruyan periode 2013-2018",
            "sites": {
                "name": "Wikipedia",
                "url": "https://id.wikipedia.org/wiki/Sudarsono"
            },
            "communityID": "2cba62e8-efba-4816-b748-a010749457fe"
        },
        {
            "name": "Ahmad Selanor Wanda",
            "description": "",
            "profilePic": "",
            "title": "Direktur Keuangan Operasional & Teknologi Informasi Bank Kalteng",
            "sites": {},
            "communityID": "2cba62e8-efba-4816-b748-a010749457fe"
        },
        {
            "name": "Zuli Eko Prasetyo",
            "description": "",
            "profilePic": "",
            "title": "Ketua DPRD Kabupaten Seruyan 2019-2024",
            "sites": {},
            "communityID": "2cba62e8-efba-4816-b748-a010749457fe"
        },
        {
            "name": "Anang Dirjo",
            "description": "Anang Dirjo (lahir 3 Oktober 1974) adalah seorang birokrat Indonesia kelahiran Kuala Pembuang.[1] Ia sempat menjabat sebagai Kepala Badan Pendapatan Daerah Provinsi Kalimantan Tengah. Pada 2022, ia diangkat menjadi pelaksana jabatan Bupati Kotawaringin Barat.[2]\n",
            "profilePic": "",
            "title": "PJ Bupati Kotawaringin Barat 2022",
            "sites": {
                "name": "Wikipedia",
                "url": "https://id.wikipedia.org/wiki/Anang_Dirjo"
            },
            "communityID": "2cba62e8-efba-4816-b748-a010749457fe"
        },
        {
            "name": "Bejo Riyanto",
            "description": "",
            "profilePic": "",
            "title": "Anggota DPRD Kabupaten Seruyan 2019-2024",
            "sites": {},
            "communityID": "2cba62e8-efba-4816-b748-a010749457fe"
        }
    ]
}