{
    "title": "Pemilihan umum Bupati Purwakarta 2024",
    "region": "Purwakarta",
    "level": "KABUPATEN",
    "path": "kabupaten-purwakarta",
    "source": "https://id.wikipedia.org/wiki/Pemilihan_umum_Bupati_Purwakarta_2024",
    "communityID": "be71758d-4d23-42dc-91eb-59347a59595e",
    "candidates": [
        {
            "name": "Ir. H. Ivan Kuntara",
            "description": "",
            "profilePic": "",
            "title": "Pengusaha Internasional",
            "sites": {},
            "communityID": "be71758d-4d23-42dc-91eb-59347a59595e"
        }
    ]
}