{
    "title": "Pemilihan umum Bupati Intan Jaya 2024",
    "region": "Intan Jaya",
    "level": "KABUPATEN",
    "source": "https://id.wikipedia.org/wiki/Pemilihan_umum_Bupati_Intan_Jaya_2024",
    "communityID": "7acfa723-79f9-4ce2-b6df-7bf9c2cab75b",
    "path": "kabupaten-intan-jaya",
    "candidates": [
        {
            "name": "Ainer Masini",
            "description": "",
            "profilePic": "",
            "title": "Kader PAN Provinsi Papua Tengah",
            "sites": {},
            "communityID": "7acfa723-79f9-4ce2-b6df-7bf9c2cab75b"
        }
    ]
}