{
    "title": "Pemilihan umum Bupati Sarmi 2024",
    "region": "Sarmi",
    "level": "KABUPATEN",
    "path": "kabupaten-sarmi",
    "source": "https://id.wikipedia.org/wiki/Pemilihan_umum_Bupati_Sarmi_2024",
    "communityID": "42965873-1814-4086-a2ef-118d1cc92a4e",
    "candidates": [
        {
            "name": "Yanni",
            "description": "",
            "profilePic": "",
            "title": "Ketua DPD Partai Gerindra Provinsi Papua",
            "sites": {},
            "communityID": "42965873-1814-4086-a2ef-118d1cc92a4e"
        },
        {
            "name": "Mesak Manibor",
            "description": "Drs. Mesak Manibor, MMT[1] (lahir 26 September 1963) adalah politisi asal Papua. Dia pernah menjabat sebagai Bupati Sarmi periode 2011\u20132016.[2]\n",
            "profilePic": "https://upload.wikimedia.org/wikipedia/commons/e/e5/Mesak_Manibor_12.jpg",
            "title": "Bupati Sarmi periode 2011\u20132016",
            "sites": {
                "name": "Wikipedia",
                "url": "https://id.wikipedia.org/wiki/Mesak_Manibor"
            },
            "communityID": "42965873-1814-4086-a2ef-118d1cc92a4e"
        }
    ]
}