{
    "title": "Pemilihan umum Bupati Murung Raya 2024",
    "region": "Murung Raya",
    "level": "KABUPATEN",
    "path": "kabupaten-murung-raya",
    "source": "https://id.wikipedia.org/wiki/Pemilihan_umum_Bupati_Murung_Raya_2024",
    "communityID": "bb2b6199-0f23-4514-a0d9-a9a59d92ea01",
    "candidates": [
        {
            "name": "Rejikinoor",
            "description": "Rejikinoor, S.Sos. (lahir 11 Februari 1970) adalah politisi PPP yang menjabat sebagai Wakil Bupati Murung Raya periode 2018-2023.\n",
            "profilePic": "https://upload.wikimedia.org/wikipedia/commons/0/01/KPU_Rejikinoor.jpg",
            "title": "Mantan Wakil Bupati Murung Raya",
            "sites": {
                "name": "Wikipedia",
                "url": "https://id.wikipedia.org/wiki/Rejikinoor"
            },
            "communityID": "bb2b6199-0f23-4514-a0d9-a9a59d92ea01"
        },
        {
            "name": "Yetro M Yosefh",
            "description": "",
            "profilePic": "",
            "title": "Anggota DPRD Kab. Murung Raya",
            "sites": {},
            "communityID": "bb2b6199-0f23-4514-a0d9-a9a59d92ea01"
        },
        {
            "name": "Doni",
            "description": "",
            "profilePic": "",
            "title": "Ketua DPRD Kab. Murung Raya",
            "sites": {},
            "communityID": "bb2b6199-0f23-4514-a0d9-a9a59d92ea01"
        },
        {
            "name": "Henry M Yoseph",
            "description": "",
            "profilePic": "",
            "title": "Anggota DPRD Kalteng",
            "sites": {},
            "communityID": "bb2b6199-0f23-4514-a0d9-a9a59d92ea01"
        },
        {
            "name": "Jimmy Carter.",
            "description": "",
            "profilePic": "",
            "title": "Wakil Ketua DPRD Kalteng",
            "sites": {},
            "communityID": "bb2b6199-0f23-4514-a0d9-a9a59d92ea01"
        },
        {
            "name": "Akhmad Tafruji",
            "description": "",
            "profilePic": "",
            "title": "Wakil Ketua DPRD Kab. Murung Raya",
            "sites": {},
            "communityID": "bb2b6199-0f23-4514-a0d9-a9a59d92ea01"
        }
    ]
}