{
    "title": "Pemilihan umum Bupati Minahasa Tenggara 2024",
    "region": "Minahasa Tenggara",
    "level": "KABUPATEN",
    "path": "kabupaten-minahasa-tenggara",
    "source": "https://id.wikipedia.org/wiki/Pemilihan_umum_Bupati_Minahasa_Tenggara_2024",
    "communityID": "10b6f66a-0bcc-41be-b007-b3ee59bbe071",
    "candidates": [
        {
            "name": "Ronald Kandoli",
            "description": "",
            "profilePic": "",
            "title": "Wakil Bupati Minahasa Tenggara periode 2013\u20132018",
            "sites": {},
            "communityID": "10b6f66a-0bcc-41be-b007-b3ee59bbe071"
        },
        {
            "name": "Djein Rende",
            "description": "",
            "profilePic": "",
            "title": "Anggota DPRD Provinsi Sulawesi Utara",
            "sites": {},
            "communityID": "10b6f66a-0bcc-41be-b007-b3ee59bbe071"
        },
        {
            "name": "Maxi Rondonuwu",
            "description": "",
            "profilePic": "",
            "title": "Direktorat Jenderal Pencegahan dan Pengendalian Penyakit Kementerian Kesehatan RI",
            "sites": {},
            "communityID": "10b6f66a-0bcc-41be-b007-b3ee59bbe071"
        },
        {
            "name": "Toni Hendrik Lasut",
            "description": "",
            "profilePic": "",
            "title": "Ketua DPD Partai Golkar Kabupaten Minahasa Tenggara",
            "sites": {},
            "communityID": "10b6f66a-0bcc-41be-b007-b3ee59bbe071"
        },
        {
            "name": "Pricylia Elviera Rondo",
            "description": "",
            "profilePic": "",
            "title": "Ketua Komunitas Kolom Mapalus (KKM) Provinsi Sulawesi Utara (Sulut)",
            "sites": {},
            "communityID": "10b6f66a-0bcc-41be-b007-b3ee59bbe071"
        },
        {
            "name": "Semuel Montolalu",
            "description": "",
            "profilePic": "",
            "title": "Ketua Fraksi PDIP DPRD Kabupaten Minahasa Tenggara",
            "sites": {},
            "communityID": "10b6f66a-0bcc-41be-b007-b3ee59bbe071"
        }
    ]
}