{
    "title": "Pemilihan umum Bupati Tapanuli Tengah 2024",
    "region": "Tapanuli Tengah",
    "level": "KABUPATEN",
    "path": "kabupaten-tapanuli-tengah",
    "source": "https://id.wikipedia.org/wiki/Pemilihan_umum_Bupati_Tapanuli_Tengah_2024",
    "communityID": "d75d07b8-2353-40ca-813b-e8a07072e2c4",
    "candidates": [
        {
            "name": "Bakhtiar Ahmad Sibarani",
            "description": "Bakhtiar Ahmad Sibarani, S.H. (lahir 2 November 1984) adalah seorang politikus Sumatera Utara yang menjabat sebagai Bupati Tapanuli Tengah Periode 2017\u20132022. Sebelum menjabat sebagai bupati, Bakhtiar merupakan Ketua DPRD Tapanuli Tengah Periode 2014\u20132017.[1][2]\n",
            "profilePic": "https://upload.wikimedia.org/wikipedia/commons/7/7b/KPU_Bakhtiar_Ahmad_Sibarani.jpg",
            "title": "Bupati Tapanuli Tengah periode 2017-2022",
            "sites": {
                "name": "Wikipedia",
                "url": "https://id.wikipedia.org/wiki/Bakhtiar_Ahmad_Sibarani"
            },
            "communityID": "d75d07b8-2353-40ca-813b-e8a07072e2c4"
        },
        {
            "name": "Andri Christanto Malau",
            "description": "",
            "profilePic": "",
            "title": "Mantan Anggota DPRD Kota Sibolga 2009-2014 kandidat potensial",
            "sites": {},
            "communityID": "d75d07b8-2353-40ca-813b-e8a07072e2c4"
        },
        {
            "name": "Masinton Pasaribu",
            "description": "Masinton Pasaribu, S.H. (lahir 11 Februari 1971) adalah seorang politikus Indonesia dari Partai Demokrasi Indonesia Perjuangan (PDIP) dan mantan aktivis yang saat ini menjabat sebagai anggota Komisi III Dewan Perwakilan Rakyat Republik Indonesia.\n",
            "profilePic": "https://upload.wikimedia.org/wikipedia/commons/f/fe/MASINTON_PASARIBU%2C_S.H.jpg",
            "title": "Anggota DPR RI 2019-2024",
            "sites": {
                "name": "Wikipedia",
                "url": "https://id.wikipedia.org/wiki/Masinton_Pasaribu"
            },
            "communityID": "d75d07b8-2353-40ca-813b-e8a07072e2c4"
        },
        {
            "name": "Hadameon Aritonang",
            "description": "",
            "profilePic": "",
            "title": "Mantan Plt. Sekretaris DPRD DKI Jakarta",
            "sites": {},
            "communityID": "d75d07b8-2353-40ca-813b-e8a07072e2c4"
        },
        {
            "name": "Haris Polmian Situmeang",
            "description": "",
            "profilePic": "",
            "title": "Kader PSI",
            "sites": {},
            "communityID": "d75d07b8-2353-40ca-813b-e8a07072e2c4"
        }
    ]
}