{
    "title": "Pemilihan umum Bupati Padang Lawas Utara 2024",
    "region": "Padang Lawas Utara",
    "level": "KABUPATEN",
    "path": "kabupaten-padang-lawas-utara",
    "source": "https://id.wikipedia.org/wiki/Pemilihan_umum_Bupati_Padang_Lawas_Utara_2024",
    "communityID": "be1b91ec-05fc-442d-8595-d69b79166e5f",
    "candidates": [
        {
            "name": "Reski Basyah Harahap",
            "description": "",
            "profilePic": "",
            "title": "Kepala BKPSDM Paluta",
            "sites": {},
            "communityID": "be1b91ec-05fc-442d-8595-d69b79166e5f"
        },
        {
            "name": "Sunggul Lelo Siregar",
            "description": "",
            "profilePic": "",
            "title": "Ketua DPD PKS Paluta",
            "sites": {},
            "communityID": "be1b91ec-05fc-442d-8595-d69b79166e5f"
        },
        {
            "name": "Syahrul Harahap",
            "description": "",
            "profilePic": "",
            "title": "Mantan Cabup Paluta 2013",
            "sites": {},
            "communityID": "be1b91ec-05fc-442d-8595-d69b79166e5f"
        },
        {
            "name": "Riskon Hasibuan",
            "description": "",
            "profilePic": "",
            "title": "Mantan Wakil Bupati Paluta",
            "sites": {},
            "communityID": "be1b91ec-05fc-442d-8595-d69b79166e5f"
        },
        {
            "name": "Marasamin Ritonga",
            "description": "",
            "profilePic": "",
            "title": "Advokat",
            "sites": {},
            "communityID": "be1b91ec-05fc-442d-8595-d69b79166e5f"
        },
        {
            "name": "Abdul Gafur Simanjuntak",
            "description": "",
            "profilePic": "",
            "title": "Wakil Ketua DPRD Paluta",
            "sites": {},
            "communityID": "be1b91ec-05fc-442d-8595-d69b79166e5f"
        },
        {
            "name": "Mukhlis Harahap",
            "description": "",
            "profilePic": "",
            "title": "Ketua DPRD Paluta",
            "sites": {},
            "communityID": "be1b91ec-05fc-442d-8595-d69b79166e5f"
        },
        {
            "name": "Abdullah Harahap.",
            "description": "",
            "profilePic": "",
            "title": "Pengusaha",
            "sites": {},
            "communityID": "be1b91ec-05fc-442d-8595-d69b79166e5f"
        },
        {
            "name": "Samsul Bahri Daulay",
            "description": "",
            "profilePic": "",
            "title": "Anggota DPRD Paluta",
            "sites": {},
            "communityID": "be1b91ec-05fc-442d-8595-d69b79166e5f"
        },
        {
            "name": "Hamsiruddin Siregar",
            "description": "",
            "profilePic": "",
            "title": "Presiden Direktur PT RCM Grup",
            "sites": {},
            "communityID": "be1b91ec-05fc-442d-8595-d69b79166e5f"
        },
        {
            "name": "Marwan Dasopang",
            "description": "Marwan Dasopang (lahir 12 Juni 1962) adalah Politikus Indonesia. Ia terpilih menjadi Anggota DPR-RI periode 2014-2019 mewakili daerah pemilihan Sumatera Utara II dari Partai Kebangkitan Bangsa dengan perolehan 59.657 suara. Ia menjabat di Komisi IX yang membidangi Ketenagakerjaan.\n",
            "profilePic": "https://upload.wikimedia.org/wikipedia/id/thumb/5/51/Marwan_Dasopang1333.webp/400px-Marwan_Dasopang1333.webp.png",
            "title": "Anggota DPR RI",
            "sites": {
                "name": "Wikipedia",
                "url": "https://id.wikipedia.org/wiki/Marwan_Dasopang"
            },
            "communityID": "be1b91ec-05fc-442d-8595-d69b79166e5f"
        },
        {
            "name": "Parlinsyah Harahap",
            "description": "",
            "profilePic": "",
            "title": "Politisi Demokrat",
            "sites": {},
            "communityID": "be1b91ec-05fc-442d-8595-d69b79166e5f"
        },
        {
            "name": "Patikan Kan Harahap",
            "description": "",
            "profilePic": "",
            "title": "Politisi Gerindra",
            "sites": {},
            "communityID": "be1b91ec-05fc-442d-8595-d69b79166e5f"
        }
    ]
}