{
    "title": "Pemilihan umum Bupati Wonogiri 2024",
    "region": "Wonogiri",
    "level": "KABUPATEN",
    "path": "kabupaten-wonogiri",
    "source": "https://id.wikipedia.org/wiki/Pemilihan_umum_Bupati_Wonogiri_2024",
    "communityID": "ce9a15f2-6a9c-44ed-b491-364f0848e64c",
    "candidates": [
        {
            "name": "Danar Rahmanto",
            "description": "",
            "profilePic": "",
            "title": "Bupati Wonogiri Periode 2010-2015",
            "sites": {},
            "communityID": "ce9a15f2-6a9c-44ed-b491-364f0848e64c"
        }
    ]
}