{
    "title": "Pemilihan umum Bupati Kepulauan Selayar 2024",
    "region": "Kepulauan Selayar",
    "level": "KABUPATEN",
    "path": "kabupaten-kepulauan-selayar",
    "source": "https://id.wikipedia.org/wiki/Pemilihan_umum_Bupati_Kepulauan_Selayar_2024",
    "communityID": "654d6938-922c-452e-8358-753172a105aa",
    "candidates": [
        {
            "name": "Saiful Arif",
            "description": "H. Saiful Arif (lahir 29 Juli 1962) adalah Wakil Bupati Kepulauan Selayar periode 2010\u20132015 dan 2021\u20132024. Ia menjabat untuk periode kedua sejak 26 Februari 2021 setelah dilantik Gubernur Sulawesi Selatan, Nurdin Abdullah di Rumah Jabatan Gubernur Sulawesi Selatan, Makassar.[1]\n",
            "profilePic": "https://upload.wikimedia.org/wikipedia/commons/a/a0/Saiful_Arif_Wakil_Bupati_Kepulauan_Selayar_Periode_II.png",
            "title": null,
            "sites": {
                "name": "Wikipedia",
                "url": "https://id.wikipedia.org/wiki/Saiful_Arif"
            },
            "communityID": "654d6938-922c-452e-8358-753172a105aa"
        },
        {
            "name": "Amirullah",
            "description": "",
            "profilePic": "",
            "title": null,
            "sites": {},
            "communityID": "654d6938-922c-452e-8358-753172a105aa"
        },
        {
            "name": "Adi Anzar",
            "description": "",
            "profilePic": "",
            "title": null,
            "sites": {},
            "communityID": "654d6938-922c-452e-8358-753172a105aa"
        }
    ]
}