{
    "title": "Pemilihan umum Bupati Sumba Tengah 2024",
    "region": "Sumba Tengah",
    "level": "KABUPATEN",
    "path": "kabupaten-sumba-tengah",
    "source": "https://id.wikipedia.org/wiki/Pemilihan_umum_Bupati_Sumba_Tengah_2024",
    "communityID": "d08e9dc0-7ea8-4514-8c2b-f759b7e2dd91",
    "candidates": [
        {
            "name": "Paulus Sekayu Karugu Limu",
            "description": "",
            "profilePic": "",
            "title": "Bupati Sumba Tengah periode 2018-2023",
            "sites": {},
            "communityID": "d08e9dc0-7ea8-4514-8c2b-f759b7e2dd91"
        }
    ]
}