{
    "title": "Pemilihan umum Bupati Kepulauan Sangihe 2024",
    "region": "Kepulauan Sangihe",
    "level": "KABUPATEN",
    "path": "kabupaten-kepulauan-sangihe",
    "source": "https://id.wikipedia.org/wiki/Pemilihan_umum_Bupati_Kepulauan_Sangihe_2024",
    "communityID": "cbd3c33d-610e-4289-8306-48d9e0171994",
    "candidates": [
        {
            "name": "Jabes Gaghana",
            "description": "Jabes Ezar Gaghana, S.E., M.E. (lahir 7 September 1961) adalah seorang politikus asal Indonesia yang saat ini menjabat sebagai Bupati Kepulauan Sangihe sejak 2017. Jabes sebelumnya pernah juga menjabat sebagai Wakil Bupati Kepulauan Sangihe selama dua periode, pada 2006\u20132011 dan 2011\u20132016.\n",
            "profilePic": "https://upload.wikimedia.org/wikipedia/commons/f/fa/Bupati_Jabes_Gaghana.jpg",
            "title": "Bupati Kepulauan Sangihe periode 2017\u20132022",
            "sites": {
                "name": "Wikipedia",
                "url": "https://id.wikipedia.org/wiki/Jabes_Ezar_Gaghana"
            },
            "communityID": "cbd3c33d-610e-4289-8306-48d9e0171994"
        },
        {
            "name": "Hironimus Rompas Makagansa",
            "description": "Drs. Hironimus Rompas Makagansa, M.Si, (lahir 5 Juni 1958). Merupakan Politisi yang sebelumnya adalah birokrat handal Sulawesi Utara yang berasal dari Kabupaten Kepulauan Sangihe.\n",
            "profilePic": "https://upload.wikimedia.org/wikipedia/commons/e/e4/Drs._H._R._Makagansa%2C_M.Si..jpg",
            "title": "Bupati Kepulauan Sangihe periode 2011\u20132016",
            "sites": {
                "name": "Wikipedia",
                "url": "https://id.wikipedia.org/wiki/Hironimus_Rompas_Makagansa"
            },
            "communityID": "cbd3c33d-610e-4289-8306-48d9e0171994"
        },
        {
            "name": "Fransiscus Andi Silangen",
            "description": "Fransiscus Andi Silangen atau Andi Silangen adalah seorang dokter dan politikus Indonesia.\n",
            "profilePic": "https://upload.wikimedia.org/wikipedia/commons/0/00/KPU_Fransiscus_Andi_Silangen.jpg",
            "title": "Ketua DPRD Provinsi Sulawesi Utara",
            "sites": {
                "name": "Wikipedia",
                "url": "https://id.wikipedia.org/wiki/Fransiscus_Andi_Silangen"
            },
            "communityID": "cbd3c33d-610e-4289-8306-48d9e0171994"
        },
        {
            "name": "Benhur Takasihaeng",
            "description": "",
            "profilePic": "",
            "title": "Anggota DPRD Kabupaten Kepulauan Sangihe",
            "sites": {},
            "communityID": "cbd3c33d-610e-4289-8306-48d9e0171994"
        },
        {
            "name": "Michael Thungari",
            "description": "",
            "profilePic": "",
            "title": "Wakil Ketua DPRD Kabupaten Kepulauan Sangihe",
            "sites": {},
            "communityID": "cbd3c33d-610e-4289-8306-48d9e0171994"
        },
        {
            "name": "Hendrik Manossoh",
            "description": "",
            "profilePic": "",
            "title": "Staf Khusus Gubernur Provinsi Sulawesi Utara",
            "sites": {},
            "communityID": "cbd3c33d-610e-4289-8306-48d9e0171994"
        },
        {
            "name": "Mongol Stres",
            "description": "\n",
            "profilePic": "",
            "title": "Aktor",
            "sites": {
                "name": "Wikipedia",
                "url": "https://id.wikipedia.org/wiki/Rony_Imannuel"
            },
            "communityID": "cbd3c33d-610e-4289-8306-48d9e0171994"
        }
    ]
}