{
    "title": "Pemilihan umum Bupati Brebes 2024",
    "region": "Brebes",
    "level": "KABUPATEN",
    "path": "kabupaten-brebes",
    "source": "https://id.wikipedia.org/wiki/Pemilihan_umum_Bupati_Brebes_2024",
    "communityID": "48a7aeac-1d12-4704-8cc1-684913f3d53c",
    "candidates": [
        {
            "name": "Narjo",
            "description": "Narjo, S.H., M.H. (lahir 5 Februari 1972) adalah Wakil Bupati Brebes terpilih dengan periode 2012 - 2017 dan terpilih kembali pada periode 2017 - 2022.[1] Sebagai calon Wakil Bupati, Narjo diusung oleh PDI-P pada Pemilihan Bupati dan Wakil Bupati pada periode 4 Desember 2012. Bersama pasangannya, Hj. Idza Priyanti, A.Md., S.E., M.H., Narjo dilantik oleh Gubernur Jawa Tengah Bibit Waluyo berdasarkan kemenangan hasil rekapitulasi KPUD terhadap Pilkada Brebes.\n",
            "profilePic": "https://upload.wikimedia.org/wikipedia/commons/d/d9/Wakil_Bupati_Brebes_Narjo_%28Periode_II%29.jpg",
            "title": "Mantan Wakil Bupati Brebes",
            "sites": {
                "name": "Wikipedia",
                "url": "https://id.wikipedia.org/wiki/Narjo"
            },
            "communityID": "48a7aeac-1d12-4704-8cc1-684913f3d53c"
        },
        {
            "name": "Ikmal Jaya",
            "description": "H. Ikmal Jaya, SE, Ak (lahir 14 Juli 1973) adalah pengusaha dan wali kota Tegal yang menjabat pada periode 2009-2014.\n",
            "profilePic": "https://upload.wikimedia.org/wikipedia/commons/b/bb/Ikmal_Jaya%2C_Mayor_of_Tegal.jpg",
            "title": "Mantan Wali Kota Tegal",
            "sites": {
                "name": "Wikipedia",
                "url": "https://id.wikipedia.org/wiki/Ikmal_Jaya"
            },
            "communityID": "48a7aeac-1d12-4704-8cc1-684913f3d53c"
        },
        {
            "name": "Paramitha Widya Kusuma",
            "description": "Paramitha Widya Kusuma, S.E., M.M. (lahir 18 Januari 1992) adalah politikus Indonesia yang menjabat sebagai anggota DPR-RI periode 2019\u20132024. Ia mewakili daerah pemilihan Jawa Tengah IX, yang meliputi Kabupaten Tegal, Kabupaten Brebes, dan Kota Tegal. Paramitha merupakan kader Partai Demokrasi Indonesia Perjuangan. Saat ini, ia bertugas di Komisi VII.[1][2]\n",
            "profilePic": "https://upload.wikimedia.org/wikipedia/commons/d/d8/Anggota_DPR_Paramitha_Widya_Kusuma.jpg",
            "title": "Anggota DPR RI",
            "sites": {
                "name": "Wikipedia",
                "url": "https://id.wikipedia.org/wiki/Paramitha_Widya_Kusuma"
            },
            "communityID": "48a7aeac-1d12-4704-8cc1-684913f3d53c"
        },
        {
            "name": "Suswono",
            "description": "Dr. Ir. H. Suswono, M.M.A. (lahir 20 April 1959) adalah politikus yang menjabat Menteri Pertanian Indonesia sejak 22 Oktober 2009. Sebelumnya ia menjabat sebagai Wakil Ketua Komisi IV DPR-RI untuk periode 2004-2009 dari Fraksi Partai Keadilan Sejahtera. Suswono menjadi anggota DPR-RI melalui Daerah Pemilihan (Dapil) Jawa Tengah IX (Kab. Tegal, Kota Tegal, Kab. Brebes) dan dipercaya membidangi Bidang Pangan, Pertanian, Kehutanan, Perikanan, dan Kelautan di Komisi IV.\n",
            "profilePic": "https://upload.wikimedia.org/wikipedia/commons/9/9c/Suswono%2C_PKS_candidate_for_West_Java_III_in_2024.jpg",
            "title": "Mantan Menteri Pertanian Indonesia",
            "sites": {
                "name": "Wikipedia",
                "url": "https://id.wikipedia.org/wiki/Suswono"
            },
            "communityID": "48a7aeac-1d12-4704-8cc1-684913f3d53c"
        },
        {
            "name": "Agung Widiyantoro",
            "description": "H. Agung Widyantoro, S.H., M.Si. (lahir 12 Oktober 1963) adalah Bupati Brebes periode 10 Mei 2011 - 4 Desember 2012, menggantikan bupati sebelumnya, H. Indra Kusuma yang berhalangan tetap secara konstitusi. Sebelum menjabat, dia adalah Plt (pelaksana tugas) Bupati yang ditunjuk oleh Gubernur Jawa Tengah. Selanjutnya, Agung terpilih sebagai anggota DPR RI dari Fraksi Partai Golkar periode 2014 - 2019 dan 2019 - 2024.\n",
            "profilePic": "https://upload.wikimedia.org/wikipedia/commons/thumb/7/7f/Anggota_DPR_Agung_Widyantoro.jpg/1200px-Anggota_DPR_Agung_Widyantoro.jpg",
            "title": "Anggota DPR RI",
            "sites": {
                "name": "Wikipedia",
                "url": "https://id.wikipedia.org/wiki/Agung_Widiyantoro"
            },
            "communityID": "48a7aeac-1d12-4704-8cc1-684913f3d53c"
        },
        {
            "name": "Joko Hariyanto",
            "description": "",
            "profilePic": "",
            "title": "Anggota DPRD Jateng",
            "sites": {},
            "communityID": "48a7aeac-1d12-4704-8cc1-684913f3d53c"
        },
        {
            "name": "Wahyudin Noor Aly",
            "description": "",
            "profilePic": "",
            "title": "Anggota DPRD Jateng",
            "sites": {},
            "communityID": "48a7aeac-1d12-4704-8cc1-684913f3d53c"
        },
        {
            "name": "Masfui Masduki",
            "description": "",
            "profilePic": "",
            "title": "Anggota DPRD Jateng",
            "sites": {},
            "communityID": "48a7aeac-1d12-4704-8cc1-684913f3d53c"
        },
        {
            "name": "Illia Amin",
            "description": "",
            "profilePic": "",
            "title": "Anggota DPRD Brebes",
            "sites": {},
            "communityID": "48a7aeac-1d12-4704-8cc1-684913f3d53c"
        },
        {
            "name": "Mokhamad Taufiq",
            "description": "",
            "profilePic": "",
            "title": "Ketua DPRD Brebes",
            "sites": {},
            "communityID": "48a7aeac-1d12-4704-8cc1-684913f3d53c"
        },
        {
            "name": "Teguh Wahid Turmudi",
            "description": "",
            "profilePic": "",
            "title": "Wakil Ketua DPRD Brebes",
            "sites": {},
            "communityID": "48a7aeac-1d12-4704-8cc1-684913f3d53c"
        },
        {
            "name": "Sholahudin Masruri",
            "description": "",
            "profilePic": "",
            "title": "Ketua PCNU Kabupaten Brebes",
            "sites": {},
            "communityID": "48a7aeac-1d12-4704-8cc1-684913f3d53c"
        },
        {
            "name": "Warsidin",
            "description": "",
            "profilePic": "",
            "title": null,
            "sites": {},
            "communityID": "48a7aeac-1d12-4704-8cc1-684913f3d53c"
        },
        {
            "name": "Pulung Aguswanto",
            "description": "",
            "profilePic": "",
            "title": "S.T",
            "sites": {},
            "communityID": "48a7aeac-1d12-4704-8cc1-684913f3d53c"
        }
    ]
}