{
    "title": "Pemilihan umum Bupati Padang Pariaman 2024",
    "region": "Padang Pariaman",
    "level": "KABUPATEN",
    "path": "kabupaten-padang-pariaman",
    "source": "https://id.wikipedia.org/wiki/Pemilihan_umum_Bupati_Padang_Pariaman_2024",
    "communityID": "9ca95360-71d4-4cdd-80d5-7ec4ff15751e",
    "candidates": [
        {
            "name": ":",
            "description": "",
            "profilePic": "",
            "title": "Ketua DPD PAN Padang Pariaman",
            "sites": {},
            "communityID": "9ca95360-71d4-4cdd-80d5-7ec4ff15751e"
        },
        {
            "name": ": Politisi Golkar",
            "description": "",
            "profilePic": "",
            "title": "Anggota DPR RI 2019-2024 Dapil Sumatera Barat II",
            "sites": {},
            "communityID": "9ca95360-71d4-4cdd-80d5-7ec4ff15751e"
        },
        {
            "name": ":",
            "description": "",
            "profilePic": "",
            "title": "Ketua DPC PDI Perjuangan Padang Pariaman",
            "sites": {},
            "communityID": "9ca95360-71d4-4cdd-80d5-7ec4ff15751e"
        },
        {
            "name": ":",
            "description": "",
            "profilePic": "",
            "title": null,
            "sites": {},
            "communityID": "9ca95360-71d4-4cdd-80d5-7ec4ff15751e"
        },
        {
            "name": ":",
            "description": "",
            "profilePic": "",
            "title": null,
            "sites": {},
            "communityID": "9ca95360-71d4-4cdd-80d5-7ec4ff15751e"
        },
        {
            "name": ":",
            "description": "",
            "profilePic": "",
            "title": null,
            "sites": {},
            "communityID": "9ca95360-71d4-4cdd-80d5-7ec4ff15751e"
        },
        {
            "name": ": Ketua Dewan Perwakilan Rakyat Daerah Kabupaten Padang Pariaman 2019-2024",
            "description": "",
            "profilePic": "",
            "title": "MT\u00a0: Ketua Dewan Perwakilan Rakyat Daerah Kabupaten Padang Pariaman 2019-2024",
            "sites": {},
            "communityID": "9ca95360-71d4-4cdd-80d5-7ec4ff15751e"
        },
        {
            "name": ": Politisi NasDem",
            "description": "",
            "profilePic": "",
            "title": null,
            "sites": {},
            "communityID": "9ca95360-71d4-4cdd-80d5-7ec4ff15751e"
        },
        {
            "name": ": Politisi PKS",
            "description": "",
            "profilePic": "",
            "title": null,
            "sites": {},
            "communityID": "9ca95360-71d4-4cdd-80d5-7ec4ff15751e"
        },
        {
            "name": ": Pengusaha",
            "description": "",
            "profilePic": "",
            "title": null,
            "sites": {},
            "communityID": "9ca95360-71d4-4cdd-80d5-7ec4ff15751e"
        },
        {
            "name": ": Pengusaha sumber daya alam",
            "description": "",
            "profilePic": "",
            "title": null,
            "sites": {},
            "communityID": "9ca95360-71d4-4cdd-80d5-7ec4ff15751e"
        },
        {
            "name": ": Pendakwah lulusan Mesir",
            "description": "",
            "profilePic": "",
            "title": null,
            "sites": {},
            "communityID": "9ca95360-71d4-4cdd-80d5-7ec4ff15751e"
        }
    ]
}