{
    "title": "Pemilihan umum Wali Kota Lhokseumawe 2024",
    "region": "Lhokseumawe",
    "level": "KOTA",
    "path": "kota-lhokseumawe",
    "source": "https://id.wikipedia.org/wiki/Pemilihan_umum_Wali_Kota_Lhokseumawe_2024",
    "communityID": "3469f212-2f76-441a-839f-6fe13ed35d3f",
    "candidates": [
        {
            "name": "dr. Mahfudhdinsyah",
            "description": "",
            "profilePic": "",
            "title": "Instagram @mahfudozil; Aktivis Sosial Media Nasional",
            "sites": {},
            "communityID": "3469f212-2f76-441a-839f-6fe13ed35d3f"
        },
        {
            "name": "Nazaruddin",
            "description": "",
            "profilePic": "",
            "title": "Mantan Wakil Wali Kota Lhokseumawe",
            "sites": {},
            "communityID": "3469f212-2f76-441a-839f-6fe13ed35d3f"
        },
        {
            "name": "Mukhtar Hanafiah",
            "description": "",
            "profilePic": "",
            "title": "Ketua KPA wilayah Kuta Pasee",
            "sites": {},
            "communityID": "3469f212-2f76-441a-839f-6fe13ed35d3f"
        },
        {
            "name": "Akbar Hazzanna",
            "description": "",
            "profilePic": "",
            "title": "Instagram @akbarhazzanna",
            "sites": {},
            "communityID": "3469f212-2f76-441a-839f-6fe13ed35d3f"
        },
        {
            "name": "Dedi Safrizal",
            "description": "Dedi Safrizal (lahir 25 Mei 1980) adalah tokoh pejuang GAM. Dia pernah menjabat sebagai Anggota DPRA Fraksi Partai Nanggroe Aceh periode 2014\u20142019.[1]\n",
            "profilePic": "",
            "title": "Mantan Anggota DPR Aceh",
            "sites": {
                "name": "Wikipedia",
                "url": "https://id.wikipedia.org/wiki/Dedi_Safrizal"
            },
            "communityID": "3469f212-2f76-441a-839f-6fe13ed35d3f"
        },
        {
            "name": "Husaini",
            "description": "",
            "profilePic": "",
            "title": "Ketua DPW Partai Aceh Lhokseumawe",
            "sites": {},
            "communityID": "3469f212-2f76-441a-839f-6fe13ed35d3f"
        },
        {
            "name": "Said Fachri",
            "description": "",
            "profilePic": "",
            "title": "Anggota DPRK Lhokseumawe",
            "sites": {},
            "communityID": "3469f212-2f76-441a-839f-6fe13ed35d3f"
        },
        {
            "name": "Yoga Charisma Putra",
            "description": "",
            "profilePic": "",
            "title": "Independent",
            "sites": {},
            "communityID": "3469f212-2f76-441a-839f-6fe13ed35d3f"
        },
        {
            "name": "Muhammad Yusuf Sinambela",
            "description": "",
            "profilePic": "",
            "title": "Independent",
            "sites": {},
            "communityID": "3469f212-2f76-441a-839f-6fe13ed35d3f"
        }
    ]
}