{
    "title": "Pemilihan umum Wali Kota Tanjungpinang 2024",
    "region": "Tanjungpinang",
    "level": "KOTA",
    "path": "kota-tanjungpinang",
    "source": "https://id.wikipedia.org/wiki/Pemilihan_umum_Wali_Kota_Tanjungpinang_2024",
    "communityID": "f21f675b-60c4-4383-87f1-d08ce693abb2",
    "candidates": [
        {
            "name": "Rahma",
            "description": "Hj. Rahma, S.I.P. (lahir 11 Mei 1975) adalah seorang politikus Indonesia. Ia merupakan Wali Kota Tanjungpinang periode 2020\u20142023[1]. Sebelumnya ia pernah menjabat sebagai Wakil Wali Kota Tanjungpinang periode 2018\u20142020.\n",
            "profilePic": "https://upload.wikimedia.org/wikipedia/commons/thumb/8/87/Rahma_Wali_Kota_Tanjungpinang.jpg/1200px-Rahma_Wali_Kota_Tanjungpinang.jpg",
            "title": "Wali Kota Tanjungpinang",
            "sites": {
                "name": "Wikipedia",
                "url": "https://id.wikipedia.org/wiki/Rahma"
            },
            "communityID": "f21f675b-60c4-4383-87f1-d08ce693abb2"
        },
        {
            "name": "Lis Darmansyah",
            "description": "H. Lis Darmansyah, S.H. (lahir 19 Maret 1970) adalah politikus Indonesia. Ia adalah Anggota DPRD Kepulauan Riau Fraksi PDIP periode 2019\u20142024.[1] Ia pernah menjabat sebagai Wali Kota Tanjungpinang periode 2013\u20142018.\n",
            "profilePic": "https://upload.wikimedia.org/wikipedia/commons/a/a1/Lis_Darmansyah_Wali_Kota_Tanjungpinang.jpg",
            "title": "Mantan Wali kota Tanjungpinang",
            "sites": {
                "name": "Wikipedia",
                "url": "https://id.wikipedia.org/wiki/Lis_Darmansyah"
            },
            "communityID": "f21f675b-60c4-4383-87f1-d08ce693abb2"
        },
        {
            "name": "Maya Suryanti",
            "description": "",
            "profilePic": "",
            "title": "Putri Mantan Wali kota Tanjungpinang",
            "sites": {},
            "communityID": "f21f675b-60c4-4383-87f1-d08ce693abb2"
        },
        {
            "name": "Endang Abdullah",
            "description": "Letkol Laut (Purn) Endang Abdullah, S.Kp, M.Si. (lahir 8 Juni 1966) adalah Wakil Wali Kota Tanjungpinang periode 2021\u20142023.[1] Ia adalah wakil dari Wali Kota Tanjungpinang, Rahma.\n",
            "profilePic": "https://upload.wikimedia.org/wikipedia/commons/thumb/7/7f/Wakil_Wali_Kota_Tanjungpinang_Endang_Abdullah.jpg/1200px-Wakil_Wali_Kota_Tanjungpinang_Endang_Abdullah.jpg",
            "title": "Wakil Wali Kota Tanjungpinang",
            "sites": {
                "name": "Wikipedia",
                "url": "https://id.wikipedia.org/wiki/Endang_Abdullah"
            },
            "communityID": "f21f675b-60c4-4383-87f1-d08ce693abb2"
        },
        {
            "name": "Asman",
            "description": "",
            "profilePic": "",
            "title": "Anggota DPRD Kota Tanjungpinang",
            "sites": {},
            "communityID": "f21f675b-60c4-4383-87f1-d08ce693abb2"
        },
        {
            "name": "Ade Angga",
            "description": "",
            "profilePic": "",
            "title": "Mantan Wakil Ketua I DPRD Kota Tanjungpinang",
            "sites": {},
            "communityID": "f21f675b-60c4-4383-87f1-d08ce693abb2"
        },
        {
            "name": "Ismiyati",
            "description": "Ismiyati[1] adalah seorang penulis cerpen wanita yang terkenal pada dasawarsa 1960-an. Melalui karyanya \"Sura Dira Jayadiningrat, Lebur d\u00e9ning Pangastuti\", Ismiyati memenangkan lomba penulisan cerpen majalah Jaya Baya nomor 19 Th. XVII, 29 Desember 1963, bersama dengan penulis-penulis pria terkenal lainnya seperti Suparto Brata (Slendhang Bang-bangan), Any Asmara (Godhaning Katresnan), Esmiet (Kang Dadi Wadal), Hardjana HP (Ing Swan Nio), dan A.M. Soekamto (Ketiban Pulung).\n",
            "profilePic": "",
            "title": "Anggota DPRD Kota Tanjungpinang",
            "sites": {
                "name": "Wikipedia",
                "url": "https://id.wikipedia.org/wiki/Ismiyati"
            },
            "communityID": "f21f675b-60c4-4383-87f1-d08ce693abb2"
        },
        {
            "name": "Teddy Jun Askara",
            "description": "",
            "profilePic": "",
            "title": "Anggota DPRD Kepri",
            "sites": {},
            "communityID": "f21f675b-60c4-4383-87f1-d08ce693abb2"
        },
        {
            "name": "M Syahrial",
            "description": "H. M Syahrial, S.H., M.H. (lahir 17 Agustus 1988) adalah Wali Kota Tanjungbalai yang menjadi Tersangka Kasus Korupsi. Ia menjadi Wali Kota Tanjungbalai selama  2 periode.[1][2]\nPada tanggal 24 April 2021, Komisi Pemberantasan Korupsi (KPK) resmi menetapkan M Syahrial sebagai tersangka korupsi kasus jual beli jabatan di lingkungan pemerintah kota Tanjungbalai. Ia diduga menyuap oknum penyidik KPK dari Polri dengan uang senilai Rp1,3 Miliar agar penyidikan kasus jual beli jabatan di lingkungan Pemerintah Kota (Pemkot) Tanjungbalai bisa dihentikan.[3]\n",
            "profilePic": "https://upload.wikimedia.org/wikipedia/commons/f/f7/M._Syahrial_2021.png",
            "title": "Mantan Anggota DPRD Kota Tanjungpinang",
            "sites": {
                "name": "Wikipedia",
                "url": "https://id.wikipedia.org/wiki/M_Syahrial"
            },
            "communityID": "f21f675b-60c4-4383-87f1-d08ce693abb2"
        },
        {
            "name": "Bobby Jayanto",
            "description": "Bobby Jayanto, S.I.P. (lahir 20 Oktober 1953) adalah Anggota  DPRD Kepulauan Riau periode 2019\u20132024.[1] Ia pernah menjabat sebagai Ketua DPRD Kota Tanjungpinang periode 2004\u20132009.\n",
            "profilePic": "",
            "title": "Anggota DPRD Kepri",
            "sites": {
                "name": "Wikipedia",
                "url": "https://id.wikipedia.org/wiki/Bobby_Jayanto"
            },
            "communityID": "f21f675b-60c4-4383-87f1-d08ce693abb2"
        },
        {
            "name": "Rudy Chua",
            "description": "",
            "profilePic": "",
            "title": "Anggota DPRD Kepri",
            "sites": {},
            "communityID": "f21f675b-60c4-4383-87f1-d08ce693abb2"
        },
        {
            "name": "Noverizki",
            "description": "",
            "profilePic": "",
            "title": "Tokoh Pemuda Kota Tanjungpinang",
            "sites": {},
            "communityID": "f21f675b-60c4-4383-87f1-d08ce693abb2"
        }
    ]
}