{
    "title": "Pemilihan umum Wali Kota Baubau 2024",
    "region": "Baubau",
    "level": "KOTA",
    "path": "kota-baubau",
    "source": "https://id.wikipedia.org/wiki/Pemilihan_umum_Wali_Kota_Baubau_2024",
    "communityID": "982a456c-3933-46fa-86c9-ffe974641288",
    "candidates": [
        {
            "name": "La Ode Ahmad Monianse",
            "description": "La Ode Ahmad Monianse (lahir 26 Februari 1969) adalah seorang politisi Indonesia. Pada 23 Mei 2022, ia menjabat sebagai Walikota Baubau menggantikan AS Tamrin yang meninggal dunia pada 13 Januari 2022. Pada masa sebelumnya, ia menjadi Wakil Wali Kota Baubau periode 2018-2023 dan legislator DPRD Baubau dari Partai Demokrasi Indonesia Perjuangan (PDIP).[1]\n",
            "profilePic": "https://upload.wikimedia.org/wikipedia/commons/8/85/LA_ODE_AHMAD_MONIANSE.jpg",
            "title": "Wali Kota Baubau periode sisa masa jabatan 2018\u20132023 pada tahun 2022-2023",
            "sites": {
                "name": "Wikipedia",
                "url": "https://id.wikipedia.org/wiki/La_Ode_Ahmad_Monianse"
            },
            "communityID": "982a456c-3933-46fa-86c9-ffe974641288"
        },
        {
            "name": "Odianov Chailiullah Almondo",
            "description": "",
            "profilePic": "",
            "title": "Ketua Pimpinan Cabang Partai Kebangkitan Nusantara (PKN) Kota Baubau",
            "sites": {},
            "communityID": "982a456c-3933-46fa-86c9-ffe974641288"
        },
        {
            "name": "La Ode Novianto Djeni Hasmar",
            "description": "",
            "profilePic": "",
            "title": "Ketua DPP Barisan Muda Kosgoro 1957",
            "sites": {},
            "communityID": "982a456c-3933-46fa-86c9-ffe974641288"
        },
        {
            "name": "Zahari",
            "description": "",
            "profilePic": "",
            "title": "Ketua DPD Partai Golkar Kota Baubau",
            "sites": {},
            "communityID": "982a456c-3933-46fa-86c9-ffe974641288"
        }
    ]
}