{
    "title": "Pemilihan umum Wali Kota Bogor 2024",
    "region": "Bogor",
    "level": "KOTA",
    "path": "kota-bogor",
    "source": "https://id.wikipedia.org/wiki/Pemilihan_umum_Wali_Kota_Bogor_2024",
    "communityID": "677742b6-f4d5-4051-b34d-0cf2ef52c75d",
    "candidates": [
        {
            "name": "Dr. dr. Raendi Rayendra, SpKK, M.Kes, FINSDV, FAADV",
            "description": "",
            "profilePic": "",
            "title": "SpKK",
            "sites": {},
            "communityID": "677742b6-f4d5-4051-b34d-0cf2ef52c75d"
        },
        {
            "name": "Dedie Abdu Rachim",
            "description": "Dedie Abdu Rachim, M.A. (lahir 6 April 1966) menjabat sebagai Wakil Wali Kota Bogor periode 2019 hingga 2024 mendampingi Bima Arya Sugiarto.\n",
            "profilePic": "https://upload.wikimedia.org/wikipedia/commons/0/0a/Wakil_Wali_Kota_Bogor_Dedie_Abdu_Rachim.jpg",
            "title": "Wakil Wali Kota Bogor",
            "sites": {
                "name": "Wikipedia",
                "url": "https://id.wikipedia.org/wiki/Dedie_A._Rachim"
            },
            "communityID": "677742b6-f4d5-4051-b34d-0cf2ef52c75d"
        },
        {
            "name": "Eka Maulana",
            "description": "",
            "profilePic": "",
            "title": "Ketum Bogor Youth Action",
            "sites": {},
            "communityID": "677742b6-f4d5-4051-b34d-0cf2ef52c75d"
        },
        {
            "name": "Aji Jaya Bintara",
            "description": "",
            "profilePic": "",
            "title": "Ketum Liga Bola Rakyat Prabowo",
            "sites": {},
            "communityID": "677742b6-f4d5-4051-b34d-0cf2ef52c75d"
        },
        {
            "name": "Achmad Ru'yat",
            "description": "drh. H. Achmad Ru'yat, M.Si (lahir 9 September 1966) adalah seorang politikus Indonesia. Ia adalah Wakil Wali Kota Bogor Jawa Barat periode 2009-2014 mendampingi Diani Budiarto. Pasangan ini dilantik oleh Gubernur Jawa Barat Ahmad Heryawan.[1] Sebelum menjadi Wakil Wali Kota, Ia merupakan seorang legislator daerah. Tahun 1999, dirinya terpilih menjadi Anggota DPRD Kota Bogor dari Partai Keadilan. Kemudian pada 2004 dirinya terpilih menjadi Wakil Ketua Dewan Perwakilan Rakyat Daerah Jawa Barat dari Partai Keadilan Sejahtera.\n",
            "profilePic": "https://upload.wikimedia.org/wikipedia/commons/2/22/KPU_Achmad_Ru%27yat.jpg",
            "title": "Wakil Ketua DPRD Jawa Barat",
            "sites": {
                "name": "Wikipedia",
                "url": "https://id.wikipedia.org/wiki/Achmad_Ru%27yat"
            },
            "communityID": "677742b6-f4d5-4051-b34d-0cf2ef52c75d"
        },
        {
            "name": "Atang Trisnanto",
            "description": "",
            "profilePic": "",
            "title": "Ketua DPRD Kota Bogor",
            "sites": {},
            "communityID": "677742b6-f4d5-4051-b34d-0cf2ef52c75d"
        },
        {
            "name": "Iwan Suryawan",
            "description": "",
            "profilePic": "",
            "title": "Anggota DPRD Jawa Barat",
            "sites": {},
            "communityID": "677742b6-f4d5-4051-b34d-0cf2ef52c75d"
        },
        {
            "name": "Sendi Fardiansyah",
            "description": "",
            "profilePic": "",
            "title": "Ketua Umum Kawani Bogor",
            "sites": {},
            "communityID": "677742b6-f4d5-4051-b34d-0cf2ef52c75d"
        }
    ]
}