{
    "title": "Pemilihan umum Wali Kota Pariaman 2024",
    "region": "Pariaman",
    "level": "KOTA",
    "path": "kota-pariaman",
    "source": "https://id.wikipedia.org/wiki/Pemilihan_umum_Wali_Kota_Pariaman_2024",
    "communityID": "7bce3b8b-c6ca-4e48-8150-2a7787be1c8c",
    "candidates": [
        {
            "name": ":",
            "description": "",
            "profilePic": "",
            "title": null,
            "sites": {},
            "communityID": "7bce3b8b-c6ca-4e48-8150-2a7787be1c8c"
        },
        {
            "name": ":",
            "description": "",
            "profilePic": "",
            "title": null,
            "sites": {},
            "communityID": "7bce3b8b-c6ca-4e48-8150-2a7787be1c8c"
        },
        {
            "name": ":",
            "description": "",
            "profilePic": "",
            "title": null,
            "sites": {},
            "communityID": "7bce3b8b-c6ca-4e48-8150-2a7787be1c8c"
        },
        {
            "name": ":",
            "description": "",
            "profilePic": "",
            "title": "Bendahara DPW PKS Sumatera Barat",
            "sites": {},
            "communityID": "7bce3b8b-c6ca-4e48-8150-2a7787be1c8c"
        },
        {
            "name": ":",
            "description": "",
            "profilePic": "",
            "title": "Ketua Dewan Pakar PKS Kota Pariaman",
            "sites": {},
            "communityID": "7bce3b8b-c6ca-4e48-8150-2a7787be1c8c"
        },
        {
            "name": ": Pengusaha",
            "description": "",
            "profilePic": "",
            "title": "Wakil ketua LKAAM Kab Padang Pariaman",
            "sites": {},
            "communityID": "7bce3b8b-c6ca-4e48-8150-2a7787be1c8c"
        },
        {
            "name": ": Pengusaha properti",
            "description": "",
            "profilePic": "",
            "title": "Ketua Umum KONI Kota Pariaman 2021-2025",
            "sites": {},
            "communityID": "7bce3b8b-c6ca-4e48-8150-2a7787be1c8c"
        },
        {
            "name": ": Sekretaris Daerah Kota Pariaman",
            "description": "",
            "profilePic": "",
            "title": null,
            "sites": {},
            "communityID": "7bce3b8b-c6ca-4e48-8150-2a7787be1c8c"
        },
        {
            "name": ": Kepala Badan Pengelolaan Keuangan Daerah Kota Pariaman",
            "description": "",
            "profilePic": "",
            "title": null,
            "sites": {},
            "communityID": "7bce3b8b-c6ca-4e48-8150-2a7787be1c8c"
        }
    ]
}