{
    "title": "Pemilihan umum Wali Kota Singkawang 2024",
    "region": "Singkawang",
    "level": "KOTA",
    "path": "kota-singkawang",
    "source": "https://id.wikipedia.org/wiki/Pemilihan_umum_Wali_Kota_Singkawang_2024",
    "communityID": "6ef6b6e1-fb4f-40ac-a74e-b154d8710690",
    "candidates": [
        {
            "name": "Abdul Mutalib",
            "description": "",
            "profilePic": "",
            "title": "Wakil Wali Kota Singkawang periode 2012-2017 dan Ketua DPC PKB Kota Singkawang",
            "sites": {},
            "communityID": "6ef6b6e1-fb4f-40ac-a74e-b154d8710690"
        },
        {
            "name": "Andi Syarif",
            "description": "",
            "profilePic": "",
            "title": "Ketua DPD Partai Golkar Kota Singkawang",
            "sites": {},
            "communityID": "6ef6b6e1-fb4f-40ac-a74e-b154d8710690"
        },
        {
            "name": "Christiandy Sanjaya",
            "description": "Drs. Christiandy Sanjaya, S.E., M.M. (lahir 29 Maret 1964) adalah Anggota DPD RI periode 2019\u20142024. Ia pernah menjabat sebagai Wakil Gubernur Kalimantan Barat 2 periode yakni 2008\u20142013 dan 2013\u20142018.\n",
            "profilePic": "https://upload.wikimedia.org/wikipedia/commons/9/9a/Senator_Christiandy_Sanjaya.jpg",
            "title": "Anggota Dewan Perwakilan Daerah Republik Indonesia",
            "sites": {
                "name": "Wikipedia",
                "url": "https://id.wikipedia.org/wiki/Christiandy_Sanjaya"
            },
            "communityID": "6ef6b6e1-fb4f-40ac-a74e-b154d8710690"
        },
        {
            "name": "Hasan Karman",
            "description": "Hasan Karman (lahir 6 Agustus 1962)[1] terlahir dengan nama Bong Sau Fam (\u9ec4\u5c11\u51e1) adalah seorang politikus Indonesia yang menjadi Wali Kota Singkawang periode 2007\u20142012. Ia meresmikan kantor sekretariat Forum Kerukunan Antar Umat Beragama (FKUB) kota Singkawang. Pada tahun 2011, ia telah meresmikan gedung dan gereja HKBP Singkawang.\n",
            "profilePic": "https://upload.wikimedia.org/wikipedia/commons/1/11/Wali_Kota_Singkawang_Hasan_Karman.jpg",
            "title": "Wali Kota Singkawang periode 2007-2012",
            "sites": {
                "name": "Wikipedia",
                "url": "https://id.wikipedia.org/wiki/Hasan_Karman"
            },
            "communityID": "6ef6b6e1-fb4f-40ac-a74e-b154d8710690"
        },
        {
            "name": "Tjhai Chui Mie",
            "description": "Tjhai Chui Mie, S.E., M.H. (lahir 27 Februari 1972) adalah politikus Indonesia yang pernah menjabat sebagai Wali Kota Singkawang periode 2017\u20132022.[1] Ia pernah menjabat sebagai Ketua DPRD Kota Singkawang periode 2009\u20132014.[2]\n",
            "profilePic": "https://upload.wikimedia.org/wikipedia/commons/thumb/7/75/Mayor_of_Singkawang_Tjhai_Chui_Mie.jpg/1200px-Mayor_of_Singkawang_Tjhai_Chui_Mie.jpg",
            "title": "Wali Kota Singkawang periode 2017-2022",
            "sites": {
                "name": "Wikipedia",
                "url": "https://id.wikipedia.org/wiki/Tjhai_Chui_Mie"
            },
            "communityID": "6ef6b6e1-fb4f-40ac-a74e-b154d8710690"
        }
    ]
}