{
    "title": "Pemilihan umum Wali Kota Pangkal Pinang 2024",
    "region": "Pangkal Pinang",
    "level": "KOTA",
    "path": "kota-pangkalpinang",
    "source": "https://id.wikipedia.org/wiki/Pemilihan_umum_Wali_Kota_Pangkal_Pinang_2024",
    "communityID": "e65d77b9-ea10-47f0-a4d7-799070bf4ad4",
    "candidates": [
        {
            "name": "Maulan Aklil",
            "description": "Dr. H. Maulan Aklil, S.I.P., M.Si. (lahir 4 Maret 1976) adalah Wali kota Pangkalpinang yang menjabat sejak 15 November 2018.[1]\n",
            "profilePic": "https://upload.wikimedia.org/wikipedia/commons/6/66/Maulan_Aklil_Walikota_Pangkalpinang.jpg",
            "title": "Wali Kota Pangkalpinang",
            "sites": {
                "name": "Wikipedia",
                "url": "https://id.wikipedia.org/wiki/Maulan_Aklil"
            },
            "communityID": "e65d77b9-ea10-47f0-a4d7-799070bf4ad4"
        },
        {
            "name": "Muhammad Sopian",
            "description": "Muhammad Sopian, B.A. (lahir 1 Maret 1964 adalah Wakil Wali Kota Pangkalpinang 2 periode yakni 2013\u20142018 dan 2018\u20142023.[1] Ia adalah wakil dari Wali Kota Pangkalpinang, Muhammad Irwansyah dan Maulan Aklil.\n",
            "profilePic": "https://upload.wikimedia.org/wikipedia/commons/8/89/Wakil_Wali_Kota_Pangkalpinang_Muhammad_Sopian.png",
            "title": "Wakil Wali Kota Pangkalpinang",
            "sites": {
                "name": "Wikipedia",
                "url": "https://id.wikipedia.org/wiki/Muhammad_Sopian"
            },
            "communityID": "e65d77b9-ea10-47f0-a4d7-799070bf4ad4"
        },
        {
            "name": "Herry Erfian Rosman",
            "description": "",
            "profilePic": "",
            "title": "Anggota Dewan Perwakilan Daerah Republik Indonesia DPD RI",
            "sites": {},
            "communityID": "e65d77b9-ea10-47f0-a4d7-799070bf4ad4"
        },
        {
            "name": "Muhammad Irwansyah",
            "description": "H. Muhammad Irwansyah, S.Sos., M.Si. (lahir 1 Juni 1983), dikenal dengan nama panggilan Wawan,[1] adalah seorang politisi Indonesia yang berasal dari kalangan pengusaha. Ia adalah Wali Kota Pangkalpinang periode 2013\u20132018[2] yang sebelumnya diusung oleh Partai Demokrasi Indonesia Perjuangan[3] dan Hanura, juga didukung oleh PKS dan Nasdem.[4] Pelantikan jabatan dilaksanakan oleh Gubernur Bangka Belitung, Rustam Effendi, di Ruang Paripurna DPRD Kota Pangkalpinang, Kamis, 14 November 2013.[5]\n",
            "profilePic": "https://upload.wikimedia.org/wikipedia/commons/c/cd/Wali_Kota_Pangkalpinang%2C_M._Irwansyah_Sofyan_Rebuin.jpg",
            "title": "Mantan Wali Kota Pangkalpinang",
            "sites": {
                "name": "Wikipedia",
                "url": "https://id.wikipedia.org/wiki/Muhammad_Irwansyah"
            },
            "communityID": "e65d77b9-ea10-47f0-a4d7-799070bf4ad4"
        },
        {
            "name": "Ust. H. Dede Purnama Alzulami",
            "description": "",
            "profilePic": "",
            "title": "Anggota DPRD Babel",
            "sites": {},
            "communityID": "e65d77b9-ea10-47f0-a4d7-799070bf4ad4"
        },
        {
            "name": "Dody Kusdian",
            "description": "",
            "profilePic": "",
            "title": "Anggota DPRD Babel",
            "sites": {},
            "communityID": "e65d77b9-ea10-47f0-a4d7-799070bf4ad4"
        },
        {
            "name": "Radmida Dawam",
            "description": "",
            "profilePic": "",
            "title": "Mantan Sekda Kota Pangkalpinang",
            "sites": {},
            "communityID": "e65d77b9-ea10-47f0-a4d7-799070bf4ad4"
        },
        {
            "name": "Rosdiansyah Rasyid",
            "description": "",
            "profilePic": "",
            "title": "Wakil Ketua I\tDPRD Kota Pangkalpinang",
            "sites": {},
            "communityID": "e65d77b9-ea10-47f0-a4d7-799070bf4ad4"
        },
        {
            "name": "Abang Hertza",
            "description": "",
            "profilePic": "",
            "title": "Ketua DPRD Kota Pangkalpinang",
            "sites": {},
            "communityID": "e65d77b9-ea10-47f0-a4d7-799070bf4ad4"
        },
        {
            "name": "Bahar Buasan",
            "description": "Bahar Buasan, S.T. (lahir 25 Maret 1964) yaitu Anggota DPD RI 2 periode yakni 2009\u20132014[1][2] dan 2014\u20132019.\n",
            "profilePic": "https://upload.wikimedia.org/wikipedia/commons/thumb/4/4e/KPU_Bahar_Buasan.jpg/1200px-KPU_Bahar_Buasan.jpg",
            "title": null,
            "sites": {
                "name": "Wikipedia",
                "url": "https://id.wikipedia.org/wiki/Bahar_Buasan"
            },
            "communityID": "e65d77b9-ea10-47f0-a4d7-799070bf4ad4"
        }
    ]
}