{
    "title": "Pemilihan umum Wali Kota Gunungsitoli 2024",
    "region": "Gunungsitoli",
    "level": "KOTA",
    "path": "kota-gunungsitoli",
    "source": "https://id.wikipedia.org/wiki/Pemilihan_umum_Wali_Kota_Gunungsitoli_2024",
    "communityID": "9d5a662c-14b9-46b2-a393-cfdd993405c6",
    "candidates": [
        {
            "name": "Sowa'a Laoli",
            "description": "Sowa'a Laoli, S.E., M.Si, (lahir 11 November 1981), adalah politikus PDI Perjuangan yang menjabat Wali Kota Gunungsitoli yang menjabat sejak 5 Februari 2024 menggantikan Lakhomizaro Zebua yang meninggal dunia saat sedang menjabat.[1] Ia juga pernah menjabat sebagai Wakil Wali Kota Gunungsitoli dua periode, yakni 2016\u20132021 dan 2021\u20132024 mendampingi Wali Kota Lakhomizaro Zebua dalam Pilwali Gunungsitoli 2015 dan Pilwali Gunungsitoli 2020. Sebelum itu, ia pernah menjabat Ketua DPRD Kota Gunungsitoli yang pertama pada periode 2009-2014.[2]\n",
            "profilePic": "https://upload.wikimedia.org/wikipedia/commons/2/24/2nd_Vice_Mayor_of_Gunungsitoli_Sowa%27a_Laoli_%282021%29.png",
            "title": "Wakil Wali Kota Gunungsitoli",
            "sites": {
                "name": "Wikipedia",
                "url": "https://id.wikipedia.org/wiki/Sowa%27a_Laoli"
            },
            "communityID": "9d5a662c-14b9-46b2-a393-cfdd993405c6"
        },
        {
            "name": "Putra Hidayat Zebua",
            "description": "",
            "profilePic": "",
            "title": "Anggota DPRD Kota Gunungsitoli",
            "sites": {},
            "communityID": "9d5a662c-14b9-46b2-a393-cfdd993405c6"
        },
        {
            "name": "Herman Jaya Harefa",
            "description": "",
            "profilePic": "",
            "title": "Wakil Ketua DPRD Kota Gunungsitoli",
            "sites": {},
            "communityID": "9d5a662c-14b9-46b2-a393-cfdd993405c6"
        },
        {
            "name": "Martinus Lase",
            "description": "Drs. Martinus Lase, M.S.P. (lahir 26 September 1957) adalah Wali Kota Gunungsitoli periode 2011\u20132016.[1] Ia pernah menjabat sebagai Pejabat Wali Kota Gunungsitoli periode 2009\u20132010.\n",
            "profilePic": "https://upload.wikimedia.org/wikipedia/commons/9/96/Martinus_Lase%2C_Wali_Kota_Gunungsitoli_%282011%29.jpg",
            "title": "Mantan Wali Kota Gunungsitoli",
            "sites": {
                "name": "Wikipedia",
                "url": "https://id.wikipedia.org/wiki/Martinus_Lase"
            },
            "communityID": "9d5a662c-14b9-46b2-a393-cfdd993405c6"
        },
        {
            "name": "Pdt. Sinema Laoly",
            "description": "",
            "profilePic": "",
            "title": "Politisi PDIP",
            "sites": {},
            "communityID": "9d5a662c-14b9-46b2-a393-cfdd993405c6"
        },
        {
            "name": "Pdt. Berkat Kurniawan Laoli",
            "description": "",
            "profilePic": "",
            "title": "Anggota DPRD Sumut",
            "sites": {},
            "communityID": "9d5a662c-14b9-46b2-a393-cfdd993405c6"
        },
        {
            "name": "Christian Zebua",
            "description": "Mayor Jenderal TNI (Purn.) Drs. Christian Zebua, M.M. (lahir 24 Oktober 1957) adalah seorang Purnawirawan perwira tinggi TNI-AD yang berdasarkan Keputusan Panglima TNI Nomor: Kep/643/IX/2014 tanggal 5 September 2014, tentang pemberhentian dari dan pengangkatan dalam jabatan di lingkungan TNI telah dimutasi menjadi Staf Khusus KSAD.[a][2]\n",
            "profilePic": "https://upload.wikimedia.org/wikipedia/id/9/9a/Pangdam_XVII_Christian_Zebua.jpg",
            "title": "Mantan Pangdam XVII/Cendrawasih",
            "sites": {
                "name": "Wikipedia",
                "url": "https://id.wikipedia.org/wiki/Christian_Zebua"
            },
            "communityID": "9d5a662c-14b9-46b2-a393-cfdd993405c6"
        },
        {
            "name": "Dalizatulo Lase",
            "description": "",
            "profilePic": "",
            "title": "Ketua DPD HIMNI Riau",
            "sites": {},
            "communityID": "9d5a662c-14b9-46b2-a393-cfdd993405c6"
        },
        {
            "name": "Imanuel Zebua",
            "description": "",
            "profilePic": "",
            "title": "Mantan Kepala kejaksaan Negeri Gunungsitoli",
            "sites": {},
            "communityID": "9d5a662c-14b9-46b2-a393-cfdd993405c6"
        },
        {
            "name": "Andhika P Laoli",
            "description": "",
            "profilePic": "",
            "title": "Ketua DPC HIMNI Kota Gunungsitoli",
            "sites": {},
            "communityID": "9d5a662c-14b9-46b2-a393-cfdd993405c6"
        },
        {
            "name": "Karya Septianus Bate'e",
            "description": "",
            "profilePic": "",
            "title": "Ketua Perbakin Kota Gunungsitoli",
            "sites": {},
            "communityID": "9d5a662c-14b9-46b2-a393-cfdd993405c6"
        },
        {
            "name": "Temazaro Harefa",
            "description": "Temazaro Harefa adalah seorang politikus Indonesia yang pernah menjabat sebagai Wakil Bupati Nias, Sumatera Utara periode 2006\u20142011. Ia adalah wakil dari Bupati Nias, Binahati B. Baeha.\n",
            "profilePic": "",
            "title": "Mantan Wakil Bupati Nias",
            "sites": {
                "name": "Wikipedia",
                "url": "https://id.wikipedia.org/wiki/Temazaro_Harefa"
            },
            "communityID": "9d5a662c-14b9-46b2-a393-cfdd993405c6"
        },
        {
            "name": "Kemurnian Zebua",
            "description": "",
            "profilePic": "",
            "title": "Mantan Sekretaris Daerah Kota Gunungsitoli",
            "sites": {},
            "communityID": "9d5a662c-14b9-46b2-a393-cfdd993405c6"
        },
        {
            "name": "Aroni Zendrato",
            "description": "",
            "profilePic": "",
            "title": "Mantan Wakil Wali Kota Gunungsitoli",
            "sites": {},
            "communityID": "9d5a662c-14b9-46b2-a393-cfdd993405c6"
        },
        {
            "name": "Marthinus Lase",
            "description": "Marthinus Lase, S.H.(lahir 29 September 1957) adalah birokrat dan politikus Indonesia yang sekarang menjabat sebagai Anggota DPRD Kota Gunungsitoli periode 2019\u20142024.[1] Sebelumnya ia menjabat sebagai Wakil Ketua DPRD Kota Gunungsitoli periode 2014\u20142019.\n",
            "profilePic": "",
            "title": "Anggota DPRD Kota Gunungsitoli",
            "sites": {
                "name": "Wikipedia",
                "url": "https://id.wikipedia.org/wiki/Marthinus_Lase"
            },
            "communityID": "9d5a662c-14b9-46b2-a393-cfdd993405c6"
        }
    ]
}