{
    "title": "Pemilihan umum Gubernur Kalimantan Timur 2024",
    "region": "Kalimantan Timur",
    "level": "PROVINSI",
    "path": "provinsi-kalimantan-timur",
    "source": "https://id.wikipedia.org/wiki/Pemilihan_umum_Gubernur_Kalimantan_Timur_2024",
    "communityID": "55059475-bc8c-486a-b92a-693612c49698",
    "candidates": [
        {
            "name": "Isran Noor",
            "description": "Dr. Ir. H. Isran Noor, M.Si. (lahir 20 September 1959) adalah Gubernur Kalimantan Timur yang menjabat antara 1 Oktober 2018 dan 1 Oktober 2023.\n",
            "profilePic": "https://upload.wikimedia.org/wikipedia/commons/4/4c/Gubernur_Kalimantan_Timur_Isran_Noor.jpg",
            "title": "Gubernur Kalimantan Timur",
            "sites": {
                "name": "Wikipedia",
                "url": "https://id.wikipedia.org/wiki/Isran_Noor"
            },
            "communityID": "55059475-bc8c-486a-b92a-693612c49698"
        },
        {
            "name": "Hadi Mulyadi",
            "description": "H. Hadi Mulyadi, S.Si., M.Si.[2] (lahir 9 Mei 1968) adalah seorang politikus, pendakwah, dan pengajar Indonesia. Ia menjabat Wakil Gubernur Kalimantan Timur periode 2018\u20132023 bersama Gubernur Isran Noor.\n",
            "profilePic": "https://upload.wikimedia.org/wikipedia/commons/8/81/Wagub_Kaltim_Hadi_Mulyadi.jpg",
            "title": "Wakil Gubernur Kalimantan Timur",
            "sites": {
                "name": "Wikipedia",
                "url": "https://id.wikipedia.org/wiki/Hadi_Mulyadi"
            },
            "communityID": "55059475-bc8c-486a-b92a-693612c49698"
        },
        {
            "name": "Mahyudin",
            "description": "Dr. H. Mahyudin, ST, MM. (lahir 8 Juni 1970) adalah politisi Indonesia yang saat ini menjabat sebagai Wakil Ketua Dewan Perwakilan Daerah Republik Indonesia. Sebelumnya ia menjabat Bupati Kutai Timur ke-2 pada periode tahun 2003 hingga 2006. Tahun 2009-2014 ia menjabat sebagai anggota komisi VII Dewan Perwakilan Rakyat pada periode 2009\u20132014 dari Partai Golkar.\n",
            "profilePic": "https://upload.wikimedia.org/wikipedia/commons/d/d7/Senator_Mahyudin.jpg",
            "title": "Wakil Ketua DPD RI",
            "sites": {
                "name": "Wikipedia",
                "url": "https://id.wikipedia.org/wiki/Mahyudin"
            },
            "communityID": "55059475-bc8c-486a-b92a-693612c49698"
        },
        {
            "name": "Syaharie Jaang",
            "description": "H. Syaharie Jaang, S.H., M.Si. (lahir 10 September 1964) adalah politikus Indonesia yang menjabat Wali Kota Samarinda 2 periode yakni 2010\u20142015 dan 2016\u20142021. Sebelumnya, ia menjabat sebagai Wakil Wali Kota Samarinda 2 periode yakni 2000\u20142005 dan 2005\u20142010.[1]\n",
            "profilePic": "https://upload.wikimedia.org/wikipedia/commons/thumb/7/7f/Syaharie_Jaang_160828.JPG/1200px-Syaharie_Jaang_160828.JPG",
            "title": "Mantan Wali Kota Samarinda",
            "sites": {
                "name": "Wikipedia",
                "url": "https://id.wikipedia.org/wiki/Syaharie_Jaang"
            },
            "communityID": "55059475-bc8c-486a-b92a-693612c49698"
        },
        {
            "name": "Safaruddin",
            "description": "Irjen. Pol. (Purn.) Drs. Safaruddin, S.H. (lahir 10 Februari 1960) adalah seorang Purnawirawan perwira tinggi Polri dan politikus Indonesia. Saat ini, ia menjabat sebagai Anggota DPR-RI sejak 2019 mewakili daerah pemilihan Kalimantan Timur. Sebelumnya ia menjabat sebagai Kepala Polda Kalimantan Timur dari 2015 hingga 2018. Safaruddin merupakan kader Partai Demokrasi Indonesia Perjuangan dan duduk di Komisi III.[1][2]\n",
            "profilePic": "https://upload.wikimedia.org/wikipedia/commons/1/11/Anggota_DPR_Safaruddin.jpg",
            "title": "Anggota DPR RI",
            "sites": {
                "name": "Wikipedia",
                "url": "https://id.wikipedia.org/wiki/Safaruddin"
            },
            "communityID": "55059475-bc8c-486a-b92a-693612c49698"
        },
        {
            "name": "Makmur H. A. P. K.",
            "description": "Drs. Makmur, M.M., atau dikenal sebagai Makmur H. A. P. K. (lahir 17 April 1958) adalah seorang politikus Indonesia. Ia merupakan kader senior Partai Golongan Karya yang menjabat sebagai Ketua DPRD Provinsi Kalimantan Timur sejak 1 Oktober 2019.[1] Selain itu, Makmur merupakan Ketua Harian DPD Tingkat I Partai Golongan Karya Provinsi Kalimantan Timur sejak 9 Oktober 2016.[2] Sebelumnya, ia pernah menjabat sebagai Bupati Berau selama dua periode[3] dan Wakil Bupati Berau selama satu periode.\n",
            "profilePic": "https://upload.wikimedia.org/wikipedia/commons/thumb/9/96/KPU_Makmur_H._A._P._K.jpg/1200px-KPU_Makmur_H._A._P._K.jpg",
            "title": "Ketua DPRD Kaltim",
            "sites": {
                "name": "Wikipedia",
                "url": "https://id.wikipedia.org/wiki/Makmur_H._A._P._K."
            },
            "communityID": "55059475-bc8c-486a-b92a-693612c49698"
        },
        {
            "name": "Edi Damansyah",
            "description": "Drs. Edi Damansyah, M.Si. (lahir 2 Maret 1965) adalah bupati Kutai Kartanegara petahana yang saat ini menjabat untuk masa bakti 2019\u20132021. Sebelumnya ia menjabat sebagai wakil bupati Kutai Kartanegara periode 2016\u20132021 mendampingi Rita Widyasari. Pada 2017, ia menjadi pelaksana tugas bupati menggantikan Rita Widyasari.[1] Ia kemudian dilantik sebagai bupati definitif pada 14 Februari 2019.[2]\n",
            "profilePic": "https://upload.wikimedia.org/wikipedia/commons/b/b3/Wakil_Bupati_Kutai_Kartanegara_Edi_Damansyah.png",
            "title": "Bupati Kutai Kartanegara",
            "sites": {
                "name": "Wikipedia",
                "url": "https://id.wikipedia.org/wiki/Edi_Damansyah"
            },
            "communityID": "55059475-bc8c-486a-b92a-693612c49698"
        },
        {
            "name": "Ardiansyah Sulaiman",
            "description": "Drs. H. Ardiansyah Sulaiman, M.Si. (lahir 5 Februari 1964) adalah seorang politikus Indonesia yang menjabat sebagai Bupati Kutai Timur periode 2021\u20132024 dari Partai Keadilan Sejahtera (PKS).[1]\n",
            "profilePic": "https://upload.wikimedia.org/wikipedia/commons/thumb/4/47/Ardiansyah_Sulaiman_Bupati_Kutai_Timur.jpg/1200px-Ardiansyah_Sulaiman_Bupati_Kutai_Timur.jpg",
            "title": "Bupati Kutai Timur",
            "sites": {
                "name": "Wikipedia",
                "url": "https://id.wikipedia.org/wiki/Ardiansyah_Sulaiman"
            },
            "communityID": "55059475-bc8c-486a-b92a-693612c49698"
        },
        {
            "name": "Rahmad Mas'ud",
            "description": "H. Rahmad Mas'ud, S.E. (lahir 12 Mei 1976) adalah Wali kota Balikpapan petahana yang menjabat sejak 31 Mei 2021. Sebelumnya ia menjabat sebagai wakil wali kota Balikpapan mendampingi Rizal Effendi pada periode 2016\u20132021.[1]\n",
            "profilePic": "https://upload.wikimedia.org/wikipedia/commons/6/65/Rahmad_Mas%27ud%2C_Wali_Kota_Balikpapan.jpg",
            "title": "Wali Kota Balikpapan",
            "sites": {
                "name": "Wikipedia",
                "url": "https://id.wikipedia.org/wiki/Rahmad_Mas%27ud"
            },
            "communityID": "55059475-bc8c-486a-b92a-693612c49698"
        },
        {
            "name": "Andi Harun",
            "description": "Dr. H. Andi Harun, S.T., S.H., M.Si. (lahir 12 Desember 1972) adalah politikus Indonesia. Ia adalah Wali Kota Samarinda periode 2021\u20132024. Bersama wakilnya, Rusmadi Wongso, mereka berhasil memenangkan pemilihan umum Wali Kota Samarinda 2020.[1] Ia pernah menjabat sebagai Anggota DPRD Provinsi Kalimantan Timur 3 periode yakni 1999\u20132004, 2004\u20132009 dan 2009\u20132014.\n",
            "profilePic": "https://upload.wikimedia.org/wikipedia/commons/thumb/8/82/Wali_Kota_Samarinda_Andi_Harun.png/1200px-Wali_Kota_Samarinda_Andi_Harun.png",
            "title": "Wali Kota Samarinda",
            "sites": {
                "name": "Wikipedia",
                "url": "https://id.wikipedia.org/wiki/Andi_Harun"
            },
            "communityID": "55059475-bc8c-486a-b92a-693612c49698"
        },
        {
            "name": "Rudy Mas'ud",
            "description": "H. Rudy Mas'ud, S.E., M.E. (lahir 7 Desember 1981) adalah seorang pengusaha dan politikus Indonesia. Saat ini, ia menjabat sebagai Anggota DPR-RI sejak 2019 mewakili daerah pemilihan Kalimantan Timur. Rudy merupakan kader Partai Golongan Karya dan duduk di Komisi III.[1][2][3]\n",
            "profilePic": "https://upload.wikimedia.org/wikipedia/commons/thumb/4/4d/Rudy_Mas%27ud_Foto_KPU.jpg/1200px-Rudy_Mas%27ud_Foto_KPU.jpg",
            "title": "Anggota DPR RI",
            "sites": {
                "name": "Wikipedia",
                "url": "https://id.wikipedia.org/wiki/Rudy_Mas%27ud"
            },
            "communityID": "55059475-bc8c-486a-b92a-693612c49698"
        },
        {
            "name": "Rizal Effendi",
            "description": "Rizal Effendi (lahir 27 Agustus 1958) adalah wali kota Balikpapan ke-10 yang menjabat selama dua periode, yakni masa jabatan 2011\u20132016 dan 2016\u20132021. Sebelumnya, ia menjabat sebagai wakil wali kota Balikpapan (2006-2011) yang berpasangan dengan wali kota Imdaad Hamid.[1] Kemudian pada 29 Mei 2011 ia dilantik sebagai wali kota Balikpapan bersama wakil wali kota Balikpapan Heru Bambang setelah memenangkan Pilkada Kota Balikpapan yang digelar pada 24 Februari 2011.[2]\n",
            "profilePic": "https://upload.wikimedia.org/wikipedia/commons/0/06/Wali_Kota_Balikpapan_M._Rizal_Effendi.jpg",
            "title": "Mantan Wali Kota Balikpapan",
            "sites": {
                "name": "Wikipedia",
                "url": "https://id.wikipedia.org/wiki/Rizal_Effendi"
            },
            "communityID": "55059475-bc8c-486a-b92a-693612c49698"
        },
        {
            "name": "Bambang Susantono",
            "description": "Prof. Ir. Bambang Susantono, M.C.P., M.S.C.E., Ph.D. (lahir 4 November 1963) adalah seorang Kepala Otorita Ibu Kota Nusantara pertama yang dilantik pada 10 Maret 2022 hingga pengunduran dirinya pada 3 Juni 2024.\n",
            "profilePic": "https://upload.wikimedia.org/wikipedia/commons/8/88/Bambang_Susantono_official_portrait.png",
            "title": null,
            "sites": {
                "name": "Wikipedia",
                "url": "https://id.wikipedia.org/wiki/Bambang_Susantono"
            },
            "communityID": "55059475-bc8c-486a-b92a-693612c49698"
        },
        {
            "name": "Emir Moeis",
            "description": "Ir. H. (Izedrik) Emir Moeis MSc (lahir 27 Agustus 1950) adalah politisi Indonesia dari fraksi Partai Demokrasi Indonesia Perjuangan (PDIP). Ia dilahirkan dari pasangan Inche Abdul Moeis dan Hj. Siti Aloeh Aminah. Ayahnya Moeis adalah seorang pejuang perwakilan Kalimantan Timur yang menghadiri Konferensi Meja Bundar di Belanda pada tahun 1948 dan juga Kepala Daerah Tingkat 1 Kaltim (Gubernur) pada tahun 1957.\n",
            "profilePic": "https://upload.wikimedia.org/wikipedia/commons/thumb/3/37/KPU_Emir_Moeis.jpg/1200px-KPU_Emir_Moeis.jpg",
            "title": "Mantan Anggota DPR RI",
            "sites": {
                "name": "Wikipedia",
                "url": "https://id.wikipedia.org/wiki/Emir_Moeis"
            },
            "communityID": "55059475-bc8c-486a-b92a-693612c49698"
        },
        {
            "name": "Dody Rondonuwu",
            "description": "",
            "profilePic": "",
            "title": "Mantan Wakil Ketua DPRD Provinsi Kalimantan Timur",
            "sites": {},
            "communityID": "55059475-bc8c-486a-b92a-693612c49698"
        }
    ]
}