{
    "title": "Pemilihan umum Gubernur Sulawesi Tenggara 2024",
    "region": "Sulawesi Tenggara",
    "level": "PROVINSI",
    "path": "provinsi-sulawesi-tenggara",
    "source": "https://id.wikipedia.org/wiki/Pemilihan_umum_Gubernur_Sulawesi_Tenggara_2024",
    "communityID": "303c2151-cea0-48d9-9538-6fed60715ceb",
    "candidates": [
        {
            "name": "Lukman Abunawas",
            "description": "Dr. H. Lukman Abunawas, S.H., M.Si.[1] (lahir 11 September 1958) adalah Wakil Gubernur Sulawesi Tenggara periode 2018\u20142023.\n",
            "profilePic": "https://upload.wikimedia.org/wikipedia/commons/e/ec/Lukman_A.%2C_Wakil_Gubernur_Sulawesi_Tenggara_%28v2%29.jpg",
            "title": "Wakil Gubernur Sulawesi Tenggara",
            "sites": {
                "name": "Wikipedia",
                "url": "https://id.wikipedia.org/wiki/Lukman_Abunawas"
            },
            "communityID": "303c2151-cea0-48d9-9538-6fed60715ceb"
        },
        {
            "name": "Tafdil",
            "description": "",
            "profilePic": "",
            "title": "Bupati Bombana",
            "sites": {},
            "communityID": "303c2151-cea0-48d9-9538-6fed60715ceb"
        },
        {
            "name": "Dr. Bahtiar Maddatuang,SE.M.Si,CPHCM",
            "description": "",
            "profilePic": "",
            "title": "SE.M.Si",
            "sites": {},
            "communityID": "303c2151-cea0-48d9-9538-6fed60715ceb"
        },
        {
            "name": "Rusda Mahmud",
            "description": "Rusda Mahmud (lahir 21 November 1962) adalah seorang politikus Indonesia dari Partai Demokrat yang menjabat sebagai Anggota DPR-RI sejak 1 Oktober 2019. Sebelum menjadi Anggota DPR, Rusda merupakan Bupati Kolaka Utara dua periode yang menjabat pada 2007\u20142017.[1]\n",
            "profilePic": "https://upload.wikimedia.org/wikipedia/id/5/51/RUSDA_MAHMUD_DPR_RI.jpg",
            "title": "Anggota DPR RI",
            "sites": {
                "name": "Wikipedia",
                "url": "https://id.wikipedia.org/wiki/Rusda_Mahmud"
            },
            "communityID": "303c2151-cea0-48d9-9538-6fed60715ceb"
        },
        {
            "name": "Kery Saiful Konggoasa",
            "description": "Kery Saiful Konggoasa atau KSK (lahir 19 Oktober 1966) adalah seorang politisi asal Indonesia kelahiran Kendari. Ia menjabat sebagai Bupati Konawe selama dua periode yakni 2013-2018 dan 2019-2023. Ia mula-mula bergabung dengan Partai Amanat Nasional (PAN) sebelum akhirnya berpindah ke Partai Nasdem pada September 2022 kala ia masih menjabat sebagai Ketua Majelis Pertimbangan Partai atau MPP DPW PAN Sultra.[1]\n",
            "profilePic": "https://upload.wikimedia.org/wikipedia/commons/3/36/Kery_Saiful_Konggoasa.jpg",
            "title": "Mantan Bupati Konawe",
            "sites": {
                "name": "Wikipedia",
                "url": "https://id.wikipedia.org/wiki/Kery_Saiful_Konggoasa"
            },
            "communityID": "303c2151-cea0-48d9-9538-6fed60715ceb"
        },
        {
            "name": "Surunuddin Dangga",
            "description": "H. Surunuddin Dangga, S.T., M.M. (lahir 15 Maret 1954) adalah Bupati Konawe Selatan 2 periode yakni 2016\u20142021[1] dan 2021\u20142024. Ia pernah menjabat sebagai Anggota DPRD Provinsi Sulawesi Tenggara periode 2014\u20142019.\n",
            "profilePic": "https://upload.wikimedia.org/wikipedia/commons/c/c4/Bupati_Kabupaten_Konawe_Selatan_Surunuddin_Dangga.png",
            "title": "Bupati Konawe Selatan",
            "sites": {
                "name": "Wikipedia",
                "url": "https://id.wikipedia.org/wiki/Surunuddin_Dangga"
            },
            "communityID": "303c2151-cea0-48d9-9538-6fed60715ceb"
        },
        {
            "name": "Ruksamin",
            "description": "Ruksamin (lahir 14 Maret 1973) adalah seorang politisi Indonesia. Ia menjabat sebagai bupati Konawe Utara periode 2016-2021 dan 2021-2026.[1] Ia lahir dari keluarga sederhana di perkampungan ujung utara Desa Basule, Kecamatan Lasolo, Kabupaten Konawe Utara. Orangtuanya bekerja sebagai guru dan petani. Ia menempuh pendidikan di SD Negeri Tinobu angkatan tahun 1985, SMP Negeri Tinobu angkatan tahun 1988, kemudian lanjut di SMA Negeri Wawotobi angkatan tahun 1991. Ia kemudian masuk Universitas Muslim Indonesia (UMI) Makassar dan mengambil fakultas Teknik Kimia (Strata Satu/S1) dan lulus tahun 1997.[2] Kala kuliah, ia berkeliling menjual koran dari rumah ke rumah untuk membantu keperluan makan dan perkuliahan.[3]\n",
            "profilePic": "https://upload.wikimedia.org/wikipedia/commons/thumb/b/ba/Ruksamin-.-005.jpg/1200px-Ruksamin-.-005.jpg",
            "title": "Bupati Konawe Utara",
            "sites": {
                "name": "Wikipedia",
                "url": "https://id.wikipedia.org/wiki/Ruksamin"
            },
            "communityID": "303c2151-cea0-48d9-9538-6fed60715ceb"
        },
        {
            "name": "Ridwan Bae",
            "description": " Ridwan Bae[1] (lahir 1 Desember 1957) adalah seorang politikus Indonesia yang menjabat sebagai Anggota DPR RI sejak 2014. Ridwan pernah menjabat sebagai Bupati Muna sejak 2000 hingga 2010. Ridwan Bae terpilih menjadi Anggota DPR-RI periode 2014-2019 dari Partai Golongan Karya (Golkar) mewakili Dapil Sulawesi Tenggara setelah memperoleh 91,747 suara. Ridwan adalah politisi senior Golkar di Sulawesi Tenggara. Ridwan adalah mantan Bupati Muna (2000-2010) dan Ketua Dewan Pimpinan Daerah (DPD) Golkar Provinsi Sulawesi Tenggara.\n",
            "profilePic": "https://upload.wikimedia.org/wikipedia/commons/4/44/KPU_Ridwan_Bae.jpg",
            "title": "Anggota DPR RI",
            "sites": {
                "name": "Wikipedia",
                "url": "https://id.wikipedia.org/wiki/Ridwan_Bae"
            },
            "communityID": "303c2151-cea0-48d9-9538-6fed60715ceb"
        },
        {
            "name": "Hugua",
            "description": "Hugua (lahir 31 Desember 1961) adalah seorang politisi Indonesia yang menjabat Anggota DPR-RI mewakili daerah perwakilan Sulawesi Tenggara. Sebelum menjadi Anggota DPR, Hugua pernah menjabat sebagai Bupati Wakatobi pada periode 2006\u20142016. Sebelumnya ia seorang aktivis.\n",
            "profilePic": "https://upload.wikimedia.org/wikipedia/commons/c/c7/Hugua.jpg",
            "title": "Anggota DPR RI",
            "sites": {
                "name": "Wikipedia",
                "url": "https://id.wikipedia.org/wiki/Hugua"
            },
            "communityID": "303c2151-cea0-48d9-9538-6fed60715ceb"
        },
        {
            "name": "Andi Sumangerukka",
            "description": "Mayor Jenderal TNI (Purn.) Andi Sumangerukka, S.E., M.M. (lahir 11 Maret 1963) adalah seorang purnawirawan TNI-AD yang terakhir kali menjabat sebagai Panglima Kodam XIV/Hasanuddin.[1]\n",
            "profilePic": "https://upload.wikimedia.org/wikipedia/commons/3/3a/KPU_Andi_Sumangerukka.jpg",
            "title": "Mantan Pangdam XIV/Hasanuddin",
            "sites": {
                "name": "Wikipedia",
                "url": "https://id.wikipedia.org/wiki/Andi_Sumangerukka"
            },
            "communityID": "303c2151-cea0-48d9-9538-6fed60715ceb"
        },
        {
            "name": "Laode Ida",
            "description": "",
            "profilePic": "",
            "title": "Mantan Komisioner Ombudsman RI",
            "sites": {},
            "communityID": "303c2151-cea0-48d9-9538-6fed60715ceb"
        },
        {
            "name": "Tina Nur Alam",
            "description": "Tina Nur Alam (lahir 23 Maret 1964) adalah politikus Indonesia yang menjabat sebagai anggota DPR-RI selama dua periode (2014\u20132018 dan 2019\u20132024). Pada periode kedua di DPR-RI, ia mewakili Partai NasDem dan daerah pemilihan Sulawesi Tenggara. Saat ini, ia bertugas di Komisi X.[2]\n",
            "profilePic": "https://upload.wikimedia.org/wikipedia/commons/0/06/KPU_Tina_Nur_Alam.jpg",
            "title": "Anggota DPR RI",
            "sites": {
                "name": "Wikipedia",
                "url": "https://id.wikipedia.org/wiki/Tina_Nur_Alam"
            },
            "communityID": "303c2151-cea0-48d9-9538-6fed60715ceb"
        },
        {
            "name": "Abdurrahman Shaleh",
            "description": "",
            "profilePic": "",
            "title": "Ketua DPRD Sultra",
            "sites": {},
            "communityID": "303c2151-cea0-48d9-9538-6fed60715ceb"
        },
        {
            "name": "Yusuf Tawulo",
            "description": "",
            "profilePic": "",
            "title": "Akademisi",
            "sites": {},
            "communityID": "303c2151-cea0-48d9-9538-6fed60715ceb"
        }
    ]
}