{
    "title": "Pemilihan umum Gubernur Banten 2024",
    "region": "Banten",
    "level": "PROVINSI",
    "path": "provinsi-banten",
    "source": "https://id.wikipedia.org/wiki/Pemilihan_umum_Gubernur_Banten_2024",
    "communityID": "3a1cedae-1368-42e8-9bef-210cd2ef0892",
    "candidates": [
        {
            "name": "",
            "description": "",
            "profilePic": "",
            "title": "Mantan Wali Kota Tangerang Selatan",
            "sites": {},
            "communityID": "3a1cedae-1368-42e8-9bef-210cd2ef0892"
        },
        {
            "name": "",
            "description": "",
            "profilePic": "",
            "title": "Anggota DPR RI F-PKS",
            "sites": {},
            "communityID": "3a1cedae-1368-42e8-9bef-210cd2ef0892"
        },
        {
            "name": "",
            "description": "",
            "profilePic": "",
            "title": "Ketua DPRD Provinsi Banten; Ketua DPD Partai Gerindra Banten",
            "sites": {},
            "communityID": "3a1cedae-1368-42e8-9bef-210cd2ef0892"
        },
        {
            "name": "Gembong R. Sumedi",
            "description": "",
            "profilePic": "",
            "title": "Wakil Ketua DPRD Provinsi Banten",
            "sites": {},
            "communityID": "3a1cedae-1368-42e8-9bef-210cd2ef0892"
        },
        {
            "name": "Arief Rachadiono Wismansyah",
            "description": "Dr. Ir. H. Arief Rachadiono Wismansyah, B.Sc., M.Kes. (lahir 23 April 1977) adalah pengusaha Indonesia yang merupakan mantan Wali kota Tangerang periode 2013-2023. Sebulumnya  Arief Rachadiono Wismansyah merupakan wakil wali kota periode 2008-2013. diusung oleh Partai Demokrat menjadi wakil dari Wahidin Halim yang menjabat Wali kota Tangerang. Kedua orang tuanya, H. Marsudi Haryoputro dan Siti Rochayah berasal dari Kebumen.\n",
            "profilePic": "https://upload.wikimedia.org/wikipedia/commons/7/7f/Arief_Rachadiono_Wismansyah_Official.jpg",
            "title": "Wali Kota Tangerang 2013-2023",
            "sites": {
                "name": "Wikipedia",
                "url": "https://id.wikipedia.org/wiki/Arief_Rachadiono_Wismansyah"
            },
            "communityID": "3a1cedae-1368-42e8-9bef-210cd2ef0892"
        },
        {
            "name": "Haerul Jaman",
            "description": "H. Tubagus Haerul Jaman, S.E. (lahir 17 Maret 1968) adalah seorang politikus Indonesial. Saat ini ia menjabat sebagai Anggota DPR-RI sejak 2019  mewakili daerah pemilihan Banten II. Sebelumnya, ia menjabat sebagai Wali Kota Serang dari 2011 hingga 2018 dan Wakil Wali Kota Serang dari 2008 hingga 2011.[1] Haerul merupakan kader Partai Golongan Karya dan duduk di Komisi V.\n",
            "profilePic": "https://upload.wikimedia.org/wikipedia/commons/9/97/Anggota_DPR_Tubagus_Haerul_Jaman.jpg",
            "title": "Anggota DPR RI",
            "sites": {
                "name": "Wikipedia",
                "url": "https://id.wikipedia.org/wiki/Haerul_Jaman"
            },
            "communityID": "3a1cedae-1368-42e8-9bef-210cd2ef0892"
        },
        {
            "name": "Rano Alfath",
            "description": "Mohammad Rano Alfath, S.H., M.H. (lahir 28 November 1984) adalah seorang politikus Indonesia. Saat ini ia menjabat sebagai Anggota DPR-RI sejak 2019 mewakili daerah pemilihan Banten III. Rano merupakan kader Partai Kebangkitan Bangsa dan duduk di Komisi III.[1][2]\n",
            "profilePic": "https://upload.wikimedia.org/wikipedia/commons/8/8b/DPR_Moh._Rano_Alfath.png",
            "title": "Anggota DPR RI",
            "sites": {
                "name": "Wikipedia",
                "url": "https://id.wikipedia.org/wiki/Rano_Alfath"
            },
            "communityID": "3a1cedae-1368-42e8-9bef-210cd2ef0892"
        },
        {
            "name": "Rano Karno",
            "description": "H. Rano Karno, S.I.P. (lahir 8 Oktober 1960) adalah aktor, penyanyi, politikus, dan sutradara berkebangsaan Indonesia. Saat ini, ia menjabat sebagai anggota Dewan Perwakilan Rakyat daerah pemilihan Banten III untuk masa jabatan 2019\u20132024. Kiprahnya di legislatif sebagai anggota DPR RI merupakan langkah pertamanya setelah menyelesaikan tugas Gubernur Banten pada 2017. Ia adalah kader dari Partai Demokrasi Indonesia Perjuangan (PDI-P) sejak awal masa Reformasi setelah sebelumnya menyertai Golongan Karya (Golkar) sewaktu menjadi anggota Majelis Permusyawaratan Rakyat Utusan Golongan. Ia adalah putra dari aktor Indonesia, Soekarno M. Noor sekaligus adik dari aktor Indonesia, Tino Karno dan kakak dari pemeran Indonesia, Suti Karno.\n",
            "profilePic": "https://upload.wikimedia.org/wikipedia/commons/9/93/Rano_Karno_Gubernur.jpg",
            "title": "Aktor dan Mantan Gubernur Banten",
            "sites": {
                "name": "Wikipedia",
                "url": "https://id.wikipedia.org/wiki/Rano_Karno"
            },
            "communityID": "3a1cedae-1368-42e8-9bef-210cd2ef0892"
        },
        {
            "name": "Ratu Ageng Rekawati ",
            "description": "",
            "profilePic": "",
            "title": "Tokoh Budayawan Dan Sosial",
            "sites": {},
            "communityID": "3a1cedae-1368-42e8-9bef-210cd2ef0892"
        },
        {
            "name": "Heryani",
            "description": "Hj. Heryani, S.E. (lahir 10 Maret 1969) adalah seorang politikus Indonesia yang pernah menjabat sebagai Wakil Bupati Pandeglang periode 2011\u20132016. Ia adalah wakil dari Bupati Pandeglang, Erwan Kurtubi. Heryani merupakan ibu tiri Gubernur Ratu Atut Chosiyah.[2]\n",
            "profilePic": "",
            "title": "Mantan Bupati Pandeglang",
            "sites": {
                "name": "Wikipedia",
                "url": "https://id.wikipedia.org/wiki/Heryani"
            },
            "communityID": "3a1cedae-1368-42e8-9bef-210cd2ef0892"
        },
        {
            "name": "TB Hasanuddin",
            "description": "Mayor Jenderal TNI (Purn.) Dr. H. Tubagus Hasanuddin, S.E., M.M., M.Si. (lahir 8 September 1952) adalah seorang mantan perwira tinggi TNI-AD berpangkat Mayor Jenderal yang sejak 1 Oktober 2014 mengemban amanat sebagai Anggota DPR RI Fraksi PDI Perjuangan.[1][2]\n",
            "profilePic": "https://upload.wikimedia.org/wikipedia/commons/8/82/Anggota_DPR_Tubagus_Hasanuddin.jpg",
            "title": null,
            "sites": {
                "name": "Wikipedia",
                "url": "https://id.wikipedia.org/wiki/TB_Hasanuddin"
            },
            "communityID": "3a1cedae-1368-42e8-9bef-210cd2ef0892"
        },
        {
            "name": "Mulyadi Jayabaya",
            "description": "H. Mulyadi Jayabaya, SE (lahir 22 Maret 1957) adalah seorang wirausahawan dan politikus asal Indonesia yang pernah menjabat sebagai Bupati Lebak selama dua periode berturut-turut sejak 2003 hingga 2013. Awalnya, ia merupakan politisi PDI-P yang menyatakan mundur dari partai setelah memberi dukungan politik kepada Prabowo Subianto pada pilpres 2024.[1]\n",
            "profilePic": "https://upload.wikimedia.org/wikipedia/id/3/33/Mulyadi_Jayabaya_Official_Portrait.jpg",
            "title": "Mantan Bupati Lebak",
            "sites": {
                "name": "Wikipedia",
                "url": "https://id.wikipedia.org/wiki/Mulyadi_Jayabaya"
            },
            "communityID": "3a1cedae-1368-42e8-9bef-210cd2ef0892"
        },
        {
            "name": "Iti Octavia Jayabaya",
            "description": "Dr. Hj. Iti Octavia Jayabaya, S.E., M.M. (lahir 4 Oktober 1978) adalah seorang politisi asal Indonesia\n",
            "profilePic": "https://upload.wikimedia.org/wikipedia/commons/e/e6/Bupati_Lebak_Iti_Octavia_Jayabaya_periode_kedua.jpg",
            "title": "Bupati Lebak",
            "sites": {
                "name": "Wikipedia",
                "url": "https://id.wikipedia.org/wiki/Iti_Octavia_Jayabaya"
            },
            "communityID": "3a1cedae-1368-42e8-9bef-210cd2ef0892"
        },
        {
            "name": "Irna Narulita",
            "description": "Irna Narulita, S.E., M.M. (lahir 23 Juli 1960) adalah seorang politikus Indonesia yang menjabat Bupati Pandeglang sejak 23 Maret 2016. Sebelumnya ia menjabat sebagai Anggota DPR-RI selama dua periode (2009\u20142014 dan 2014\u20142016). Irna Narulita merupakan istri mantan Bupati Pandeglang dan mantan Wakil Ketua MPR RI Achmad Dimyati Natakusumah.\n",
            "profilePic": "https://upload.wikimedia.org/wikipedia/commons/e/e1/Bupati_Pandeglang_Irna_Narulita.jpg",
            "title": "Bupati Pandeglang",
            "sites": {
                "name": "Wikipedia",
                "url": "https://id.wikipedia.org/wiki/Irna_Narulita"
            },
            "communityID": "3a1cedae-1368-42e8-9bef-210cd2ef0892"
        },
        {
            "name": "Ratu Tatu Chasanah",
            "description": "Hj. Ratu Tatu Chasanah, S.E., M.Ak. (lahir 23 Juli 1967) adalah politikus yang menjabat Bupati Serang 2 periode yakni 2016\u20132021 dan 2021\u20132024. Bersama wakilnya, Pandji Tirtayasa, mereka berhasil memenangkan pemilihan umum Bupati Serang 2020. Sebelumnya ia menjabat Wakil Bupati Serang periode 2010\u20132015. Ia adalah wakil dari Bupati Serang, Taufik Nuriman.[1] Tatu merupakan adik kandung dari mantan Gubernur Banten, Ratu Atut Chosiyah.\n",
            "profilePic": "https://upload.wikimedia.org/wikipedia/commons/8/8a/Ratu_Tatu_Chasanah%2C_Bupati_Serang_%282021%29.png",
            "title": "Bupati Serang",
            "sites": {
                "name": "Wikipedia",
                "url": "https://id.wikipedia.org/wiki/Ratu_Tatu_Chasanah"
            },
            "communityID": "3a1cedae-1368-42e8-9bef-210cd2ef0892"
        },
        {
            "name": "Wahidin Halim",
            "description": "Dr. H. Wahidin Halim,  S.IP., M.Si. (lahir 14 Agustus 1954) adalah seorang wirausahawan dan politisi asal Indonesia yang pernah menjabat sebagai Gubernur Banten dari 2017 sampai 2022.[1][2] Dia terpilih bersama dengan Andika Hazrumy sebagai gubernur dan wakil gubernur Banten pada Pilgub Banten 2017 dan berhasil mengalahkan sang petahana, Rano Karno. Menjelang akhir masa jabatannya, Wahidin meresmikan Stadion Internasional Banten. Dalam kiprahnya berpolitik, pria yang populer dengan nama akronim WH ini menyertai Partai Demokrat.[3] Pada 2022, Wahidin mengumumkan keluar dari Partai Demokrat dan secara resmi bergabung dengan Partai NasDem.[4]\n",
            "profilePic": "https://upload.wikimedia.org/wikipedia/commons/thumb/7/72/Gubernur_Banten_Wahidin_Halim.jpg/1200px-Gubernur_Banten_Wahidin_Halim.jpg",
            "title": "Mantan Gubernur Banten",
            "sites": {
                "name": "Wikipedia",
                "url": "https://id.wikipedia.org/wiki/Wahidin_Halim"
            },
            "communityID": "3a1cedae-1368-42e8-9bef-210cd2ef0892"
        }
    ]
}