{
    "title": "Pemilihan umum Gubernur Riau 2024",
    "region": "Riau",
    "level": "PROVINSI",
    "path": "provinsi-riau",
    "source": "https://id.wikipedia.org/wiki/Pemilihan_umum_Gubernur_Riau_2024",
    "communityID": "ad01e47b-342b-430a-8551-12789c13b1ae",
    "candidates": [
        {
            "name": "Edy Nasution",
            "description": "Brigadir Jenderal TNI (Purn.) H. Edy Afrizal Natar Nasution, S.I.P. (lahir 29 Mei 1961) adalah purnawirawan TNI-AD, yang menjabat sebagai Gubernur Riau sejak 27 November 2023. Sebelumnya ia menjabat sebagai Wakil Gubernur Riau[1][2]. Jabatan terakhirnya di militer adalah sebagai Komandan Korem 031 / Wirabima.\n",
            "profilePic": "https://upload.wikimedia.org/wikipedia/commons/thumb/7/7c/Edy_Nasution.jpg/1200px-Edy_Nasution.jpg",
            "title": "Gubernur Riau & Mantan Wakil Gubernur Riau",
            "sites": {
                "name": "Wikipedia",
                "url": "https://id.wikipedia.org/wiki/Edy_Nasution"
            },
            "communityID": "ad01e47b-342b-430a-8551-12789c13b1ae"
        },
        {
            "name": "Syahrul Aidi Maazat",
            "description": "Syahrul Aidi Maazat (lahir 21 September 1977) adalah politisi Partai Keadilan Sejahtera (PKS), yang juga Anggota Dewan Perwakilan Rakyat Republik Indonesia periode 2019\u20142024 dari daerah pemilihan Riau II yang meliputi Indragiri Hulu, Indragiri Hilir, Kampar, Kuantan Singingi, dan Pelalawan. Sebelumnya Ia merupakan anggota Dewan Perwakilan Rakyat Daerah Kabupaten Kampar periode 2009-2019.\n",
            "profilePic": "https://upload.wikimedia.org/wikipedia/commons/9/92/Anggota_DPR_RI_Syahrul_Aidi_Maazat.jpg",
            "title": "Anggota DPR RI",
            "sites": {
                "name": "Wikipedia",
                "url": "https://id.wikipedia.org/wiki/Syahrul_Aidi_Maazat"
            },
            "communityID": "ad01e47b-342b-430a-8551-12789c13b1ae"
        },
        {
            "name": "Syamsuar",
            "description": "Drs. H. Syamsuar, M.Si. gelar Datuk Serisetia Amanah[2] (lahir 8 Juni 1954) adalah Gubernur Riau periode 2019\u20132023.[3] Sebelumnya, Ia pernah menjabat sebagai Bupati Siak selama dua periode sejak 2011 hingga 2019 setelah menjabat Wakil Bupati Siak periode 2001\u20132006.\n",
            "profilePic": "https://upload.wikimedia.org/wikipedia/commons/b/ba/Gubernur_Riau_Syamsuar.jpg",
            "title": "Mantan Gubernur Riau",
            "sites": {
                "name": "Wikipedia",
                "url": "https://id.wikipedia.org/wiki/Syamsuar"
            },
            "communityID": "ad01e47b-342b-430a-8551-12789c13b1ae"
        },
        {
            "name": "Abdul Wahid",
            "description": "Drs. H. Abdul Wahid HK, M.M., M.Si. (27 Februari 1960\u00a0\u2013\u00a06 Juni 2024) adalah politikus Partai Golongan Karya yang menjabat Bupati Hulu Sungai Utara dua periode sejak 2012 hingga 2021.[1] Ia menjabat sebagai Bupati Hulu Sungai Utara berpasangan dengan wakil bupati Husairi Abdi.\n",
            "profilePic": "https://upload.wikimedia.org/wikipedia/commons/4/49/Bupati_Hulu_Sungai_Utara_Abdul_Wahid_HK.jpg",
            "title": "Anggota DPR RI",
            "sites": {
                "name": "Wikipedia",
                "url": "https://id.wikipedia.org/wiki/Abdul_Wahid"
            },
            "communityID": "ad01e47b-342b-430a-8551-12789c13b1ae"
        },
        {
            "name": "Arsyadjuliandi Rachman",
            "description": "Arsyadjuliandi Rachman atau yang dikenal Andi Rachman (lahir 8 Juli 1960) adalah Mantan Gubernur Riau[2] yang menjabat sejak 25 Mei 2016 hingga 20 September 2018.\n",
            "profilePic": "https://upload.wikimedia.org/wikipedia/commons/9/99/Gubernur_Riau_Arsyadjuliadi_Rachman.jpg",
            "title": "Anggota DPR RI & Mantan Gubernur Riau",
            "sites": {
                "name": "Wikipedia",
                "url": "https://id.wikipedia.org/wiki/Arsyadjuliandi_Rachman"
            },
            "communityID": "ad01e47b-342b-430a-8551-12789c13b1ae"
        },
        {
            "name": "Syamsurizal",
            "description": "Dr. H. Syamsurizal, S.E., M.M. (lahir 25 Juni 1955) adalah politikus Indonesia asal Riau yang menjabat sebagai anggota DPR-RI periode 2019\u20132024. Ia mewakili daerah pemilihan Riau I, yang meliputi Kabupaten Bengkalis, Kabupaten Rokan Hulu, Kabupaten Rokan Hilir, Kabupaten Siak, Kabupaten Kepulauan Meranti, Kota Pekanbaru, dan Kota Dumai. Syamsurizal merupakan kader Partai Persatuan Pembangunan, ia bertugas di Komisi II serta ia juga menjadi Wakil Ketua Komisi II.[1] Ia sebelumnya pernah menjabat sebagai Bupati Bengkalis 2 periode dan ditunjuk sebagai Pj Wali kota Pekanbaru.\n",
            "profilePic": "",
            "title": "Anggota DPR RI",
            "sites": {
                "name": "Wikipedia",
                "url": "https://id.wikipedia.org/wiki/Syamsurizal"
            },
            "communityID": "ad01e47b-342b-430a-8551-12789c13b1ae"
        },
        {
            "name": "Muhammad Wardan (politikus)",
            "description": "Drs. H. Muhammad Wardan, M.P., anak negeri seribu parit yang mempunyai cita-cita menjadi camat, salah satu putra terbaik milik Indragiri Hilir yang lahir pada tanggal 2 januari 1961 di desa sungai gergaji kecamatan Keritang, Indragiri Hilir. Anak tertua dari 8 saudara, sedari kecil sangat taat ibadah dan rajin sekolah. Terlahir dari keluarga sederhana, semasa kecil ia juga rajin membantu ayahnya berjualan untuk memenuhi kebutuhan sehari-hari. [1]\n",
            "profilePic": "https://upload.wikimedia.org/wikipedia/commons/1/1f/Bupati_Indragiri_Hilir%2C_Muhamm_Wardan_%28Periode_I%29.jpg",
            "title": "Bupati Indragiri Hilir",
            "sites": {
                "name": "Wikipedia",
                "url": "https://id.wikipedia.org/wiki/Muhammad_Wardan_(politikus)"
            },
            "communityID": "ad01e47b-342b-430a-8551-12789c13b1ae"
        },
        {
            "name": "Daftar Bupati Indragiri Hulu",
            "description": "Berikut ini adalah daftar Bupati Indragiri Hulu dari masa ke masa.\n",
            "profilePic": "https://upload.wikimedia.org/wikipedia/commons/0/00/Bupati_Indragiri_Hulu_Rezita_Meylani_Yopi.png",
            "title": "Sekretaris DPW Partai Nasdem Riau",
            "sites": {
                "name": "Wikipedia",
                "url": "https://id.wikipedia.org/wiki/Daftar_Bupati_Indragiri_Hulu"
            },
            "communityID": "ad01e47b-342b-430a-8551-12789c13b1ae"
        },
        {
            "name": "Irwan Nasir",
            "description": "Drs. H. Irwan Nasir, M.Si. (lahir 31 Desember 1969) adalah Mantan Bupati Kepulauan Meranti 2 periode yakni 2010\u20142015 dan 2016\u20142021.[1]\n",
            "profilePic": "https://upload.wikimedia.org/wikipedia/id/thumb/6/6f/Bupati_Kepulauan_Meranti.jpg/1200px-Bupati_Kepulauan_Meranti.jpg",
            "title": "Mantan Bupati Kepulauan Meranti",
            "sites": {
                "name": "Wikipedia",
                "url": "https://id.wikipedia.org/wiki/Irwan_Nasir"
            },
            "communityID": "ad01e47b-342b-430a-8551-12789c13b1ae"
        },
        {
            "name": "Agung Nugroho",
            "description": "",
            "profilePic": "",
            "title": "Ketua DPD Demokrat Riau",
            "sites": {},
            "communityID": "ad01e47b-342b-430a-8551-12789c13b1ae"
        },
        {
            "name": "Dewan Perwakilan Rakyat Daerah Provinsi Riau",
            "description": "Oposisi (16)\n",
            "profilePic": "https://upload.wikimedia.org/wikipedia/commons/f/fb/Logo_DPRD_Riau.png",
            "title": "Ketua DPRD Prov. Riau",
            "sites": {
                "name": "Wikipedia",
                "url": "https://id.wikipedia.org/wiki/Yulisman"
            },
            "communityID": "ad01e47b-342b-430a-8551-12789c13b1ae"
        },
        {
            "name": "Alfedri",
            "description": "Drs. H. Alfedri, M.Si.[1] (lahir 27 Maret 1967) adalah seorang politikus Indonesia yang menjabat sebagai Bupati Siak periode 2019\u20132021 dan kembali terpilih menjadi bupati  kedua kalinya bersama Husni Merza  periode 2021-2024 pada Pilkada 9 Desember 2020 silam.[2] Pada tanggal 21 Juni 2021, ia resmi dilantik menjadi bupati untuk periode kedua ini.[3]\n",
            "profilePic": "https://upload.wikimedia.org/wikipedia/commons/2/20/Bupati_Siak_periode_2021-2024_Alfedri.png",
            "title": "Bupati Siak",
            "sites": {
                "name": "Wikipedia",
                "url": "https://id.wikipedia.org/wiki/Alfedri"
            },
            "communityID": "ad01e47b-342b-430a-8551-12789c13b1ae"
        },
        {
            "name": "Muhammad Harris",
            "description": "H. Muhammad Harris[1] (lahir 2 Februari 1950) adalah Mantan Bupati Pelalawan 2 periode yakni 2011\u20132016 dan 2016\u20132021. Ia pernah menjabat sebagai Wakil Bupati Pelalawan periode yakni 2010\u20132011.\n",
            "profilePic": "https://upload.wikimedia.org/wikipedia/commons/thumb/5/5c/HM_Harris.jpg/1200px-HM_Harris.jpg",
            "title": "Mantan Bupati Pelalawan",
            "sites": {
                "name": "Wikipedia",
                "url": "https://id.wikipedia.org/wiki/Muhammad_Harris"
            },
            "communityID": "ad01e47b-342b-430a-8551-12789c13b1ae"
        },
        {
            "name": "Suyatno",
            "description": "H. Suyatno, AMP (lahir 21 Juni 1957) adalah Mantan Bupati Rokan Hilir sejak 24 Maret 2014 hingga 8 Juni 2021. Ia pernah menjabat sebagai Wakil Bupati Rokan Hilir sejak 8 Juni 2006 hingga 19 Februari 2014 dan Plt. Bupati Rokan Hilir sejak 19 Februari 2014 hingga 24 Maret 2014.\n",
            "profilePic": "https://upload.wikimedia.org/wikipedia/commons/9/99/Bupati_Rokan_Hilir_periode_2016-2021_Suyatno.jpg",
            "title": "Mantan Bupati Rokan Hilir",
            "sites": {
                "name": "Wikipedia",
                "url": "https://id.wikipedia.org/wiki/Suyatno"
            },
            "communityID": "ad01e47b-342b-430a-8551-12789c13b1ae"
        },
        {
            "name": "Achmad (politikus)",
            "description": "DR. H. Achmad, M.Si (lahir 3 April 1955) adalah seorang Politikus asal Riau dari Partai Demokrat yang saat ini duduk menjadi Anggota Komisi VIII DPR-RI yang membidangi Agama, Sosial, Kebencanaan, serta pemberdayaan perempuan  dan pelindungan anak dari Dapil Riau 1. Sebelumnya ia pernah menjabat sebagai Pj Bupati Rokan Hulu periode 2000-2001 dan pernah menjabat sebagai Bupati Rokan Hulu 2 periode yaitu 2006-2011 & 2011-2016.[1]\n",
            "profilePic": "https://upload.wikimedia.org/wikipedia/commons/thumb/e/ec/Anggota_DPR-RI_Achmad.png/1200px-Anggota_DPR-RI_Achmad.png",
            "title": "Anggota DPR RI",
            "sites": {
                "name": "Wikipedia",
                "url": "https://id.wikipedia.org/wiki/Achmad_(politikus)"
            },
            "communityID": "ad01e47b-342b-430a-8551-12789c13b1ae"
        },
        {
            "name": "Sukarmis",
            "description": "H. Sukarmis (lahir 16 Juni 1956) adalah politikus Indonesia asal Riau. Ia adalah Anggota DPRD Riau Fraksi Partai Golkar periode 2019\u20142024 .[1] Ia pernah menjabat sebagai Bupati Kuantan Singingi 2 periode yakni 2006\u20142011 dan 2011\u20142016 dan pernah menjadi Ketua DPRD Kabupaten Kuantan Singingi.\n",
            "profilePic": "https://upload.wikimedia.org/wikipedia/commons/1/13/KPU_Sukarmis.jpg",
            "title": "Ketua DPRD Prov. Riau",
            "sites": {
                "name": "Wikipedia",
                "url": "https://id.wikipedia.org/wiki/Sukarmis"
            },
            "communityID": "ad01e47b-342b-430a-8551-12789c13b1ae"
        },
        {
            "name": "Chairul Anwar",
            "description": "Drs. H. Chairul Anwar, Apt. (lahir 13 Oktober 1963) adalah seorang politisi Indonesia. Saat ini beliau menjabat sebagai Anggota DPR RI empat periode sejak 2004 hingga 2024 yang berasal dari Partai Keadilan Sejahtera mewakili Daerah Pemilihan Riau I.[1]\n",
            "profilePic": "https://upload.wikimedia.org/wikipedia/commons/e/e4/Anggota_DPR_Chairul_Anwar.jpg",
            "title": "Anggota DPR RI",
            "sites": {
                "name": "Wikipedia",
                "url": "https://id.wikipedia.org/wiki/Chairul_Anwar"
            },
            "communityID": "ad01e47b-342b-430a-8551-12789c13b1ae"
        },
        {
            "name": null,
            "description": "",
            "profilePic": "",
            "title": null,
            "sites": {},
            "communityID": "ad01e47b-342b-430a-8551-12789c13b1ae"
        },
        {
            "name": null,
            "description": "",
            "profilePic": "",
            "title": null,
            "sites": {},
            "communityID": "ad01e47b-342b-430a-8551-12789c13b1ae"
        },
        {
            "name": "Zukri Misran",
            "description": "H. Zukri (lahir 3 April 1979)[1] adalah seorang politikus dan mantan Wakil Ketua Dewan Perwakilan Rakyat Daerah Provinsi Riau periode 2019-2020 yang sekarang menjabat sebagai Bupati Pelalawan periode 2021-2024. Ia maju sebagai calon bupati Kabupaten Pelalawan diusung oleh partai PDIP,PKB dan Partai Persatuan Pembangunan. Sebelum menjadi Wakil Ketua DPRD, ia terpilih sebagai anggota DPRD Provinsi Riau selama 3 periode yaitu 2009-2014-2019 melalui Partai Demokrasi Indonesia Perjuangan. Ia juga dipercaya oleh Megawati Soekarnoputri untuk  memimpin DPD Partai Demokrasi Indonesia Perjuangan (PDIP) Provinsi Riau.[2] Pada tanggal 26 April 2021 Gubernur Riau Syamsuar melantik Zukri-Nasar sebagai Bupati & Wakil Bupati Kabupaten Pelalawan periode 2021-2024 di Balai Pelangi Kediaman Gubernur Riau.[3] ia menikahi Sella Pitaloka yang Merupakan Dara Pelalawan Tahun 2012.\n",
            "profilePic": "https://upload.wikimedia.org/wikipedia/commons/thumb/c/cd/H._Zukri%2C_Bupati_Pelalawan.jpg/1200px-H._Zukri%2C_Bupati_Pelalawan.jpg",
            "title": "Bupati Pelalawan",
            "sites": {
                "name": "Wikipedia",
                "url": "https://id.wikipedia.org/wiki/Zukri_Misran"
            },
            "communityID": "ad01e47b-342b-430a-8551-12789c13b1ae"
        },
        {
            "name": "Sukiman",
            "description": "Letnan Kolonel Arh (Purn.) H. Sukiman (lahir 10 Agustus 1953) adalah tokoh militer dan politikus Indonesia. Ia menjabat Bupati Rokan Hulu 2 periode yakni 2018\u20142021[1] dan 2021\u20142024.[2]\n",
            "profilePic": "https://upload.wikimedia.org/wikipedia/commons/5/58/Bupati_Rokan_Hulu_periode_2021-2024_Sukiman.jpg",
            "title": "Bupati Rokan Hulu",
            "sites": {
                "name": "Wikipedia",
                "url": "https://id.wikipedia.org/wiki/Sukiman"
            },
            "communityID": "ad01e47b-342b-430a-8551-12789c13b1ae"
        }
    ]
}