{
    "title": "Pemilihan umum Gubernur Kepulauan Riau 2024",
    "region": "Kepulauan Riau",
    "level": "PROVINSI",
    "path": "provinsi-kepulauan-riau",
    "source": "https://id.wikipedia.org/wiki/Pemilihan_umum_Gubernur_Kepulauan_Riau_2024",
    "communityID": "61aff090-ed3f-4d73-8d8c-e00e8869a6a9",
    "candidates": [
        {
            "name": "Ansar Ahmad (politikus Indonesia)",
            "description": "H. Ansar Ahmad S.E., M.M. gelar Datok Setiabijaya Mahkotanegeri[1] (lahir 10 April 1964) adalah politikus Indonesia yang saat ini menjabat sebagai Gubernur Kepulauan Riau sejak 25 Februari 2021. Sebelumnya, Ia pernah menjabat sebagai anggota DPR RI periode 2019\u20132024 sebelum mundur pada tahun 2020 dan Bupati Bintan selama dua periode sejak 2005 hingga 2015.[2]\n",
            "profilePic": "https://upload.wikimedia.org/wikipedia/commons/thumb/3/3e/Gub_Kepulauan_Riau_Ansar_Ahmad.jpg/1200px-Gub_Kepulauan_Riau_Ansar_Ahmad.jpg",
            "title": "Gubernur Kepulauan Riau",
            "sites": {
                "name": "Wikipedia",
                "url": "https://id.wikipedia.org/wiki/Ansar_Ahmad_(politikus_Indonesia)"
            },
            "communityID": "61aff090-ed3f-4d73-8d8c-e00e8869a6a9"
        },
        {
            "name": "Marlin Agustina",
            "description": "Marlin Agustina Nasution,[1] S.E., S.H. (lahir 15 Agustus 1971) adalah seorang politikus Indonesia dari Partai Gerindra[2] yang menjabat sebagai Wakil Gubernur Kepulauan Riau sejak 25 Februari 2021. Ia merupakan istri Muhammad Rudi yang kini menjabat Wali Kota Batam.[3] \n",
            "profilePic": "https://upload.wikimedia.org/wikipedia/commons/thumb/0/06/Marlin_Agustina%2C_Wakil_Gubernur_Kepulauan_Riau_%282021%29.jpg/1200px-Marlin_Agustina%2C_Wakil_Gubernur_Kepulauan_Riau_%282021%29.jpg",
            "title": "Wakil Gubernur Kepulauan Riau",
            "sites": {
                "name": "Wikipedia",
                "url": "https://id.wikipedia.org/wiki/Marlin_Agustina"
            },
            "communityID": "61aff090-ed3f-4d73-8d8c-e00e8869a6a9"
        },
        {
            "name": "Aunur Rafiq",
            "description": "Dr. H. Aunur Rafiq, S.Sos, M.Si. (lahir 16 Agustus 1964) adalah Bupati Karimun 2 periode yakni 2016\u20132021 dan 2021\u20132024.\n",
            "profilePic": "https://upload.wikimedia.org/wikipedia/id/2/27/Aunur_Rafiq.jpg",
            "title": "Bupati Karimun",
            "sites": {
                "name": "Wikipedia",
                "url": "https://id.wikipedia.org/wiki/Aunur_Rafiq"
            },
            "communityID": "61aff090-ed3f-4d73-8d8c-e00e8869a6a9"
        },
        {
            "name": "Muhammad Rudi",
            "description": "H. Muhammad Rudi Harahap[2], S.E., M.M. (lahir 20 Oktober 1963) adalah politikus Indonesia dari Partai NasDem yang menjabat sebagai Wali Kota Batam dua periode sejak 2016 hingga 2024. Ia merupakan suami dari Wakil Gubernur Kepulauan Riau Marlin Agustina Nasution. Rudi pernah menjabat sebagai Wakil Wali Kota Batam periode 2011\u20132016. Sebelum terjun ke politik, ia merupakan anggota Kepolisian Republik Indonesia (Polri) yang mengundurkan diri pada 2004.[3] Harta kekayaan yang ia laporkan pada tahun 2020 mencapai Rp51 miliar.[4]\n",
            "profilePic": "https://upload.wikimedia.org/wikipedia/commons/thumb/6/60/Muhammad_Rudi.jpg/1200px-Muhammad_Rudi.jpg",
            "title": "Wali Kota Batam",
            "sites": {
                "name": "Wikipedia",
                "url": "https://id.wikipedia.org/wiki/Muhammad_Rudi"
            },
            "communityID": "61aff090-ed3f-4d73-8d8c-e00e8869a6a9"
        },
        {
            "name": "Isdianto",
            "description": "H. Isdianto (lahir 3 Mei 1961) adalah birokrat, pengusaha dan politikus Indonesia yang menjabat Gubernur Kepulauan Riau sejak 27 Juli 2020 sampai 12 Februari 2021. Sebelumnya, ia adalah wakil dari Gubernur Nurdin Basirun yang menjadi gubernur menggantikan kakak kandung Isdianto, Muhammad Sani.\n",
            "profilePic": "https://upload.wikimedia.org/wikipedia/commons/7/7c/Isdianto%2C_Gubernur_Kepulauan_Riau.png",
            "title": "Mantan Gubernur Kepulauan Riau 2020-21",
            "sites": {
                "name": "Wikipedia",
                "url": "https://id.wikipedia.org/wiki/Isdianto"
            },
            "communityID": "61aff090-ed3f-4d73-8d8c-e00e8869a6a9"
        },
        {
            "name": "Suryani",
            "description": "Suryani, SE (lahir 28 Januari 1973) adalah seorang politisi Partai Keadilan Sejahtera (PKS) yang pernah menjabat sebagai Anggota DPRD Kepulauan Riau 2006-2024 sebelum akhirnya mengundurkan diri untuk mengikuti Pemilihan umum Gubernur Kepulauan Riau 2020. Suryani maju sebagai Calon Wakil Gubernur Kepulauan Riau mendampingi Isdianto yang diusung oleh Partai Keadilan Sejahtera, Partai Hanura, dan Partai Demokrat[1]\n",
            "profilePic": "https://upload.wikimedia.org/wikipedia/commons/a/a8/KPU_Suryani.jpg",
            "title": "Mantan Anggota DPRD Kepri 2006-20",
            "sites": {
                "name": "Wikipedia",
                "url": "https://id.wikipedia.org/wiki/Suryani"
            },
            "communityID": "61aff090-ed3f-4d73-8d8c-e00e8869a6a9"
        },
        {
            "name": "Ria Saptarika",
            "description": "Ir. H. Ria Saptarika, M.Eng (lahir 16 September 1967) adalah mantan Wakil Wali Kota Batam yang untuk periode 2006\u20132011 berpasangan dengan wali kota Ahmad Dahlan.[1] Ia kini mencalonkan diri sebagai anggota Dewan Perwakilan Daerah (DPD) RI tahun 2014-2019 untuk Kepulauan Riau.[2]\n",
            "profilePic": "https://upload.wikimedia.org/wikipedia/commons/0/0f/Senator_Ria_Saptarika.jpg",
            "title": "Anggota DPD RI 2019-24",
            "sites": {
                "name": "Wikipedia",
                "url": "https://id.wikipedia.org/wiki/Ria_Saptarika"
            },
            "communityID": "61aff090-ed3f-4d73-8d8c-e00e8869a6a9"
        },
        {
            "name": "Asman Abnur",
            "description": "Dr. H. Asman Abnur, S.E., M.Si. (lahir 2 Februari 1961) adalah Menteri Pemberdayaan Aparatur Negara dan Reformasi Birokrasi Indonesia pada Kabinet Kerja sejak tanggal 27 Juli 2016 hingga 14 Agustus 2018. Dia juga seorang pengusaha dan politisi Indonesia. Ia adalah Anggota DPR RI dari Partai Amanat Nasional (PAN) untuk periode 2004-2009, 2009-2014, 2014-2016, dan 2019-2024.\n",
            "profilePic": "https://upload.wikimedia.org/wikipedia/commons/thumb/f/f2/Asman_Abnur_DPR.jpg/1200px-Asman_Abnur_DPR.jpg",
            "title": "Mantan Menteri PANRB 2016-18",
            "sites": {
                "name": "Wikipedia",
                "url": "https://id.wikipedia.org/wiki/Asman_Abnur"
            },
            "communityID": "61aff090-ed3f-4d73-8d8c-e00e8869a6a9"
        },
        {
            "name": "Irwan Nasir",
            "description": "Drs. H. Irwan Nasir, M.Si. (lahir 31 Desember 1969) adalah Mantan Bupati Kepulauan Meranti 2 periode yakni 2010\u20142015 dan 2016\u20142021.[1]\n",
            "profilePic": "https://upload.wikimedia.org/wikipedia/id/thumb/6/6f/Bupati_Kepulauan_Meranti.jpg/1200px-Bupati_Kepulauan_Meranti.jpg",
            "title": "Mantan Bupati Kepulauan Meranti 2010-15 & 2016-21",
            "sites": {
                "name": "Wikipedia",
                "url": "https://id.wikipedia.org/wiki/Irwan_Nasir"
            },
            "communityID": "61aff090-ed3f-4d73-8d8c-e00e8869a6a9"
        },
        {
            "name": "Raja Erizman",
            "description": "Irjen. Pol. (Purn.) Drs. Raja Erizman (lahir 29 November 1962) adalah seorang Purnawirawan Polri yang sebelumnya menjabat sebagai Analis Kebijakan Utama Lemdiklat Polri.\n",
            "profilePic": "",
            "title": "Kepala Divisi TIK Kepolisian Negara Republik Indonesia 2019-20",
            "sites": {
                "name": "Wikipedia",
                "url": "https://id.wikipedia.org/wiki/Raja_Erizman"
            },
            "communityID": "61aff090-ed3f-4d73-8d8c-e00e8869a6a9"
        },
        {
            "name": "Yan Fitri Halimansyah",
            "description": "Irjen. Pol. Drs. Yan Fitri Halimansyah, M.H. (lahir 9 Januari 1967) adalah seorang perwira tinggi Polri yang sejak 7 Desember 2023 mengemban amanat sebagai Kepala Kepolisian Daerah Kepulauan Riau.[1]\n",
            "profilePic": "https://upload.wikimedia.org/wikipedia/id/thumb/d/da/Irjen_Yan_Fitri_Halimansyah.jpg/1200px-Irjen_Yan_Fitri_Halimansyah.jpg",
            "title": "Kepala Kepolisian Daerah Kepulauan Riau",
            "sites": {
                "name": "Wikipedia",
                "url": "https://id.wikipedia.org/wiki/Yan_Fitri_Halimansyah"
            },
            "communityID": "61aff090-ed3f-4d73-8d8c-e00e8869a6a9"
        },
        {
            "name": "Hamid Rizal",
            "description": "Drs. H. Abdul Hamid Rizal, M. Si. (lahir 15 September 1952) adalah birokrat dan politikus Indonesia yang pernah menjabat sebagai Bupati Natuna selama dua periode yakni 2001\u20132006 dan 2016\u20132021.\n",
            "profilePic": "https://upload.wikimedia.org/wikipedia/commons/5/51/Bupati_Natuna_A._Hamid_Rizal.jpg",
            "title": "Mantan Bupati Natuna",
            "sites": {
                "name": "Wikipedia",
                "url": "https://id.wikipedia.org/wiki/Hamid_Rizal"
            },
            "communityID": "61aff090-ed3f-4d73-8d8c-e00e8869a6a9"
        }
    ]
}