{
    "title": "Bupati dan Wakil Bupati Kabupaten Kaur",
    "source": "https://id.wikipedia.org/wiki/Daftar_kepala_daerah_dan_wakil_kepala_daerah_petahana_di_Bengkulu",
    "region": "Kabupaten Kaur",
    "level": "KABUPATEN",
    "path": "kabupaten-kaur",
    "communityID": "533192c6-df6a-4704-8f6e-b3e875a3c24d",
    "candidates": [
        {
            "name": "Lismidianto",
            "description": "H. Lismidianto, S.H., M.H. (lahir 12 Oktober 1963) adalah Bupati Kaur periode 2021\u20132024. Ia menjabat sejak 21 Mei 2021 setelah dilantik Gubernur Bengkulu, Rohidin Mersyah di Gedung Balai Raya Semarak, Kota Bengkulu.[1]\n",
            "profilePic": "https://upload.wikimedia.org/wikipedia/commons/7/71/Lismidianto.png",
            "title": "Bupati",
            "sites": {
                "name": "Wikipedia",
                "url": "https://id.wikipedia.org/wiki/Lismidianto"
            },
            "communityID": "533192c6-df6a-4704-8f6e-b3e875a3c24d"
        },
        {
            "name": "Herlian Muchrim",
            "description": "Herlian Muchrim (lahir 15 Januari 1977) adalah seorang politikus Indonesia kelahiran Bintuhan. Ia meraih gelar Sarjana Teknik. Dari 2009 sampai 2014, ia menjabat sebagai Ketua Komisi I DPRD Kaur. Dari 2014 sampai 2015, ia menjabat kembali sebagai Ketua Komisi I DPRD Kaur. Ia kemudian menjabat sebagai Wakil Bupati Kaur.[1]\n",
            "profilePic": "https://upload.wikimedia.org/wikipedia/commons/b/b3/HERLIAN_MUCHRIM%2C_S.T.png",
            "title": "Wakil Bupati",
            "sites": {
                "name": "Wikipedia",
                "url": "https://id.wikipedia.org/wiki/Herlian_Muchrim"
            },
            "communityID": "533192c6-df6a-4704-8f6e-b3e875a3c24d"
        }
    ]
}