{
    "title": "Bupati dan Wakil Bupati Kabupaten Lingga",
    "source": "https://id.wikipedia.org/wiki/Daftar_kepala_daerah_dan_wakil_kepala_daerah_petahana_di_Kepulauan_Riau",
    "region": "Kabupaten Lingga",
    "level": "KABUPATEN",
    "path": "kabupaten-lingga",
    "communityID": "155b4199-8825-4feb-8407-62fa8f0b8898",
    "candidates": [
        {
            "name": "M. Nizar",
            "description": "M. Nizar, S.Sos. (lahir 3 Februari 1982) adalah Bupati Lingga periode 2021\u20132024.[1]\n",
            "profilePic": "https://upload.wikimedia.org/wikipedia/commons/5/58/Wakil_Bupati_Lingga_M._Nizar.jpg",
            "title": "Bupati",
            "sites": {
                "name": "Wikipedia",
                "url": "https://id.wikipedia.org/wiki/M._Nizar"
            },
            "communityID": "155b4199-8825-4feb-8407-62fa8f0b8898"
        }
    ]
}