{
    "title": "Bupati dan Wakil Bupati Kabupaten Nagan Raya",
    "source": "https://id.wikipedia.org/wiki/Daftar_kepala_daerah_dan_wakil_kepala_daerah_petahana_di_Aceh",
    "region": "Kabupaten Nagan Raya",
    "level": "KABUPATEN",
    "path": "kabupaten-nagan-raya",
    "communityID": "022cc2e2-0166-4ef8-be80-46ffdea3fb6b",
    "candidates": [
        {
            "name": "Fitriany Farhas",
            "description": "Fitriany Farhas, AP, S.Sos, M.Si. (Lahir: Banda Aceh, 2 September 1976 ), adalah seorang Birokrat Indonesia lulusan Institut Pemerintahan Dalam Negeri (IPDN) tahun 1998, yang sejak 11 Oktober 2022 dipercayakan menjadi Penjabat Bupati Nagan Raya, Aceh.\n[1][2]\n",
            "profilePic": "https://upload.wikimedia.org/wikipedia/commons/thumb/e/e0/Fitriany_Farhas.jpg/1200px-Fitriany_Farhas.jpg",
            "title": "Bupati (PJ)",
            "sites": {
                "name": "Wikipedia",
                "url": "https://id.wikipedia.org/wiki/Fitriany_Farhas"
            },
            "communityID": "022cc2e2-0166-4ef8-be80-46ffdea3fb6b"
        }
    ]
}