{
    "title": "Bupati dan Wakil Bupati Kabupaten Jayawijaya",
    "source": "https://id.wikipedia.org/wiki/Daftar_kepala_daerah_dan_wakil_kepala_daerah_petahana_di_Papua_Pegunungan",
    "region": "Kabupaten Jayawijaya",
    "level": "KABUPATEN",
    "path": "kabupaten-jayawijaya",
    "communityID": "0c8c6f00-ecbc-45fd-b195-0285d5f96c48",
    "candidates": [
        {
            "name": "Sumule Tumbo",
            "description": "Dr. Sumule Tumbo, S.E., M.M. (lahir di Toraja, 1 April 1968) adalah Direktur Fasilitasi Dana Perimbangan dan Pinjaman Daerah pada Direktorat Jenderal Bina Keuangan Daerah (Keuda) Kementerian Dalam Negeri Republik Indonesia yang saat ini menjabat sebagai Pj. Sekretaris Daerah (Sekda) provinsi Papua Pegunungan.[1]\n",
            "profilePic": "https://upload.wikimedia.org/wikipedia/commons/thumb/4/48/Sumule_Tumbo.jpg/105px-Sumule_Tumbo.jpg",
            "title": "Bupati (PJ)",
            "sites": {
                "name": "Wikipedia",
                "url": "https://id.wikipedia.org/wiki/Sumule_Tumbo"
            },
            "communityID": "0c8c6f00-ecbc-45fd-b195-0285d5f96c48"
        }
    ]
}