{
    "title": "Bupati dan Wakil Bupati Kabupaten Lampung Utara",
    "source": "https://id.wikipedia.org/wiki/Daftar_kepala_daerah_dan_wakil_kepala_daerah_petahana_di_Lampung",
    "region": "Kabupaten Lampung Utara",
    "level": "KABUPATEN",
    "path": "kabupaten-lampung-utara",
    "communityID": "8a9a155a-65f6-442e-9c6a-3ee4f3b69e32",
    "candidates": [
        {
            "name": "Aswarodi",
            "description": "",
            "profilePic": "https://upload.wikimedia.org/wikipedia/commons/thumb/b/b9/Aswarodi.jpg/129px-Aswarodi.jpg",
            "title": "Bupati (PJ)",
            "sites": {},
            "communityID": "8a9a155a-65f6-442e-9c6a-3ee4f3b69e32"
        }
    ]
}