{
    "title": "Bupati dan Wakil Bupati Kabupaten Bogor",
    "source": "https://id.wikipedia.org/wiki/Daftar_kepala_daerah_dan_wakil_kepala_daerah_petahana_di_Jawa_Barat",
    "region": "Kabupaten Bogor",
    "level": "KABUPATEN",
    "path": "kabupaten-bogor",
    "communityID": "b427e252-58d0-40e5-a65d-77cdbbc21b1a",
    "candidates": [
        {
            "name": "Asmawa Tosepu",
            "description": "Asmawa Tosepu, A.P., M.Si , (lahir 15 Oktober 1974) merupakan Birokrat lulusan Institut Pemerintahan Dalam Negeri (IPDN) tahun 1997 yang saat ini menjabat sebagai Kepala Biro Umum Kementerian Dalam Negeri (Kemendagri). Dan Penjabat Bupati Bogor \n",
            "profilePic": "https://upload.wikimedia.org/wikipedia/commons/5/5b/Asmawa_Tosepu.png",
            "title": "Bupati (PJ)",
            "sites": {
                "name": "Wikipedia",
                "url": "https://id.wikipedia.org/wiki/Asmawa_Tosepu"
            },
            "communityID": "b427e252-58d0-40e5-a65d-77cdbbc21b1a"
        }
    ]
}