{
    "title": "Bupati dan Wakil Bupati Kabupaten Boalemo",
    "source": "https://id.wikipedia.org/wiki/Daftar_kepala_daerah_dan_wakil_kepala_daerah_petahana_di_Gorontalo",
    "region": "Kabupaten Boalemo",
    "level": "KABUPATEN",
    "path": "kabupaten-boalemo",
    "communityID": "391c2e1d-6fbf-45b3-ba2a-1150562b0b47",
    "candidates": [
        {
            "name": "Sherman Moridu",
            "description": "Dr. H. Sherman Moridu, S.Pd., M.M. adalah seorang birokrat Indonesia. Ia mengawali karir birokratnya di sektor pendidikan. Kemudian, ia juga pernah menduduki jabatan strategis lainnya seperti Kepala Bagian Kesejahteraan Rakyat, Camat Botumoito, Kepala Dinas Pendidikan Boalemo, Kepala Bapppeda Boalemo hingga Sekretaris Daerah Boalemo. Dari 2023 sampai 2024, ia menjabat sebagai pelaksana Penjabat Bupati Boalemo.[1]\n",
            "profilePic": "https://upload.wikimedia.org/wikipedia/commons/3/32/Sherman_Moridu.jpg",
            "title": "Bupati (PJ)",
            "sites": {
                "name": "Wikipedia",
                "url": "https://id.wikipedia.org/wiki/Sherman_Moridu"
            },
            "communityID": "391c2e1d-6fbf-45b3-ba2a-1150562b0b47"
        }
    ]
}