{
    "title": "Bupati dan Wakil Bupati Kabupaten Administrasi Kepulauan Seribu",
    "source": "https://id.wikipedia.org/wiki/Daftar_kepala_daerah_dan_wakil_kepala_daerah_petahana_di_Daerah_Khusus_Ibukota_Jakarta",
    "region": "Kabupaten Administrasi Kepulauan Seribu",
    "level": "KABUPATEN",
    "path": "kabupaten-administrasi-kepulauan-seribu",
    "communityID": "37cfb267-8ead-4e9b-b188-cbcfc8b8fe86",
    "candidates": [
        {
            "name": "Junaedi",
            "description": "Junaedi, S.Sos, M.Si (lahir 5 Desember 1966) adalah Bupati Kepulauan Seribu yang menjabat sejak 4 September 2020.[1] Sebelum menduduki jabatan tersebut, Junaedi pernah menjabat sebagai Wakil Bupati Administrasi Kepulauan Seribu sejak tahun 2018[2] hingga tahun 2020[1] dan juga pernah menjabat sebagai Wakil Wali Kota Administrasi Jakarta Utara sejak tahun 2017 hingga tahun 2018.[3]\n",
            "profilePic": "https://upload.wikimedia.org/wikipedia/commons/a/ab/Junaedi_%28birokrat%29%2C_Bupati_Administrasi_Kepulauan_Seribu.jpg",
            "title": "Bupati",
            "sites": {
                "name": "Wikipedia",
                "url": "https://id.wikipedia.org/wiki/Junaedi_(birokrat)"
            },
            "communityID": "37cfb267-8ead-4e9b-b188-cbcfc8b8fe86"
        },
        {
            "name": "Muhammad Fadjar Churniawan",
            "description": "",
            "profilePic": "https://upload.wikimedia.org/wikipedia/commons/thumb/c/c9/Fadjar_Churniawan.jpg/120px-Fadjar_Churniawan.jpg",
            "title": "Wakil Bupati",
            "sites": {},
            "communityID": "37cfb267-8ead-4e9b-b188-cbcfc8b8fe86"
        }
    ]
}