{
    "title": "Bupati dan Wakil Bupati Kabupaten Halmahera Selatan",
    "source": "https://id.wikipedia.org/wiki/Daftar_kepala_daerah_dan_wakil_kepala_daerah_petahana_di_Maluku_Utara",
    "region": "Kabupaten Halmahera Selatan",
    "level": "KABUPATEN",
    "path": "kabupaten-halmahera-selatan",
    "communityID": "9c843317-1c51-45d6-8693-d13a79283018",
    "candidates": [
        {
            "name": "Hasan Ali Bassam Kasuba",
            "description": "Hasan Ali Bassam Kasuba (lahir 8 Agustus 1988) adalah seorang politisi Indonesia kelahiran Kota Ternate, Maluku Utara. Ia merupakan putra sulung dari Bupati Halmahera Selatan Muhammad Kasuba. Ia tergabung dalam Partai Keadilan Sejahtera (PKS) dan menjabat selaku Ketua Pemenangan Pemilu dan Pilkada (BPPP) DPD PKS Halmahera Selatan.\n",
            "profilePic": "https://upload.wikimedia.org/wikipedia/commons/thumb/b/bc/Hasan_Ali_Basam_Kasuba_Wakil_Bupati_Halmahera_Selatan_periode_2021-2024.jpg/1200px-Hasan_Ali_Basam_Kasuba_Wakil_Bupati_Halmahera_Selatan_periode_2021-2024.jpg",
            "title": "Bupati",
            "sites": {
                "name": "Wikipedia",
                "url": "https://id.wikipedia.org/wiki/Hasan_Ali_Bassam_Kasuba"
            },
            "communityID": "9c843317-1c51-45d6-8693-d13a79283018"
        }
    ]
}