{
    "title": "Bupati dan Wakil Bupati Kabupaten Jayapura",
    "source": "https://id.wikipedia.org/wiki/Daftar_kepala_daerah_dan_wakil_kepala_daerah_petahana_di_Papua",
    "region": "Kabupaten Jayapura",
    "level": "KABUPATEN",
    "path": "kabupaten-jayapura",
    "communityID": "ed7ed100-1d54-4cec-864f-1288340e03f3",
    "candidates": [
        {
            "name": "Triwarno Purnomo",
            "description": "Triwarno Purnomo, S.STP., M.Si., (lahir 25 Agustus 1977)[1] adalah Birokrat Indonesia lulusan Institut Pemerintahan Dalam Negeri (IPDN) yang sejak tanggal 20 Desember 2022 di percayakan oleh Menteri Dalam Negeri menjadi penjabat Bupati Kabupaten Jayapura, Provinsi Papua.[2]\n",
            "profilePic": "https://upload.wikimedia.org/wikipedia/commons/5/53/Penjabat_bupati_Jayapura_Triwarno_Purnomo.jpg",
            "title": "Bupati (PJ)",
            "sites": {
                "name": "Wikipedia",
                "url": "https://id.wikipedia.org/wiki/Triwarno_Purnomo"
            },
            "communityID": "ed7ed100-1d54-4cec-864f-1288340e03f3"
        }
    ]
}