{
    "title": "Bupati dan Wakil Bupati Kabupaten Pasaman",
    "source": "https://id.wikipedia.org/wiki/Daftar_kepala_daerah_dan_wakil_kepala_daerah_petahana_di_Sumatera_Barat",
    "region": "Kabupaten Pasaman",
    "level": "KABUPATEN",
    "path": "kabupaten-pasaman",
    "communityID": "ae8004bf-3eef-416c-9d58-26d9ab77ebaf",
    "candidates": [
        {
            "name": "Sabar AS",
            "description": "Sabar AS, S.Ag., M.Si. (lahir 1 Mei 1976) adalah politikus Partai Demokrat yang menjabat Bupati Pasaman sejak 12 Desember 2023 setelah menjadi pelaksana tugas sejak 3 November 2023.[3][4] Sebelumnya ia menjabat Wakil Bupati Pasaman mendampingi Benny Utama sejak 2021.[5] Ia pernah menjabat sebagai Anggota DPRD Sumatera Barat tiga periode sejak tahun 2009. Selain itu Sabar AS juga aktif dalam aktifitas organisasi. Pada tahun 2021 ia dilantik sebagai Presidium Majelis Wilayah Korps Alumni Himpunan Mahasiswa Islam (KAHMI) Sumatera Barat untuk masa bakti 2021-2026.[6]\n",
            "profilePic": "https://upload.wikimedia.org/wikipedia/commons/c/c4/Wakil_Bupati_Pasaman_Sabar_AS.jpg",
            "title": "Bupati",
            "sites": {
                "name": "Wikipedia",
                "url": "https://id.wikipedia.org/wiki/Sabar_AS"
            },
            "communityID": "ae8004bf-3eef-416c-9d58-26d9ab77ebaf"
        }
    ]
}