{
    "title": "Bupati dan Wakil Bupati Kabupaten Tapanuli Selatan",
    "source": "https://id.wikipedia.org/wiki/Daftar_kepala_daerah_dan_wakil_kepala_daerah_petahana_di_Sumatera_Utara",
    "region": "Kabupaten Tapanuli Selatan",
    "level": "KABUPATEN",
    "path": "kabupaten-tapanuli-selatan",
    "communityID": "245871a8-12e3-4aeb-b504-5f105d61a217",
    "candidates": [
        {
            "name": "Dolly Putra Parlindungan Pasaribu",
            "description": "Dolly Putra Parlindungan Pasaribu, S.Pt., M.M. (lahir 29 Maret 1980) adalah seorang politikus Indonesia yang saat ini menjabat sebagai Bupati Tapanuli Selatan sejak 26 Februari 2021. Sebelum menjadi bupati, Dolly merupakan anggota Dewan Perwakilan Rakyat Daerah Kabupaten Tapanuli Selatan (DPRD Tapsel), pada tahun 2019 hingga 2020.\n",
            "profilePic": "https://upload.wikimedia.org/wikipedia/commons/5/5f/Bupati_Tapsel_periode_2021-2024_Dolly_Putra_Parlindungan_Pasaribu.jpg",
            "title": "Bupati",
            "sites": {
                "name": "Wikipedia",
                "url": "https://id.wikipedia.org/wiki/Dolly_Putra_Parlindungan_Pasaribu"
            },
            "communityID": "245871a8-12e3-4aeb-b504-5f105d61a217"
        },
        {
            "name": "Rasyid Assaf Dongoran",
            "description": "Rasyid Assaf Dongoran, S.Si., M.Si. (lahir 6 Februari 1976) adalah Politisi Indonesia yang saat ini menjabat sebagai Wakil Bupati Tapanuli Selatan periode 2021\u20142024.[1] Berlatar Belakang pendidikan formal bidang Biologi dan Pengelolaan Sumber Daya Alam Lingkungan, selanjutnya menjalani profesi pekerjaan pada bidang perencanaan, penelitian, aplikasi seputar kehutanan & keanekaragaman hayati, pertanian & perkebunan berkelanjutan, analisis kebijakan pengelolaan SDA & lingkungan. \nProfesi pekerjaan yang dijalani sejak menamatkan Sarjana S-1 (S.Si) sembari menyelesaikan Magister Pengelolaan SDA & Lingkungan (M.Si),yakni dibeberapa lembaga swasta baik lembaga nasional maupun lembaga internasional yang bekerja di wilayah Indonesia. Selanjutnya dalam menjalani organisasi maka posisi yang ditempatkan masih seputaran bidang lingkungan hidup, sumber daya alam, pertanian,perikanan, kebijakan. Selain itu, sebelum menjadi wakil bupati, sering mengikuti pendidikan latihan & seminar di dalam dan luar negeri, seperti Malaysia, Jepang, Hongkong, India, Vietnam. Sejak Februari 2021, dilantik sebagai Wakil Bupati Tapanuli Selatan berpasangan dengan, Dolly Putra Parlindungan Pasaribu sebagai Bupati Tapanuli Selatan.\n",
            "profilePic": "https://upload.wikimedia.org/wikipedia/commons/b/b6/Wakil_Bupati_Tapsel_periode_2021-2024_Rasyid_Assaf_Dongoran.jpg",
            "title": "Wakil Bupati",
            "sites": {
                "name": "Wikipedia",
                "url": "https://id.wikipedia.org/wiki/Rasyid_Assaf_Dongoran"
            },
            "communityID": "245871a8-12e3-4aeb-b504-5f105d61a217"
        }
    ]
}