{
    "title": "Bupati dan Wakil Bupati Kabupaten Temanggung",
    "source": "https://id.wikipedia.org/wiki/Daftar_kepala_daerah_dan_wakil_kepala_daerah_petahana_di_Jawa_Tengah",
    "region": "Kabupaten Temanggung",
    "level": "KABUPATEN",
    "path": "kabupaten-temanggung",
    "communityID": "3ddb9760-41a2-4072-8547-4eec5f15bdbf",
    "candidates": [
        {
            "name": "Hary Agung Prabowo",
            "description": "Hary Agung Prabowo (lahir 19 Januari 1968) adalah seorang birokrat Indonesia kelahiran Sidoarjo.[1] Ia sempat menjabat sebagai Asisten Perekonomian dan Pembangunan. Pada 2020, ia diangkat menjadi Sekretaris Daerah Temanggung.[2] Pada 2022, ia diangkat menjadi Ketua Pengkab Ikatan Sport Sepeda Indonesia (ISSI) Temanggung.[3] Pada 2023, ia diangkat menjadi pelaksana jabatan Bupati Temanggung.[4]\n",
            "profilePic": "https://upload.wikimedia.org/wikipedia/commons/d/d5/Hary_Agung_Prabowo.jpg",
            "title": "Bupati (PJ)",
            "sites": {
                "name": "Wikipedia",
                "url": "https://id.wikipedia.org/wiki/Hary_Agung_Prabowo"
            },
            "communityID": "3ddb9760-41a2-4072-8547-4eec5f15bdbf"
        }
    ]
}