{
    "title": "Bupati dan Wakil Bupati Kabupaten Muaro Jambi",
    "source": "https://id.wikipedia.org/wiki/Daftar_kepala_daerah_dan_wakil_kepala_daerah_petahana_di_Jambi",
    "region": "Kabupaten Muaro Jambi",
    "level": "KABUPATEN",
    "path": "kabupaten-muaro-jambi",
    "communityID": "e6fa1263-ad48-4f31-9d4f-7e48448b1d8c",
    "candidates": [
        {
            "name": "Raden Najmi",
            "description": "",
            "profilePic": "https://upload.wikimedia.org/wikipedia/commons/thumb/d/d1/Tiada_gambar_tersedia.svg/131px-Tiada_gambar_tersedia.svg.png",
            "title": "Bupati (PJ)",
            "sites": {},
            "communityID": "e6fa1263-ad48-4f31-9d4f-7e48448b1d8c"
        }
    ]
}