{
    "title": "Bupati dan Wakil Bupati Kabupaten Mempawah",
    "source": "https://id.wikipedia.org/wiki/Daftar_kepala_daerah_dan_wakil_kepala_daerah_petahana_di_Kalimantan_Barat",
    "region": "Kabupaten Mempawah",
    "level": "KABUPATEN",
    "path": "kabupaten-mempawah",
    "communityID": "0f078014-82b7-40b1-aadf-23ea23ac4c53",
    "candidates": [
        {
            "name": "Ismail",
            "description": "",
            "profilePic": "https://upload.wikimedia.org/wikipedia/commons/thumb/d/d1/Tiada_gambar_tersedia.svg/116px-Tiada_gambar_tersedia.svg.png",
            "title": "Bupati (PJ)",
            "sites": {},
            "communityID": "0f078014-82b7-40b1-aadf-23ea23ac4c53"
        }
    ]
}