{
    "title": "Bupati dan Wakil Bupati Kabupaten Aceh Besar",
    "source": "https://id.wikipedia.org/wiki/Daftar_kepala_daerah_dan_wakil_kepala_daerah_petahana_di_Aceh",
    "region": "Kabupaten Aceh Besar",
    "level": "KABUPATEN",
    "path": "kabupaten-aceh-besar",
    "communityID": "81e72ae6-d5f2-4a9a-99fb-8ffeda206ec2",
    "candidates": [
        {
            "name": "Muhammad Iswanto",
            "description": "Muhammad Iswanto S.STP., M.M. (lahir 10 April 1981) merupakan seorang birokrat berkebangsaan Indonesia. Saat ini, ia menjabat sebagai Kepala Biro Administrasi Pimpinan pada Sekretariat Daerah Provinsi Aceh sejak 6 Januari 2022,[2] dan sekaligus menjabat sebagai Penjabat Bupati Aceh Besar sejak 14 Juli 2022 menggantikan Mawardi Ali.[3]\n",
            "profilePic": "https://upload.wikimedia.org/wikipedia/commons/0/01/Penjabat_Bupati_Aceh_Besar_Muhammad_Iswanto.jpg",
            "title": "Bupati (PJ)",
            "sites": {
                "name": "Wikipedia",
                "url": "https://id.wikipedia.org/wiki/Muhammad_Iswanto"
            },
            "communityID": "81e72ae6-d5f2-4a9a-99fb-8ffeda206ec2"
        }
    ]
}