{
    "title": "Bupati dan Wakil Bupati Kabupaten Pinrang",
    "source": "https://id.wikipedia.org/wiki/Daftar_kepala_daerah_dan_wakil_kepala_daerah_petahana_di_Sulawesi_Selatan",
    "region": "Kabupaten Pinrang",
    "level": "KABUPATEN",
    "path": "kabupaten-pinrang",
    "communityID": "7f494aad-6d93-457f-94ca-37d9366f6b97",
    "candidates": [
        {
            "name": "Ahmadi Akil",
            "description": "",
            "profilePic": "https://upload.wikimedia.org/wikipedia/commons/thumb/c/c0/Pj_Bupati_Ahmadi_Akil.png/148px-Pj_Bupati_Ahmadi_Akil.png",
            "title": "Bupati (PJ)",
            "sites": {},
            "communityID": "7f494aad-6d93-457f-94ca-37d9366f6b97"
        }
    ]
}