{
    "title": "Bupati dan Wakil Bupati Kabupaten Manggarai Barat",
    "source": "https://id.wikipedia.org/wiki/Daftar_kepala_daerah_dan_wakil_kepala_daerah_petahana_di_Nusa_Tenggara_Timur",
    "region": "Kabupaten Manggarai Barat",
    "level": "KABUPATEN",
    "path": "kabupaten-manggarai-barat",
    "communityID": "6786d0e9-da45-4715-96fc-c14f18df4da5",
    "candidates": [
        {
            "name": "Edistasius Endi",
            "description": "Edistasius Endi, S.E. (lahir 25 September 1972) adalah Bupati Manggarai Barat periode 2021\u20132024. Ia menjabat sejak 26 Februari 2021 setelah dilantik Gubernur Nusa Tenggara Timur, Viktor Laiskodat di Aula Rumah Jabatan Gubernur Nusa Tenggara Timur, Kupang.[1]\n",
            "profilePic": "https://upload.wikimedia.org/wikipedia/commons/8/8b/Bupati_Manggarai_Barat_Edistasius_Endi.jpg",
            "title": "Bupati",
            "sites": {
                "name": "Wikipedia",
                "url": "https://id.wikipedia.org/wiki/Edistasius_Endi"
            },
            "communityID": "6786d0e9-da45-4715-96fc-c14f18df4da5"
        },
        {
            "name": "Yulianus Weng",
            "description": "Yulianus Weng (lahir 5 Juli 1966) adalah seorang politikus Indonesia kelahiran Labuan Bajo.[1] Ia sempat menjabat sebagai Kepala Dinas Kesehatan Kabupaten Manggarai. Pada Pemilihan umum Bupati Manggarai Barat 2020, ia terpilih menjadi Wakil Bupati Manggarai Barat mendampingi Edistasius Endi selaku Bupati Manggarai Barat.[2] Ia menikah dengan Ir. Maria Falentina Meli dan memiliki 2 anak yaitu Veny dan Erik.[1]\n",
            "profilePic": "https://upload.wikimedia.org/wikipedia/commons/a/ae/Yulianus_Weng.jpg",
            "title": "Wakil Bupati",
            "sites": {
                "name": "Wikipedia",
                "url": "https://id.wikipedia.org/wiki/Yulianus_Weng"
            },
            "communityID": "6786d0e9-da45-4715-96fc-c14f18df4da5"
        }
    ]
}