{
    "title": "Bupati dan Wakil Bupati Kabupaten Timor Tengah Selatan",
    "source": "https://id.wikipedia.org/wiki/Daftar_kepala_daerah_dan_wakil_kepala_daerah_petahana_di_Nusa_Tenggara_Timur",
    "region": "Kabupaten Timor Tengah Selatan",
    "level": "KABUPATEN",
    "path": "kabupaten-timor-tengah-selatan",
    "communityID": "7fe535d7-297d-4001-a520-f8f5e4f8502c",
    "candidates": [
        {
            "name": "Seperius E. Sipa",
            "description": "",
            "profilePic": "https://upload.wikimedia.org/wikipedia/commons/thumb/6/6f/GAMBAR_TIDAK_TERSEDIA.png/145px-GAMBAR_TIDAK_TERSEDIA.png",
            "title": "Bupati (PJ)",
            "sites": {},
            "communityID": "7fe535d7-297d-4001-a520-f8f5e4f8502c"
        }
    ]
}