{
    "title": "Bupati dan Wakil Bupati Kabupaten Balangan",
    "source": "https://id.wikipedia.org/wiki/Daftar_kepala_daerah_dan_wakil_kepala_daerah_petahana_di_Kalimantan_Selatan",
    "region": "Kabupaten Balangan",
    "level": "KABUPATEN",
    "path": "kabupaten-balangan",
    "communityID": "bab6b404-4247-4e9b-b4d7-3bfacf3fb8f6",
    "candidates": [
        {
            "name": "Abdul Hadi",
            "description": "H. Abdul Hadi (politikus), S.Ag., M.I.Kom. (lahir 3 Juni 1971) adalah politikus PPP yang menjabat sebagai Bupati Balangan periode 2021-2024.\n",
            "profilePic": "https://upload.wikimedia.org/wikipedia/commons/thumb/e/e7/Bupati_Abdul_Hadi.jpg/114px-Bupati_Abdul_Hadi.jpg",
            "title": "Bupati",
            "sites": {
                "name": "Wikipedia",
                "url": "https://id.wikipedia.org/wiki/Abdul_Hadi"
            },
            "communityID": "bab6b404-4247-4e9b-b4d7-3bfacf3fb8f6"
        }
    ]
}