{
    "title": "Bupati dan Wakil Bupati Kabupaten Langkat",
    "source": "https://id.wikipedia.org/wiki/Daftar_kepala_daerah_dan_wakil_kepala_daerah_petahana_di_Sumatera_Utara",
    "region": "Kabupaten Langkat",
    "level": "KABUPATEN",
    "path": "kabupaten-langkat",
    "communityID": "35b308a3-42eb-475e-bff3-fc26045be289",
    "candidates": [
        {
            "name": "Faisal Hasrimy",
            "description": "",
            "profilePic": "https://upload.wikimedia.org/wikipedia/commons/thumb/d/d1/Tiada_gambar_tersedia.svg/140px-Tiada_gambar_tersedia.svg.png",
            "title": "Bupati (PJ)",
            "sites": {},
            "communityID": "35b308a3-42eb-475e-bff3-fc26045be289"
        }
    ]
}