{
    "title": "Bupati dan Wakil Bupati Kabupaten Morowali Utara",
    "source": "https://id.wikipedia.org/wiki/Daftar_kepala_daerah_dan_wakil_kepala_daerah_petahana_di_Sulawesi_Tengah",
    "region": "Kabupaten Morowali Utara",
    "level": "KABUPATEN",
    "path": "kabupaten-morowali-utara",
    "communityID": "23a53766-10fd-471e-b638-06d7b628cc43",
    "candidates": [
        {
            "name": "Delis Julkarson Hehi",
            "description": "Dr. dr. Delis Julkarson Hehi, M.A.R.S. (lahir 25 Juli 1976) adalah Bupati Morowali Utara, provinsi Sulawesi Tengah, Indonesia, periode 2021-2024.[1] Pada Pemilihan umum Bupati Morowali Utara 2020, Delis didampingi oleh wakilnya Djira, menang dengan selisih 1% (681 suara), mendapat 50.50% (34.335 suara).[2] Delis mulai menjabat sebagai bupati, sejak dilantik pada tanggal 30 April 2021, oleh gubernur Sulawesi Tengah Longki Djanggola, di gedung Pogomo kantor gubernur, kota Palu.[3]\n",
            "profilePic": "https://upload.wikimedia.org/wikipedia/commons/5/55/Delis_Julkarson_Hehi.jpg",
            "title": "Bupati",
            "sites": {
                "name": "Wikipedia",
                "url": "https://id.wikipedia.org/wiki/Delis_Julkarson_Hehi"
            },
            "communityID": "23a53766-10fd-471e-b638-06d7b628cc43"
        }
    ]
}