{
    "title": "Bupati dan Wakil Bupati Kabupaten Banggai Kepulauan",
    "source": "https://id.wikipedia.org/wiki/Daftar_kepala_daerah_dan_wakil_kepala_daerah_petahana_di_Sulawesi_Tengah",
    "region": "Kabupaten Banggai Kepulauan",
    "level": "KABUPATEN",
    "path": "kabupaten-banggai-kepulauan",
    "communityID": "be6e722f-f2a1-42a7-9f65-7d4e1c6bced4",
    "candidates": [
        {
            "name": "Ihsan Basir",
            "description": "",
            "profilePic": "https://upload.wikimedia.org/wikipedia/commons/thumb/2/21/Ihsan_Basir.jpg/123px-Ihsan_Basir.jpg",
            "title": "Bupati (PJ)",
            "sites": {},
            "communityID": "be6e722f-f2a1-42a7-9f65-7d4e1c6bced4"
        }
    ]
}