{
    "title": "Bupati dan Wakil Bupati Kabupaten Barito Kuala",
    "source": "https://id.wikipedia.org/wiki/Daftar_kepala_daerah_dan_wakil_kepala_daerah_petahana_di_Kalimantan_Selatan",
    "region": "Kabupaten Barito Kuala",
    "level": "KABUPATEN",
    "path": "kabupaten-barito-kuala",
    "communityID": "df0a11f6-9810-449b-8d7b-00e3e3b9702d",
    "candidates": [
        {
            "name": "Mujiyat",
            "description": "",
            "profilePic": "https://upload.wikimedia.org/wikipedia/commons/thumb/3/3b/Pj_Bupati_Mujiyat.jpg/109px-Pj_Bupati_Mujiyat.jpg",
            "title": "Bupati (PJ)",
            "sites": {},
            "communityID": "df0a11f6-9810-449b-8d7b-00e3e3b9702d"
        }
    ]
}