{
    "title": "Bupati dan Wakil Bupati Kabupaten Tegal",
    "source": "https://id.wikipedia.org/wiki/Daftar_kepala_daerah_dan_wakil_kepala_daerah_petahana_di_Jawa_Tengah",
    "region": "Kabupaten Tegal",
    "level": "KABUPATEN",
    "path": "kabupaten-tegal",
    "communityID": "915eddd6-4744-4c58-8338-ef635552ece5",
    "candidates": [
        {
            "name": "Agustyarsyah",
            "description": "Agustyarsyah (lahir 11 Agustus 1970) adalah seorang birokrat Indonesia kelahiran Aceh. Ia merupakan alumni dari Sekolah Tinggi Pertanahan Nasional (STPN). Ia sempat menjabat sebagai Kepala BPN Kota Langsa, Provinsi Aceh, Kepala BPN Bogor dan Kepala Kantor Wilayah (Kakanwil) ATR/BPN Provinsi Aceh. Ia kemudian menjabat selaku kepala Pusat Pengembangan Sumber Daya Manusia (PPSDM) di Kementerian Agraria dan Tata Ruang/Badan Pertanahan Negara. Pada 7 Januari 2024, ia diangkat menjadi pelaksana jabatan Bupati Tegal.[1]\n",
            "profilePic": "https://upload.wikimedia.org/wikipedia/commons/thumb/d/d4/Bupati_Agustyarsyah.png/1200px-Bupati_Agustyarsyah.png",
            "title": "Bupati (PJ)",
            "sites": {
                "name": "Wikipedia",
                "url": "https://id.wikipedia.org/wiki/Agustyarsyah"
            },
            "communityID": "915eddd6-4744-4c58-8338-ef635552ece5"
        }
    ]
}