{
    "title": "Bupati dan Wakil Bupati Kabupaten Bolaang Mongondow Utara",
    "source": "https://id.wikipedia.org/wiki/Daftar_kepala_daerah_dan_wakil_kepala_daerah_petahana_di_Sulawesi_Utara",
    "region": "Kabupaten Bolaang Mongondow Utara",
    "level": "KABUPATEN",
    "path": "kabupaten-bolaang-mongondow-utara",
    "communityID": "de433d20-47ad-482e-8435-874ac030991f",
    "candidates": [
        {
            "name": "Sirajudin Lasena",
            "description": "Dr. Sirajudin Lasena, S.E., M.Ec.Dev. (lahir 8 Januari 1975) adalah seorang birokrat Indonesia kelahiran Boroko. Ia lahir sebagai anak kedelapan dari sembilan bersaudara dari pasangan imam besar masjid Ismet Lasena dan Dariman Lauma. Ia menempuh pendidikan di Sekolah Dasar SD Negeri IV Boroko dan Pendidikan Menengah Pertamanya SMP Negeri 1 Kaidipang. Pada masa remaja, ia merantau ke Kota Palu, Sulawesi Tengah untuk melanjutkan pendidikan di SMEA Negeri Palu pada tahun 1995. Ia kemudian meraih gelar Sarjana dalam Jurusan Akuntansi di Sekolah Ilmu Ekonomi Panca Bhakti Palu pada tahun 2002. Ia kemudian meraih gelar Magister S2 Ekonomi Pembangunan di Universitas Gajah Mada pada tahun 2013. Pada tahun 2020, ia mengambil program Doktor S3 Administrasi Publik di Universitas Negeri Gorontalo (UNG).\n",
            "profilePic": "https://upload.wikimedia.org/wikipedia/commons/9/93/Sirajudin_Lasena.jpg",
            "title": "Bupati (PJ)",
            "sites": {
                "name": "Wikipedia",
                "url": "https://id.wikipedia.org/wiki/Sirajudin_Lasena"
            },
            "communityID": "de433d20-47ad-482e-8435-874ac030991f"
        }
    ]
}