{
    "title": "Bupati dan Wakil Bupati Kabupaten Lebak",
    "source": "https://id.wikipedia.org/wiki/Daftar_kepala_daerah_dan_wakil_kepala_daerah_petahana_di_Banten",
    "region": "Kabupaten Lebak",
    "level": "KABUPATEN",
    "path": "kabupaten-lebak",
    "communityID": "a3d1dbe8-c879-48ba-a716-8befa73b50c0",
    "candidates": [
        {
            "name": "Iwan Kurniawan",
            "description": "",
            "profilePic": "https://upload.wikimedia.org/wikipedia/commons/thumb/d/d9/Iwan_Kurniawan_Lebak.jpg/119px-Iwan_Kurniawan_Lebak.jpg",
            "title": "Bupati (PJ)",
            "sites": {},
            "communityID": "a3d1dbe8-c879-48ba-a716-8befa73b50c0"
        }
    ]
}