{
    "title": "Bupati dan Wakil Bupati Kabupaten Ogan Komering Ulu",
    "source": "https://id.wikipedia.org/wiki/Daftar_kepala_daerah_dan_wakil_kepala_daerah_petahana_di_Sumatera_Selatan",
    "region": "Kabupaten Ogan Komering Ulu",
    "level": "KABUPATEN",
    "path": "kabupaten-ogan-komering-ulu",
    "communityID": "7b3eee86-c39e-4f1f-846a-b9b38d323e5f",
    "candidates": [
        {
            "name": "Teddy Meilwansyah",
            "description": "H. Teddy Meilwansyah, S.STP, M.M, M.Pd (lahir 02 Mei 1977) adalah seorang birokrat Indonesia lulusan Institut Pemerintahan Dalam Negeri (IPDN) tahun 1999, yang sejak 09 Maret 2022 dipercayakan menjadi Pelaksana Harian Bupati Ogan Komering Ulu, dan kemudian resmi menjadi Penjabat Bupati Ogan Komering Ulu pada 23 Juni 2022.[1]\n",
            "profilePic": "https://upload.wikimedia.org/wikipedia/commons/9/9e/Pj_Bupati_OKU_Teddy_Meilwansyah.png",
            "title": "Bupati (PJ)",
            "sites": {
                "name": "Wikipedia",
                "url": "https://id.wikipedia.org/wiki/Teddy_Meilwansyah"
            },
            "communityID": "7b3eee86-c39e-4f1f-846a-b9b38d323e5f"
        }
    ]
}