{
    "title": "Bupati dan Wakil Bupati Kabupaten Landak",
    "source": "https://id.wikipedia.org/wiki/Daftar_kepala_daerah_dan_wakil_kepala_daerah_petahana_di_Kalimantan_Barat",
    "region": "Kabupaten Landak",
    "level": "KABUPATEN",
    "path": "kabupaten-landak",
    "communityID": "1346cfdd-0f51-467d-adee-d8d117752bff",
    "candidates": [
        {
            "name": "Gutmen Nainggolan",
            "description": "",
            "profilePic": "https://upload.wikimedia.org/wikipedia/commons/thumb/d/d1/Tiada_gambar_tersedia.svg/137px-Tiada_gambar_tersedia.svg.png",
            "title": "Bupati (PJ)",
            "sites": {},
            "communityID": "1346cfdd-0f51-467d-adee-d8d117752bff"
        }
    ]
}