{
    "title": "Bupati dan Wakil Bupati Kabupaten Situbondo",
    "source": "https://id.wikipedia.org/wiki/Daftar_kepala_daerah_dan_wakil_kepala_daerah_petahana_di_Jawa_Timur",
    "region": "Kabupaten Situbondo",
    "level": "KABUPATEN",
    "path": "kabupaten-situbondo",
    "communityID": "1a303260-0178-4a38-918a-48b0a3f6089e",
    "candidates": [
        {
            "name": "Karna Suswandi",
            "description": "Drs. H. Karna Suswandi, M.M. (lahir 15 April 1967) adalah Bupati Situbondo yang menjabat sejak 26 Februari 2021. Ia sebelumnya adalah Kepala Dinas PUTR Kabupaten Lumajang yang menjabat sejak tanggal 4 Juli 2019 hingga pensiun dini di bulan September 2020.\n",
            "profilePic": "https://upload.wikimedia.org/wikipedia/commons/thumb/f/fb/Bupati_Situbondo_17.jpg/1200px-Bupati_Situbondo_17.jpg",
            "title": "Bupati",
            "sites": {
                "name": "Wikipedia",
                "url": "https://id.wikipedia.org/wiki/Karna_Suswandi"
            },
            "communityID": "1a303260-0178-4a38-918a-48b0a3f6089e"
        },
        {
            "name": "Khoirani",
            "description": "Khoirani (lahir 16 November 1960) adalah seorang politikus Indonesia. Ia menempuh pendidikan di MI Banat Lamongan dari 1968 sampai 1974. Kemudian, ia melanjutkan pendidikan di MTS UMMA Sangkapura Bawean Gresik dari 1977 sampai 1980. Pada 1980 dari 1981, ia menempuh pendidikan di MA Umar MAS'UD Sangkapura Bawean Gresik. Ia menempuh kuliah di Universitas Hasyim Asy'ari Jombang dari 1983 sampai 1986. Ia menempuh pendidikan S1 Sarjana Pendidikan IKIP Jember dari 2002 sampai 2006. Dari 2009 sampai 2011, ia melanjutkan pendidikan magisternya di Universitas Islam Malang.\n",
            "profilePic": "https://upload.wikimedia.org/wikipedia/commons/e/e5/Wakil_Bupati_Khoirani.jpg",
            "title": "Wakil Bupati",
            "sites": {
                "name": "Wikipedia",
                "url": "https://id.wikipedia.org/wiki/Khoirani"
            },
            "communityID": "1a303260-0178-4a38-918a-48b0a3f6089e"
        }
    ]
}