{
    "title": "Bupati dan Wakil Bupati Kabupaten Boven Digoel",
    "source": "https://id.wikipedia.org/wiki/Daftar_kepala_daerah_dan_wakil_kepala_daerah_petahana_di_Papua_Selatan",
    "region": "Kabupaten Boven Digoel",
    "level": "KABUPATEN",
    "path": "kabupaten-boven-digoel",
    "communityID": "ad994b43-b3d8-4c87-8d99-8b7870ded768",
    "candidates": [
        {
            "name": "Hengky Yaluwo",
            "description": "",
            "profilePic": "https://upload.wikimedia.org/wikipedia/commons/thumb/0/05/Hengky_Yaluwo.jpg/97px-Hengky_Yaluwo.jpg",
            "title": "Bupati",
            "sites": {},
            "communityID": "ad994b43-b3d8-4c87-8d99-8b7870ded768"
        },
        {
            "name": "Lexi Romel Wagiu",
            "description": "Lexi Romel Wagiu adalah seorang politikus Indonesia yang maju dalam pemilihan umum Bupati Boven Digoel 2020 dan diangkat menjadi Wakil Bupati Boven Digoel pada 13 Oktober 2021.[1] Ia sebelumnya menjabat sebagai Quality Control Produksi PT Korindo Group Kab. Merauke (1997-1998), Operator Alat Produksi PT Intraco Penta Kab. Merauke (1998-2000), Operator \u2013 Mandor PT Purnama Raya Kab. Merauke (2000-2003), Wakil Direktur CV Romando Sport Digoel (2006-2019), dan terakhir Direktur Utama PT Expa Mandiri Kab. Boven Digul (2009-2019). Ia juga diangkat menjadi Ketua Bidang Persatuan Bola Voli Seluruh Indonesia (PBVSI) Boven Digoel.[2]\n",
            "profilePic": "https://upload.wikimedia.org/wikipedia/commons/b/b1/Wakil_Bupati_Kabupaten_Boven_Digoel_Lexi_Romel_Wagiu.jpg",
            "title": "Wakil Bupati",
            "sites": {
                "name": "Wikipedia",
                "url": "https://id.wikipedia.org/wiki/Lexi_Romel_Wagiu"
            },
            "communityID": "ad994b43-b3d8-4c87-8d99-8b7870ded768"
        }
    ]
}