{
    "title": "Bupati dan Wakil Bupati Kabupaten Banjarnegara",
    "source": "https://id.wikipedia.org/wiki/Daftar_kepala_daerah_dan_wakil_kepala_daerah_petahana_di_Jawa_Tengah",
    "region": "Kabupaten Banjarnegara",
    "level": "KABUPATEN",
    "path": "kabupaten-banjarnegara",
    "communityID": "97aed613-e5d0-400c-b8f2-602593baeba2",
    "candidates": [
        {
            "name": "Muhamad Masrofi",
            "description": "",
            "profilePic": "https://upload.wikimedia.org/wikipedia/commons/thumb/d/d1/Tiada_gambar_tersedia.svg/135px-Tiada_gambar_tersedia.svg.png",
            "title": "Bupati (PJ)",
            "sites": {},
            "communityID": "97aed613-e5d0-400c-b8f2-602593baeba2"
        }
    ]
}