{
    "title": "Bupati dan Wakil Bupati Kabupaten Sukamara",
    "source": "https://id.wikipedia.org/wiki/Daftar_kepala_daerah_dan_wakil_kepala_daerah_petahana_di_Kalimantan_Tengah",
    "region": "Kabupaten Sukamara",
    "level": "KABUPATEN",
    "path": "kabupaten-sukamara",
    "communityID": "b1500e0e-e748-4a52-9db1-2f382b40afbb",
    "candidates": [
        {
            "name": "Kaspinor",
            "description": "Kaspinor (lahir 20 Oktober 1964) adalah seorang birokrat Indonesia. Ia lahir dari pasangan Kasrani dan Kurdiah di Dumai. Ia menempuh pendidikan Universitas Palangka Raya (UPR), lulus S1 tahun 1989 dan S2 lulus tahun 2015. Kemudian, ia meneruskan pendidikan S3 di Universitas Muhammadiyah Malang (UMM) dan lulus pada 2021. Ia berkarir sebagai Pj Sekwan DPRD Sukamara pada tahun 2002-2006, Kepala Dinas Pengelolaan Keuangan dan Aset Daerah (DPKAD) Sukamara pada tahun 2008-2010 dan Wakil Ketua Ikatan Cendekiawan Muslim Indonesia (ICMI) Kalimantan Tengah.[1] Pada 2023, ia diangkat menjadi Penjabat (Pj) bupati Sukamara.[2]\n",
            "profilePic": "https://upload.wikimedia.org/wikipedia/commons/7/76/Kaspinor.jpg",
            "title": "Bupati (PJ)",
            "sites": {
                "name": "Wikipedia",
                "url": "https://id.wikipedia.org/wiki/Kaspinor"
            },
            "communityID": "b1500e0e-e748-4a52-9db1-2f382b40afbb"
        }
    ]
}