{
    "title": "Bupati dan Wakil Bupati Kabupaten Pamekasan",
    "source": "https://id.wikipedia.org/wiki/Daftar_kepala_daerah_dan_wakil_kepala_daerah_petahana_di_Jawa_Timur",
    "region": "Kabupaten Pamekasan",
    "level": "KABUPATEN",
    "path": "kabupaten-pamekasan",
    "communityID": "d2b444af-f809-4d2f-8716-6c726f484386",
    "candidates": [
        {
            "name": "Masrukin",
            "description": "Masrukin (lahir 4 November 1969) adalah seorang birokrat Indonesia. Ia merupakan lulusan magister di Universitas Brawijaya (UB) Malang. Pada 1996, ia lolos menjadi PNS. Pada 1998, ia diangkat menjadi penjabat (Pj) lurah Barurambat Timur, Kecamatan Pademawu. Pada 2001, ia diangkat menjadi lurah Bugih, Kecamatan Kota Pamekasan. Pada 2004, ia diangkat menjadi camat Tlanakan.\n",
            "profilePic": "https://upload.wikimedia.org/wikipedia/commons/1/12/Masrukin.jpg",
            "title": "Bupati (PJ)",
            "sites": {
                "name": "Wikipedia",
                "url": "https://id.wikipedia.org/wiki/Masrukin"
            },
            "communityID": "d2b444af-f809-4d2f-8716-6c726f484386"
        }
    ]
}