{
    "title": "Bupati dan Wakil Bupati Kabupaten Sarolangun",
    "source": "https://id.wikipedia.org/wiki/Daftar_kepala_daerah_dan_wakil_kepala_daerah_petahana_di_Jambi",
    "region": "Kabupaten Sarolangun",
    "level": "KABUPATEN",
    "path": "kabupaten-sarolangun",
    "communityID": "e9922210-a330-481c-82a3-9c8aa725ea22",
    "candidates": [
        {
            "name": "Bachril Bakri",
            "description": "",
            "profilePic": "https://upload.wikimedia.org/wikipedia/commons/thumb/e/e4/Dr._Ir._Bachril_Bakri%2C_M.App.Sc.jpg/100px-Dr._Ir._Bachril_Bakri%2C_M.App.Sc.jpg",
            "title": "Bupati (PJ)",
            "sites": {},
            "communityID": "e9922210-a330-481c-82a3-9c8aa725ea22"
        }
    ]
}