{
    "title": "Bupati dan Wakil Bupati Kabupaten Sikka",
    "source": "https://id.wikipedia.org/wiki/Daftar_kepala_daerah_dan_wakil_kepala_daerah_petahana_di_Nusa_Tenggara_Timur",
    "region": "Kabupaten Sikka",
    "level": "KABUPATEN",
    "path": "kabupaten-sikka",
    "communityID": "e9598d63-317d-432e-9e1d-e6f03b14c971",
    "candidates": [
        {
            "name": "Adrianus Firminus Parera",
            "description": "\n",
            "profilePic": "https://upload.wikimedia.org/wikipedia/commons/e/e0/Adrianus_Firminus.jpg",
            "title": "Bupati (PJ)",
            "sites": {
                "name": "Wikipedia",
                "url": "https://id.wikipedia.org/wiki/Adrianus_Firminus"
            },
            "communityID": "e9598d63-317d-432e-9e1d-e6f03b14c971"
        }
    ]
}