{
    "title": "Bupati dan Wakil Bupati Kabupaten Lombok Barat",
    "source": "https://id.wikipedia.org/wiki/Daftar_kepala_daerah_dan_wakil_kepala_daerah_petahana_di_Nusa_Tenggara_Barat",
    "region": "Kabupaten Lombok Barat",
    "level": "KABUPATEN",
    "path": "kabupaten-lombok-barat",
    "communityID": "29769be1-fd00-4910-916d-504827f876bf",
    "candidates": [
        {
            "name": "Ilham",
            "description": "",
            "profilePic": "https://upload.wikimedia.org/wikipedia/commons/thumb/8/8f/Pj._Bupati_Lombok_Barat_Ilham.jpg/121px-Pj._Bupati_Lombok_Barat_Ilham.jpg",
            "title": "Bupati (PJ)",
            "sites": {},
            "communityID": "29769be1-fd00-4910-916d-504827f876bf"
        }
    ]
}