{
    "title": "Bupati dan Wakil Bupati Kabupaten Pidie Jaya",
    "source": "https://id.wikipedia.org/wiki/Daftar_kepala_daerah_dan_wakil_kepala_daerah_petahana_di_Aceh",
    "region": "Kabupaten Pidie Jaya",
    "level": "KABUPATEN",
    "path": "kabupaten-pidie-jaya",
    "communityID": "e5dff4e4-2b8f-4f54-8392-626b70a83c33",
    "candidates": [
        {
            "name": "Jailani Beuramat",
            "description": "",
            "profilePic": "https://upload.wikimedia.org/wikipedia/commons/thumb/8/86/Jailani_Beuramat.jpg/113px-Jailani_Beuramat.jpg",
            "title": "Bupati (PJ)",
            "sites": {},
            "communityID": "e5dff4e4-2b8f-4f54-8392-626b70a83c33"
        }
    ]
}