{
    "title": "Bupati dan Wakil Bupati Kabupaten Kuningan",
    "source": "https://id.wikipedia.org/wiki/Daftar_kepala_daerah_dan_wakil_kepala_daerah_petahana_di_Jawa_Barat",
    "region": "Kabupaten Kuningan",
    "level": "KABUPATEN",
    "path": "kabupaten-kuningan",
    "communityID": "01d70edf-5ff0-4f7a-b759-f1674e2e0013",
    "candidates": [
        {
            "name": "Raden Iip Hidajat",
            "description": "Dr. Drs. H. Raden Iip Hidajat, M.Pd. (lahir 15 Desember 1964) adalah seorang birokrat Indonesia yang menjabat sebagai Kepala Badan Kesatuan Bangsa dan Politik Provinsi Jawa Barat dan sejak 4 Desember 2023, beliau dilantik sebagai Penjabat Bupati Kuningan oleh Penjabat Gubernur Jawa Barat, Bey Triadi Machmudin.[1]\n",
            "profilePic": "https://upload.wikimedia.org/wikipedia/commons/a/aa/Iip_Hidayat.jpg",
            "title": "Bupati (PJ)",
            "sites": {
                "name": "Wikipedia",
                "url": "https://id.wikipedia.org/wiki/Raden_Iip_Hidajat"
            },
            "communityID": "01d70edf-5ff0-4f7a-b759-f1674e2e0013"
        }
    ]
}