{
    "title": "Bupati dan Wakil Bupati Kabupaten Dairi",
    "source": "https://id.wikipedia.org/wiki/Daftar_kepala_daerah_dan_wakil_kepala_daerah_petahana_di_Sumatera_Utara",
    "region": "Kabupaten Dairi",
    "level": "KABUPATEN",
    "path": "kabupaten-dairi",
    "communityID": "d4477f95-bb70-4bdf-86aa-76256b9c52e3",
    "candidates": [
        {
            "name": "Charles Surung Bantjin",
            "description": "",
            "profilePic": "https://upload.wikimedia.org/wikipedia/commons/thumb/d/d1/Tiada_gambar_tersedia.svg/135px-Tiada_gambar_tersedia.svg.png",
            "title": "Bupati (PJ)",
            "sites": {},
            "communityID": "d4477f95-bb70-4bdf-86aa-76256b9c52e3"
        }
    ]
}