{
    "title": "Bupati dan Wakil Bupati Kabupaten Bangli",
    "source": "https://id.wikipedia.org/wiki/Daftar_kepala_daerah_dan_wakil_kepala_daerah_petahana_di_Bali",
    "region": "Kabupaten Bangli",
    "level": "KABUPATEN",
    "path": "kabupaten-bangli",
    "communityID": "c0530832-d91c-4af3-950a-f89712780450",
    "candidates": [
        {
            "name": "Sang Nyoman Sedana Arta",
            "description": "Sang Nyoman Sedana Arta, S.E. (lahir 15 November 1972) adalah seorang politikus Bali yang menjabat sebagai Bupati Bangli pada periode 2021-2024 serta Wakil Bupati Bangli pada periode 2010-2015 dan 2016-2021 mendampingi I Made Gianyar.\n",
            "profilePic": "https://upload.wikimedia.org/wikipedia/commons/thumb/1/1e/Sang_Nyoman_Sedana_Arta.jpg/107px-Sang_Nyoman_Sedana_Arta.jpg",
            "title": "Bupati",
            "sites": {
                "name": "Wikipedia",
                "url": "https://id.wikipedia.org/wiki/Sang_Nyoman_Sedana_Arta"
            },
            "communityID": "c0530832-d91c-4af3-950a-f89712780450"
        },
        {
            "name": "I Wayan Diar",
            "description": "I Wayan Diar, S.ST. Par. (lahir 4 Oktober 1972) adalah politisi PDI Perjuangan yang sempat menjabat sebagai Ketua DPRD Kabupaten Bangli sejak 16 September 2019[1] sampai akhirnya mengundurkan diri dikarenakan maju dalam Pilkada Bangli 2020. Ia maju mendampingi Sang Nyoman Sedana Arta sebagai Wakil Bupati Bangli yang diusung PDI Perjuangan, Partai Demokrat, Partai Gerindra, Partai Hanura dan PKPI.[2]\n",
            "profilePic": "https://upload.wikimedia.org/wikipedia/commons/thumb/3/36/I_Wayan_Diar.jpg/112px-I_Wayan_Diar.jpg",
            "title": "Wakil Bupati",
            "sites": {
                "name": "Wikipedia",
                "url": "https://id.wikipedia.org/wiki/I_Wayan_Diar"
            },
            "communityID": "c0530832-d91c-4af3-950a-f89712780450"
        }
    ]
}