{
    "title": "Bupati dan Wakil Bupati Kabupaten Aceh Tenggara",
    "source": "https://id.wikipedia.org/wiki/Daftar_kepala_daerah_dan_wakil_kepala_daerah_petahana_di_Aceh",
    "region": "Kabupaten Aceh Tenggara",
    "level": "KABUPATEN",
    "path": "kabupaten-aceh-tenggara",
    "communityID": "5fe3e3f4-f832-4b5a-ae68-4c137d309f37",
    "candidates": [
        {
            "name": "Syakir",
            "description": "Drs. Syakir, M.Si. (lahir 12 Juli 1973) adalah seorang birokrat yang saat ini menjabat sebagai Pj. Bupati Aceh Tenggara sejak 11 Oktober 2022.[2][3]\n",
            "profilePic": "https://upload.wikimedia.org/wikipedia/commons/d/d6/Bupati_Aceh_Tenggara_Syakir.jpg",
            "title": "Bupati (PJ)",
            "sites": {
                "name": "Wikipedia",
                "url": "https://id.wikipedia.org/wiki/Syakir_(birokrat)"
            },
            "communityID": "5fe3e3f4-f832-4b5a-ae68-4c137d309f37"
        }
    ]
}