{
    "title": "Bupati dan Wakil Bupati Kabupaten Tangerang",
    "source": "https://id.wikipedia.org/wiki/Daftar_kepala_daerah_dan_wakil_kepala_daerah_petahana_di_Banten",
    "region": "Kabupaten Tangerang",
    "level": "KABUPATEN",
    "path": "kabupaten-tangerang",
    "communityID": "6462ac53-ad41-4a52-ab71-4b5aa10dab60",
    "candidates": [
        {
            "name": "Andi Ony Prihartono",
            "description": "Andi Ony Prihartono (lahir 16 Maret 1970) adalah seorang birokrat Indonesia kelahiran Semarang. Ia merupakan alumni Institut Pemerintahan Dalam Negeri (IPDN) angkatan 1990. Ia sempat menjabat sebagai Direktur Fasilitasi Pengembangan Kapasitas Aparatur Desa dan Kepala bagian perencanaan program di Kemendagri. Ia juga sempat menjabat sebagai pejabat eselon II Kepala Biro Administrasi Pimpinan Sekretariat Jenderal (Setjen) Kemendagri.\n",
            "profilePic": "https://upload.wikimedia.org/wikipedia/commons/f/fc/Andi_Ony_Prihartono%2C_Pj._Bupati_Tangerang.jpg",
            "title": "Bupati (PJ)",
            "sites": {
                "name": "Wikipedia",
                "url": "https://id.wikipedia.org/wiki/Andi_Ony_Prihartono"
            },
            "communityID": "6462ac53-ad41-4a52-ab71-4b5aa10dab60"
        }
    ]
}