{
    "title": "Bupati dan Wakil Bupati Kabupaten Tojo Una-Una",
    "source": "https://id.wikipedia.org/wiki/Daftar_kepala_daerah_dan_wakil_kepala_daerah_petahana_di_Sulawesi_Tengah",
    "region": "Kabupaten Tojo Una-Una",
    "level": "KABUPATEN",
    "path": "kabupaten-tojo-una-una",
    "communityID": "fe4b1fbf-19ce-4e81-a1fa-4e829d21b11f",
    "candidates": [
        {
            "name": "Mohammad Lahay",
            "description": "Mohammad Lahay, S.E., M.M. (lahir 24 Oktober 1961) adalah Bupati Tojo Una-Una periode 2016\u20132021 dan 2021\u20132024.[1] Ia menjabat untuk periode kedua sejak 30 April 2021 setelah dilantik Gubernur Sulawesi Tengah, Longki Djanggola di Ruang Polibu Kantor Gubernur Sulawesi Tengah, Palu.[2]\n",
            "profilePic": "https://upload.wikimedia.org/wikipedia/id/thumb/9/94/Mohammad_Lahay.png/114px-Mohammad_Lahay.png",
            "title": "Bupati",
            "sites": {
                "name": "Wikipedia",
                "url": "https://id.wikipedia.org/wiki/Mohammad_Lahay"
            },
            "communityID": "fe4b1fbf-19ce-4e81-a1fa-4e829d21b11f"
        }
    ]
}