{
    "title": "Bupati dan Wakil Bupati Kabupaten Minahasa Tenggara",
    "source": "https://id.wikipedia.org/wiki/Daftar_kepala_daerah_dan_wakil_kepala_daerah_petahana_di_Sulawesi_Utara",
    "region": "Kabupaten Minahasa Tenggara",
    "level": "KABUPATEN",
    "path": "kabupaten-minahasa-tenggara",
    "communityID": "10b6f66a-0bcc-41be-b007-b3ee59bbe071",
    "candidates": [
        {
            "name": "Ronald Sorongan",
            "description": "Ronald Sorongan adalah seorang birokrat asal Indonesia. Ia sempat menjabat selaku Kepala Dinas Koperasi, Usaha Kecil dan Menengah Daerah Provinsi Sulawesi Utara. Pada 2023, ia diangkat menjadi pelaksana jabatan Bupati Minahasa Tenggara.[1]\n",
            "profilePic": "https://upload.wikimedia.org/wikipedia/commons/7/72/Ronald_Sorongan.jpg",
            "title": "Bupati (PJ)",
            "sites": {
                "name": "Wikipedia",
                "url": "https://id.wikipedia.org/wiki/Ronald_Sorongan"
            },
            "communityID": "10b6f66a-0bcc-41be-b007-b3ee59bbe071"
        }
    ]
}