{
    "title": "Bupati dan Wakil Bupati Kabupaten Blitar",
    "source": "https://id.wikipedia.org/wiki/Daftar_kepala_daerah_dan_wakil_kepala_daerah_petahana_di_Jawa_Timur",
    "region": "Kabupaten Blitar",
    "level": "KABUPATEN",
    "path": "kabupaten-blitar",
    "communityID": "276fe734-974e-4b66-a71a-8edd80a46d54",
    "candidates": [
        {
            "name": "Rini Syarifah",
            "description": "Rini Syarifah (lahir 15 Mei 1977) adalah Bupati wanita pertama yang memimpin Kabupaten Blitar, beliau juga akrab di sapa Mak Rini (ibunya orang Blitar) yang mempunyai semboyan Maju Bersama Sejahtera Bersama. periode 2021\u20132024. Ia menjabat sejak 26 Februari 2021 setelah dilantik Gubernur Jawa Timur, Khofifah Indar Parawansa di Gedung Negara Grahadi, Surabaya.[1]\n",
            "profilePic": "https://upload.wikimedia.org/wikipedia/commons/1/1d/Bupati_Blitar_Rini_Syarifah.jpg",
            "title": "Bupati",
            "sites": {
                "name": "Wikipedia",
                "url": "https://id.wikipedia.org/wiki/Rini_Syarifah"
            },
            "communityID": "276fe734-974e-4b66-a71a-8edd80a46d54"
        }
    ]
}