{
    "title": "Bupati dan Wakil Bupati Kabupaten Bangka",
    "source": "https://id.wikipedia.org/wiki/Daftar_kepala_daerah_dan_wakil_kepala_daerah_petahana_di_Kepulauan_Bangka_Belitung",
    "region": "Kabupaten Bangka",
    "level": "KABUPATEN",
    "path": "kabupaten-bangka",
    "communityID": "81f49796-5fd1-4bd3-8f31-43ac361fdaed",
    "candidates": [
        {
            "name": "Muhammad Haris",
            "description": "",
            "profilePic": "https://upload.wikimedia.org/wikipedia/commons/thumb/8/84/Muhammad_Haris_Bangka.jpg/126px-Muhammad_Haris_Bangka.jpg",
            "title": "Bupati (PJ)",
            "sites": {},
            "communityID": "81f49796-5fd1-4bd3-8f31-43ac361fdaed"
        }
    ]
}