{
    "title": "Bupati dan Wakil Bupati Kabupaten Purwakarta",
    "source": "https://id.wikipedia.org/wiki/Daftar_kepala_daerah_dan_wakil_kepala_daerah_petahana_di_Jawa_Barat",
    "region": "Kabupaten Purwakarta",
    "level": "KABUPATEN",
    "path": "kabupaten-purwakarta",
    "communityID": "be71758d-4d23-42dc-91eb-59347a59595e",
    "candidates": [
        {
            "name": "Benny Irwan",
            "description": "Drs. Benny Irwan, M.Si., M.A. (lahir 23 Januari 1973) adalah seorang birokrat Indonesia kelahiran Payakumbuh, Sumatra Barat. Ia menempuh pendidikan formal S1 Politik Pemerintahan, S2 Ilmu Pemerintahan dan Pemberdayaan Masyarakat, serta program Doktoral di bidang Kebijakan Publik. Ia merupakan lulusan dari Universitas La Trobe, Australia. Ia sempat menjabat sebagai Direktur Fasilitasi Keuangan dan Aset Pemerintahan Desa pada Ditjen Bina Pemerintahan Desa dan Kepala Pusat Penerangan (Kapuspen) Kementerian Dalam Negeri (Kemendagri). Pada 2023, ia diangkat menjadi Penjabat Bupati Purwakarta.[1]\n",
            "profilePic": "https://upload.wikimedia.org/wikipedia/commons/2/2c/Benny_Irwan.jpg",
            "title": "Bupati (PJ)",
            "sites": {
                "name": "Wikipedia",
                "url": "https://id.wikipedia.org/wiki/Benny_Irwan"
            },
            "communityID": "be71758d-4d23-42dc-91eb-59347a59595e"
        }
    ]
}