{
    "title": "Bupati dan Wakil Bupati Kabupaten Banyumas",
    "source": "https://id.wikipedia.org/wiki/Daftar_kepala_daerah_dan_wakil_kepala_daerah_petahana_di_Jawa_Tengah",
    "region": "Kabupaten Banyumas",
    "level": "KABUPATEN",
    "path": "kabupaten-banyumas",
    "communityID": "41dc1c7c-411b-4446-ae51-ef7f50b88bed",
    "candidates": [
        {
            "name": "Hanung Cahyo Saputro",
            "description": "Hanung Cahyo Saputro (lahir 14 Juli 1980) adalah seorang birokrat Indonesia kelahiran Wonogiri. Pada 2009, ia menyelesaikan S2 di Jurusan Administrasi Publik Universitas Gajah Mada (UGM) Yogyakarta. Pada 2011, ia lulus dari Institut Pemerintahan Dalam Negeri (IPDN). Ia kemudian menjabat sebagai Kepala Biro Umum, Kepala Bagian Tata Usaha dan Rumah Tangga Pimpinan, Kepala Bagian Rumah Tangga Sekertariat Daerah serta Kepala Bagian Humas dan Protokol. Pada 2023, ia diangkat menjadi pelaksana jabatan Bupati Banyumas.[1]\n",
            "profilePic": "https://upload.wikimedia.org/wikipedia/commons/3/34/Hanung_Cahyo_Saputro.jpg",
            "title": "Bupati (PJ)",
            "sites": {
                "name": "Wikipedia",
                "url": "https://id.wikipedia.org/wiki/Hanung_Cahyo_Saputro"
            },
            "communityID": "41dc1c7c-411b-4446-ae51-ef7f50b88bed"
        }
    ]
}