{
    "title": "Bupati dan Wakil Bupati Kabupaten Karawang",
    "source": "https://id.wikipedia.org/wiki/Daftar_kepala_daerah_dan_wakil_kepala_daerah_petahana_di_Jawa_Barat",
    "region": "Kabupaten Karawang",
    "level": "KABUPATEN",
    "path": "kabupaten-karawang",
    "communityID": "4769a045-bdb0-4556-9576-8f78b820316a",
    "candidates": [
        {
            "name": "Aep Syaepuloh",
            "description": "H. Aep Syaepuloh, S.E. (lahir 7 Oktober 1978) memiliki latar belakang sebagai pengusaha yang terjun ke dunia politik. Saat ini, dia menjabat sebagai Bupati Karawang sejak 4 Desember 2023 menggantikan Cellica Nurrachadiana yang mengundurkan diri dari jabatan Bupati Karawang. Sebelumnya, ia merupakan Wakil Bupati Karawang periode 2021\u20132023 bersama dr. Hj. Cellica Nurrachadiana dalam Pilbup Karawang 2020.\n",
            "profilePic": "https://upload.wikimedia.org/wikipedia/commons/0/03/Bupati_Karawang_Aep_Syaepuloh.jpg",
            "title": "Bupati",
            "sites": {
                "name": "Wikipedia",
                "url": "https://id.wikipedia.org/wiki/Aep_Syaepuloh"
            },
            "communityID": "4769a045-bdb0-4556-9576-8f78b820316a"
        }
    ]
}