{
    "title": "Bupati dan Wakil Bupati Kabupaten Gunung Mas",
    "source": "https://id.wikipedia.org/wiki/Daftar_kepala_daerah_dan_wakil_kepala_daerah_petahana_di_Kalimantan_Tengah",
    "region": "Kabupaten Gunung Mas",
    "level": "KABUPATEN",
    "path": "kabupaten-gunung-mas",
    "communityID": "f1842bd1-347d-4eb3-9529-5cc104b6a8f2",
    "candidates": [
        {
            "name": "Herson B. Aden",
            "description": "",
            "profilePic": "https://upload.wikimedia.org/wikipedia/commons/thumb/d/d1/Tiada_gambar_tersedia.svg/135px-Tiada_gambar_tersedia.svg.png",
            "title": "Bupati (PJ)",
            "sites": {},
            "communityID": "f1842bd1-347d-4eb3-9529-5cc104b6a8f2"
        }
    ]
}