{
    "title": "Bupati dan Wakil Bupati Kabupaten Bekasi",
    "source": "https://id.wikipedia.org/wiki/Daftar_kepala_daerah_dan_wakil_kepala_daerah_petahana_di_Jawa_Barat",
    "region": "Kabupaten Bekasi",
    "level": "KABUPATEN",
    "path": "kabupaten-bekasi",
    "communityID": "0497251c-97fb-422a-bc37-8b75bef36dff",
    "candidates": [
        {
            "name": "Dani Ramdan",
            "description": "Dr. H. Dani Ramdan, M.T. (lahir 1 Desember 1969) adalah seorang birokrat Indonesia. Lahir di Garut, lulusan Akademi Pemerintahan Dalam Negeri (APDN) atau sekarang dikenal dengan Institut Pemerintahan Dalam Negeri (IPDN) tahun 1991.\n",
            "profilePic": "https://upload.wikimedia.org/wikipedia/commons/d/d0/Dani_Ramdan.jpg",
            "title": "Bupati (PJ)",
            "sites": {
                "name": "Wikipedia",
                "url": "https://id.wikipedia.org/wiki/Dani_Ramdan"
            },
            "communityID": "0497251c-97fb-422a-bc37-8b75bef36dff"
        }
    ]
}