{
    "title": "Bupati dan Wakil Bupati Kabupaten Wajo",
    "source": "https://id.wikipedia.org/wiki/Daftar_kepala_daerah_dan_wakil_kepala_daerah_petahana_di_Sulawesi_Selatan",
    "region": "Kabupaten Wajo",
    "level": "KABUPATEN",
    "path": "kabupaten-wajo",
    "communityID": "9ffdda80-a7f4-45e9-9598-008aa2c63ab9",
    "candidates": [
        {
            "name": "Andi Bataralifu",
            "description": "Andi Bataralifu (lahir 6 September 1971) adalah seorang birokrat Indonesia kelahiran Wajo. Ia menyelesaikan pendidikan sarjananya di Institut Ilmu Pemerintahan Jakarta dengan jurusan Ilmu Pemerintahan. Kemudian, ia menjalani pendidikan magister di Universitas Hasanuddin dengan jurusan Ilmu Perencanaan Kota dan Daerah. Pada 21 Februari 2024, ia diangkat menjadi pelaksana jabatan bupati Wajo.[1]\n",
            "profilePic": "https://upload.wikimedia.org/wikipedia/commons/thumb/8/83/Andi_batara_lifu.png/1200px-Andi_batara_lifu.png",
            "title": "Bupati (PJ)",
            "sites": {
                "name": "Wikipedia",
                "url": "https://id.wikipedia.org/wiki/Andi_Bataralifu"
            },
            "communityID": "9ffdda80-a7f4-45e9-9598-008aa2c63ab9"
        }
    ]
}