{
    "title": "Bupati dan Wakil Bupati Kabupaten Ciamis",
    "source": "https://id.wikipedia.org/wiki/Daftar_kepala_daerah_dan_wakil_kepala_daerah_petahana_di_Jawa_Barat",
    "region": "Kabupaten Ciamis",
    "level": "KABUPATEN",
    "path": "kabupaten-ciamis",
    "communityID": "5d6e5446-6959-41b5-b03a-9a35570f119f",
    "candidates": [
        {
            "name": "Engkus Sutisna",
            "description": "H. Engkus Sutisna, S.T., M.T. (lahir 8 Oktober 1964) adalah seorang birokrat Indonesia yang sejak 20 April 2024 dilantik sebagai Penjabat Bupati Ciamis oleh Penjabat Gubernur Jawa Barat, Bey Triadi Machmudin. Engkus Sutisna juga menjabat sebagai Staf Ahli Gubernur Bidang Pemerintahan, Hukum, dan Politik Pemerintah Provinsi Jawa Barat.[1]\n",
            "profilePic": "https://upload.wikimedia.org/wikipedia/id/b/b2/Engkus_Sutisna_Pj_Bupati_Ciamis.jpg",
            "title": "Bupati (PJ)",
            "sites": {
                "name": "Wikipedia",
                "url": "https://id.wikipedia.org/wiki/Engkus_Sutisna"
            },
            "communityID": "5d6e5446-6959-41b5-b03a-9a35570f119f"
        }
    ]
}