{
    "title": "Bupati dan Wakil Bupati Kabupaten Rote Ndao",
    "source": "https://id.wikipedia.org/wiki/Daftar_kepala_daerah_dan_wakil_kepala_daerah_petahana_di_Nusa_Tenggara_Timur",
    "region": "Kabupaten Rote Ndao",
    "level": "KABUPATEN",
    "path": "kabupaten-rote-ndao",
    "communityID": "13a7ea6d-8b2f-457f-ad02-a2abe8d98059",
    "candidates": [
        {
            "name": "Oder Maks Sombu",
            "description": "",
            "profilePic": "https://upload.wikimedia.org/wikipedia/commons/thumb/6/6f/GAMBAR_TIDAK_TERSEDIA.png/144px-GAMBAR_TIDAK_TERSEDIA.png",
            "title": "Bupati (PJ)",
            "sites": {},
            "communityID": "13a7ea6d-8b2f-457f-ad02-a2abe8d98059"
        }
    ]
}