{
    "title": "Bupati dan Wakil Bupati Kabupaten Sarmi",
    "source": "https://id.wikipedia.org/wiki/Daftar_kepala_daerah_dan_wakil_kepala_daerah_petahana_di_Papua",
    "region": "Kabupaten Sarmi",
    "level": "KABUPATEN",
    "path": "kabupaten-sarmi",
    "communityID": "42965873-1814-4086-a2ef-118d1cc92a4e",
    "candidates": [
        {
            "name": "Markus Oktovianus Mansnembra",
            "description": "Markus Oktovianus Mansnembra, SH. MM. adalah seorang birokrat Indonesia. Ia sempat menjabat sebagai Sekretaris Daerah Kabupaten Biak Numfor. Pada 2022, ia diangkat menjadi pelaksana jabatan Bupati Sarmi.[1]\n",
            "profilePic": "https://upload.wikimedia.org/wikipedia/commons/b/b5/Markus_Oktovianus_Mansnembra.jpg",
            "title": "Bupati (PJ)",
            "sites": {
                "name": "Wikipedia",
                "url": "https://id.wikipedia.org/wiki/Markus_Oktovianus_Mansnembra"
            },
            "communityID": "42965873-1814-4086-a2ef-118d1cc92a4e"
        }
    ]
}