{
    "title": "Bupati dan Wakil Bupati Kabupaten Enrekang",
    "source": "https://id.wikipedia.org/wiki/Daftar_kepala_daerah_dan_wakil_kepala_daerah_petahana_di_Sulawesi_Selatan",
    "region": "Kabupaten Enrekang",
    "level": "KABUPATEN",
    "path": "kabupaten-enrekang",
    "communityID": "76e5310c-d0c5-447d-a491-12d47c6ed7f4",
    "candidates": [
        {
            "name": "Baba",
            "description": "Baba (lahir 31 Desember 1968) adalah seorang birokrat Indonesia kelahiran Enrekang, Sulawesi Selatan. Ia sempat menjabat sebagai Asisten Perekonomian dan Pembangunan Setda Enrekang dari 2014 sampai 2016, Plh Bupati Enrekang 2018, serta Pelaksana Harian (Plh) Sekda Enrekang pada tahun 2019. Dari 2016 sampai 2020, ia menjabat sebagai Kepala Badan Perencanaan Pembangunan Daerah (Bappeda) Enrekang, kemudian menjadi Sekda Kabupaten Enrekang dari 2020 sampai 2023.\n",
            "profilePic": "https://upload.wikimedia.org/wikipedia/commons/1/17/Pj_Bupati_Enrekang_Baba.jpg",
            "title": "Bupati (PJ)",
            "sites": {
                "name": "Wikipedia",
                "url": "https://id.wikipedia.org/wiki/Baba_(birokrat)"
            },
            "communityID": "76e5310c-d0c5-447d-a491-12d47c6ed7f4"
        }
    ]
}