{
    "title": "Bupati dan Wakil Bupati Kabupaten Polewali Mandar",
    "source": "https://id.wikipedia.org/wiki/Daftar_kepala_daerah_dan_wakil_kepala_daerah_petahana_di_Sulawesi_Barat",
    "region": "Kabupaten Polewali Mandar",
    "level": "KABUPATEN",
    "path": "kabupaten-polewali-mandar",
    "communityID": "925a2bcf-b8e6-4d98-a39c-c834d5756f78",
    "candidates": [
        {
            "name": "Muhammad Ilham Borahima",
            "description": "",
            "profilePic": "https://upload.wikimedia.org/wikipedia/commons/thumb/b/b2/Ilham_Borahima.jpg/118px-Ilham_Borahima.jpg",
            "title": "Bupati (PJ)",
            "sites": {},
            "communityID": "925a2bcf-b8e6-4d98-a39c-c834d5756f78"
        }
    ]
}