{
    "title": "Bupati dan Wakil Bupati Kabupaten Minahasa Selatan",
    "source": "https://id.wikipedia.org/wiki/Daftar_kepala_daerah_dan_wakil_kepala_daerah_petahana_di_Sulawesi_Utara",
    "region": "Kabupaten Minahasa Selatan",
    "level": "KABUPATEN",
    "path": "kabupaten-minahasa-selatan",
    "communityID": "33149733-382e-415e-9601-24dbe1d17cd2",
    "candidates": [
        {
            "name": "Franky Donny Wongkar",
            "description": "Franky Donny Wongkar, S.H. (lahir 1 Februari 1966) adalah Bupati Minahasa Selatan periode 2021\u20132024. Ia menjabat sejak 26 Februari 2021 setelah dilantik Gubernur Sulawesi Utara, Olly Dondokambey di Graha Gubernuran H.V. Worang Bumi Beringin, Manado.[1]\n",
            "profilePic": "https://upload.wikimedia.org/wikipedia/commons/5/53/Bupati_Minahasa_Selatan_Franky_Donny_Wongkar.jpg",
            "title": "Bupati",
            "sites": {
                "name": "Wikipedia",
                "url": "https://id.wikipedia.org/wiki/Franky_Donny_Wongkar"
            },
            "communityID": "33149733-382e-415e-9601-24dbe1d17cd2"
        },
        {
            "name": "Petra Yani Rembang",
            "description": "Petra Yani Rembang atau PYR (lahir 13 Januari 1967) adalah seorang pendeta dan politikus Indonesia kelahiran Minahasa Selatan. Ia menempuh pendidikan di SD Matani, SMP Negeri Tumpaan, PGAK Tomohon di Amurang, dan Universitas Kristen Tomohon (UKIT). Ia menjabat sebagai wakil ketua Sinode Gereja Masehi Injili di Minahasa (GMIM) dan Wakil Bupati Minahasa Selatan mendampingi Franky Donny Wongkar selaku Bupati Minahasa Selatan. Pada pemilihan umum Bupati Minahasa Selatan 2020, ia didukung oleh lima partai, yaitu Partai Demokrasi Indonesia Perjuangan (PDIP), Partai Persatuan Indonesia (Perindo), Partai Gerakan Indonesia Raya (Gerinda), Partai Solidaritas Indonesia (PSI) dan Partai Kebangkitan Bangsa (PKB).[1]\n",
            "profilePic": "https://upload.wikimedia.org/wikipedia/commons/b/bc/Wakil_Bupati_Minahasa_Selatan_Petra_Yani_Rembang.jpg",
            "title": "Wakil Bupati",
            "sites": {
                "name": "Wikipedia",
                "url": "https://id.wikipedia.org/wiki/Petra_Yani_Rembang"
            },
            "communityID": "33149733-382e-415e-9601-24dbe1d17cd2"
        }
    ]
}