{
    "title": "Bupati dan Wakil Bupati Kabupaten Buton Selatan",
    "source": "https://id.wikipedia.org/wiki/Daftar_kepala_daerah_dan_wakil_kepala_daerah_petahana_di_Sulawesi_Tenggara",
    "region": "Kabupaten Buton Selatan",
    "level": "KABUPATEN",
    "path": "kabupaten-buton-selatan",
    "communityID": "da67aee1-9bbf-469e-b49d-709fd45ff376",
    "candidates": [
        {
            "name": "Parinringi",
            "description": "Parinringi (lahir 14 Oktober 1977) adalah seorang birokrat dan politikus Indonesia kelahiran Makassar, Sulawesi Selatan (Sulsel). Ia merupakan anak menantu Wakil Gubernur atau Wagub Sultra Lukman Abunawas. Ia menempuh pendidikan S2 di Jurusan Magister Ekonomi Pembangunan Universitas Gadjah Mada atau UGM Yogyakarta.\n",
            "profilePic": "https://upload.wikimedia.org/wikipedia/commons/thumb/7/7a/Bupati_Kolaka_Utara_Parinringi.webp/792px-Bupati_Kolaka_Utara_Parinringi.webp.png",
            "title": "Bupati (PJ)",
            "sites": {
                "name": "Wikipedia",
                "url": "https://id.wikipedia.org/wiki/Parinringi"
            },
            "communityID": "da67aee1-9bbf-469e-b49d-709fd45ff376"
        }
    ]
}