{
    "title": "Bupati dan Wakil Bupati Kabupaten Jeneponto",
    "source": "https://id.wikipedia.org/wiki/Daftar_kepala_daerah_dan_wakil_kepala_daerah_petahana_di_Sulawesi_Selatan",
    "region": "Kabupaten Jeneponto",
    "level": "KABUPATEN",
    "path": "kabupaten-jeneponto",
    "communityID": "828920b8-5fb6-4c71-8b38-4e12eae33196",
    "candidates": [
        {
            "name": "Junaedi Bakri",
            "description": "Junaedi Bakri S.Sos (lahir 01 Juni 1976)[1]ia Adalah Penjabat Bupati Jeneponto menggantikan Iksan Iskandar yang Telah Menjabat Bupati Jeneponto Ke-DuaNya Diketahui, pelantikan Pj Bupati Pj Bupati Jeneponto akan bersamaan dengan Pj Bupati Pj Bupati Sidrap  Ia Sebelum Penjabat Bupati Jeneponto Ia Dulunya Sekretaris Badan Perencanaan Pembangunan, Penelitian, dan Pengembangan Daerah\n",
            "profilePic": "https://upload.wikimedia.org/wikipedia/commons/b/b3/Junaedi_B.jpg",
            "title": "Bupati (PJ)",
            "sites": {
                "name": "Wikipedia",
                "url": "https://id.wikipedia.org/wiki/Junaedi_Bakri"
            },
            "communityID": "828920b8-5fb6-4c71-8b38-4e12eae33196"
        }
    ]
}