{
    "title": "Bupati dan Wakil Bupati Kabupaten Tanah Bumbu",
    "source": "https://id.wikipedia.org/wiki/Daftar_kepala_daerah_dan_wakil_kepala_daerah_petahana_di_Kalimantan_Selatan",
    "region": "Kabupaten Tanah Bumbu",
    "level": "KABUPATEN",
    "path": "kabupaten-tanah-bumbu",
    "communityID": "eb873b2a-422d-4931-883d-c9402d791cc7",
    "candidates": [
        {
            "name": "Zairullah Azhar",
            "description": "dr. H. M. Zairullah Azhar, M.Sc. (lahir 2 April 1954) adalah seorang dokter dan politikus Indonesia. Saat ini, ia menjabat sebagai Bupati Tanah Bumbu sejak 2021 dan dari 2005 hingga 2010. Sebelumnya, ia menjabat sebagai Anggota DPR-RI dari 2019 hingga 2020 mewakili daerah pemilihan Kalimantan Selatan II dan digantikan oleh Heru Widodo. Ia juga pernah menjadi Anggota DPR dari 2014 hingga 2015 dan digantikan oleh Abdul Latief Hanafiah, dimana ia mengundurkan diri untuk maju sebagai calon Gubernur Kalimantan Selatan.[1]\n",
            "profilePic": "https://upload.wikimedia.org/wikipedia/commons/thumb/9/9f/Bupati_Tanah_Bumbu_Zairullah_Azhar.jpg/1200px-Bupati_Tanah_Bumbu_Zairullah_Azhar.jpg",
            "title": "Bupati",
            "sites": {
                "name": "Wikipedia",
                "url": "https://id.wikipedia.org/wiki/Zairullah_Azhar"
            },
            "communityID": "eb873b2a-422d-4931-883d-c9402d791cc7"
        },
        {
            "name": "Muhammad Rusli",
            "description": "H.  Muhammad Rusli, S.Sos. (lahir 3 Juli 1968) adalah seorang aparatur sipil negara dan politikus Indoonesia la sempat menjabat selaku Kepala Sarana dan Prasarana Dinas Tanaman Pangan dan Holtikultura Provinsi Kalimantan Selatan. Pada Pemilihan umum Bupati Tanah Bumbu 2020, ia terpilih menjadi Wakil Bupati Tanah Bumbu mendampingi Zairullah Azhar selaku Bupati Tanah Bumbu.[1]\n",
            "profilePic": "https://upload.wikimedia.org/wikipedia/commons/thumb/1/1c/H._Rusli_Wabup_Tanbu_Foto_%282%29.png/1200px-H._Rusli_Wabup_Tanbu_Foto_%282%29.png",
            "title": "Wakil Bupati",
            "sites": {
                "name": "Wikipedia",
                "url": "https://id.wikipedia.org/wiki/Muhammad_Rusli"
            },
            "communityID": "eb873b2a-422d-4931-883d-c9402d791cc7"
        }
    ]
}