{
    "title": "Bupati dan Wakil Bupati Kabupaten Toraja Utara",
    "source": "https://id.wikipedia.org/wiki/Daftar_kepala_daerah_dan_wakil_kepala_daerah_petahana_di_Sulawesi_Selatan",
    "region": "Kabupaten Toraja Utara",
    "level": "KABUPATEN",
    "path": "kabupaten-toraja-utara",
    "communityID": "43fb5efc-c6f9-4bb3-aee9-d2327537747b",
    "candidates": [
        {
            "name": "Yohanis Bassang",
            "description": "Yohanis Bassang, S.E., M.Si. (lahir 25 Desember 1973) yang biasa disapa Ombas / Papa Randa \n",
            "profilePic": "https://upload.wikimedia.org/wikipedia/commons/5/55/Bupati_Toraja_Utara_2021-2026.jpg",
            "title": "Bupati",
            "sites": {
                "name": "Wikipedia",
                "url": "https://id.wikipedia.org/wiki/Yohanis_Bassang"
            },
            "communityID": "43fb5efc-c6f9-4bb3-aee9-d2327537747b"
        },
        {
            "name": "Frederik Victor Palimbong",
            "description": "Frederik Victor Palimbong, S.T., M.Ak.(lahir 15 Agustus 1970) adalah Wakil Bupati Toraja Utara periode 2021\u20132024. Ia menjabat sejak 26 April 2021 setelah dilantik Gubernur Sulawesi Selatan, Andi Sudirman Sulaiman di Ruang Pola Kantor Gubernur Sulawesi Selatan, Makassar.[1]\n",
            "profilePic": "https://upload.wikimedia.org/wikipedia/commons/d/d1/Wakil_Bupati_Toraja_Utara_2021-2026.jpg",
            "title": "Wakil Bupati",
            "sites": {
                "name": "Wikipedia",
                "url": "https://id.wikipedia.org/wiki/Frederik_Victor_Palimbong"
            },
            "communityID": "43fb5efc-c6f9-4bb3-aee9-d2327537747b"
        }
    ]
}