{
    "title": "Bupati dan Wakil Bupati Kabupaten Maybrat",
    "source": "https://id.wikipedia.org/wiki/Daftar_kepala_daerah_dan_wakil_kepala_daerah_petahana_di_Papua_Barat_Daya",
    "region": "Kabupaten Maybrat",
    "level": "KABUPATEN",
    "path": "kabupaten-maybrat",
    "communityID": "1dd8c810-c33f-4be2-9089-687c489602ed",
    "candidates": [
        {
            "name": "Bernard E. Rondonuwu",
            "description": "Dr. Bernhard Eduard Rondonuwu, S.Sos., M.Si. (Lahir di Manado, 06 Desember 1970). merupakan birokrat lulusan IPDN angkatan pertama tahun 1992. \n",
            "profilePic": "https://upload.wikimedia.org/wikipedia/commons/d/d2/Bernard_E._Rondonuwu.jpg",
            "title": "Bupati (PJ)",
            "sites": {
                "name": "Wikipedia",
                "url": "https://id.wikipedia.org/wiki/Bernard_E._Rondonuwu"
            },
            "communityID": "1dd8c810-c33f-4be2-9089-687c489602ed"
        }
    ]
}