{
    "title": "Bupati dan Wakil Bupati Kabupaten Hulu Sungai Utara",
    "source": "https://id.wikipedia.org/wiki/Daftar_kepala_daerah_dan_wakil_kepala_daerah_petahana_di_Kalimantan_Selatan",
    "region": "Kabupaten Hulu Sungai Utara",
    "level": "KABUPATEN",
    "path": "kabupaten-hulu-sungai-utara",
    "communityID": "e316ffd0-d6f1-4ae4-bfd7-5ef9eac14994",
    "candidates": [
        {
            "name": "Zakly Asswan",
            "description": "",
            "profilePic": "https://upload.wikimedia.org/wikipedia/commons/thumb/d/d8/Zakly_Asswan.jpg/126px-Zakly_Asswan.jpg",
            "title": "Bupati (PJ)",
            "sites": {},
            "communityID": "e316ffd0-d6f1-4ae4-bfd7-5ef9eac14994"
        }
    ]
}