{
    "title": "Bupati dan Wakil Bupati Kabupaten Kulon Progo",
    "source": "https://id.wikipedia.org/wiki/Daftar_kepala_daerah_dan_wakil_kepala_daerah_petahana_di_Daerah_Istimewa_Yogyakarta",
    "region": "Kabupaten Kulon Progo",
    "level": "KABUPATEN",
    "path": "kabupaten-kulon-progo",
    "communityID": "090785fc-40af-4678-965c-3c37912644e5",
    "candidates": [
        {
            "name": "Srie Nurkyatsiwi",
            "description": "Srie Nurkyatsiwi adalah seorang birokrat Indonesia. Ia merupakan lulusan S1 Ekonomi Pertanian di Universitas Pembangunan Nasional Veteran Yogyakarta dan mendapatkan gelar Magister dari program studi Manajemen Agribisnis. Ia sempat menjabat sebagai Kepala Dinas Koperasi dan UKM DIY. Pada 2024, ia diangkat menjadi pelaksana jabatan Bupati Kulon Progo.[1]\n",
            "profilePic": "https://upload.wikimedia.org/wikipedia/commons/thumb/d/d1/Tiada_gambar_tersedia.svg/150px-Tiada_gambar_tersedia.svg.png",
            "title": "Bupati (PJ)",
            "sites": {
                "name": "Wikipedia",
                "url": "https://id.wikipedia.org/wiki/Srie_Nurkyatsiwi"
            },
            "communityID": "090785fc-40af-4678-965c-3c37912644e5"
        }
    ]
}