{
    "title": "Bupati dan Wakil Bupati Kabupaten Mamberamo Tengah",
    "source": "https://id.wikipedia.org/wiki/Daftar_kepala_daerah_dan_wakil_kepala_daerah_petahana_di_Papua_Pegunungan",
    "region": "Kabupaten Mamberamo Tengah",
    "level": "KABUPATEN",
    "path": "kabupaten-mamberamo-tengah",
    "communityID": "d98528aa-cf5c-4f4d-9c7f-6b911543c942",
    "candidates": [
        {
            "name": "Manogar Sirait",
            "description": "",
            "profilePic": "https://upload.wikimedia.org/wikipedia/commons/thumb/1/1e/Manogar_Sirait.jpg/88px-Manogar_Sirait.jpg",
            "title": "Bupati (PJ)",
            "sites": {},
            "communityID": "d98528aa-cf5c-4f4d-9c7f-6b911543c942"
        }
    ]
}