{
    "title": "Bupati dan Wakil Bupati Kabupaten Sidenreng Rappang",
    "source": "https://id.wikipedia.org/wiki/Daftar_kepala_daerah_dan_wakil_kepala_daerah_petahana_di_Sulawesi_Selatan",
    "region": "Kabupaten Sidenreng Rappang",
    "level": "KABUPATEN",
    "path": "kabupaten-sidenreng-rappang",
    "communityID": "75cda911-3e48-4d6c-a36b-6b40aab16805",
    "candidates": [
        {
            "name": "Basra",
            "description": "",
            "profilePic": "https://upload.wikimedia.org/wikipedia/commons/thumb/2/26/Pj_bupati_sidrap_basra.jpg/83px-Pj_bupati_sidrap_basra.jpg",
            "title": "Bupati (PJ)",
            "sites": {},
            "communityID": "75cda911-3e48-4d6c-a36b-6b40aab16805"
        }
    ]
}