{
    "title": "Bupati dan Wakil Bupati Kabupaten Agam",
    "source": "https://id.wikipedia.org/wiki/Daftar_kepala_daerah_dan_wakil_kepala_daerah_petahana_di_Sumatera_Barat",
    "region": "Kabupaten Agam",
    "level": "KABUPATEN",
    "path": "kabupaten-agam",
    "communityID": "39641eac-9ef8-4ce3-bb64-59150d0813ef",
    "candidates": [
        {
            "name": "Andri Warman",
            "description": "Dr. H. Andri Warman, S.Sos., M.M. (lahir 4 Januari 1963)[2] adalah dosen, pengusaha, dan politikus yang menjabat Bupati Agam periode 2021\u20132024. Sebelumnya, ia adalah Anggota DPRD Sumatera Barat Fraksi Partai Amanat Nasional (PAN) periode 2019\u20132020. Ia juga menjabat sebagai Ketua DPD PAN Kabupaten Agam.\n",
            "profilePic": "https://upload.wikimedia.org/wikipedia/commons/thumb/1/1e/Bupati_Agam_Andri_Warman.jpg/1200px-Bupati_Agam_Andri_Warman.jpg",
            "title": "Bupati",
            "sites": {
                "name": "Wikipedia",
                "url": "https://id.wikipedia.org/wiki/Andri_Warman"
            },
            "communityID": "39641eac-9ef8-4ce3-bb64-59150d0813ef"
        }
    ]
}