{
    "title": "Bupati dan Wakil Bupati Kabupaten Boyolali",
    "source": "https://id.wikipedia.org/wiki/Daftar_kepala_daerah_dan_wakil_kepala_daerah_petahana_di_Jawa_Tengah",
    "region": "Kabupaten Boyolali",
    "level": "KABUPATEN",
    "path": "kabupaten-boyolali",
    "communityID": "518ce4a5-7746-48c0-9d22-a2f430263613",
    "candidates": [
        {
            "name": "Said Hidayat",
            "description": "Mohammad Said Hidayat (lahir 7 September 1972) adalah Bupati Boyolali yang menjabat sejak 26 Februari 2021. Sebelumnya ia pernah menjabat sebagai Wakil Bupati Boyolali pada 2016\u20132021.[1] Ia memiliki latar belakang sebagai pengusaha bidang migas (agen minyak dan elpiji) di Boyolali dan anggota Badan Pengawas PDAM Boyolali.[1][2]\n",
            "profilePic": "https://upload.wikimedia.org/wikipedia/commons/thumb/a/a1/Official_Portrait_of_Said_Hidayat%2C_Regent_of_Boyolali.png/1200px-Official_Portrait_of_Said_Hidayat%2C_Regent_of_Boyolali.png",
            "title": "Bupati",
            "sites": {
                "name": "Wikipedia",
                "url": "https://id.wikipedia.org/wiki/Said_Hidayat"
            },
            "communityID": "518ce4a5-7746-48c0-9d22-a2f430263613"
        },
        {
            "name": "Wahyu Irawan",
            "description": "",
            "profilePic": "https://upload.wikimedia.org/wikipedia/commons/thumb/5/5e/Wahyu_Irawan_Boyolali.png/116px-Wahyu_Irawan_Boyolali.png",
            "title": "Wakil Bupati",
            "sites": {},
            "communityID": "518ce4a5-7746-48c0-9d22-a2f430263613"
        }
    ]
}