{
    "title": "Bupati dan Wakil Bupati Kabupaten Tulungagung",
    "source": "https://id.wikipedia.org/wiki/Daftar_kepala_daerah_dan_wakil_kepala_daerah_petahana_di_Jawa_Timur",
    "region": "Kabupaten Tulungagung",
    "level": "KABUPATEN",
    "path": "kabupaten-tulungagung",
    "communityID": "e156c5ca-56aa-4390-b107-914254702345",
    "candidates": [
        {
            "name": "Heru Suseno",
            "description": "Heru Suseno (lahir 11 Maret 1971) adalah seorang birokrat Indonesia kelahiran Sragen. ia sempat menjabat sebagai Kepala Dinas Perkebunan Jawa Timur. Pada 2023, ia diangkat menjadi pelaksana jabatan Bupati Tulungagung.[1]\n",
            "profilePic": "https://upload.wikimedia.org/wikipedia/commons/3/3c/Heru_Suseno.jpg",
            "title": "Bupati (PJ)",
            "sites": {
                "name": "Wikipedia",
                "url": "https://id.wikipedia.org/wiki/Heru_Suseno"
            },
            "communityID": "e156c5ca-56aa-4390-b107-914254702345"
        }
    ]
}