{
    "title": "Bupati dan Wakil Bupati Kabupaten Bantaeng",
    "source": "https://id.wikipedia.org/wiki/Daftar_kepala_daerah_dan_wakil_kepala_daerah_petahana_di_Sulawesi_Selatan",
    "region": "Kabupaten Bantaeng",
    "level": "KABUPATEN",
    "path": "kabupaten-bantaeng",
    "communityID": "b7794954-df1a-459c-a50e-6fb025556080",
    "candidates": [
        {
            "name": "Andi Abubakar",
            "description": "Andi Abubakar adalah seorang birokrat Indonesia kelahiran Kabupaten Bone, Sulawesi Selatan. Ia merupakan lulusan Program Sarjana dan Magister Universitas Hasanuddin Makassar. Dia menjalani Program Doktor Administrasi Publik di Universitas Negeri Makassar (UNM). Pada 2020, ia menjabat sebagai Asisten KASN Pengawasan Bidang Penerapan Sistem Merit Wilayah II. Pada 2023, ia diangkat menjadi Direktur SDM Kearsipan dan Sertifikasi Arsip Nasional Republik Indonesia (ANRI). Pada tahun yang sama, ia diangkat menjadi pelaksana jabatan Bupati Bantaeng.[1]\n",
            "profilePic": "https://upload.wikimedia.org/wikipedia/commons/6/65/Andi_Abu_Bakar.jpg",
            "title": "Bupati (PJ)",
            "sites": {
                "name": "Wikipedia",
                "url": "https://id.wikipedia.org/wiki/Andi_Abubakar"
            },
            "communityID": "b7794954-df1a-459c-a50e-6fb025556080"
        }
    ]
}