{
    "title": "Bupati dan Wakil Bupati Kabupaten Sijunjung",
    "source": "https://id.wikipedia.org/wiki/Daftar_kepala_daerah_dan_wakil_kepala_daerah_petahana_di_Sumatera_Barat",
    "region": "Kabupaten Sijunjung",
    "level": "KABUPATEN",
    "path": "kabupaten-sijunjung",
    "communityID": "e4045242-021d-40c2-835f-334d5af784d5",
    "candidates": [
        {
            "name": "Benny Dwifa Yuswir",
            "description": "Benny Dwifa Yuswir, S.STP., M.Si. (lahir 13 Januari 1986) adalah birokrat dan politikus Partai Golongan Karya (Golkar) yang menjabat sebagai Bupati Sijunjung periode 2021\u20132024. Ia terpilih menggantikan ayahnya, Yuswir Arifin, setelah memenangkan pemilihan umum Bupati Sijunjung 2020 atas empat kandidat lainnya.\n",
            "profilePic": "https://upload.wikimedia.org/wikipedia/commons/7/74/Bupati_Sijunjung_Benny_Dwifa_Yuswir.jpg",
            "title": "Bupati",
            "sites": {
                "name": "Wikipedia",
                "url": "https://id.wikipedia.org/wiki/Benny_Dwifa_Yuswir"
            },
            "communityID": "e4045242-021d-40c2-835f-334d5af784d5"
        },
        {
            "name": "Iraddatillah",
            "description": "H. Iraddatillah, S.Pt. (lahir 11 Oktober 1975) adalah politikus Partai Persatuan Pembangunan (PPP) yang menjabat sebagai Wakil Bupati Sijunjung periode 2021\u20132024. Sebelumnya, ia berkursi sebagai Anggota DPRD Sumatera Barat periode 2014\u20132019 dan Anggota DPRD Sijunjung sejak 1999 hingga 2014.\n",
            "profilePic": "https://upload.wikimedia.org/wikipedia/commons/8/87/Wakil_Bupati_Sijunjung_Iraddatillah.jpg",
            "title": "Wakil Bupati",
            "sites": {
                "name": "Wikipedia",
                "url": "https://id.wikipedia.org/wiki/Iraddatillah"
            },
            "communityID": "e4045242-021d-40c2-835f-334d5af784d5"
        }
    ]
}