{
    "title": "Bupati dan Wakil Bupati Kabupaten Magetan",
    "source": "https://id.wikipedia.org/wiki/Daftar_kepala_daerah_dan_wakil_kepala_daerah_petahana_di_Jawa_Timur",
    "region": "Kabupaten Magetan",
    "level": "KABUPATEN",
    "path": "kabupaten-magetan",
    "communityID": "ef331957-759a-4600-af25-d2dcee195074",
    "candidates": [
        {
            "name": "Hergunadi",
            "description": "Hergunadi adalah seorang birokrat Indonesia. Ia mengawali karier PNS-nya sebagai staf di seksi perencanaan dinas pekerjaan umum pada 1993. Pada 2008, ia diangkat nmenjadi kabid permukiman dan prasarana wilayah bappeda. Pada 2013, Hergunadi sempat menjabat kabag administrasi pembangunan, sebelum kemudian naik eselon II B sebagai kepala dinas pekerjaan umum dan penataan ruang (DPUPR). Pada 2020, ia dilantik menjadi sekda menggantikan Bambang Trianto yang purnatugas. Pada 24 September 2023, ia diangkat menjadi pelaksana jabatan bupati Magetan.[1]\n",
            "profilePic": "https://upload.wikimedia.org/wikipedia/commons/1/17/Hergunadi.jpg",
            "title": "Bupati (PJ)",
            "sites": {
                "name": "Wikipedia",
                "url": "https://id.wikipedia.org/wiki/Hergunadi"
            },
            "communityID": "ef331957-759a-4600-af25-d2dcee195074"
        }
    ]
}