{
    "title": "Bupati dan Wakil Bupati Kabupaten Kepulauan Sula",
    "source": "https://id.wikipedia.org/wiki/Daftar_kepala_daerah_dan_wakil_kepala_daerah_petahana_di_Maluku_Utara",
    "region": "Kabupaten Kepulauan Sula",
    "level": "KABUPATEN",
    "path": "kabupaten-kepulauan-sula",
    "communityID": "a72f5115-71cd-4183-96a6-7abe83deac0f",
    "candidates": [
        {
            "name": "Fifian Adeningsi Mus",
            "description": "Hj. Fifian Adeningsi Mus, S.H. (lahir 8 September 1984) adalah seorang politikus berkebangsaan Indonesia. Saat ini, ia memegang jabatan sebagai Bupati Kepulauan Sula untuk masa jabatan 2021\u20132024 dan menjadi bupati perempuan pertama yang menduduki jabatan tersebut.[1][2] Sebelumnya, ia merupakan pegawai negeri sipil dengan jabatan terakhir Kepala Dinas Pendidikan di Pulau Taliabu. Kemudian, ia terjun ke dunia politik sebagai kader Partai Golongan Karya (Golkar). Pada Mei 2022, Fifian memutuskan untuk berpindah partai ke Partai Demokrasi Indonesia Perjuangan (PDI-P).[3]\n",
            "profilePic": "https://upload.wikimedia.org/wikipedia/commons/8/86/Bupati_Kepulauan_Sula_Fifian_Adeningsih_Mus.jpg",
            "title": "Bupati",
            "sites": {
                "name": "Wikipedia",
                "url": "https://id.wikipedia.org/wiki/Fifian_Adeningsi_Mus"
            },
            "communityID": "a72f5115-71cd-4183-96a6-7abe83deac0f"
        },
        {
            "name": "Saleh Marasabessy",
            "description": "",
            "profilePic": "https://upload.wikimedia.org/wikipedia/commons/thumb/0/0a/Saleh_Marasabessy.jpg/126px-Saleh_Marasabessy.jpg",
            "title": "Wakil Bupati",
            "sites": {},
            "communityID": "a72f5115-71cd-4183-96a6-7abe83deac0f"
        }
    ]
}