{
    "title": "Bupati dan Wakil Bupati Kabupaten Sumba Tengah",
    "source": "https://id.wikipedia.org/wiki/Daftar_kepala_daerah_dan_wakil_kepala_daerah_petahana_di_Nusa_Tenggara_Timur",
    "region": "Kabupaten Sumba Tengah",
    "level": "KABUPATEN",
    "path": "kabupaten-sumba-tengah",
    "communityID": "d08e9dc0-7ea8-4514-8c2b-f759b7e2dd91",
    "candidates": [
        {
            "name": "Jusuf Lery Rupidara",
            "description": "Dr. Drs. Jusuf Lery Rupidara, M.Si adalah seorang birokrat Indonesia. Ia sempat menjabat sebagai Kepala Biro Ekonomi dan Administrasi Pembangunan Sekretariat Daerah Nusa Tenggara Timur. Pada 2023, ia menjabat sebagai pelaksana jabatan Bupati Sumba Tengah.[1]\n",
            "profilePic": "https://upload.wikimedia.org/wikipedia/commons/thumb/6/6f/GAMBAR_TIDAK_TERSEDIA.png/120px-GAMBAR_TIDAK_TERSEDIA.png",
            "title": "Bupati (PJ)",
            "sites": {
                "name": "Wikipedia",
                "url": "https://id.wikipedia.org/wiki/Jusuf_Lery_Rupidara"
            },
            "communityID": "d08e9dc0-7ea8-4514-8c2b-f759b7e2dd91"
        }
    ]
}