{
    "title": "Bupati dan Wakil Bupati Kabupaten Alor",
    "source": "https://id.wikipedia.org/wiki/Daftar_kepala_daerah_dan_wakil_kepala_daerah_petahana_di_Nusa_Tenggara_Timur",
    "region": "Kabupaten Alor",
    "level": "KABUPATEN",
    "path": "kabupaten-alor",
    "communityID": "d9fae599-3580-4c33-9adf-f69464efeb46",
    "candidates": [
        {
            "name": "Zeth Sony Libing",
            "description": "Zeth Sony Libing (lahir 13 Juli 1968) adalah seorang birokrat Indonesia kelahiran Latuna. Ia sempat menjabat sebagai Kepala Dinas Pariwisata dan Ekonomi Kreatif Provinsi NTT. Pada 2023, ia diangkat menjadi penjabat bupati Alor.[1]\n",
            "profilePic": "https://upload.wikimedia.org/wikipedia/commons/thumb/6/6f/GAMBAR_TIDAK_TERSEDIA.png/120px-GAMBAR_TIDAK_TERSEDIA.png",
            "title": "Bupati (PJ)",
            "sites": {
                "name": "Wikipedia",
                "url": "https://id.wikipedia.org/wiki/Zeth_Sony_Libing"
            },
            "communityID": "d9fae599-3580-4c33-9adf-f69464efeb46"
        }
    ]
}