{
    "title": "Bupati dan Wakil Bupati Kabupaten Kutai Kartanegara",
    "source": "https://id.wikipedia.org/wiki/Daftar_kepala_daerah_dan_wakil_kepala_daerah_petahana_di_Kalimantan_Timur",
    "region": "Kabupaten Kutai Kartanegara",
    "level": "KABUPATEN",
    "path": "kabupaten-kutai-kartanegara",
    "communityID": "e3c999f4-0e3e-4358-9a28-281ee82037f2",
    "candidates": [
        {
            "name": "Edi Damansyah",
            "description": "Drs. Edi Damansyah, M.Si. (lahir 2 Maret 1965) adalah bupati Kutai Kartanegara petahana yang saat ini menjabat untuk masa bakti 2019\u20132021. Sebelumnya ia menjabat sebagai wakil bupati Kutai Kartanegara periode 2016\u20132021 mendampingi Rita Widyasari. Pada 2017, ia menjadi pelaksana tugas bupati menggantikan Rita Widyasari.[1] Ia kemudian dilantik sebagai bupati definitif pada 14 Februari 2019.[2]\n",
            "profilePic": "https://upload.wikimedia.org/wikipedia/commons/b/b3/Wakil_Bupati_Kutai_Kartanegara_Edi_Damansyah.png",
            "title": "Bupati",
            "sites": {
                "name": "Wikipedia",
                "url": "https://id.wikipedia.org/wiki/Edi_Damansyah"
            },
            "communityID": "e3c999f4-0e3e-4358-9a28-281ee82037f2"
        },
        {
            "name": "Rendi Solihin",
            "description": "H. Rendi Solihin (lahir 11 Oktober 1991) adalah Wakil Bupati Kutai Kartanegara periode 2021\u20132024. Ia menjabat sejak 26 Februari 2021 setelah dilantik Gubernur Kalimantan Timur, Isran Noor secara daring.[1]\n",
            "profilePic": "https://upload.wikimedia.org/wikipedia/commons/thumb/6/64/Rendi_Solihin.jpg/107px-Rendi_Solihin.jpg",
            "title": "Wakil Bupati",
            "sites": {
                "name": "Wikipedia",
                "url": "https://id.wikipedia.org/wiki/Rendi_Solihin"
            },
            "communityID": "e3c999f4-0e3e-4358-9a28-281ee82037f2"
        }
    ]
}