{
    "title": "Bupati dan Wakil Bupati Kabupaten Aceh Timur",
    "source": "https://id.wikipedia.org/wiki/Daftar_kepala_daerah_dan_wakil_kepala_daerah_petahana_di_Aceh",
    "region": "Kabupaten Aceh Timur",
    "level": "KABUPATEN",
    "path": "kabupaten-aceh-timur",
    "communityID": "09b732a8-78e9-4c32-b08e-95a26e63ccdb",
    "candidates": [
        {
            "name": "Mahyuddin Syech Kalad",
            "description": "Mahyuddin Syech Kalad adalah seorang birokrat Indonesia yang lahir di Menasah Lhee pada tahun 1964. Ia merupakan alumni Fakultas Teknik Sipil Universitas Syiah Kuala. Pada 2008, ia menjabat sebagai Kabid di Dinas Kebersihan Aceh Timur. Pada 2010, ia menjabat sebagai Kepala Dinas PUPR Kota Langsa. Ia kemudian pindah tugas ke Kabupaten Aceh Timur dan menjabat sebagai Kepala Dinas PUPR Aceh Timur menggantikan Yusuf Adam.\n",
            "profilePic": "https://upload.wikimedia.org/wikipedia/commons/3/3b/Pj_Bupati_Mahyuddin.jpg",
            "title": "Bupati (PJ)",
            "sites": {
                "name": "Wikipedia",
                "url": "https://id.wikipedia.org/wiki/Mahyuddin_Syech_Kalad"
            },
            "communityID": "09b732a8-78e9-4c32-b08e-95a26e63ccdb"
        }
    ]
}