{
    "title": "Bupati dan Wakil Bupati Kabupaten Cirebon",
    "source": "https://id.wikipedia.org/wiki/Daftar_kepala_daerah_dan_wakil_kepala_daerah_petahana_di_Jawa_Barat",
    "region": "Kabupaten Cirebon",
    "level": "KABUPATEN",
    "path": "kabupaten-cirebon",
    "communityID": "0368d26c-2c6c-474f-a0e6-db141705dd67",
    "candidates": [
        {
            "name": "Wahyu Mijaya",
            "description": "Drs. H. Wahyu Mijaya, S.H., M.Si. (lahir 17 Juni 1973) adalah seorang birokrat Indonesia yang sejak 17 Mei 2024 dilantik sebagai Penjabat Bupati Cirebon oleh Penjabat Gubernur Jawa Barat, Bey Triadi Machmudin.[1] Wahyu Mijaya juga menjabat sebagai Kepala Dinas Pendidikan Provinsi Jawa Barat sejak 24 Februari 2023[2] menggantikan Dedi Supandi. Sebelumnya, Wahyu juga pernah dilantik menjadi Sekretaris Dinas Pendidikan Provinsi Jawa Barat oleh Gubernur Jawa Barat, Ridwan Kamil pada 9 Januari 2020[3]\n",
            "profilePic": "https://upload.wikimedia.org/wikipedia/commons/c/c9/Wahyu_Mijaya_Pj_Bupati_Cirebon.jpg",
            "title": "Bupati (PJ)",
            "sites": {
                "name": "Wikipedia",
                "url": "https://id.wikipedia.org/wiki/Wahyu_Mijaya"
            },
            "communityID": "0368d26c-2c6c-474f-a0e6-db141705dd67"
        }
    ]
}