{
    "title": "Bupati dan Wakil Bupati Kabupaten Muara Enim",
    "source": "https://id.wikipedia.org/wiki/Daftar_kepala_daerah_dan_wakil_kepala_daerah_petahana_di_Sumatera_Selatan",
    "region": "Kabupaten Muara Enim",
    "level": "KABUPATEN",
    "path": "kabupaten-muara-enim",
    "communityID": "da0cce78-161d-4fe4-8c25-0cbad99907d4",
    "candidates": [
        {
            "name": "Ahmad Rizali",
            "description": "Ahmad Rizali (lahir 19 November 1964) adalah seorang birokrat Indonesia kelahiran Palembang. Ia menempuh pendidikan S1 di Universitas Padjajaran jurusan sosial politik hubungan internasional dan S2 di Universitas Indonesia. Ia memulai karir menjadi CPNS pada tahun 1989 dan menjadi PNS pada 1991.\n",
            "profilePic": "https://upload.wikimedia.org/wikipedia/commons/0/01/Pj_Bupati_Ahmad_Rizali.jpg",
            "title": "Bupati (PJ)",
            "sites": {
                "name": "Wikipedia",
                "url": "https://id.wikipedia.org/wiki/Ahmad_Rizali"
            },
            "communityID": "da0cce78-161d-4fe4-8c25-0cbad99907d4"
        }
    ]
}