{
    "title": "Bupati dan Wakil Bupati Kabupaten Penajam Paser Utara",
    "source": "https://id.wikipedia.org/wiki/Daftar_kepala_daerah_dan_wakil_kepala_daerah_petahana_di_Kalimantan_Timur",
    "region": "Kabupaten Penajam Paser Utara",
    "level": "KABUPATEN",
    "path": "kabupaten-penajam-paser-utara",
    "communityID": "967962eb-ae42-4525-8309-4e274b2b77c3",
    "candidates": [
        {
            "name": "Makmur Marbun",
            "description": "",
            "profilePic": "https://upload.wikimedia.org/wikipedia/commons/thumb/1/17/Makmur_Marbun.jpg/107px-Makmur_Marbun.jpg",
            "title": "Bupati (PJ)",
            "sites": {},
            "communityID": "967962eb-ae42-4525-8309-4e274b2b77c3"
        }
    ]
}