{
    "title": "Bupati dan Wakil Bupati Kabupaten Nagekeo",
    "source": "https://id.wikipedia.org/wiki/Daftar_kepala_daerah_dan_wakil_kepala_daerah_petahana_di_Nusa_Tenggara_Timur",
    "region": "Kabupaten Nagekeo",
    "level": "KABUPATEN",
    "path": "kabupaten-nagekeo",
    "communityID": "d15acdd4-db2f-4ecb-8cb0-d55b090fd1ca",
    "candidates": [
        {
            "name": "Raimundus Raymond Nggajo",
            "description": "",
            "profilePic": "https://upload.wikimedia.org/wikipedia/commons/thumb/6/6f/GAMBAR_TIDAK_TERSEDIA.png/120px-GAMBAR_TIDAK_TERSEDIA.png",
            "title": "Bupati (PJ)",
            "sites": {},
            "communityID": "d15acdd4-db2f-4ecb-8cb0-d55b090fd1ca"
        }
    ]
}