{
    "title": "Bupati dan Wakil Bupati Kabupaten Buton",
    "source": "https://id.wikipedia.org/wiki/Daftar_kepala_daerah_dan_wakil_kepala_daerah_petahana_di_Sulawesi_Tenggara",
    "region": "Kabupaten Buton",
    "level": "KABUPATEN",
    "path": "kabupaten-buton",
    "communityID": "0716bd27-52f2-4b0e-9e01-203702c0fca9",
    "candidates": [
        {
            "name": "La Haruna",
            "description": "",
            "profilePic": "https://upload.wikimedia.org/wikipedia/commons/thumb/6/6f/GAMBAR_TIDAK_TERSEDIA.png/168px-GAMBAR_TIDAK_TERSEDIA.png",
            "title": "Bupati (PJ)",
            "sites": {},
            "communityID": "0716bd27-52f2-4b0e-9e01-203702c0fca9"
        }
    ]
}