{
    "title": "Bupati dan Wakil Bupati Kabupaten Seram Bagian Barat",
    "source": "https://id.wikipedia.org/wiki/Daftar_kepala_daerah_dan_wakil_kepala_daerah_petahana_di_Maluku",
    "region": "Kabupaten Seram Bagian Barat",
    "level": "KABUPATEN",
    "path": "kabupaten-seram-bagian-barat",
    "communityID": "f4a78a6d-8ccb-4e3d-aed3-62dbb2a7b6db",
    "candidates": [
        {
            "name": "Achmad Jais Ely",
            "description": "",
            "profilePic": "https://upload.wikimedia.org/wikipedia/commons/thumb/d/d1/Tiada_gambar_tersedia.svg/132px-Tiada_gambar_tersedia.svg.png",
            "title": "Bupati (PJ)",
            "sites": {},
            "communityID": "f4a78a6d-8ccb-4e3d-aed3-62dbb2a7b6db"
        }
    ]
}