{
    "title": "Bupati dan Wakil Bupati Kabupaten Aceh Tengah",
    "source": "https://id.wikipedia.org/wiki/Daftar_kepala_daerah_dan_wakil_kepala_daerah_petahana_di_Aceh",
    "region": "Kabupaten Aceh Tengah",
    "level": "KABUPATEN",
    "path": "kabupaten-aceh-tengah",
    "communityID": "1b6f5b69-bf6e-4fd0-ada5-d5e4c00ee113",
    "candidates": [
        {
            "name": "Teuku Mirzuan",
            "description": "Teuku Mirzuan (lahir 3 Agustus 1965) adalah seorang birokrat Indonesia kelahiran Medan. Ia menempuh pendidikan di SD Yayasan Pendidikan Harapan, SMP Yayasan Pendidikan Harapan, SMAN 1 Medan, jurusan Teknik Sipil Fakultas Teknik Universitas Sumatera Utara dan jurusan Sistem dan Teknik Transportasi Universitas Gajah Mada (UGM) Yogyakarta. Pada 2022, ia diangkat menjadi pelaksana jabatan Bupati Aceh Tengah.[1]\n",
            "profilePic": "https://upload.wikimedia.org/wikipedia/commons/3/30/Teuku_Mirzuan.jpg",
            "title": "Bupati (PJ)",
            "sites": {
                "name": "Wikipedia",
                "url": "https://id.wikipedia.org/wiki/Teuku_Mirzuan"
            },
            "communityID": "1b6f5b69-bf6e-4fd0-ada5-d5e4c00ee113"
        }
    ]
}