{
    "title": "Bupati dan Wakil Bupati Kabupaten Madiun",
    "source": "https://id.wikipedia.org/wiki/Daftar_kepala_daerah_dan_wakil_kepala_daerah_petahana_di_Jawa_Timur",
    "region": "Kabupaten Madiun",
    "level": "KABUPATEN",
    "path": "kabupaten-madiun",
    "communityID": "b837c924-6ef4-4058-adc7-4060ba45e2d7",
    "candidates": [
        {
            "name": "Tontro Pahlawanto",
            "description": "Tontro Pahlawanto adalah seorang birokrat Indonesia. Ia sempat menjabat sebagai Kepala Badan Perencanaan Pembangunan Daerah (Bappeda) Kabupaten Madiun. Pada 2016, ia diangkat menjadi Sekretaris Daerah (Sekda) Madiun. Pada 2023, ia diangkat menjadi pelaksana jabatan Bupati Madiun.[1]\n",
            "profilePic": "https://upload.wikimedia.org/wikipedia/commons/thumb/b/bb/Tontro_Pahlawanto.jpg/102px-Tontro_Pahlawanto.jpg",
            "title": "Bupati (PJ)",
            "sites": {
                "name": "Wikipedia",
                "url": "https://id.wikipedia.org/wiki/Tontro_Pahlawanto"
            },
            "communityID": "b837c924-6ef4-4058-adc7-4060ba45e2d7"
        }
    ]
}