{
    "title": "Bupati dan Wakil Bupati Kabupaten Merangin",
    "source": "https://id.wikipedia.org/wiki/Daftar_kepala_daerah_dan_wakil_kepala_daerah_petahana_di_Jambi",
    "region": "Kabupaten Merangin",
    "level": "KABUPATEN",
    "path": "kabupaten-merangin",
    "communityID": "83ee023b-0c38-4a14-a1f8-8b00c58b5062",
    "candidates": [
        {
            "name": "Mukti Said",
            "description": "",
            "profilePic": "https://upload.wikimedia.org/wikipedia/commons/thumb/9/9c/Pj_Bupati_Merangin_Mukti_Said.jpg/124px-Pj_Bupati_Merangin_Mukti_Said.jpg",
            "title": "Bupati (PJ)",
            "sites": {},
            "communityID": "83ee023b-0c38-4a14-a1f8-8b00c58b5062"
        }
    ]
}