{
    "title": "Bupati dan Wakil Bupati Kabupaten Karanganyar",
    "source": "https://id.wikipedia.org/wiki/Daftar_kepala_daerah_dan_wakil_kepala_daerah_petahana_di_Jawa_Tengah",
    "region": "Kabupaten Karanganyar",
    "level": "KABUPATEN",
    "path": "kabupaten-karanganyar",
    "communityID": "5a4bdf48-ef4b-4960-8d55-190c4a8d7ac3",
    "candidates": [
        {
            "name": "Timotius Suryadi",
            "description": "Timotius Suryadi (lahir 4 November 1972) adalah seorang birokrat Indonesia kelahiran Karanganyar. Ia memulai karier sebagai ASN pada 1994. Ia sempat menjabat sebagai Sekretaris Daerah (Sekda) Karanganyar. Pada 2023, ia diangkat menjadi penjabat Bupati Karanganyar.[1]\n",
            "profilePic": "https://upload.wikimedia.org/wikipedia/commons/e/ef/Timotius_Suryadi.jpg",
            "title": "Bupati (PJ)",
            "sites": {
                "name": "Wikipedia",
                "url": "https://id.wikipedia.org/wiki/Timotius_Suryadi"
            },
            "communityID": "5a4bdf48-ef4b-4960-8d55-190c4a8d7ac3"
        }
    ]
}