{
    "title": "Bupati dan Wakil Bupati Kabupaten Sidoarjo",
    "source": "https://id.wikipedia.org/wiki/Daftar_kepala_daerah_dan_wakil_kepala_daerah_petahana_di_Jawa_Timur",
    "region": "Kabupaten Sidoarjo",
    "level": "KABUPATEN",
    "path": "kabupaten-sidoarjo",
    "communityID": "98cf72d3-7380-48d3-a853-fa9ebb14629c",
    "candidates": [
        {
            "name": "Subandi",
            "description": "H. Subandi, S.H. (lahir 23 Oktober 1972) adalah politikus PKB yang saat ini sedang menjabat sebagai Pelaksana Tugas Bupati Sidoarjo menggantikan Ahmad Muhdlor Ali yang melakukan Kasus Korupsi pada 9 Mei 2024, dan menjadi Wakil Bupati Sidoarjo periode 2021-2024.\n",
            "profilePic": "https://upload.wikimedia.org/wikipedia/commons/5/53/Wakil_Bupati_Sidoarjo_Subandi.jpg",
            "title": "Bupati",
            "sites": {
                "name": "Wikipedia",
                "url": "https://id.wikipedia.org/wiki/Subandi_(politisi)"
            },
            "communityID": "98cf72d3-7380-48d3-a853-fa9ebb14629c"
        }
    ]
}