{
    "title": "Bupati dan Wakil Bupati Kabupaten Asmat",
    "source": "https://id.wikipedia.org/wiki/Daftar_kepala_daerah_dan_wakil_kepala_daerah_petahana_di_Papua_Selatan",
    "region": "Kabupaten Asmat",
    "level": "KABUPATEN",
    "path": "kabupaten-asmat",
    "communityID": "5408290e-1b31-48cd-aeca-f4fbcd230bb3",
    "candidates": [
        {
            "name": "Elisa Kambu",
            "description": "Elisa Kambu, S.Sos., (lahir 12 Mei 1964), adalah politikus PDI Perjuangan yang menjabat sebagai Bupati Asmat sejak 2016. Ia didampingi oleh Wakil Bupati Thomas Eppe Safanpo. Selain itu, Elisa juga merupakan Ketua DPC PDI Perjuangan Kabupaten Asmat.\n",
            "profilePic": "https://upload.wikimedia.org/wikipedia/commons/b/b2/Bupati_Asmat_Elisa_Kambu.jpg",
            "title": "Bupati",
            "sites": {
                "name": "Wikipedia",
                "url": "https://id.wikipedia.org/wiki/Elisa_Kambu"
            },
            "communityID": "5408290e-1b31-48cd-aeca-f4fbcd230bb3"
        },
        {
            "name": "Thomas Eppe Safanpo",
            "description": "Thomas Eppe Safanpo atau TES adalah seorang politikus Indonesia. Ia menjabat selaku Wakil Bupati Asmat. Ia merupakan kakak dari politikus Apolo Safanpo yang menjabat selaku pelaksana jabatan Gubernur Papua Selatan.[1] Ia juga sempat menjabat selaku Ketua Tim Pemekaran Provinsi Papua Selatan. Ia tergabung dalam Partai Demokrasi Indonesia Perjuangan. Ia mengawali karir politiknya sebagai anggota DPRD sejak usia 26 tahun dan menjadi ketua DPRD pada usia 27 Tahun sebagai ketua DPRD Kabupaten Asmat selama dua periode.[2]\n",
            "profilePic": "https://upload.wikimedia.org/wikipedia/commons/3/3a/Thomas_Eppe_Safanpo.jpg",
            "title": "Wakil Bupati",
            "sites": {
                "name": "Wikipedia",
                "url": "https://id.wikipedia.org/wiki/Thomas_Eppe_Safanpo"
            },
            "communityID": "5408290e-1b31-48cd-aeca-f4fbcd230bb3"
        }
    ]
}