{
    "title": "Bupati dan Wakil Bupati Kabupaten Sorong",
    "source": "https://id.wikipedia.org/wiki/Daftar_kepala_daerah_dan_wakil_kepala_daerah_petahana_di_Papua_Barat_Daya",
    "region": "Kabupaten Sorong",
    "level": "KABUPATEN",
    "path": "kabupaten-sorong",
    "communityID": "7805f4e4-2e71-470b-b9c0-23d84b7e02bb",
    "candidates": [
        {
            "name": "Edison Siagian",
            "description": "",
            "profilePic": "https://upload.wikimedia.org/wikipedia/commons/thumb/c/c6/Edison_Siagian.jpg/116px-Edison_Siagian.jpg",
            "title": "Bupati (PJ)",
            "sites": {},
            "communityID": "7805f4e4-2e71-470b-b9c0-23d84b7e02bb"
        }
    ]
}