{
    "title": "Bupati dan Wakil Bupati Kabupaten Aceh Singkil",
    "source": "https://id.wikipedia.org/wiki/Daftar_kepala_daerah_dan_wakil_kepala_daerah_petahana_di_Aceh",
    "region": "Kabupaten Aceh Singkil",
    "level": "KABUPATEN",
    "path": "kabupaten-aceh-singkil",
    "communityID": "655d58cf-91a1-45d7-ae17-d22bb076939c",
    "candidates": [
        {
            "name": "Azmi",
            "description": "Azmi yang sejak 21 July 2023 dilantik menjadi Penjabat Bupati Kabupaten Aceh Singkil\n",
            "profilePic": "https://upload.wikimedia.org/wikipedia/commons/3/3d/Pj._Bupati_Aceh_Singkil_Azmi.png",
            "title": "Bupati (PJ)",
            "sites": {
                "name": "Wikipedia",
                "url": "https://id.wikipedia.org/wiki/Azmi"
            },
            "communityID": "655d58cf-91a1-45d7-ae17-d22bb076939c"
        }
    ]
}