{
    "title": "Bupati dan Wakil Bupati Kabupaten Bandung",
    "source": "https://id.wikipedia.org/wiki/Daftar_kepala_daerah_dan_wakil_kepala_daerah_petahana_di_Jawa_Barat",
    "region": "Kabupaten Bandung",
    "level": "KABUPATEN",
    "path": "kabupaten-bandung",
    "communityID": "be040be5-de11-4ed8-babc-d6e93d0bd17e",
    "candidates": [
        {
            "name": "Dadang Supriatna",
            "description": "Dr. H. M. Dadang Supriatna, S.I.P., M.Si. (lahir 7 Agustus 1971) adalah politikus Indonesia yang kini menjabat sebagai Bupati Bandung. Sekaligus Sebagai Ketua DPC PKB Kab.Bandung Sebelumnya, Dadang adalah anggota DPRD Jawa Barat periode 2019-2024 yang berasal dari Fraksi Partai Golkar dan Anggota DPRD Kabupaten Bandung periode 2009-2014 dan 2014-2019. Ia terpilih sebagai Bupati Bandung pada Pemilihan umum Bupati Bandung 2020 berpasangan dengan Sahrul Gunawan dan didukung oleh PKB, NasDem, Demokrat dan PKS.\n",
            "profilePic": "https://upload.wikimedia.org/wikipedia/commons/8/82/Dadang_Supriatna.jpg",
            "title": "Bupati",
            "sites": {
                "name": "Wikipedia",
                "url": "https://id.wikipedia.org/wiki/Dadang_Supriatna"
            },
            "communityID": "be040be5-de11-4ed8-babc-d6e93d0bd17e"
        },
        {
            "name": "Sahrul Gunawan",
            "description": "H. Sahrul Gunawan, S.E., M.Ag. (lahir 23 Mei 1976) adalah pemeran, penyanyi, presenter, model, dan politikus Indonesia. Ia dikenal luas berkat perannya dalam serial Jin dan Jun dan Kecil-Kecil Jadi Manten.\n",
            "profilePic": "https://upload.wikimedia.org/wikipedia/id/d/d3/Sahrul_Gunawan_%28Wakil_Bupati_Bandung%29.jpg",
            "title": "Wakil Bupati",
            "sites": {
                "name": "Wikipedia",
                "url": "https://id.wikipedia.org/wiki/Sahrul_Gunawan"
            },
            "communityID": "be040be5-de11-4ed8-babc-d6e93d0bd17e"
        }
    ]
}