{
    "title": "Bupati dan Wakil Bupati Kabupaten Dogiyai",
    "source": "https://id.wikipedia.org/wiki/Daftar_kepala_daerah_dan_wakil_kepala_daerah_petahana_di_Papua_Tengah",
    "region": "Kabupaten Dogiyai",
    "level": "KABUPATEN",
    "path": "kabupaten-dogiyai",
    "communityID": "b8ec38e5-4a46-4266-9335-383d2d04613c",
    "candidates": [
        {
            "name": "Petrus Agapa",
            "description": "",
            "profilePic": "https://upload.wikimedia.org/wikipedia/commons/thumb/0/07/Petrus_Agapa.jpg/114px-Petrus_Agapa.jpg",
            "title": "Bupati (PJ)",
            "sites": {},
            "communityID": "b8ec38e5-4a46-4266-9335-383d2d04613c"
        }
    ]
}