{
    "title": "Bupati dan Wakil Bupati Kabupaten Mandailing Natal",
    "source": "https://id.wikipedia.org/wiki/Daftar_kepala_daerah_dan_wakil_kepala_daerah_petahana_di_Sumatera_Utara",
    "region": "Kabupaten Mandailing Natal",
    "level": "KABUPATEN",
    "path": "kabupaten-mandailing-natal",
    "communityID": "54ae6d55-ed01-4492-8369-da5a6945bfbe",
    "candidates": [
        {
            "name": "Jafar Nasution",
            "description": "H. Muhammad Jafar Sukhairi Nasution (lahir 11 Desember 1971) adalah seorang Politisi yang saat ini menjabat sebagai Bupati Mandailing Natal periode 2021-2024.[1] Sebelumnya ia menjabat sebagai Wakil Bupati Mandailing Natal periode 2016-2021 mendampingi Dahlan Hasan Nasution.\n",
            "profilePic": "https://upload.wikimedia.org/wikipedia/commons/b/b3/Bupati_Mandailing_Natal_Muhammad_Jafar_Sukhairi_Nst.png",
            "title": "Bupati",
            "sites": {
                "name": "Wikipedia",
                "url": "https://id.wikipedia.org/wiki/Jafar_Sukhairi_Nasution"
            },
            "communityID": "54ae6d55-ed01-4492-8369-da5a6945bfbe"
        },
        {
            "name": "Atikah Azmi Utammi",
            "description": "Atika Azmi Utammi Nasution, B.App.Fin, M.Fin[1] (lahir 1 Desember 1993) adalah seorang politikus milenial yang saat ini menjabat sebagai Wakil Bupati Mandailing Natal. Ia merupakan wakil bupati perempuan termuda di Indonesia. Ia adalah anak dari tokoh Mandailing Natal (wilayah Mandailing Julu), Khoiruddin Nasution dan Hamidah Lubis. Ia juga anak ke delapan dari sembilan bersaudara.[2]\n",
            "profilePic": "https://upload.wikimedia.org/wikipedia/commons/b/be/Wakil_Bupati_Mandailing_Natal_Atika_Azmi_Utammi_Nasution.jpg",
            "title": "Wakil Bupati",
            "sites": {
                "name": "Wikipedia",
                "url": "https://id.wikipedia.org/wiki/Atikah_Azmi_Utammi"
            },
            "communityID": "54ae6d55-ed01-4492-8369-da5a6945bfbe"
        }
    ]
}