{
    "title": "Bupati dan Wakil Bupati Kabupaten Mesuji",
    "source": "https://id.wikipedia.org/wiki/Daftar_kepala_daerah_dan_wakil_kepala_daerah_petahana_di_Lampung",
    "region": "Kabupaten Mesuji",
    "level": "KABUPATEN",
    "path": "kabupaten-mesuji",
    "communityID": "49725ba0-901a-4c22-a968-933a21c0e247",
    "candidates": [
        {
            "name": "Febrizal Levi Sukmana",
            "description": "",
            "profilePic": "https://upload.wikimedia.org/wikipedia/commons/thumb/d/d1/Tiada_gambar_tersedia.svg/133px-Tiada_gambar_tersedia.svg.png",
            "title": "Bupati (PJ)",
            "sites": {},
            "communityID": "49725ba0-901a-4c22-a968-933a21c0e247"
        }
    ]
}