{
    "title": "Bupati dan Wakil Bupati Kabupaten Deli Serdang",
    "source": "https://id.wikipedia.org/wiki/Daftar_kepala_daerah_dan_wakil_kepala_daerah_petahana_di_Sumatera_Utara",
    "region": "Kabupaten Deli Serdang",
    "level": "KABUPATEN",
    "path": "kabupaten-deli-serdang",
    "communityID": "37ae8ac6-e77b-47c8-b827-f822bdb41c8f",
    "candidates": [
        {
            "name": "Wiriya Alrahman",
            "description": "",
            "profilePic": "https://upload.wikimedia.org/wikipedia/commons/thumb/d/d1/Tiada_gambar_tersedia.svg/138px-Tiada_gambar_tersedia.svg.png",
            "title": "Bupati (PJ)",
            "sites": {},
            "communityID": "37ae8ac6-e77b-47c8-b827-f822bdb41c8f"
        }
    ]
}