{
    "title": "Bupati dan Wakil Bupati Kabupaten Puncak",
    "source": "https://id.wikipedia.org/wiki/Daftar_kepala_daerah_dan_wakil_kepala_daerah_petahana_di_Papua_Tengah",
    "region": "Kabupaten Puncak",
    "level": "KABUPATEN",
    "path": "kabupaten-puncak",
    "communityID": "146948ac-c09c-40e8-b08b-170bf3a0d00e",
    "candidates": [
        {
            "name": "Darwin Haratua Lumban Tobing",
            "description": "Darwin Haratua Lumban Tobing adalah seorang birokrat Indonesia. Ia merupakan Alumni Universitas Cenderawasih Manokwari tahun 1992. Jabatan-jabatan yang pernah dipegang olehnya meliputi Kasubbid Keuangan pada Litbang Balitbangda Provinsi Papua, Kasubbid Bidang Litbang pada Bappeda Provinsi Papua, Kepala Bidang Monitoring dan Pengendalian pada Bappeda Provinsi Papua, Kepala Bappeda Kabupaten Puncak, Asisten Bidang Pembangunan dan Kesra Setda Kabupaten Puncak. Pada 2023, ia diangkat menjadi pelaksana jabatan Bupati Puncak.\n",
            "profilePic": "https://upload.wikimedia.org/wikipedia/commons/b/b1/Darwin_Haratua_Lumban_Tobing.jpg",
            "title": "Bupati (PJ)",
            "sites": {
                "name": "Wikipedia",
                "url": "https://id.wikipedia.org/wiki/Darwin_Haratua_Lumban_Tobing"
            },
            "communityID": "146948ac-c09c-40e8-b08b-170bf3a0d00e"
        }
    ]
}