{
    "title": "Bupati dan Wakil Bupati Kabupaten Kolaka",
    "source": "https://id.wikipedia.org/wiki/Daftar_kepala_daerah_dan_wakil_kepala_daerah_petahana_di_Sulawesi_Tenggara",
    "region": "Kabupaten Kolaka",
    "level": "KABUPATEN",
    "path": "kabupaten-kolaka",
    "communityID": "8a30ead3-1b0e-4f82-b54c-abcf0b3fc34d",
    "candidates": [
        {
            "name": "Andi Makkawaru",
            "description": "Andi Makkawaru (lahir 20 Desember 1972) adalah seorang birokrat Indonesia kelahiran Bandung. ia menempuh pendidikan S1 Teknik Geologi Universitas Gadjah Mada dari 1990 sampai 1997, S2 Perencanaan Wilayah Universitas Halu Oleo dari 2006 sampai 2007, dan S3 Teknik Geologi Universitas Padjadjaran dari 2013 sampai 2017. Ia menjabat sebagai Kepala Dinas Lingkungan Hidup Sulawesi Tenggara dan pelaksana jabatan Bupati Kolaka.[1]\n",
            "profilePic": "https://upload.wikimedia.org/wikipedia/commons/c/c7/Andi_Makkawaru.jpg",
            "title": "Bupati (PJ)",
            "sites": {
                "name": "Wikipedia",
                "url": "https://id.wikipedia.org/wiki/Andi_Makkawaru"
            },
            "communityID": "8a30ead3-1b0e-4f82-b54c-abcf0b3fc34d"
        }
    ]
}