{
    "title": "Bupati dan Wakil Bupati Kabupaten Tanah Laut",
    "source": "https://id.wikipedia.org/wiki/Daftar_kepala_daerah_dan_wakil_kepala_daerah_petahana_di_Kalimantan_Selatan",
    "region": "Kabupaten Tanah Laut",
    "level": "KABUPATEN",
    "path": "kabupaten-tanah-laut",
    "communityID": "42c6ef09-4a9c-4526-ba81-1d9bc9552a69",
    "candidates": [
        {
            "name": "Syamsir Rahman",
            "description": "",
            "profilePic": "https://upload.wikimedia.org/wikipedia/commons/thumb/5/58/Syamsir_Rahman.jpg/113px-Syamsir_Rahman.jpg",
            "title": "Bupati (PJ)",
            "sites": {},
            "communityID": "42c6ef09-4a9c-4526-ba81-1d9bc9552a69"
        }
    ]
}