{
    "title": "Bupati dan Wakil Bupati Kabupaten Purworejo",
    "source": "https://id.wikipedia.org/wiki/Daftar_kepala_daerah_dan_wakil_kepala_daerah_petahana_di_Jawa_Tengah",
    "region": "Kabupaten Purworejo",
    "level": "KABUPATEN",
    "path": "kabupaten-purworejo",
    "communityID": "ed6e317c-6030-4542-a354-d33136df87ad",
    "candidates": [
        {
            "name": "Yuli Hastuti",
            "description": "Hj. Yuli Hastuti, S.H. (lahir 12 Juli 1963) adalah Wakil Bupati Purworejo periode 2016\u20132021 dan 2021\u20132024. Ia menjabat untuk periode kedua sejak 26 Februari 2021 setelah dilantik Gubernur Jawa Tengah, Ganjar Pranowo secara daring.[1] Pada 13 Desember 2023, Ia dilantik menjadi Bupati Purworejo secara definitif (setelah sebelumnya menjadi penjabat bupati).[2]\n",
            "profilePic": "https://upload.wikimedia.org/wikipedia/commons/thumb/5/5e/Yuli_Hastuti.png/118px-Yuli_Hastuti.png",
            "title": "Bupati",
            "sites": {
                "name": "Wikipedia",
                "url": "https://id.wikipedia.org/wiki/Yuli_Hastuti"
            },
            "communityID": "ed6e317c-6030-4542-a354-d33136df87ad"
        }
    ]
}