{
    "title": "Bupati dan Wakil Bupati Kabupaten Pangandaran",
    "source": "https://id.wikipedia.org/wiki/Daftar_kepala_daerah_dan_wakil_kepala_daerah_petahana_di_Jawa_Barat",
    "region": "Kabupaten Pangandaran",
    "level": "KABUPATEN",
    "path": "kabupaten-pangandaran",
    "communityID": "de4fafd8-c1d4-41ed-ac56-d5648ab404e0",
    "candidates": [
        {
            "name": "Jeje Wiradinata",
            "description": "H. Jeje Wiradinata (lahir 14 Februari 1965) adalah Bupati Pangandaran sejak 17 Februari 2016. Sebelumnya ia menjabat sebagai Wakil Bupati Ciamis periode 6 April 2014 hingga 26 Juni 2015.\n",
            "profilePic": "https://upload.wikimedia.org/wikipedia/commons/thumb/f/f8/Bupati_Pangandaran_Jeje_Wiradinata.jpg/1200px-Bupati_Pangandaran_Jeje_Wiradinata.jpg",
            "title": "Bupati",
            "sites": {
                "name": "Wikipedia",
                "url": "https://id.wikipedia.org/wiki/Jeje_Wiradinata"
            },
            "communityID": "de4fafd8-c1d4-41ed-ac56-d5648ab404e0"
        }
    ]
}