{
    "title": "Bupati dan Wakil Bupati Kabupaten Aceh Barat Daya",
    "source": "https://id.wikipedia.org/wiki/Daftar_kepala_daerah_dan_wakil_kepala_daerah_petahana_di_Aceh",
    "region": "Kabupaten Aceh Barat Daya",
    "level": "KABUPATEN",
    "path": "kabupaten-aceh-barat-daya",
    "communityID": "3ef8616f-78cb-48ab-8ca5-fdbe9f983e0a",
    "candidates": [
        {
            "name": "Darmansyah",
            "description": "H. Darmansah, S.Pd., M.M  (lahir 23 September 1969) adalah seorang birokrat Indonesia kelahiran Desa Ujung Karang, Kecamatan Sawang, Kabupaten Aceh Selatan. Ia lulus dari SDN Ujong Karang pada 1981, SMP Negeri Sawang pada 1984, SPG (Sekolah Pendidikan Guru) Negeri Tapaktuan pada 1987, S-1 FKIP Universitas Abulyatama Banda Aceh pada 1994 dan S-2 IMMI Jakarta pada 2002. Ia mula-mula bekerja sebagai Guru SD Negeri Ladang Baro, Kecamatan Meukek, Aceh Selatan dari 1988 sampai 2000.\n",
            "profilePic": "https://upload.wikimedia.org/wikipedia/commons/thumb/2/21/Darmansah.jpg/1200px-Darmansah.jpg",
            "title": "Bupati (PJ)",
            "sites": {
                "name": "Wikipedia",
                "url": "https://id.wikipedia.org/wiki/Darmansyah"
            },
            "communityID": "3ef8616f-78cb-48ab-8ca5-fdbe9f983e0a"
        }
    ]
}