{
    "title": "Bupati dan Wakil Bupati Kabupaten Kotawaringin Barat",
    "source": "https://id.wikipedia.org/wiki/Daftar_kepala_daerah_dan_wakil_kepala_daerah_petahana_di_Kalimantan_Tengah",
    "region": "Kabupaten Kotawaringin Barat",
    "level": "KABUPATEN",
    "path": "kabupaten-kotawaringin-barat",
    "communityID": "fc294b7c-e068-4c92-b7ee-aa393018144b",
    "candidates": [
        {
            "name": "Budi Santosa",
            "description": "",
            "profilePic": "https://upload.wikimedia.org/wikipedia/commons/thumb/3/3d/Pj_Bupati_Budi_Santosa.jpg/136px-Pj_Bupati_Budi_Santosa.jpg",
            "title": "Bupati (PJ)",
            "sites": {},
            "communityID": "fc294b7c-e068-4c92-b7ee-aa393018144b"
        }
    ]
}