{
    "title": "Bupati dan Wakil Bupati Kabupaten Kolaka Utara",
    "source": "https://id.wikipedia.org/wiki/Daftar_kepala_daerah_dan_wakil_kepala_daerah_petahana_di_Sulawesi_Tenggara",
    "region": "Kabupaten Kolaka Utara",
    "level": "KABUPATEN",
    "path": "kabupaten-kolaka-utara",
    "communityID": "81c00889-46fb-4ad6-ba22-45117f512be1",
    "candidates": [
        {
            "name": "Sukanto Toding",
            "description": "Dr. Ir. Sukanto Toding, MSP, MA (lahir 20 Juli 1968) adalah seorang birokrat asal Indonesia. Saat ini ia menjabat sebagai Asisten III Bidang Administrasi Umum Sekretariat Daerah Provinsi Sulawesi Tenggara. Pada tanggal 04 September 2023, ia diangkat menjadi pelaksana jabatan Bupati Kolaka Utara.[1] yang dilantik berdasarkan Keputusan Menteri Dalam Negeri Nomor 100.2.1.3-3217 Tahun 2023.\n",
            "profilePic": "https://upload.wikimedia.org/wikipedia/commons/5/5e/Sukanto_Toding.jpg",
            "title": "Bupati (PJ)",
            "sites": {
                "name": "Wikipedia",
                "url": "https://id.wikipedia.org/wiki/Sukanto_Toding"
            },
            "communityID": "81c00889-46fb-4ad6-ba22-45117f512be1"
        }
    ]
}