{
    "title": "Bupati dan Wakil Bupati Kabupaten Nduga",
    "source": "https://id.wikipedia.org/wiki/Daftar_kepala_daerah_dan_wakil_kepala_daerah_petahana_di_Papua_Pegunungan",
    "region": "Kabupaten Nduga",
    "level": "KABUPATEN",
    "path": "kabupaten-nduga",
    "communityID": "d1d1180b-5900-4c7b-9a81-e8fbd0c63b1b",
    "candidates": [
        {
            "name": "Edison Nggwijangge",
            "description": "Edison Nggwijangge adalah seorang birokrat Indonesia. Ia sempat menjabat sebagai ketua Palang Merah Indonesia (PMI) Kabupaten Nduga. Ia juga sempat menjabat sebagai Asisten III Setda Provinsi Papua Pegunungan. Pada 5 Juni 2023, ia diangkat menjadi pelaksana jabatan Bupati Nduga.[1]\n",
            "profilePic": "https://upload.wikimedia.org/wikipedia/commons/1/1b/Edison_Nggwijangge.jpg",
            "title": "Bupati (PJ)",
            "sites": {
                "name": "Wikipedia",
                "url": "https://id.wikipedia.org/wiki/Edison_Nggwijangge"
            },
            "communityID": "d1d1180b-5900-4c7b-9a81-e8fbd0c63b1b"
        }
    ]
}