{
    "title": "Bupati dan Wakil Bupati Kabupaten Buru Selatan",
    "source": "https://id.wikipedia.org/wiki/Daftar_kepala_daerah_dan_wakil_kepala_daerah_petahana_di_Maluku",
    "region": "Kabupaten Buru Selatan",
    "level": "KABUPATEN",
    "path": "kabupaten-buru-selatan",
    "communityID": "3b07c545-a466-4314-ad8b-b7570ff562cc",
    "candidates": [
        {
            "name": "Safitri Malik Soulisa",
            "description": "Safitri Malik Soulisa (lahir 15 September 1977) adalah seorang politikus Indonesia kelahiran Ternate. Safitri Malik Soulisa adalah istri dari Bupati Buru Selatan, Tagop Sudarsono Soulisa dari 2011 sampai 2020. Safitri Malik Soulisa pernah menjabat Anggota DPRD Provinsi Maluku periode 2014-2019. Pada Juni 2021, ia dilantik menjadi Bupati Buru Selatan periode 2021-2026.[1]\n",
            "profilePic": "https://upload.wikimedia.org/wikipedia/commons/4/41/Safitri_Malik_Soulisa.jpg",
            "title": "Bupati",
            "sites": {
                "name": "Wikipedia",
                "url": "https://id.wikipedia.org/wiki/Safitri_Malik_Soulisa"
            },
            "communityID": "3b07c545-a466-4314-ad8b-b7570ff562cc"
        },
        {
            "name": "Gerson Eliaser Selsily",
            "description": "Gerson Eliaser Selsily (lahir 3 November 1970) adalah seorang politikus Indonesia kelahiran Hutumury. Dari 2014 sampai 2019, ia menjabat sebagai anggota DPRD Kabupaten Buru Selatan. Pada pemilihan umum legislatif Indonesia 2019, ia maju di Dapil III Kabupaten Buru Selatan (Ambalau, Waesama).[1] Dari 2021 sampai 2024, ia menjabat selaku Wakil Bupati Buru Selatan mendampingi Safitri Malik Soulisa selaku Bupati Buru Selatan.[2]\n",
            "profilePic": "https://upload.wikimedia.org/wikipedia/commons/8/88/Gerson_Eliaser_Selsily.jpg",
            "title": "Wakil Bupati",
            "sites": {
                "name": "Wikipedia",
                "url": "https://id.wikipedia.org/wiki/Gerson_Eliaser_Selsily"
            },
            "communityID": "3b07c545-a466-4314-ad8b-b7570ff562cc"
        }
    ]
}