{
    "title": "Bupati dan Wakil Bupati Kabupaten Natuna",
    "source": "https://id.wikipedia.org/wiki/Daftar_kepala_daerah_dan_wakil_kepala_daerah_petahana_di_Kepulauan_Riau",
    "region": "Kabupaten Natuna",
    "level": "KABUPATEN",
    "path": "kabupaten-natuna",
    "communityID": "25e862c0-e76b-43b1-884b-182ea7f8d358",
    "candidates": [
        {
            "name": "Wan Siswandi",
            "description": "Wan Siswandi, S. Sos., M. Si. (Jawi: \u0648\u0627\u0646 \u0635\u064a\u0633\u0648\u0627\u0646\u062f\u064a; lahir 2 Januari 1969)[2] adalah birokrat dan politikus Indonesia yang menjabat sebagai Bupati Natuna sejak 24 Mei 2021. Sebelumnya, ia menjabat sebagai Sekretaris Daerah Kabupaten Natuna sejak 29 Desember 2016 menggantikan Samsurizon hingga pengunduran dirinya pada 19 Agustus 2020.[3][4]\n",
            "profilePic": "https://upload.wikimedia.org/wikipedia/commons/7/7d/Bupati_Natuna_Wan_Siswandi.jpg",
            "title": "Bupati",
            "sites": {
                "name": "Wikipedia",
                "url": "https://id.wikipedia.org/wiki/Wan_Siswandi"
            },
            "communityID": "25e862c0-e76b-43b1-884b-182ea7f8d358"
        },
        {
            "name": "Rodhial Huda",
            "description": "Rodhial Huda atau lebih dikenal dengan nama Wak Yal (lahir 3 Agustus 1967) adalah politikus Indonesia yang menjabat sebagai Wakil Bupati Natuna sejak 24 Mei 2021 mendampingi Wan Siswandi.[2] Ia merupakan tokoh masyarakat dan pemerhati maritim di Kabupaten Natuna.\n",
            "profilePic": "https://upload.wikimedia.org/wikipedia/commons/e/ed/Wakil_Bupati_Natuna_Rodhial_Huda.jpg",
            "title": "Wakil Bupati",
            "sites": {
                "name": "Wikipedia",
                "url": "https://id.wikipedia.org/wiki/Rodhial_Huda"
            },
            "communityID": "25e862c0-e76b-43b1-884b-182ea7f8d358"
        }
    ]
}