{
    "title": "Bupati dan Wakil Bupati Kabupaten Padang Lawas",
    "source": "https://id.wikipedia.org/wiki/Daftar_kepala_daerah_dan_wakil_kepala_daerah_petahana_di_Sumatera_Utara",
    "region": "Kabupaten Padang Lawas",
    "level": "KABUPATEN",
    "path": "kabupaten-padang-lawas",
    "communityID": "31e8bf35-b0e3-4f3d-b965-e710f1056a8d",
    "candidates": [
        {
            "name": "Edy Junaedi",
            "description": "Dr. Edy Junaedi Harahap, S.STP, M.Si adalah seorang birokrat Indonesia, yang kini menjabat sebagai Direktur Pelayanan Perizinan Berusaha Sektor Non Industri pada Deputi Bidang Pelayanan Penanaman Modal Kementerian Investasi/BKPM. Pada bulan Februari 2024, ia diangkat menjadi Pj. (Penjabat) Bupati Padang Lawas.[1]\n",
            "profilePic": "https://upload.wikimedia.org/wikipedia/commons/5/51/Penjabat_Bupati_Padang_Lawas_Edy_Junaedi.jpg",
            "title": "Bupati (PJ)",
            "sites": {
                "name": "Wikipedia",
                "url": "https://id.wikipedia.org/wiki/Edy_Junaedi"
            },
            "communityID": "31e8bf35-b0e3-4f3d-b965-e710f1056a8d"
        }
    ]
}