{
    "title": "Bupati dan Wakil Bupati Kabupaten Muna",
    "source": "https://id.wikipedia.org/wiki/Daftar_kepala_daerah_dan_wakil_kepala_daerah_petahana_di_Sulawesi_Tenggara",
    "region": "Kabupaten Muna",
    "level": "KABUPATEN",
    "path": "kabupaten-muna",
    "communityID": "c1c1b188-680b-42c3-8c7b-ae88b01b2de0",
    "candidates": [
        {
            "name": "Pelaksana tugas",
            "description": "Pelaksana tugas (disingkat Plt.; bahasa Inggris: acting) dalam administrasi negara (Indonesia) adalah pejabat yang menempati posisi jabatan yang bersifat sementara karena pejabat yang menempati posisi itu sebelumnya berhalangan atau terkena peraturan hukum sehingga tidak menempati posisi tersebut.[1] Pelaksana Tugas ditunjuk oleh pejabat pada tingkat di atasnya dan umumnya menempati jabatan struktural dalam administrasi negara, seperti kepala instansi pemerintahan. Meskipun demikian, istilah ini dipakai pula untuk jabatan publik seperti gubernur atau bupati/wali kota.\n",
            "profilePic": "https://upload.wikimedia.org/wikipedia/commons/thumb/6/6b/Bachrun_Labuta.jpg/113px-Bachrun_Labuta.jpg",
            "title": "Bupati",
            "sites": {
                "name": "Wikipedia",
                "url": "https://id.wikipedia.org/wiki/Pelaksana_tugas"
            },
            "communityID": "c1c1b188-680b-42c3-8c7b-ae88b01b2de0"
        }
    ]
}