{
    "title": "Bupati dan Wakil Bupati Kabupaten Aceh Tamiang",
    "source": "https://id.wikipedia.org/wiki/Daftar_kepala_daerah_dan_wakil_kepala_daerah_petahana_di_Aceh",
    "region": "Kabupaten Aceh Tamiang",
    "level": "KABUPATEN",
    "path": "kabupaten-aceh-tamiang",
    "communityID": "a6ca9fc1-60c8-4a33-b156-d11b9401f603",
    "candidates": [
        {
            "name": "Asra",
            "description": "",
            "profilePic": "https://upload.wikimedia.org/wikipedia/commons/thumb/9/99/Pj_Bupati_Asra.jpg/96px-Pj_Bupati_Asra.jpg",
            "title": "Bupati (PJ)",
            "sites": {},
            "communityID": "a6ca9fc1-60c8-4a33-b156-d11b9401f603"
        }
    ]
}