{
    "title": "Bupati dan Wakil Bupati Kabupaten Jombang",
    "source": "https://id.wikipedia.org/wiki/Daftar_kepala_daerah_dan_wakil_kepala_daerah_petahana_di_Jawa_Timur",
    "region": "Kabupaten Jombang",
    "level": "KABUPATEN",
    "path": "kabupaten-jombang",
    "communityID": "3e01dc74-8b77-4490-b85f-a78340b82445",
    "candidates": [
        {
            "name": "Sugiat",
            "description": "Sugiat, S.Sos., M.Psi.T. (lahir 6 Mei 1967) adalah seorang birokrat Indonesia. Ia pernah menjabat sebagai Kepala Badan Intelijen Negara Daerah Sulawesi Barat. Ia lahir di Gudo, Jombang sebagai anak sulung dari pasangan Sukayah dan Sudiarjo Akad. Ia mempunyai dua saudara, yakni Sugiono, dan Sunanis Indriani yang menjadi guru di SDN Japanan 2 Gudo. Ia menempuh pendidikan di SDN Japanan 2, SMP PGRI Plemahan dan SPGN Jombang. Usai lulus SPGN, ia merantau ke Jakarta dan bekerja di bebeberapa perusahaan. Pada 2023, ia diangkat menjadi pelaksana jabatan Bupati Jombang.[1]\n",
            "profilePic": "https://upload.wikimedia.org/wikipedia/id/thumb/3/37/Sugiat.jpg/1200px-Sugiat.jpg",
            "title": "Bupati (PJ)",
            "sites": {
                "name": "Wikipedia",
                "url": "https://id.wikipedia.org/wiki/Sugiat"
            },
            "communityID": "3e01dc74-8b77-4490-b85f-a78340b82445"
        }
    ]
}