{
    "title": "Bupati dan Wakil Bupati Kabupaten Sanggau",
    "source": "https://id.wikipedia.org/wiki/Daftar_kepala_daerah_dan_wakil_kepala_daerah_petahana_di_Kalimantan_Barat",
    "region": "Kabupaten Sanggau",
    "level": "KABUPATEN",
    "path": "kabupaten-sanggau",
    "communityID": "cd7366bb-a110-4dd2-a25d-5502ad845d24",
    "candidates": [
        {
            "name": "Suherman",
            "description": "",
            "profilePic": "https://upload.wikimedia.org/wikipedia/commons/thumb/5/54/Suherman_Pj_Bupati.jpg/119px-Suherman_Pj_Bupati.jpg",
            "title": "Bupati (PJ)",
            "sites": {},
            "communityID": "cd7366bb-a110-4dd2-a25d-5502ad845d24"
        }
    ]
}