{
    "title": "Bupati dan Wakil Bupati Kabupaten Aceh Barat",
    "source": "https://id.wikipedia.org/wiki/Daftar_kepala_daerah_dan_wakil_kepala_daerah_petahana_di_Aceh",
    "region": "Kabupaten Aceh Barat",
    "level": "KABUPATEN",
    "path": "kabupaten-aceh-barat",
    "communityID": "7ab9ea69-5ea8-4673-904a-54ded8f3e21b",
    "candidates": [
        {
            "name": "Mahdi Efendi",
            "description": "Drs Mahdi Effendi, adalah  lulusan Institut Pemerintahan Dalam Negeri (IPDN) tahun 1998 yang sejak 11 Oktober 2022 dilantik menjadi Penjabat Bupati Kabupaten Aceh Barat\n",
            "profilePic": "https://upload.wikimedia.org/wikipedia/commons/a/a7/Penjabat_Bupati_Aceh_Barat_Mahdi_Effendi.jpg",
            "title": "Bupati (PJ)",
            "sites": {
                "name": "Wikipedia",
                "url": "https://id.wikipedia.org/wiki/Mahdi_Efendi"
            },
            "communityID": "7ab9ea69-5ea8-4673-904a-54ded8f3e21b"
        }
    ]
}