{
    "title": "Bupati dan Wakil Bupati Kabupaten Nganjuk",
    "source": "https://id.wikipedia.org/wiki/Daftar_kepala_daerah_dan_wakil_kepala_daerah_petahana_di_Jawa_Timur",
    "region": "Kabupaten Nganjuk",
    "level": "KABUPATEN",
    "path": "kabupaten-nganjuk",
    "communityID": "b7f3ec9e-7e11-4c3a-930e-92a16c5419db",
    "candidates": [
        {
            "name": "Sri Handoko Taruna",
            "description": "Sri Handoko Taruna, S.STP., M.Si. (lahir 7 Maret 1978) adalah seorang birokrat Indonesia kelahiran Nganjuk. Ia menempuh pendidikan di SDN 1 Kauman, SMPN 1 Nganjuk, SMAN 2 Nganjuk dan Sekolah Tinggi Pemerintahan Dalam Negeri (STPDN) yang sekarang berubah menjadi Institut Pemerintahan Dalam Negeri (IPDN).\n",
            "profilePic": "https://upload.wikimedia.org/wikipedia/commons/6/67/Bupati_Nganjuk_Sri_Handoko_Taruna.png",
            "title": "Bupati (PJ)",
            "sites": {
                "name": "Wikipedia",
                "url": "https://id.wikipedia.org/wiki/Sri_Handoko_Taruna"
            },
            "communityID": "b7f3ec9e-7e11-4c3a-930e-92a16c5419db"
        }
    ]
}