{
    "title": "Bupati dan Wakil Bupati Kabupaten Kubu Raya",
    "source": "https://id.wikipedia.org/wiki/Daftar_kepala_daerah_dan_wakil_kepala_daerah_petahana_di_Kalimantan_Barat",
    "region": "Kabupaten Kubu Raya",
    "level": "KABUPATEN",
    "path": "kabupaten-kubu-raya",
    "communityID": "dbef8910-c174-4c15-9a3a-c13f6aad06f9",
    "candidates": [
        {
            "name": "Syarif Kamaruzaman",
            "description": "Syarif Kamaruzaman (lahir 21 September 1966) adalah seorang birokrat Indonesia kelahiran Kubu. Ia pernah menjabat sebagai Pjs Bupati Sambas setelah dilantik oleh Gubernur Sutarmidji pada bulan September 2020, bersamaan dengan tiga Pjs Bupati lainnya. Ia meraih gelar S3 Sosiologi dari Universitas Padjajaran Bandung dan memiliki pengalaman dalam berbagai jabatan penting di pemerintahan.\n",
            "profilePic": "https://upload.wikimedia.org/wikipedia/commons/e/ea/Syarif_Kamaruzaman.jpg",
            "title": "Bupati (PJ)",
            "sites": {
                "name": "Wikipedia",
                "url": "https://id.wikipedia.org/wiki/Syarif_Kamaruzaman"
            },
            "communityID": "dbef8910-c174-4c15-9a3a-c13f6aad06f9"
        }
    ]
}