{
    "title": "Bupati dan Wakil Bupati Kabupaten Brebes",
    "source": "https://id.wikipedia.org/wiki/Daftar_kepala_daerah_dan_wakil_kepala_daerah_petahana_di_Jawa_Tengah",
    "region": "Kabupaten Brebes",
    "level": "KABUPATEN",
    "path": "kabupaten-brebes",
    "communityID": "48a7aeac-1d12-4704-8cc1-684913f3d53c",
    "candidates": [
        {
            "name": "Iwanuddin Iskandar",
            "description": "Iwanuddin Iskandar (lahir 7 Desember 1971) adalah seorang birokrat Indonesia kelahiran Pemalang.[1] Ia sempat menjabat sebagai Kepala Biro Hukum Sekretariat Daerah Provinsi Jawa Tengah. Pada 2023, ia diangkat menjadi pelaksana jabatan Bupati Brebes.[2]\n",
            "profilePic": "https://upload.wikimedia.org/wikipedia/commons/thumb/b/bb/Penjabat_Bupati_Brebes_Iwanuddin_Iskandar.jpg/1200px-Penjabat_Bupati_Brebes_Iwanuddin_Iskandar.jpg",
            "title": "Bupati (PJ)",
            "sites": {
                "name": "Wikipedia",
                "url": "https://id.wikipedia.org/wiki/Iwanuddin_Iskandar"
            },
            "communityID": "48a7aeac-1d12-4704-8cc1-684913f3d53c"
        }
    ]
}