{
    "title": "Bupati dan Wakil Bupati Kabupaten Seruyan",
    "source": "https://id.wikipedia.org/wiki/Daftar_kepala_daerah_dan_wakil_kepala_daerah_petahana_di_Kalimantan_Tengah",
    "region": "Kabupaten Seruyan",
    "level": "KABUPATEN",
    "path": "kabupaten-seruyan",
    "communityID": "2cba62e8-efba-4816-b748-a010749457fe",
    "candidates": [
        {
            "name": "Djainuddin Noor",
            "description": "Drs. H. Djainuddin Noor M.A.P. adalah seorang politisi, dan birokrat asal Seruyan, Kalimantan Tengah. Ia menjabat sebagai Sekretaris Daerah Kabupaten Seruyan sebelum akhirnya diangkat sebagai penjabat bupati Kabupaten Seruyan pada 2023.[1][2]\n",
            "profilePic": "https://upload.wikimedia.org/wikipedia/commons/3/3a/Djainuddin_Noor.jpg",
            "title": "Bupati (PJ)",
            "sites": {
                "name": "Wikipedia",
                "url": "https://id.wikipedia.org/wiki/Djainuddin_Noor"
            },
            "communityID": "2cba62e8-efba-4816-b748-a010749457fe"
        }
    ]
}