{
    "title": "Bupati dan Wakil Bupati Kabupaten Sinjai",
    "source": "https://id.wikipedia.org/wiki/Daftar_kepala_daerah_dan_wakil_kepala_daerah_petahana_di_Sulawesi_Selatan",
    "region": "Kabupaten Sinjai",
    "level": "KABUPATEN",
    "path": "kabupaten-sinjai",
    "communityID": "416972d4-91b0-4be8-a27d-65460ccc8b78",
    "candidates": [
        {
            "name": "Teuku Raja Fahsul Falah",
            "description": "Teuku Raja Fahsul Falah (lahir 1 Januari 1974) adalah seorang birokrat Indonesia kelahiran Aceh Timur. Ia menjalani pendidikan di SDN 1 Kutacane Aceh Tenggara pada 1986, SMPN 1 Tapaktuan Aceh Selatan pada 1989, SMAN 1 Tapaktuan Aceh Selatan pada 1992, Perguruan Tinggi D3 Ilmu Pemerintahan STPDN pada 1995, S1 Manajemen Perencanaan Pembangunan Daerah STIA-LAN RI pada 1999 dan S2 Keuangan Daerah MEP-UGM pada 2001. Ia sempat menjabat sebagai Kasubbid Formasi pada BKD Aceh Selatan pada 2001-2003. Kemudian, ia menjabat selaku Camat Labuhanhaji Timur, Aceh Selatan pada 2003-2005.\n",
            "profilePic": "https://upload.wikimedia.org/wikipedia/commons/2/28/T.R_Fahsul_Falah.jpg",
            "title": "Bupati (PJ)",
            "sites": {
                "name": "Wikipedia",
                "url": "https://id.wikipedia.org/wiki/Teuku_Raja_Fahsul_Falah"
            },
            "communityID": "416972d4-91b0-4be8-a27d-65460ccc8b78"
        }
    ]
}