{
    "title": "Bupati dan Wakil Bupati Kabupaten Hulu Sungai Selatan",
    "source": "https://id.wikipedia.org/wiki/Daftar_kepala_daerah_dan_wakil_kepala_daerah_petahana_di_Kalimantan_Selatan",
    "region": "Kabupaten Hulu Sungai Selatan",
    "level": "KABUPATEN",
    "path": "kabupaten-hulu-sungai-selatan",
    "communityID": "11020e81-bcdc-402a-98fb-69df10e89921",
    "candidates": [
        {
            "name": "Hermansyah",
            "description": "",
            "profilePic": "https://upload.wikimedia.org/wikipedia/commons/thumb/d/dd/Pj_Bupati_Hermansyah.jpg/106px-Pj_Bupati_Hermansyah.jpg",
            "title": "Bupati (PJ)",
            "sites": {},
            "communityID": "11020e81-bcdc-402a-98fb-69df10e89921"
        }
    ]
}