{
    "title": "Bupati dan Wakil Bupati Kabupaten Wakatobi",
    "source": "https://id.wikipedia.org/wiki/Daftar_kepala_daerah_dan_wakil_kepala_daerah_petahana_di_Sulawesi_Tenggara",
    "region": "Kabupaten Wakatobi",
    "level": "KABUPATEN",
    "path": "kabupaten-wakatobi",
    "communityID": "267a9735-cba4-491a-aabc-8af4d7a8696b",
    "candidates": [
        {
            "name": "Haliana",
            "description": "Haliana (lahir 31 Desember 1973) adalah seorang politisi Indonesia yang menjabat Bupati Wakatobi. Ia memenangkan pemilu Bupati Wakatobi untuk periode 2021-2024 dengan perolehan suaran 31.937 (51,6%).[1]\n",
            "profilePic": "https://upload.wikimedia.org/wikipedia/commons/thumb/7/71/Bupati_Wakatobi_Haliana.jpg/1200px-Bupati_Wakatobi_Haliana.jpg",
            "title": "Bupati",
            "sites": {
                "name": "Wikipedia",
                "url": "https://id.wikipedia.org/wiki/Haliana"
            },
            "communityID": "267a9735-cba4-491a-aabc-8af4d7a8696b"
        },
        {
            "name": "Ilmiati Daud",
            "description": "Ilmiati Daud (lahir 5 Maret 1972) adalah seorang birokrat dan politikus Indonesia kelahiran Malang. Ilmiati Daud mula-mula menjabat sebagai seorang Aparatur Sipil Negara (ASN). Ilmiati Daud tercatat sebagai Direktur PT Nyiur Tapaa Permai (1998-2000). Ia kemudian bertugas di Badan Kepegawaian Daerah (BKD) Kabupaten Kolaka pada tahun 2000. Ilmiati Daud juga pernah menjabat Kasubbag Keuangan Bappeda Sulawesi Tenggara pada tahun 2013. Hingga akhirnya Ilmiati Daud memutuskan untuk berhenti sebagai ASN, lantas mulai terjun ke dunia politik.\n",
            "profilePic": "https://upload.wikimedia.org/wikipedia/commons/thumb/a/a8/Wakil_Bupati_Wakatobi_Ilmiati_Daud.jpg/1200px-Wakil_Bupati_Wakatobi_Ilmiati_Daud.jpg",
            "title": "Wakil Bupati",
            "sites": {
                "name": "Wikipedia",
                "url": "https://id.wikipedia.org/wiki/Ilmiati_Daud"
            },
            "communityID": "267a9735-cba4-491a-aabc-8af4d7a8696b"
        }
    ]
}