{
    "title": "Bupati dan Wakil Bupati Kabupaten Manggarai Timur",
    "source": "https://id.wikipedia.org/wiki/Daftar_kepala_daerah_dan_wakil_kepala_daerah_petahana_di_Nusa_Tenggara_Timur",
    "region": "Kabupaten Manggarai Timur",
    "level": "KABUPATEN",
    "path": "kabupaten-manggarai-timur",
    "communityID": "8a32e544-8287-4343-b839-2dd8dffc1ea4",
    "candidates": [
        {
            "name": "Boni Hasudungan Siregar",
            "description": "",
            "profilePic": "https://upload.wikimedia.org/wikipedia/commons/thumb/6/6f/GAMBAR_TIDAK_TERSEDIA.png/123px-GAMBAR_TIDAK_TERSEDIA.png",
            "title": "Bupati (PJ)",
            "sites": {},
            "communityID": "8a32e544-8287-4343-b839-2dd8dffc1ea4"
        }
    ]
}