{
    "title": "Bupati dan Wakil Bupati Kabupaten Deiyai",
    "source": "https://id.wikipedia.org/wiki/Daftar_kepala_daerah_dan_wakil_kepala_daerah_petahana_di_Papua_Tengah",
    "region": "Kabupaten Deiyai",
    "level": "KABUPATEN",
    "path": "kabupaten-deiyai",
    "communityID": "f10ca9de-bb3a-4c3a-98db-c3b4515a9d5d",
    "candidates": [
        {
            "name": "Elimelek Edowai",
            "description": "",
            "profilePic": "https://upload.wikimedia.org/wikipedia/commons/thumb/d/d1/Tiada_gambar_tersedia.svg/119px-Tiada_gambar_tersedia.svg.png",
            "title": "Bupati (PJ)",
            "sites": {},
            "communityID": "f10ca9de-bb3a-4c3a-98db-c3b4515a9d5d"
        }
    ]
}