{
    "title": "Bupati dan Wakil Bupati Kabupaten Pulang Pisau",
    "source": "https://id.wikipedia.org/wiki/Daftar_kepala_daerah_dan_wakil_kepala_daerah_petahana_di_Kalimantan_Tengah",
    "region": "Kabupaten Pulang Pisau",
    "level": "KABUPATEN",
    "path": "kabupaten-pulang-pisau",
    "communityID": "5b5a888e-0584-4a84-8698-2a70cf600ba1",
    "candidates": [
        {
            "name": "Nunu Andriani",
            "description": "Nunu Andriani, S.E., M.Pd. adalah seorang birokrat Indonesia. Ia merupakan istri dari Wakil Gubernur Kalimantan Tengah Edy Pratowo.[1] Ia sempat menjabat sebagai Kepala Dinas Perpustakaan dan Arsip Provinsi Kalimantan Tengah.[2] Pada 2023, ia diangkat menjadi pelaksana jabatan Bupati Pulang Pisau[1] menggantikan Pudjirustaty Narang.[2]\n",
            "profilePic": "https://upload.wikimedia.org/wikipedia/commons/4/4b/Nunu_Andriani.jpg",
            "title": "Bupati (PJ)",
            "sites": {
                "name": "Wikipedia",
                "url": "https://id.wikipedia.org/wiki/Nunu_Andriani"
            },
            "communityID": "5b5a888e-0584-4a84-8698-2a70cf600ba1"
        }
    ]
}