{
    "title": "Bupati dan Wakil Bupati Kabupaten Kampar",
    "source": "https://id.wikipedia.org/wiki/Daftar_kepala_daerah_dan_wakil_kepala_daerah_petahana_di_Riau",
    "region": "Kabupaten Kampar",
    "level": "KABUPATEN",
    "path": "kabupaten-kampar",
    "communityID": "0ee72536-4da7-49bf-908c-08dde6c0f827",
    "candidates": [
        {
            "name": "Hambali",
            "description": "",
            "profilePic": "https://upload.wikimedia.org/wikipedia/id/thumb/3/37/Bupatikampar.png/118px-Bupatikampar.png",
            "title": "Bupati (PJ)",
            "sites": {},
            "communityID": "0ee72536-4da7-49bf-908c-08dde6c0f827"
        }
    ]
}