{
    "title": "Bupati dan Wakil Bupati Kabupaten Malinau",
    "source": "https://id.wikipedia.org/wiki/Daftar_kepala_daerah_dan_wakil_kepala_daerah_petahana_di_Kalimantan_Utara",
    "region": "Kabupaten Malinau",
    "level": "KABUPATEN",
    "path": "kabupaten-malinau",
    "communityID": "0a306b77-ed17-4c76-813b-55b51120c905",
    "candidates": [
        {
            "name": "Wempi Wellem Mawa",
            "description": "Wempi Wellem Mawa, S.E. (lahir 8 Juli 1973) adalah seorang politikus asal provinsi Kalimantan Utara, yang terpilih menjadi Bupati Kabupaten Malinau, untuk periode 2021\u20142024.[1]\n",
            "profilePic": "https://upload.wikimedia.org/wikipedia/commons/thumb/9/90/Bupati_Malinau_Wempi_Wellem_Mawa.jpg/1200px-Bupati_Malinau_Wempi_Wellem_Mawa.jpg",
            "title": "Bupati",
            "sites": {
                "name": "Wikipedia",
                "url": "https://id.wikipedia.org/wiki/Wempi_Wellem_Mawa"
            },
            "communityID": "0a306b77-ed17-4c76-813b-55b51120c905"
        },
        {
            "name": "Jakaria",
            "description": "Jakaria (lahir 4 Juni 1966) adalah seorang politikus Indonesia kelahiran Bulungan. Ia mula-mula menjadi pegawai negeri sipil di Bulungan pada tahun 1986. Ia diangkat menjadi staf Pemkab Bulungan sampai tahun 1999. Ia kemudian dipindahkan ke Pemkap Malinau. Pada 2014, ia diangkat menjadi Kasie Pasar Dinas Tata Kota Malinau. Ia juga sempat menjabat sebagai Sekretaris hingga pelaksana jabatan Camat Malinau Utara.\n",
            "profilePic": "https://upload.wikimedia.org/wikipedia/commons/thumb/4/40/Wakil_Bupati_Malinau_Jakaria.jpg/1200px-Wakil_Bupati_Malinau_Jakaria.jpg",
            "title": "Wakil Bupati",
            "sites": {
                "name": "Wikipedia",
                "url": "https://id.wikipedia.org/wiki/Jakaria"
            },
            "communityID": "0a306b77-ed17-4c76-813b-55b51120c905"
        }
    ]
}