{
    "title": "Bupati dan Wakil Bupati Kabupaten Barito Timur",
    "source": "https://id.wikipedia.org/wiki/Daftar_kepala_daerah_dan_wakil_kepala_daerah_petahana_di_Kalimantan_Tengah",
    "region": "Kabupaten Barito Timur",
    "level": "KABUPATEN",
    "path": "kabupaten-barito-timur",
    "communityID": "a70e7874-bddc-4cfb-b601-4c1f37704b79",
    "candidates": [
        {
            "name": "Indra Gunawan",
            "description": "",
            "profilePic": "https://upload.wikimedia.org/wikipedia/commons/thumb/9/93/Indra_Gunawan.jpg/110px-Indra_Gunawan.jpg",
            "title": "Bupati (PJ)",
            "sites": {},
            "communityID": "a70e7874-bddc-4cfb-b601-4c1f37704b79"
        }
    ]
}