{
    "title": "Bupati dan Wakil Bupati Kabupaten Cilacap",
    "source": "https://id.wikipedia.org/wiki/Daftar_kepala_daerah_dan_wakil_kepala_daerah_petahana_di_Jawa_Tengah",
    "region": "Kabupaten Cilacap",
    "level": "KABUPATEN",
    "path": "kabupaten-cilacap",
    "communityID": "9a3d6a55-106a-46a6-8bd7-350e16b6513f",
    "candidates": [
        {
            "name": "Awaluddin Muuri",
            "description": "Awaluddin Muuri, A.P, M.M (lahir 31 Juli 1975) adalah seorang birokrat Indonesia, kelahiran Muna, Sulawesi Tenggara. Ia merupakan alumni Institut Pemerintahan Dalam Negeri (IPDN) angkatan tahun 1998. Ia memulai karir di Kabupaten Cilacap sebagai Mantri Polisi di Kecamatan Cimanggu pada tahun 1999. Ia sempat menjabat sebagai Kepala Dinas Lingkungan Hidup (DLH) dan juga Kepala Dinas Penanaman Modal dan Pelayanan Terpadu Satu Pintu (DPMPTSP). Ia kemudian menjabat sebagai Sekretaris Daerah Kabupaten Cilacap. Pada 17 November 2023, ia menjabat sebagai pelaksana jabatan Bupati Cilacap.[1]\n",
            "profilePic": "https://upload.wikimedia.org/wikipedia/commons/8/8e/Awaluddin_Muuri.jpg",
            "title": "Bupati (PJ)",
            "sites": {
                "name": "Wikipedia",
                "url": "https://id.wikipedia.org/wiki/Awaluddin_Muuri"
            },
            "communityID": "9a3d6a55-106a-46a6-8bd7-350e16b6513f"
        }
    ]
}