{
    "title": "Bupati dan Wakil Bupati Kabupaten Ende",
    "source": "https://id.wikipedia.org/wiki/Daftar_kepala_daerah_dan_wakil_kepala_daerah_petahana_di_Nusa_Tenggara_Timur",
    "region": "Kabupaten Ende",
    "level": "KABUPATEN",
    "path": "kabupaten-ende",
    "communityID": "72daad6b-0649-47c9-8f58-f649103cd454",
    "candidates": [
        {
            "name": "Agustinus Gadja Ngasu",
            "description": "Agustinus Gadja Ngasu adalah seorang birokrat Indonesia. Ia sempat menjabat sebagai Sekretaris Daerah (Sekda) Kabupaten Ende. Pada 2024, ia diangkat menjadi penjabat Bupati Ende.[1]\n",
            "profilePic": "https://upload.wikimedia.org/wikipedia/commons/5/58/Agustinus_Gadja_Ngasu.jpg",
            "title": "Bupati (PJ)",
            "sites": {
                "name": "Wikipedia",
                "url": "https://id.wikipedia.org/wiki/Agustinus_Gadja_Ngasu"
            },
            "communityID": "72daad6b-0649-47c9-8f58-f649103cd454"
        }
    ]
}