{
    "title": "Bupati dan Wakil Bupati Kabupaten Bondowoso",
    "source": "https://id.wikipedia.org/wiki/Daftar_kepala_daerah_dan_wakil_kepala_daerah_petahana_di_Jawa_Timur",
    "region": "Kabupaten Bondowoso",
    "level": "KABUPATEN",
    "path": "kabupaten-bondowoso",
    "communityID": "9aa058c4-db19-48a8-9504-14cc430ffcf0",
    "candidates": [
        {
            "name": "Bambang Soekwanto",
            "description": "Bambang Soekwanto (lahir 5 April 1966) adalah seorang birokrat Indonesia kelahiran Balikpapan. Ia menempuh pendidikan di SDN Dabasah 07, SMP Negeri 01 Bondowoso, SMA Negeri 09 Bandung, pendidikan S1 di Universitas Negeri Jember, dan pendidikan S2 di STIE Mitra Indonesia Yogyakarta. Ia mula-mula menjabat sebagai pelaksana jabatan Camat Curahdami dan kemudian pelaksana jabatan Camat Botolinggo.\n",
            "profilePic": "https://upload.wikimedia.org/wikipedia/commons/4/41/Bambang_Soekwanto.jpg",
            "title": "Bupati (PJ)",
            "sites": {
                "name": "Wikipedia",
                "url": "https://id.wikipedia.org/wiki/Bambang_Soekwanto"
            },
            "communityID": "9aa058c4-db19-48a8-9504-14cc430ffcf0"
        }
    ]
}