{
    "title": "Bupati dan Wakil Bupati Kabupaten Tulang Bawang",
    "source": "https://id.wikipedia.org/wiki/Daftar_kepala_daerah_dan_wakil_kepala_daerah_petahana_di_Lampung",
    "region": "Kabupaten Tulang Bawang",
    "level": "KABUPATEN",
    "path": "kabupaten-tulang-bawang",
    "communityID": "cdf62742-9ecf-4dde-8866-e95f6ce57f83",
    "candidates": [
        {
            "name": "Qodratul Ikhwan",
            "description": "Drs. Hi. Qudrotul Ikhwan, M.M. (lahir 7 Januari 1965)[1] adalah Penjabat Bupati Kabupaten Tulang Bawang (18 Desember 2022 - sekarang) dan Penjabat Bupati Kabupaten Pesisir Barat Ke-2 (23 April 2015 - 17 Februari 2016). Nama Qudrotul Ikhwan di dalam berbagai pemberitaan sering tertulis sebagai nama Qodratul Ikhwan.\n",
            "profilePic": "https://upload.wikimedia.org/wikipedia/id/8/81/Qudratul_Ikhwan_Official.jpg",
            "title": "Bupati (PJ)",
            "sites": {
                "name": "Wikipedia",
                "url": "https://id.wikipedia.org/wiki/Qodratul_Ikhwan"
            },
            "communityID": "cdf62742-9ecf-4dde-8866-e95f6ce57f83"
        }
    ]
}