{
    "title": "Bupati dan Wakil Bupati Kabupaten Kepulauan Yapen",
    "source": "https://id.wikipedia.org/wiki/Daftar_kepala_daerah_dan_wakil_kepala_daerah_petahana_di_Papua",
    "region": "Kabupaten Kepulauan Yapen",
    "level": "KABUPATEN",
    "path": "kabupaten-kepulauan-yapen",
    "communityID": "1d1fc1f8-fc8c-4328-a2fb-ba4fc008f41f",
    "candidates": [
        {
            "name": "Welliam Manderi",
            "description": "",
            "profilePic": "https://upload.wikimedia.org/wikipedia/commons/thumb/3/35/Welliam_Manderi.jpg/105px-Welliam_Manderi.jpg",
            "title": "Bupati (PJ)",
            "sites": {},
            "communityID": "1d1fc1f8-fc8c-4328-a2fb-ba4fc008f41f"
        }
    ]
}