{
    "title": "Bupati dan Wakil Bupati Kabupaten Bombana",
    "source": "https://id.wikipedia.org/wiki/Daftar_kepala_daerah_dan_wakil_kepala_daerah_petahana_di_Sulawesi_Tenggara",
    "region": "Kabupaten Bombana",
    "level": "KABUPATEN",
    "path": "kabupaten-bombana",
    "communityID": "52c716c3-d02b-4ddf-bc79-b9cf5b3d8c5a",
    "candidates": [
        {
            "name": "Edy Suharmanto",
            "description": "",
            "profilePic": "https://upload.wikimedia.org/wikipedia/commons/thumb/a/a5/Edy_Suharmanto.jpg/105px-Edy_Suharmanto.jpg",
            "title": "Bupati (PJ)",
            "sites": {},
            "communityID": "52c716c3-d02b-4ddf-bc79-b9cf5b3d8c5a"
        }
    ]
}