{
    "title": "Bupati dan Wakil Bupati Kabupaten Bolaang Mongondow Timur",
    "source": "https://id.wikipedia.org/wiki/Daftar_kepala_daerah_dan_wakil_kepala_daerah_petahana_di_Sulawesi_Utara",
    "region": "Kabupaten Bolaang Mongondow Timur",
    "level": "KABUPATEN",
    "path": "kabupaten-bolaang-mongondow-timur",
    "communityID": "7f8234cb-0819-4e10-8c04-9bd9deb79519",
    "candidates": [
        {
            "name": "Sam Sachrul Mamonto",
            "description": "Sam Sachrul Mamonto, S.Sos., M.Si. (lahir 16 Desember 1973) adalah Bupati Bolaang Mongondow Timur periode 2021\u20132024. Ia menjabat sejak 26 Februari 2021 setelah dilantik Gubernur Sulawesi Utara, Olly Dondokambey di Graha Gubernuran H.V. Worang Bumi Beringin, Manado.[1]\n",
            "profilePic": "https://upload.wikimedia.org/wikipedia/commons/thumb/c/c7/Sam_Sachrul_Mamonto.jpg/129px-Sam_Sachrul_Mamonto.jpg",
            "title": "Bupati",
            "sites": {
                "name": "Wikipedia",
                "url": "https://id.wikipedia.org/wiki/Sam_Sachrul_Mamonto"
            },
            "communityID": "7f8234cb-0819-4e10-8c04-9bd9deb79519"
        },
        {
            "name": "Oskar Manoppo",
            "description": "Oskar Manoppo, SE., MM. Lahir di Togid pada tanggal 12 Januari 1972. Ia menjabat sebagai Wakil Bupati Bolaang Mongondow Timur sejak 26 febuari 2021 - sampai sekarang.[1][2] Sebelumnya Ia pernah menjabat sebagai PJ. Sekertaris Daerah dan Kepala Badan Pengelola Keuangan dan Pendapatan Daerah Kabupaten Bolaang Mongondow Timur pada tahun 2019[3]. Oskar memilih untuk untuk mundur dari PNS dan bertarung di Pilkada Boltim 2020.  \n",
            "profilePic": "https://upload.wikimedia.org/wikipedia/commons/thumb/a/a0/Oskar_Manoppo.jpg/1200px-Oskar_Manoppo.jpg",
            "title": "Wakil Bupati",
            "sites": {
                "name": "Wikipedia",
                "url": "https://id.wikipedia.org/wiki/Oskar_Manoppo"
            },
            "communityID": "7f8234cb-0819-4e10-8c04-9bd9deb79519"
        }
    ]
}