{
    "title": "Bupati dan Wakil Bupati Kabupaten Pesisir Selatan",
    "source": "https://id.wikipedia.org/wiki/Daftar_kepala_daerah_dan_wakil_kepala_daerah_petahana_di_Sumatera_Barat",
    "region": "Kabupaten Pesisir Selatan",
    "level": "KABUPATEN",
    "path": "kabupaten-pesisir-selatan",
    "communityID": "47936af6-3d61-44b1-bfc2-600ef12bec3d",
    "candidates": [
        {
            "name": "Rusma Yul Anwar",
            "description": "Drs. Rusma Yul Anwar, M.Pd. (lahir 30 Juli 1963) adalah politikus Partai Demokrasi Indonesia Perjuangan, mantan birokrat, dan mantan guru Indonesia. Ia menjabat Bupati Pesisir Selatan sejak 26 Februari 2021.[4] Bersama wakilnya, Rudi Hariyansyah, mereka berhasil memenangkan pemilihan umum Bupati Pesisir Selatan 2020. Sebelumnya ia menjabat Wakil Bupati Pesisir Selatan periode 2016\u20132021 di bawah Bupati Hendrajoni.\n",
            "profilePic": "https://upload.wikimedia.org/wikipedia/commons/thumb/3/37/Bupati_Pesisir_Selatan_Rusma_Yul_Anwar.jpg/1200px-Bupati_Pesisir_Selatan_Rusma_Yul_Anwar.jpg",
            "title": "Bupati",
            "sites": {
                "name": "Wikipedia",
                "url": "https://id.wikipedia.org/wiki/Rusma_Yul_Anwar"
            },
            "communityID": "47936af6-3d61-44b1-bfc2-600ef12bec3d"
        }
    ]
}