{
    "title": "Bupati dan Wakil Bupati Kabupaten Donggala",
    "source": "https://id.wikipedia.org/wiki/Daftar_kepala_daerah_dan_wakil_kepala_daerah_petahana_di_Sulawesi_Tengah",
    "region": "Kabupaten Donggala",
    "level": "KABUPATEN",
    "path": "kabupaten-donggala",
    "communityID": "1e18e72e-5b42-4bc9-b145-a3fb3fdf030a",
    "candidates": [
        {
            "name": "M. Rifani Pakamundi",
            "description": "",
            "profilePic": "https://upload.wikimedia.org/wikipedia/commons/thumb/2/27/Rifani_Pakamundi.jpg/131px-Rifani_Pakamundi.jpg",
            "title": "Bupati (PJ)",
            "sites": {},
            "communityID": "1e18e72e-5b42-4bc9-b145-a3fb3fdf030a"
        }
    ]
}