{
    "title": "Bupati dan Wakil Bupati Kabupaten Aceh Utara",
    "source": "https://id.wikipedia.org/wiki/Daftar_kepala_daerah_dan_wakil_kepala_daerah_petahana_di_Aceh",
    "region": "Kabupaten Aceh Utara",
    "level": "KABUPATEN",
    "path": "kabupaten-aceh-utara",
    "communityID": "cf80bf9e-bc0f-4421-ba81-e7fa9ec43c36",
    "candidates": [
        {
            "name": "Mahyuzar",
            "description": "Mahyuzar (lahir 16 Oktober 1968) adalah seorang birokrat Indonesia kelahiran Buket Pala Peurelak, Aceh Timur. Ia dibesarkan dan dididik di Rantau Panyang. Ia merupakan alumnus S1 Aqidah Filsafat Ushuluddin IAIN Sumatera Utara angkatan tahun 1993. Kemudian, ia mengambil S2 Magister Ilmu Komunikasi Ilmu Sosial Universitas Padjadjaran Bandung pada tahun 2004 dan melanjutkan S3 Ilmu Komunikasi Ilmu Sosial Universitas Padjadjaran Bandung pada tahun 2010.\n",
            "profilePic": "https://upload.wikimedia.org/wikipedia/commons/c/c1/Mahyuzar.jpg",
            "title": "Bupati (PJ)",
            "sites": {
                "name": "Wikipedia",
                "url": "https://id.wikipedia.org/wiki/Mahyuzar"
            },
            "communityID": "cf80bf9e-bc0f-4421-ba81-e7fa9ec43c36"
        }
    ]
}