{
    "title": "Bupati dan Wakil Bupati Kabupaten Pati",
    "source": "https://id.wikipedia.org/wiki/Daftar_kepala_daerah_dan_wakil_kepala_daerah_petahana_di_Jawa_Tengah",
    "region": "Kabupaten Pati",
    "level": "KABUPATEN",
    "path": "kabupaten-pati",
    "communityID": "97afb16a-1140-418f-93de-0d2c6393ff15",
    "candidates": [
        {
            "name": "Henggar Budi Anggoro",
            "description": "Henggar Budi Anggoro (lahir 14 September 1971) adalah seorang birokrat Indonesia kelahiran Kendal. Ia merupakan alumni jurusan teknik sipil Universitas Diponegoro Semarang angkatan 1990. Pada 1997, ia berkecimpung di bidang perhubungan dengan masuk ke Departemen Perhubungan Republik Indonesia dengan penempatan di Kantor Wilayah (Kanwil) Sulawesi Selatan. Pada 1999, ia menempuh pendidikan S-2 di jurusan magister transportasi Institut Teknologi Bandung (ITB). Ia sempat menjabat sebagai Kepala Dinas Perhubungan Provinsi Jawa Tengah. Pada 2022, ia diangkat menjadi pelaksana jabatan bupati Pati.[1]\n",
            "profilePic": "https://upload.wikimedia.org/wikipedia/commons/thumb/e/e1/Bupati_Pati_Henggar_Budi_Anggoro.jpg/1200px-Bupati_Pati_Henggar_Budi_Anggoro.jpg",
            "title": "Bupati (PJ)",
            "sites": {
                "name": "Wikipedia",
                "url": "https://id.wikipedia.org/wiki/Henggar_Budi_Anggoro"
            },
            "communityID": "97afb16a-1140-418f-93de-0d2c6393ff15"
        }
    ]
}