{
    "title": "Bupati dan Wakil Bupati Kabupaten Jepara",
    "source": "https://id.wikipedia.org/wiki/Daftar_kepala_daerah_dan_wakil_kepala_daerah_petahana_di_Jawa_Tengah",
    "region": "Kabupaten Jepara",
    "level": "KABUPATEN",
    "path": "kabupaten-jepara",
    "communityID": "602009a2-a918-42f1-a59b-d13f7556d180",
    "candidates": [
        {
            "name": "Edy Supriyanta",
            "description": "Edy Supriyanta (lahir 4 Mei 1965) adalah seorang birokrat Indonesia. Edy juga menghabiskan masa mudanya hingga lulus SMA. Setelah lulus dari SMAN 1 Jepara, Edy baru keluar kota dan menjadi ASN sejak 1988. Ia mengawali karirnya menjadi Kasi Terminal Antar Kota Provinsi Jawa Tengah, Kasi Angkutan Dalam Trayek, Kabag Kepegawaian dan Ortala, dan Kasubag Penanggulangan Bencana.\n",
            "profilePic": "https://upload.wikimedia.org/wikipedia/commons/0/03/Bupati_Jepara_Edy_Supriyanta.png",
            "title": "Bupati (PJ)",
            "sites": {
                "name": "Wikipedia",
                "url": "https://id.wikipedia.org/wiki/Edy_Supriyanta"
            },
            "communityID": "602009a2-a918-42f1-a59b-d13f7556d180"
        }
    ]
}