{
    "title": "Bupati dan Wakil Bupati Kabupaten Buol",
    "source": "https://id.wikipedia.org/wiki/Daftar_kepala_daerah_dan_wakil_kepala_daerah_petahana_di_Sulawesi_Tengah",
    "region": "Kabupaten Buol",
    "level": "KABUPATEN",
    "path": "kabupaten-buol",
    "communityID": "ca43dd49-47b2-4555-b062-c89618d219a4",
    "candidates": [
        {
            "name": "Moh. Mukhlis",
            "description": "",
            "profilePic": "https://upload.wikimedia.org/wikipedia/commons/thumb/5/57/Moh._Mukhlis.jpg/148px-Moh._Mukhlis.jpg",
            "title": "Bupati (PJ)",
            "sites": {},
            "communityID": "ca43dd49-47b2-4555-b062-c89618d219a4"
        }
    ]
}