{
    "title": "Bupati dan Wakil Bupati Kabupaten Lombok Timur",
    "source": "https://id.wikipedia.org/wiki/Daftar_kepala_daerah_dan_wakil_kepala_daerah_petahana_di_Nusa_Tenggara_Barat",
    "region": "Kabupaten Lombok Timur",
    "level": "KABUPATEN",
    "path": "kabupaten-lombok-timur",
    "communityID": "e268ce02-d342-4bbe-a821-82d81710fe68",
    "candidates": [
        {
            "name": "Juaini Taofik",
            "description": "Drs. H. Muhammad Juaini Taofik, M.AP. merupakan Birokrat lulusan Institut Pemerintahan Dalam Negeri 1994 yang sedang menjabat sebagai Sekretaris Daerah (Sekda) Kabupaten Lombok Timur, dan Pj Bupati Lombok Timur sejak tanggal 26 September 2023.[1]\n",
            "profilePic": "https://upload.wikimedia.org/wikipedia/commons/b/b8/Juaini_Taofik.jpg",
            "title": "Bupati (PJ)",
            "sites": {
                "name": "Wikipedia",
                "url": "https://id.wikipedia.org/wiki/Juaini_Taofik"
            },
            "communityID": "e268ce02-d342-4bbe-a821-82d81710fe68"
        }
    ]
}