{
    "title": "Bupati dan Wakil Bupati Kabupaten Batang",
    "source": "https://id.wikipedia.org/wiki/Daftar_kepala_daerah_dan_wakil_kepala_daerah_petahana_di_Jawa_Tengah",
    "region": "Kabupaten Batang",
    "level": "KABUPATEN",
    "path": "kabupaten-batang",
    "communityID": "6ace2d23-1b62-421d-bcca-7f6f1d36aadb",
    "candidates": [
        {
            "name": "Lani Dwi Rejeki",
            "description": "Lani Dwi Rejeki (lahir 25 Maret 1965) adalah seorang birokrat asal Indonesia kelahiran Purwokerto. Ia sempat menjadi Sekretaris Daerah Kabupaten Batang. Pada 2022, ia diangkat menjadi pelaksana jabatan Bupati Batang. Ia juga meraih 24 penghargaan yang meliputi Kabupaten Ramah Investasi dari Anugrah Jawa POS, Peringkat 1 JDIH Kategori Kabupaten dari Kemenkumham, Kabupaten Peduli Hak Asasi Manusia (HAM) dari Kemenkumhan serta TOP Pembina BUMD Award 2023 tingkat nasional.[1]\n",
            "profilePic": "https://upload.wikimedia.org/wikipedia/commons/0/03/Lani_Dwi_Rejeki.jpg",
            "title": "Bupati (PJ)",
            "sites": {
                "name": "Wikipedia",
                "url": "https://id.wikipedia.org/wiki/Lani_Dwi_Rejeki"
            },
            "communityID": "6ace2d23-1b62-421d-bcca-7f6f1d36aadb"
        }
    ]
}