{
    "title": "Bupati dan Wakil Bupati Kabupaten Kerinci",
    "source": "https://id.wikipedia.org/wiki/Daftar_kepala_daerah_dan_wakil_kepala_daerah_petahana_di_Jambi",
    "region": "Kabupaten Kerinci",
    "level": "KABUPATEN",
    "path": "kabupaten-kerinci",
    "communityID": "58e4643a-7207-4392-ba1a-5b544851fa05",
    "candidates": [
        {
            "name": "Asraf",
            "description": "",
            "profilePic": "https://upload.wikimedia.org/wikipedia/commons/thumb/3/31/Asraf_Kerinci.jpg/104px-Asraf_Kerinci.jpg",
            "title": "Bupati (PJ)",
            "sites": {},
            "communityID": "58e4643a-7207-4392-ba1a-5b544851fa05"
        }
    ]
}