{
    "title": "Bupati dan Wakil Bupati Kabupaten Bungo",
    "source": "https://id.wikipedia.org/wiki/Daftar_kepala_daerah_dan_wakil_kepala_daerah_petahana_di_Jambi",
    "region": "Kabupaten Bungo",
    "level": "KABUPATEN",
    "path": "kabupaten-bungo",
    "communityID": "bba7b89c-13f6-4875-94df-92d872441f70",
    "candidates": [
        {
            "name": "Mashuri",
            "description": "H. Mashuri, S.P., M.E. (lahir 9 Oktober 1972) adalah Bupati Bungo dua periode 2016\u20132021 dan 2021\u20132024.[1][2] Sebelumnya, Ia pernah menjabat sebagai Wakil Bupati Bungo periode 2011\u20132016 mendampingi Sudirman Zaini.\n",
            "profilePic": "https://upload.wikimedia.org/wikipedia/commons/c/c5/Mashuri_Bungo.jpg",
            "title": "Bupati",
            "sites": {
                "name": "Wikipedia",
                "url": "https://id.wikipedia.org/wiki/Mashuri_(bupati)"
            },
            "communityID": "bba7b89c-13f6-4875-94df-92d872441f70"
        }
    ]
}