{
    "title": "Bupati dan Wakil Bupati Kabupaten Garut",
    "source": "https://id.wikipedia.org/wiki/Daftar_kepala_daerah_dan_wakil_kepala_daerah_petahana_di_Jawa_Barat",
    "region": "Kabupaten Garut",
    "level": "KABUPATEN",
    "path": "kabupaten-garut",
    "communityID": "2b10fb1f-75b9-460a-9b17-098e12003a1a",
    "candidates": [
        {
            "name": "Barnas Adjidin",
            "description": "Drs. H. Barnas Adjidin, M.M., M.M.Pd. (lahir 4 Juni 1965) adalah seorang birokrat Indonesia yang sejak 23 Januari 2024 dilantik sebagai Penjabat Bupati Garut oleh Penjabat Gubernur Jawa Barat, Bey Triadi Machmudin. Sebelumnya, ia merupakan Sekretaris Dewan Perwakilan Rakyat Daerah Provinsi Jawa Barat.[1]\n",
            "profilePic": "https://upload.wikimedia.org/wikipedia/id/d/d2/Barnas_Adjidin.png",
            "title": "Bupati (PJ)",
            "sites": {
                "name": "Wikipedia",
                "url": "https://id.wikipedia.org/wiki/Barnas_Adjidin"
            },
            "communityID": "2b10fb1f-75b9-460a-9b17-098e12003a1a"
        }
    ]
}