{
    "title": "Bupati dan Wakil Bupati Kabupaten Kepulauan Siau Tagulandang Biaro",
    "source": "https://id.wikipedia.org/wiki/Daftar_kepala_daerah_dan_wakil_kepala_daerah_petahana_di_Sulawesi_Utara",
    "region": "Kabupaten Kepulauan Siau Tagulandang Biaro",
    "level": "KABUPATEN",
    "path": "kabupaten-kepulauan-siau-tagulandang-biaro",
    "communityID": "b17ee4fe-2f1c-4760-8214-9d9ddaa051c4",
    "candidates": [
        {
            "name": "Joi Oroh",
            "description": "Joi Eltiano Bernadin Oroh atau Joi Oroh adalah seorang birokrat asal Indonesia. Ia sempat menjabat sebagai Kepala Badan Penelitian dan Pengembangan Daerah Provinsi Sulawesi Utara. Pada 2023, ia diangkat menjadi pelaksana jabatan Bupati Kepulauan Siau Tagulandang Biaro (Sitaro).[1]\n",
            "profilePic": "https://upload.wikimedia.org/wikipedia/commons/2/25/Joi_Oroh.jpg",
            "title": "Bupati (PJ)",
            "sites": {
                "name": "Wikipedia",
                "url": "https://id.wikipedia.org/wiki/Joi_Oroh"
            },
            "communityID": "b17ee4fe-2f1c-4760-8214-9d9ddaa051c4"
        }
    ]
}