{
    "title": "Bupati dan Wakil Bupati Kabupaten Kediri",
    "source": "https://id.wikipedia.org/wiki/Daftar_kepala_daerah_dan_wakil_kepala_daerah_petahana_di_Jawa_Timur",
    "region": "Kabupaten Kediri",
    "level": "KABUPATEN",
    "path": "kabupaten-kediri",
    "communityID": "11547604-5374-42fd-9aa3-6ea2a820eb87",
    "candidates": [
        {
            "name": "Hanindhito Himawan Pramana",
            "description": "Hanindhito Himawan Pramana, S.H. (lahir 31 Juli 1992, dikenal sebagai Dhito atau Mas Dhito) adalah seorang politisi yang saat ini menjabat sebagai Bupati Kediri periode 2021-2024.[4][5] Dhito terpilih sebagai bupati melalui pilkada tahun 2020.[6][7] Pada pemilihan tersebut, Ia diusung oleh sembilan partai politik dan menjadi calon tunggal.[8]\n",
            "profilePic": "https://upload.wikimedia.org/wikipedia/commons/a/ad/Hanindhito_Himawan_Pramana.jpg",
            "title": "Bupati",
            "sites": {
                "name": "Wikipedia",
                "url": "https://id.wikipedia.org/wiki/Hanindhito_Himawan_Pramana"
            },
            "communityID": "11547604-5374-42fd-9aa3-6ea2a820eb87"
        },
        {
            "name": "Dewi Mariya Ulfa",
            "description": "Dewi Mariya Ulfa, S.T. (lahir 1 September 1980) adalah Wakil Bupati Kediri periode 2021\u20132024. Ia menjabat sejak 26 Februari 2021 setelah dilantik Gubernur Jawa Timur, Khofifah Indar Parawansa di Gedung Negara Grahadi, Surabaya.[1]\n",
            "profilePic": "https://upload.wikimedia.org/wikipedia/commons/thumb/3/31/Wakil_Bupati_Kediri_Dewi_Mariya_Ulfa.jpg/1200px-Wakil_Bupati_Kediri_Dewi_Mariya_Ulfa.jpg",
            "title": "Wakil Bupati",
            "sites": {
                "name": "Wikipedia",
                "url": "https://id.wikipedia.org/wiki/Dewi_Mariya_Ulfa"
            },
            "communityID": "11547604-5374-42fd-9aa3-6ea2a820eb87"
        }
    ]
}