{
    "title": "Bupati dan Wakil Bupati Kabupaten Nunukan",
    "source": "https://id.wikipedia.org/wiki/Daftar_kepala_daerah_dan_wakil_kepala_daerah_petahana_di_Kalimantan_Utara",
    "region": "Kabupaten Nunukan",
    "level": "KABUPATEN",
    "path": "kabupaten-nunukan",
    "communityID": "848a6c2d-03ac-441a-ba53-313ce1e000ab",
    "candidates": [
        {
            "name": "Asmin Laura Hafid",
            "description": "Hj. Asmin Laura Hafid, S.E., M.M.,Ph.D. (lahir 10 Agustus 1985) adalah politikus Indonesia. Ia adalah Bupati Nunukan dua periode yakni 2016\u20132021[1] dan 2021\u20132024. Laura pernah menjabat sebagai Bupati Nunukan periode 2014\u20132015.\n",
            "profilePic": "https://upload.wikimedia.org/wikipedia/commons/4/41/Bupati_Nunukan_Asmin_Laura_Hafid.jpg",
            "title": "Bupati",
            "sites": {
                "name": "Wikipedia",
                "url": "https://id.wikipedia.org/wiki/Asmin_Laura_Hafid"
            },
            "communityID": "848a6c2d-03ac-441a-ba53-313ce1e000ab"
        },
        {
            "name": "Hanafiah",
            "description": "",
            "profilePic": "",
            "title": "Wakil Bupati",
            "sites": {},
            "communityID": "848a6c2d-03ac-441a-ba53-313ce1e000ab"
        }
    ]
}