{
    "title": "Bupati dan Wakil Bupati Kabupaten Kolaka Timur",
    "source": "https://id.wikipedia.org/wiki/Daftar_kepala_daerah_dan_wakil_kepala_daerah_petahana_di_Sulawesi_Tenggara",
    "region": "Kabupaten Kolaka Timur",
    "level": "KABUPATEN",
    "path": "kabupaten-kolaka-timur",
    "communityID": "d03e8c8a-3185-49d9-8e1a-0b94b068e5e7",
    "candidates": [
        {
            "name": "Abdul Azis",
            "description": "Abdul Azis (lahir 5 Januari 1986) adalah mantan anggota Polri atau Kepolisian Republik Indonesia (Polri) dengan pangkat Aipda atau Ajun Inspektur Polisi Dua kelahiran Enrekang\n",
            "profilePic": "https://upload.wikimedia.org/wikipedia/commons/thumb/e/e5/BUPATI_KOLAKA_TIMUR.jpg/1200px-BUPATI_KOLAKA_TIMUR.jpg",
            "title": "Bupati",
            "sites": {
                "name": "Wikipedia",
                "url": "https://id.wikipedia.org/wiki/Abdul_Azis"
            },
            "communityID": "d03e8c8a-3185-49d9-8e1a-0b94b068e5e7"
        }
    ]
}