{
    "title": "Bupati dan Wakil Bupati Kabupaten Lembata",
    "source": "https://id.wikipedia.org/wiki/Daftar_kepala_daerah_dan_wakil_kepala_daerah_petahana_di_Nusa_Tenggara_Timur",
    "region": "Kabupaten Lembata",
    "level": "KABUPATEN",
    "path": "kabupaten-lembata",
    "communityID": "78fcb639-4c89-4a57-bdcf-a177a61c11f1",
    "candidates": [
        {
            "name": "Paskalis Ola Tapobali",
            "description": "",
            "profilePic": "https://upload.wikimedia.org/wikipedia/commons/thumb/d/d1/Tiada_gambar_tersedia.svg/137px-Tiada_gambar_tersedia.svg.png",
            "title": "Bupati (PJ)",
            "sites": {},
            "communityID": "78fcb639-4c89-4a57-bdcf-a177a61c11f1"
        }
    ]
}