{
    "title": "Bupati dan Wakil Bupati Kabupaten Karangasem",
    "source": "https://id.wikipedia.org/wiki/Daftar_kepala_daerah_dan_wakil_kepala_daerah_petahana_di_Bali",
    "region": "Kabupaten Karangasem",
    "level": "KABUPATEN",
    "path": "kabupaten-karangasem",
    "communityID": "14403f0e-c45a-454a-8a45-317593402c8b",
    "candidates": [
        {
            "name": "I Gede Dana",
            "description": "I Gede Dana, S.Pd., M.Si. (lahir 1 Januari 1968) adalah politisi PDI Perjuangan yang menjabat sebagai Bupati Karangasem periode 2021-2024. Ia sempat menjabat sebagai Ketua DPRD Kabupaten Karangasem sejak 11 September 2019[1] sampai akhirnya mengundurkan diri dikarenakan maju dalam Pilkada Karangasem 2020. Ia maju didampingi Wakil Bupati Karangasem I Wayan Artha Dipa yang diusung PDI Perjuangan dan Partai Hanura.[2]\n",
            "profilePic": "https://upload.wikimedia.org/wikipedia/commons/3/3e/Bupati_Karangasem_I_Gede_Dana.png",
            "title": "Bupati",
            "sites": {
                "name": "Wikipedia",
                "url": "https://id.wikipedia.org/wiki/I_Gede_Dana"
            },
            "communityID": "14403f0e-c45a-454a-8a45-317593402c8b"
        },
        {
            "name": "I Wayan Artha Dipa",
            "description": "Dr. I Wayan Artha Dipa, S.H., M.H. (lahir 31 Desember 1956) adalah seorang birokrat yang menjabat sebagai Wakil Bupati Karangasem pada periode 2016\u20132021 dan 2021\u20132024. Ia menjabat untuk periode kedua sejak 26 Februari 2021 setelah dilantik Gubernur Bali, Wayan Koster di Gedung Wiswa Sabha Kantor Gubernur Bali, Denpasar.[1]\n",
            "profilePic": "https://upload.wikimedia.org/wikipedia/commons/7/77/Wakil_Bupati_Karangasem_I_Wayan_Artha_Dipa.png",
            "title": "Wakil Bupati",
            "sites": {
                "name": "Wikipedia",
                "url": "https://id.wikipedia.org/wiki/I_Wayan_Artha_Dipa"
            },
            "communityID": "14403f0e-c45a-454a-8a45-317593402c8b"
        }
    ]
}