{
    "title": "Bupati dan Wakil Bupati Kabupaten Serang",
    "source": "https://id.wikipedia.org/wiki/Daftar_kepala_daerah_dan_wakil_kepala_daerah_petahana_di_Banten",
    "region": "Kabupaten Serang",
    "level": "KABUPATEN",
    "path": "kabupaten-serang",
    "communityID": "10f86fb3-6ada-4ae2-8dfe-205a31bad6c0",
    "candidates": [
        {
            "name": "Ratu Tatu Chasanah",
            "description": "Hj. Ratu Tatu Chasanah, S.E., M.Ak. (lahir 23 Juli 1967) adalah politikus yang menjabat Bupati Serang 2 periode yakni 2016\u20132021 dan 2021\u20132024. Bersama wakilnya, Pandji Tirtayasa, mereka berhasil memenangkan pemilihan umum Bupati Serang 2020. Sebelumnya ia menjabat Wakil Bupati Serang periode 2010\u20132015. Ia adalah wakil dari Bupati Serang, Taufik Nuriman.[1] Tatu merupakan adik kandung dari mantan Gubernur Banten, Ratu Atut Chosiyah.\n",
            "profilePic": "https://upload.wikimedia.org/wikipedia/commons/8/8a/Ratu_Tatu_Chasanah%2C_Bupati_Serang_%282021%29.png",
            "title": "Bupati",
            "sites": {
                "name": "Wikipedia",
                "url": "https://id.wikipedia.org/wiki/Ratu_Tatu_Chasanah"
            },
            "communityID": "10f86fb3-6ada-4ae2-8dfe-205a31bad6c0"
        }
    ]
}