{
    "title": "Bupati dan Wakil Bupati Kabupaten Dompu",
    "source": "https://id.wikipedia.org/wiki/Daftar_kepala_daerah_dan_wakil_kepala_daerah_petahana_di_Nusa_Tenggara_Barat",
    "region": "Kabupaten Dompu",
    "level": "KABUPATEN",
    "path": "kabupaten-dompu",
    "communityID": "db208137-96f9-47ef-877e-728f67476ff0",
    "candidates": [
        {
            "name": "Kader Jaelani",
            "description": "H. Kader Jaelani atau Abdul Kader Jaelani Barakwan (lahir 24 Oktober 1976) adalah Bupati Dompu periode 2021\u20132026. Ia menjabat sejak 26 Februari 2021 setelah dilantik Gubernur Nusa Tenggara Barat, Zulkieflimansyah di Gedung Graha Bhakti Praja Kompleks Kantor Gubernur Nusa Tenggara Barat, Mataram.[1]\n",
            "profilePic": "https://upload.wikimedia.org/wikipedia/commons/4/4a/Bupati_Dompu_Kader_Jaelani.jpg",
            "title": "Bupati",
            "sites": {
                "name": "Wikipedia",
                "url": "https://id.wikipedia.org/wiki/Kader_Jaelani"
            },
            "communityID": "db208137-96f9-47ef-877e-728f67476ff0"
        },
        {
            "name": "Syahrul Parsan",
            "description": "H. Syahrul Parsan, S.T., M.T. (lahir 12 Juni 1959) adalah seorang politikus Indonesia kelahiran Kabupaten Dompu, Provinsi Nusa Tenggara Barat. Ia menjabat sebagai Wakil Bupati Dompu dari 2020 sampai 2023. Ia menempuh pendidikan di Sekolah Dasar Negeri 01 Dompu dari 1965 sampai 1971., Sekolah Menengah Pertama Negeri Dompu dari 1971 sampai 1974, Sekolah Teknik Menengah Negeri Mataram dari 1974 sampai 1977, studi strata 1 di Universitas Islam Al-Azhar dari 1990 sampai 1996 dan program pasca sarjana di Universitas Islam Sultan Agung.\n",
            "profilePic": "https://upload.wikimedia.org/wikipedia/commons/6/6d/Syahrul_Parsan.jpg",
            "title": "Wakil Bupati",
            "sites": {
                "name": "Wikipedia",
                "url": "https://id.wikipedia.org/wiki/Syahrul_Parsan"
            },
            "communityID": "db208137-96f9-47ef-877e-728f67476ff0"
        }
    ]
}