{
    "title": "Bupati dan Wakil Bupati Kabupaten Probolinggo",
    "source": "https://id.wikipedia.org/wiki/Daftar_kepala_daerah_dan_wakil_kepala_daerah_petahana_di_Jawa_Timur",
    "region": "Kabupaten Probolinggo",
    "level": "KABUPATEN",
    "path": "kabupaten-probolinggo",
    "communityID": "ff55d8f9-1a7e-49fb-ad91-2c4dca139cac",
    "candidates": [
        {
            "name": "Ugas Irwanto",
            "description": "Ugas Irwanto (lahir 15 Mei 1969) adalah seorang birokrat Indonesia kelahiran Situbondo. Ia merupakan putra dari pasangan Djantiman dan Siyami. Ia menempuh pendidikan di SDN Dawuhan I, SMP Negeri 1 Situbondo, SMA Negeri 1 Situbondo dan Sekolah Tinggi Pemerintahan Dalam Negeri atau STPDN Jatinangor. Pada 1993, ia berhasil lulus dari STPDN.\n",
            "profilePic": "https://upload.wikimedia.org/wikipedia/commons/d/df/Ugas_Irwanto.jpg",
            "title": "Bupati (PJ)",
            "sites": {
                "name": "Wikipedia",
                "url": "https://id.wikipedia.org/wiki/Ugas_Irwanto"
            },
            "communityID": "ff55d8f9-1a7e-49fb-ad91-2c4dca139cac"
        }
    ]
}