{
    "title": "Bupati dan Wakil Bupati Kabupaten Bolaang Mongondow",
    "source": "https://id.wikipedia.org/wiki/Daftar_kepala_daerah_dan_wakil_kepala_daerah_petahana_di_Sulawesi_Utara",
    "region": "Kabupaten Bolaang Mongondow",
    "level": "KABUPATEN",
    "path": "kabupaten-bolaang-mongondow",
    "communityID": "76bcfe41-aac8-4fd2-89a9-7b2aaf949ac5",
    "candidates": [
        {
            "name": "Jusnan Calamento Mokoginta",
            "description": "dr. Jusnan C. Mokoginta, MARS. (lahir 5 November 1967) adalah seorang birokrat Indonesia kelahiran Kotamobagu. Ia lahir dari pasangan J.C. Mokoginta dan L.C. Pontoh. Ia menempuh pendidikan dari SD hingga SMA di Kotamobagu, kemudian melanjutkan studi kedokterannya di Universitas Sam Ratulangi. Ia juga meraih gelar Magister Rumah Sakit (MARS) dari Universitas Indonesia. Ia pernah menjabat sebagai Direktur Utama RSUD Namlea di Pulau Buru. Ia juga memiliki pengalaman sebagai Kepala Dinas Kesehatan di Kabupaten Bolaang Mongondow Timur (Boltim) dan kemudian menjadi Sekretaris Daerah Kabupaten Bolaang Mongondow Utara (Bolmut). Pada 2024, ia diangkat menjadi penjabat Bupati Bolaang Mongondow.\n",
            "profilePic": "https://upload.wikimedia.org/wikipedia/commons/thumb/d/d1/Tiada_gambar_tersedia.svg/131px-Tiada_gambar_tersedia.svg.png",
            "title": "Bupati (PJ)",
            "sites": {
                "name": "Wikipedia",
                "url": "https://id.wikipedia.org/wiki/Jusnan_Calamento_Mokoginta"
            },
            "communityID": "76bcfe41-aac8-4fd2-89a9-7b2aaf949ac5"
        }
    ]
}