{
    "title": "Bupati dan Wakil Bupati Kabupaten Pringsewu",
    "source": "https://id.wikipedia.org/wiki/Daftar_kepala_daerah_dan_wakil_kepala_daerah_petahana_di_Lampung",
    "region": "Kabupaten Pringsewu",
    "level": "KABUPATEN",
    "path": "kabupaten-pringsewu",
    "communityID": "6f08ca4c-a0c8-4f03-8930-6bdfa5f22751",
    "candidates": [
        {
            "name": "Marindo Kurniawan",
            "description": "",
            "profilePic": "https://upload.wikimedia.org/wikipedia/commons/thumb/d/d1/Tiada_gambar_tersedia.svg/130px-Tiada_gambar_tersedia.svg.png",
            "title": "Bupati (PJ)",
            "sites": {},
            "communityID": "6f08ca4c-a0c8-4f03-8930-6bdfa5f22751"
        }
    ]
}