{
    "title": "Bupati dan Wakil Bupati Kabupaten Kepulauan Meranti",
    "source": "https://id.wikipedia.org/wiki/Daftar_kepala_daerah_dan_wakil_kepala_daerah_petahana_di_Riau",
    "region": "Kabupaten Kepulauan Meranti",
    "level": "KABUPATEN",
    "path": "kabupaten-kepulauan-meranti",
    "communityID": "734c633a-fca1-45bf-b07f-23644c7ac38c",
    "candidates": [
        {
            "name": "Asmar",
            "description": "AKBP (Purn.) H. Asmar (lahir 5 Mei 1962) adalah seorang purnawirawan Polri yang sekarang menjabat sebagai Plt Bupati Kabupaten Kepulauan Meranti, Riau sisa masa jabatan 2023-2024. Sebelumnya, ia adalah Wakil Bupati Kepulauan Meranti periode 2021-2023. Per 7 April 2023 Asmar adalah PLT Bupati Kepulauan Meranti mengganti kan Muhammad Adil yang terjaring OTT KPK pada 6 April 2023.[1]\n",
            "profilePic": "https://upload.wikimedia.org/wikipedia/commons/thumb/1/1d/WAKIL_BUPATI.jpg/1200px-WAKIL_BUPATI.jpg",
            "title": "Bupati",
            "sites": {
                "name": "Wikipedia",
                "url": "https://id.wikipedia.org/wiki/Asmar"
            },
            "communityID": "734c633a-fca1-45bf-b07f-23644c7ac38c"
        }
    ]
}