{
    "title": "Bupati dan Wakil Bupati Kabupaten Lumajang",
    "source": "https://id.wikipedia.org/wiki/Daftar_kepala_daerah_dan_wakil_kepala_daerah_petahana_di_Jawa_Timur",
    "region": "Kabupaten Lumajang",
    "level": "KABUPATEN",
    "path": "kabupaten-lumajang",
    "communityID": "c2317486-03a3-4d94-9bb8-f4fab0fa437e",
    "candidates": [
        {
            "name": "Indah Wahyuni",
            "description": "Indah Wahyuni, S.H., M.Si. adalah seorang birokrat Indonesia. Ia merupakan putri dari Imam Supardi yang menjadi Wakil Gubernur Jawa Timur dari 1998 sampai 2003. Ia sempat menjabat sebagai Kepala Badan Kepegawaian Daerah (BKD) Provinsi Jatim. Pada tahun 2023, ia diangkat menjadi pejabat Bupati Lumajang.[1]\n",
            "profilePic": "https://upload.wikimedia.org/wikipedia/commons/e/ef/Indah_Wahyuni.jpg",
            "title": "Bupati (PJ)",
            "sites": {
                "name": "Wikipedia",
                "url": "https://id.wikipedia.org/wiki/Indah_Wahyuni"
            },
            "communityID": "c2317486-03a3-4d94-9bb8-f4fab0fa437e"
        }
    ]
}