{
    "title": "Bupati dan Wakil Bupati Kabupaten Pulau Morotai",
    "source": "https://id.wikipedia.org/wiki/Daftar_kepala_daerah_dan_wakil_kepala_daerah_petahana_di_Maluku_Utara",
    "region": "Kabupaten Pulau Morotai",
    "level": "KABUPATEN",
    "path": "kabupaten-pulau-morotai",
    "communityID": "033e1d0e-cfc6-4f7b-9c5b-50c37a26f78f",
    "candidates": [
        {
            "name": "Burnawan",
            "description": "",
            "profilePic": "https://upload.wikimedia.org/wikipedia/commons/thumb/d/d1/Tiada_gambar_tersedia.svg/128px-Tiada_gambar_tersedia.svg.png",
            "title": "Bupati (PJ)",
            "sites": {},
            "communityID": "033e1d0e-cfc6-4f7b-9c5b-50c37a26f78f"
        }
    ]
}