{
    "title": "Bupati dan Wakil Bupati Kabupaten Tuban",
    "source": "https://id.wikipedia.org/wiki/Daftar_kepala_daerah_dan_wakil_kepala_daerah_petahana_di_Jawa_Timur",
    "region": "Kabupaten Tuban",
    "level": "KABUPATEN",
    "path": "kabupaten-tuban",
    "communityID": "a2c6d8ce-2249-4d9a-a22d-4adb7bd44512",
    "candidates": [
        {
            "name": "Aditya Halindra Faridzky",
            "description": "Aditya Halindra Faridzky, S.E. (lahir 15 April 1992) adalah Bupati Tuban periode 2021-2024. Ia menjabat sejak 20 Juni 2021 setelah dilantik Gubernur Jawa Timur, Khofifah Indar Parawansa di Gedung Negara Grahadi, Surabaya\n[1]\n",
            "profilePic": "https://upload.wikimedia.org/wikipedia/commons/thumb/8/85/Aditya_Halindra_Faridzky%2C_Official_Portrait_as_Regent_of_Tuban.jpg/1200px-Aditya_Halindra_Faridzky%2C_Official_Portrait_as_Regent_of_Tuban.jpg",
            "title": "Bupati",
            "sites": {
                "name": "Wikipedia",
                "url": "https://id.wikipedia.org/wiki/Aditya_Halindra_Faridzky"
            },
            "communityID": "a2c6d8ce-2249-4d9a-a22d-4adb7bd44512"
        },
        {
            "name": "Riyadi",
            "description": "H. Riyadi, S.H. (lahir 24 November 1971) adalah Wakil Bupati Tuban periode 2021-2024. Ia menjabat sejak 20 Juni 2021 setelah dilantik Gubernur Jawa Timur, Khofifah Indar Parawansa di Gedung Negara Grahadi, Surabaya.[1]\n",
            "profilePic": "https://upload.wikimedia.org/wikipedia/commons/thumb/8/86/Wakil_Bupati_Tuban_Riyadi.jpg/1200px-Wakil_Bupati_Tuban_Riyadi.jpg",
            "title": "Wakil Bupati",
            "sites": {
                "name": "Wikipedia",
                "url": "https://id.wikipedia.org/wiki/Riyadi"
            },
            "communityID": "a2c6d8ce-2249-4d9a-a22d-4adb7bd44512"
        }
    ]
}