{
    "title": "Bupati dan Wakil Bupati Kabupaten Intan Jaya",
    "source": "https://id.wikipedia.org/wiki/Daftar_kepala_daerah_dan_wakil_kepala_daerah_petahana_di_Papua_Tengah",
    "region": "Kabupaten Intan Jaya",
    "level": "KABUPATEN",
    "path": "kabupaten-intan-jaya",
    "communityID": "7acfa723-79f9-4ce2-b6df-7bf9c2cab75b",
    "candidates": [
        {
            "name": "Apolos Bagau",
            "description": "Apolos Bagau (lahir 16 Desember 1976) adalah seorang birokrat Indonesia kelahiran Bilogai (Mbugapa), Sugapa.[1] Ia sempat menjabat sebagai Kepala Dinas Pendidikan dan Kebudayaan Provinsi Papua Tengah. Pada 2022, ia diangkat menjadi pelaksana jabatan Bupati Intan Jaya.[2]\n",
            "profilePic": "https://upload.wikimedia.org/wikipedia/commons/d/d5/Apolos_Bagau.jpg",
            "title": "Bupati (PJ)",
            "sites": {
                "name": "Wikipedia",
                "url": "https://id.wikipedia.org/wiki/Apolos_Bagau"
            },
            "communityID": "7acfa723-79f9-4ce2-b6df-7bf9c2cab75b"
        }
    ]
}