{
    "title": "Bupati dan Wakil Bupati Kabupaten Katingan",
    "source": "https://id.wikipedia.org/wiki/Daftar_kepala_daerah_dan_wakil_kepala_daerah_petahana_di_Kalimantan_Tengah",
    "region": "Kabupaten Katingan",
    "level": "KABUPATEN",
    "path": "kabupaten-katingan",
    "communityID": "c9821ebb-bd89-4ab1-af10-773ac2d83d15",
    "candidates": [
        {
            "name": "Syaiful",
            "description": "",
            "profilePic": "https://upload.wikimedia.org/wikipedia/commons/thumb/d/d8/Pj_Bupati_Saiful.jpg/110px-Pj_Bupati_Saiful.jpg",
            "title": "Bupati (PJ)",
            "sites": {},
            "communityID": "c9821ebb-bd89-4ab1-af10-773ac2d83d15"
        }
    ]
}