{
    "title": "Bupati dan Wakil Bupati Kabupaten Musi Banyuasin",
    "source": "https://id.wikipedia.org/wiki/Daftar_kepala_daerah_dan_wakil_kepala_daerah_petahana_di_Sumatera_Selatan",
    "region": "Kabupaten Musi Banyuasin",
    "level": "KABUPATEN",
    "path": "kabupaten-musi-banyuasin",
    "communityID": "d5686ebe-19ec-40ea-bd1f-ad7d87ccf7d9",
    "candidates": [
        {
            "name": "Sandi Fahlevi",
            "description": "H. Sandi Fahlepi S.P., M.Si.  (lahir 15 Januari 1980) adalah seorang birokrat Indonesia kelahiran Ogan Komering Ulu Timur (OKU Timur). Ia merupakan lulusan S1 manajemen sumber daya manusia di Universitas Sriwijaya pada 2002 dan S2 Magister Manajemen di Unsri serta S2 Manajemen di Universitas Muhammadiyah Palembang. Ia memulai karir sebagai CPNS pada tahun 2008 dan ditempatkan di Pemkab OKU Selatan. Pada 2010, ia bertugas di OKU Timur sebagai Staf di Dinas Pemberdayaan Masyarakat dan Desa.\n",
            "profilePic": "https://upload.wikimedia.org/wikipedia/commons/9/99/Sandi_Fahlepi%281%29.jpg",
            "title": "Bupati (PJ)",
            "sites": {
                "name": "Wikipedia",
                "url": "https://id.wikipedia.org/wiki/Sandi_Fahlevi"
            },
            "communityID": "d5686ebe-19ec-40ea-bd1f-ad7d87ccf7d9"
        }
    ]
}