{
    "title": "Bupati dan Wakil Bupati Kabupaten Bangkalan",
    "source": "https://id.wikipedia.org/wiki/Daftar_kepala_daerah_dan_wakil_kepala_daerah_petahana_di_Jawa_Timur",
    "region": "Kabupaten Bangkalan",
    "level": "KABUPATEN",
    "path": "kabupaten-bangkalan",
    "communityID": "5a980361-fab3-47b6-8d20-e10c32cb18dc",
    "candidates": [
        {
            "name": "Arief Moelia Edie",
            "description": "Dr. H. Arief Moelia Edie, M.Si. (lahir 10 Februari 1967) merupakan Pegawai negeri Sipil (PNS) di Kementrian Dalam Negeri dengan jabatan sebagai Kepala Biro Administrasi Hukum, Kepegawaian, dan Hubungan Masyarakat Institut Pemerintahan Dalam Negeri (IPDN). \n",
            "profilePic": "https://upload.wikimedia.org/wikipedia/commons/thumb/4/42/Arief_Moelia_Edie.jpg/108px-Arief_Moelia_Edie.jpg",
            "title": "Bupati (PJ)",
            "sites": {
                "name": "Wikipedia",
                "url": "https://id.wikipedia.org/wiki/Arief_Moelia_Edie"
            },
            "communityID": "5a980361-fab3-47b6-8d20-e10c32cb18dc"
        }
    ]
}