{
    "title": "Bupati dan Wakil Bupati Kabupaten Bengkulu Tengah",
    "source": "https://id.wikipedia.org/wiki/Daftar_kepala_daerah_dan_wakil_kepala_daerah_petahana_di_Bengkulu",
    "region": "Kabupaten Bengkulu Tengah",
    "level": "KABUPATEN",
    "path": "kabupaten-bengkulu-tengah",
    "communityID": "41624ac9-bcac-4303-880e-fe1ff098c33f",
    "candidates": [
        {
            "name": "Heriyandi Roni",
            "description": "Heriyandi Roni adalah seorang birokrat Indonesia. Ia menjadi Aparatur Sipil Negera (ASN) sejak tahun 1988. Ia sempat menjabat sebagai Kepala Subdit Wilayah V pada Direktorat Fasilitasi Kepala Daerah dan DPRD Direktorat Jenderal Otonomi Daerah serta Kepala Pusat Fasilitasi Kerjasama Sekjen Kemendagri. Pada 2022, ia diangkat menjadi pelaksana jabatan Bupati Bengkulu Tengah.[1]\n",
            "profilePic": "https://upload.wikimedia.org/wikipedia/commons/thumb/e/ef/Pejabat_Bupati_Bengkulu_Tengah.jpg/1200px-Pejabat_Bupati_Bengkulu_Tengah.jpg",
            "title": "Bupati (PJ)",
            "sites": {
                "name": "Wikipedia",
                "url": "https://id.wikipedia.org/wiki/Heriyandi_Roni"
            },
            "communityID": "41624ac9-bcac-4303-880e-fe1ff098c33f"
        }
    ]
}