{
    "title": "Bupati dan Wakil Bupati Kabupaten Padang Lawas Utara",
    "source": "https://id.wikipedia.org/wiki/Daftar_kepala_daerah_dan_wakil_kepala_daerah_petahana_di_Sumatera_Utara",
    "region": "Kabupaten Padang Lawas Utara",
    "level": "KABUPATEN",
    "path": "kabupaten-padang-lawas-utara",
    "communityID": "be1b91ec-05fc-442d-8595-d69b79166e5f",
    "candidates": [
        {
            "name": "Patuan Rahmat Syukur P. Hasibuan",
            "description": "",
            "profilePic": "https://upload.wikimedia.org/wikipedia/commons/thumb/d/df/Patuan_Rahmat_Syukur_P._Hasibuan.jpg/130px-Patuan_Rahmat_Syukur_P._Hasibuan.jpg",
            "title": "Bupati (PJ)",
            "sites": {},
            "communityID": "be1b91ec-05fc-442d-8595-d69b79166e5f"
        }
    ]
}