{
    "title": "Bupati dan Wakil Bupati Kabupaten Bone",
    "source": "https://id.wikipedia.org/wiki/Daftar_kepala_daerah_dan_wakil_kepala_daerah_petahana_di_Sulawesi_Selatan",
    "region": "Kabupaten Bone",
    "level": "KABUPATEN",
    "path": "kabupaten-bone",
    "communityID": "2ef140d1-0632-41a6-998d-d52e1ff2b01b",
    "candidates": [
        {
            "name": "Andi Islamuddin",
            "description": "Andi Islamuddin (lahir 20 Oktober 1970) adalah seorang birokrat Indonesia. Ia sempat menjabat sebagai Sekwilcam Dua Boccoe, Camat Ajangale, Camat Tanete Riattang Barat, Kabid Pemerintahan Badan Lintas Kabupaten/Kota Provinsi Sulsel. Dia juga pernah menjabat sebagai Sekretaris Badan Lintas Kabupaten/Kota Provinsi Sulsel dan Kepala BKPSDM Kabupaten Bone, Ketua Dewan Pengurus Korpri Kabupaten Bone, Ketua Dekopinda Kabupaten Bone, Ketua Himpunan Alumni SMP 1 Kabupaten Bone, dan Ketua Harian Alumni SMA 1 Bone. Pada 2023, ia diangkat menjadi pelaksana tugas bupati Bone.[1]\n",
            "profilePic": "https://upload.wikimedia.org/wikipedia/commons/4/4f/Andi_Islamuddin.jpg",
            "title": "Bupati (PJ)",
            "sites": {
                "name": "Wikipedia",
                "url": "https://id.wikipedia.org/wiki/Andi_Islamuddin"
            },
            "communityID": "2ef140d1-0632-41a6-998d-d52e1ff2b01b"
        }
    ]
}