{
    "title": "Bupati dan Wakil Bupati Kabupaten Luwu Timur",
    "source": "https://id.wikipedia.org/wiki/Daftar_kepala_daerah_dan_wakil_kepala_daerah_petahana_di_Sulawesi_Selatan",
    "region": "Kabupaten Luwu Timur",
    "level": "KABUPATEN",
    "path": "kabupaten-luwu-timur",
    "communityID": "2fd8f0e9-04fd-4c16-a5d6-aaa3d42ad3db",
    "candidates": [
        {
            "name": "Budiman Hakim",
            "description": "Drs. H. Budiman Hakim Andi Baso, M.Pd. (lahir 11 Maret 1967) adalah Bupati Luwu Timur periode 2021\u20132024. Ia dilantik pada 5 April 2021 oleh Gubernur Sulawesi Selatan, Andi Sudirman Sulaiman di Ruang Pola Kantor Gubernur Sulawesi Selatan, Kota Makassar.[1]\n",
            "profilePic": "https://upload.wikimedia.org/wikipedia/commons/thumb/5/54/Bupati_Luwu_Timur_Budiman_Hakim.png/1200px-Bupati_Luwu_Timur_Budiman_Hakim.png",
            "title": "Bupati",
            "sites": {
                "name": "Wikipedia",
                "url": "https://id.wikipedia.org/wiki/Budiman_Hakim"
            },
            "communityID": "2fd8f0e9-04fd-4c16-a5d6-aaa3d42ad3db"
        },
        {
            "name": "Akbar Andi\u00a0 Leluasa",
            "description": "Mochammad Akbar Andi Leluasa, S.Sos. (lahir 30 Agustus 1988) adalah Wakil Bupati Luwu Timur sisa masa jabatan 2021\u20132024. Ia dilantik pada 5 Oktober 2023 oleh Penjabat Gubernur Sulawesi Selatan, Bahtiar Baharuddin di Ruang Pola Kantor Gubernur Sulawesi Selatan, Kota Makassar. mendampingi Budiman Hakim di sisa masa jabatannya sebagai Bupati Luwu Timur.[1][2] merupakan putra dari almarhum Fahri Andi Leluasa, yang merupakan politisi Partai Golkar Andi Akbar Leluasa merupakan pengurus DPP Partai Golkar Andi Akbar Leluasa merupakan pengurus DPP Partai Golkar Dia juga pernah menjabat sebagai Mantan Sekjen DPP AMPI Andi Akbar Leluasa merupakan Direktur Eksekutif Badan Saksi Nasional Partai Golkar (BSNPG).\n",
            "profilePic": "https://upload.wikimedia.org/wikipedia/commons/c/c5/Akbar_Andi_Leluasa%2C_Wakil_Bupati_Luwu_Timur.jpg",
            "title": "Wakil Bupati",
            "sites": {
                "name": "Wikipedia",
                "url": "https://id.wikipedia.org/wiki/Akbar_Andi_Leluasa"
            },
            "communityID": "2fd8f0e9-04fd-4c16-a5d6-aaa3d42ad3db"
        }
    ]
}