{
    "title": "Bupati dan Wakil Bupati Kabupaten Tambrauw",
    "source": "https://id.wikipedia.org/wiki/Daftar_kepala_daerah_dan_wakil_kepala_daerah_petahana_di_Papua_Barat_Daya",
    "region": "Kabupaten Tambrauw",
    "level": "KABUPATEN",
    "path": "kabupaten-tambrauw",
    "communityID": "082ebc32-f818-461d-b70b-8c7e23be8da9",
    "candidates": [
        {
            "name": "Engelbertus Kocu",
            "description": "Engelberthus Gabriel Kocu (lahir 21 Juni 1973) adalah seorang birokrat Indonesia kelahiran Ayawasi. Ia sempat menjabat sebagai Sekretaris Daerah Kabupaten Tambrauw. Pada 2022, ia diangkat menjadi pelaksana jabatan Bupati Tambrauw.[1]\n",
            "profilePic": "https://upload.wikimedia.org/wikipedia/commons/e/eb/Bupati_Tambrauw_Engelberthus_Gabriel_Kocu.png",
            "title": "Bupati (PJ)",
            "sites": {
                "name": "Wikipedia",
                "url": "https://id.wikipedia.org/wiki/Engelbertus_Kocu"
            },
            "communityID": "082ebc32-f818-461d-b70b-8c7e23be8da9"
        }
    ]
}