{
    "title": "Bupati dan Wakil Bupati Kabupaten Kepahiang",
    "source": "https://id.wikipedia.org/wiki/Daftar_kepala_daerah_dan_wakil_kepala_daerah_petahana_di_Bengkulu",
    "region": "Kabupaten Kepahiang",
    "level": "KABUPATEN",
    "path": "kabupaten-kepahiang",
    "communityID": "6617f983-0114-465c-8f0a-0644e8516bda",
    "candidates": [
        {
            "name": "Hidayatullah Sjahid",
            "description": "Hidayattullah Sjahid (lahir 26 Juli 1957) adalah bupati kedua Kabupaten Kepahiang yang sebelumnya dipercaya sebagai Penjabat Bupati pertama Kabupaten tersebut dalam masa jabatan 14 Januari 2004 hingga 1 April 2005. Dalam pemilihan kepala daerah langsung pada tahun 2005, ia gagal meraih jabatannya sebagai Bupati Kepahiang. Kemudian, ia bersama Netti Herawati yang dipercayanya sebagai wakil bupati untuk mendampinginya berhasil memenangkan pemilihan kepala daerah Kabupaten Kepahiang yang diadakan pada 9 Desember 2015. Pada pilkada Kabupaten Kepahiang tahun 2020, ia kembali mencalonkan diri dan terpilih kembali, berpasangan dengan H. Zurdi Nata, S.IP.\n",
            "profilePic": "https://upload.wikimedia.org/wikipedia/commons/thumb/3/36/Hidayattullah_Sjahid.jpg/1200px-Hidayattullah_Sjahid.jpg",
            "title": "Bupati",
            "sites": {
                "name": "Wikipedia",
                "url": "https://id.wikipedia.org/wiki/Hidayatullah_Sjahid"
            },
            "communityID": "6617f983-0114-465c-8f0a-0644e8516bda"
        },
        {
            "name": "Zurdi Nata",
            "description": "H. Zurdi Nata, S.Ip atau biasa dipanggil Nata (lahir 21 Mei 1972) adalah Wakil Bupati Kepahiang periode 2021-2024 bersama Bupati Hidayatullah Sjahid.[3] Beliau terkenal sebagai salah satu pengusaha sukses yang berasal dari Kepahiang. Usaha yang beliau jalani saat ini di bidang komoditas atau hasil bumi, khususnya kopi robusta dan lada yang disuplai ke beberapa daerah di luar Provinsi Bengkulu seperti ke wilayah Pulau Jawa saat ini, yaitu Surabaya. Ia pernah menjabat sebagai Wakil Ketua DPRD Kabupaten Kepahiang selama 2 periode, yaitu periode tahun 2004-2009 dan 2009-2014. Alasan beliau berkiprah di dunia politik, karena panggilan hati untuk memperjuangkan kesejahteraan masyarakat dan kemajuan daerah Kepahiang.[butuh rujukan]\n",
            "profilePic": "https://upload.wikimedia.org/wikipedia/commons/0/0d/Zurdi_Nata_Background_Putih.jpg",
            "title": "Wakil Bupati",
            "sites": {
                "name": "Wikipedia",
                "url": "https://id.wikipedia.org/wiki/Zurdi_Nata"
            },
            "communityID": "6617f983-0114-465c-8f0a-0644e8516bda"
        }
    ]
}