{
    "title": "Bupati dan Wakil Bupati Kabupaten Kepulauan Selayar",
    "source": "https://id.wikipedia.org/wiki/Daftar_kepala_daerah_dan_wakil_kepala_daerah_petahana_di_Sulawesi_Selatan",
    "region": "Kabupaten Kepulauan Selayar",
    "level": "KABUPATEN",
    "path": "kabupaten-kepulauan-selayar",
    "communityID": "654d6938-922c-452e-8358-753172a105aa",
    "candidates": [
        {
            "name": "Muhammad Basli Ali",
            "description": "Muhammad Basli Ali (lahir 8 Januari 1975) adalah Bupati Kepulauan Selayar periode 2016\u20132021 dan 2021\u20132024. Ia menjabat untuk periode kedua sejak 26 Februari 2021 setelah dilantik Gubernur Sulawesi Selatan, Nurdin Abdullah di Rumah Jabatan Gubernur Sulawesi Selatan, Makassar.[1]\n",
            "profilePic": "https://upload.wikimedia.org/wikipedia/commons/c/c8/M._Basri_Ali_Bupati_Kepulauan_Selayar_Periode_II.png",
            "title": "Bupati",
            "sites": {
                "name": "Wikipedia",
                "url": "https://id.wikipedia.org/wiki/Muhammad_Basli_Ali"
            },
            "communityID": "654d6938-922c-452e-8358-753172a105aa"
        },
        {
            "name": "Saiful Arif",
            "description": "H. Saiful Arif (lahir 29 Juli 1962) adalah Wakil Bupati Kepulauan Selayar periode 2010\u20132015 dan 2021\u20132024. Ia menjabat untuk periode kedua sejak 26 Februari 2021 setelah dilantik Gubernur Sulawesi Selatan, Nurdin Abdullah di Rumah Jabatan Gubernur Sulawesi Selatan, Makassar.[1]\n",
            "profilePic": "https://upload.wikimedia.org/wikipedia/commons/a/a0/Saiful_Arif_Wakil_Bupati_Kepulauan_Selayar_Periode_II.png",
            "title": "Wakil Bupati",
            "sites": {
                "name": "Wikipedia",
                "url": "https://id.wikipedia.org/wiki/Saiful_Arif"
            },
            "communityID": "654d6938-922c-452e-8358-753172a105aa"
        }
    ]
}