{
    "title": "Bupati dan Wakil Bupati Kabupaten Minahasa",
    "source": "https://id.wikipedia.org/wiki/Daftar_kepala_daerah_dan_wakil_kepala_daerah_petahana_di_Sulawesi_Utara",
    "region": "Kabupaten Minahasa",
    "level": "KABUPATEN",
    "path": "kabupaten-minahasa",
    "communityID": "1aa7a5e9-0cc6-4027-9f42-04b07110d717",
    "candidates": [
        {
            "name": "Jemmy Kumendong",
            "description": "Dr. Jemmy Stani Kumendong, M.Si.  (Lahir 12 Juni 1970), merupakan Birokrat di Jajaran Provinsi Sulawesi Utara, lulusan Akademi Pemerintahan Dalam Negeri yang saat ini sedang menjabat sebagai Kepala Kepala Dinas Pemberdayaan Masyarakat dan Desa Daerah Provinsi Sulawesi Utara.[1]\n",
            "profilePic": "https://upload.wikimedia.org/wikipedia/commons/3/36/Jemmy_Kumendong.jpg",
            "title": "Bupati (PJ)",
            "sites": {
                "name": "Wikipedia",
                "url": "https://id.wikipedia.org/wiki/Jemmy_Kumendong"
            },
            "communityID": "1aa7a5e9-0cc6-4027-9f42-04b07110d717"
        }
    ]
}