{
    "title": "Bupati dan Wakil Bupati Kabupaten Kuantan Singingi",
    "source": "https://id.wikipedia.org/wiki/Daftar_kepala_daerah_dan_wakil_kepala_daerah_petahana_di_Riau",
    "region": "Kabupaten Kuantan Singingi",
    "level": "KABUPATEN",
    "path": "kabupaten-kuantan-singingi",
    "communityID": "8e385506-894a-4272-8d8b-07d257231964",
    "candidates": [
        {
            "name": "Suhardiman Amby",
            "description": "Dr. H. Suhardiman Amby, Ak, M.M (lahir 16 Juli 1969) adalah seorang Politikus asal Riau yang saat ini menjabat sebagai Bupati Kuantan Singingi definitif sejak tanggal 14 Juli 2023[1] dan sebelumnya ia menjabat sebagai Pelaksana Tugas (Plt) Bupati sejak tanggal 20 Oktober 2021.[2] Sebelumnya, ia menjabat sebagai Wakil Bupati Kuantan Singingi[3] dan pernah duduk sebagai Anggota DPRD Riau 2 periode 2004-2009 dan 2014-2019.\n",
            "profilePic": "https://upload.wikimedia.org/wikipedia/commons/c/cb/Bupati_Kuantan_Singingi_Suhardiman_Amby_2024.png",
            "title": "Bupati",
            "sites": {
                "name": "Wikipedia",
                "url": "https://id.wikipedia.org/wiki/Suhardiman_Amby"
            },
            "communityID": "8e385506-894a-4272-8d8b-07d257231964"
        }
    ]
}