{
    "title": "Bupati dan Wakil Bupati Kabupaten Parigi Moutong",
    "source": "https://id.wikipedia.org/wiki/Daftar_kepala_daerah_dan_wakil_kepala_daerah_petahana_di_Sulawesi_Tengah",
    "region": "Kabupaten Parigi Moutong",
    "level": "KABUPATEN",
    "path": "kabupaten-parigi-moutong",
    "communityID": "5fc7a20a-e826-4a3a-b648-017e60269cbd",
    "candidates": [
        {
            "name": "Richard Arnaldo Djanggola",
            "description": "Richard Arnaldo Djanggola, S.E., M.S.A. atau Icad adalah seorang birokrat Indonesia. Ia merupakan anak sulung dari pasangan Longki Djanggola dan Zalzulmida Aladin. Ayahnya menjabat sebagai Bupati Parigi Moutong. Ia sempat menjabat sebagai Kepala Biro (Karo) Administrasi Perekonomian Sekretariat Daerah (Setda) Sulawesi Tengah (Sulteng). Pada Juli 2019, ia dilantik menjadi Kepala Dinas (Kadis) Perindustrian dan Perdagangan (Perindag) Sulteng. Pada 17 April 2021, berdasarkan Surat Keputusan Menteri Dalam Negeri (Mendagri) Nomor 131.72-953, Gubernur Sulteng Longki Djanggola mengangkatnya menjadi Penjabat (Pj) Bupati Tojo Una-Una (Touna). Pada 2023, ia diangkat menjadi Penjabat (Pj) Bupati Parigi Moutong.[1]\n",
            "profilePic": "https://upload.wikimedia.org/wikipedia/commons/6/62/Richard_Arnaldo_Djanggola.jpg",
            "title": "Bupati (PJ)",
            "sites": {
                "name": "Wikipedia",
                "url": "https://id.wikipedia.org/wiki/Richard_Arnaldo_Djanggola"
            },
            "communityID": "5fc7a20a-e826-4a3a-b648-017e60269cbd"
        }
    ]
}