{
    "title": "Bupati dan Wakil Bupati Kabupaten Ogan Komering Ilir",
    "source": "https://id.wikipedia.org/wiki/Daftar_kepala_daerah_dan_wakil_kepala_daerah_petahana_di_Sumatera_Selatan",
    "region": "Kabupaten Ogan Komering Ilir",
    "level": "KABUPATEN",
    "path": "kabupaten-ogan-komering-ilir",
    "communityID": "7ec472fd-10e5-49e2-b29c-2eb4db69c7fa",
    "candidates": [
        {
            "name": "Asmar Wijaya",
            "description": "",
            "profilePic": "https://upload.wikimedia.org/wikipedia/commons/thumb/0/02/Asmar_Wijaya.jpg/113px-Asmar_Wijaya.jpg",
            "title": "Bupati",
            "sites": {},
            "communityID": "7ec472fd-10e5-49e2-b29c-2eb4db69c7fa"
        }
    ]
}