{
    "title": "Bupati dan Wakil Bupati Kabupaten Penukal Abab Lematang Ilir",
    "source": "https://id.wikipedia.org/wiki/Daftar_kepala_daerah_dan_wakil_kepala_daerah_petahana_di_Sumatera_Selatan",
    "region": "Kabupaten Penukal Abab Lematang Ilir",
    "level": "KABUPATEN",
    "path": "kabupaten-penukal-abab-lematang-ilir",
    "communityID": "00bf01d5-1a01-41b8-aad2-6a69e970d3af",
    "candidates": [
        {
            "name": "Heri Amalindo",
            "description": "Dr. Ir. H. Heri Amalindo, M.M. (lahir 24 September 1963) adalah Bupati Penukal Abab Lematang Ilir periode 2016\u20142021 dan 2021\u20142024.[1][2] Heri Amalindo pernah menjabat sebagai Pejabat Bupati Penukal Abab Lematang Ilir periode 2013\u20142015. Setelah masa jabatannya habis sebagai penjabat bupati, ia digantikan oleh Drs. H. Apriyadi, M.Si.\n",
            "profilePic": "https://upload.wikimedia.org/wikipedia/commons/e/e1/Heri_Amalindo.jpg",
            "title": "Bupati",
            "sites": {
                "name": "Wikipedia",
                "url": "https://id.wikipedia.org/wiki/Heri_Amalindo"
            },
            "communityID": "00bf01d5-1a01-41b8-aad2-6a69e970d3af"
        },
        {
            "name": "Drs.Soemarjono",
            "description": "",
            "profilePic": "https://upload.wikimedia.org/wikipedia/commons/thumb/d/df/Soemarjono.jpg/123px-Soemarjono.jpg",
            "title": "Wakil Bupati",
            "sites": {},
            "communityID": "00bf01d5-1a01-41b8-aad2-6a69e970d3af"
        }
    ]
}