{
    "title": "Bupati dan Wakil Bupati Kabupaten Rembang",
    "source": "https://id.wikipedia.org/wiki/Daftar_kepala_daerah_dan_wakil_kepala_daerah_petahana_di_Jawa_Tengah",
    "region": "Kabupaten Rembang",
    "level": "KABUPATEN",
    "path": "kabupaten-rembang",
    "communityID": "56a94a74-09ca-4f88-8dbc-a9268a270612",
    "candidates": [
        {
            "name": "Abdul Hafidz",
            "description": "H. Abdul Hafidz (lahir 18 Juni 1962) adalah bupati Rembang yang menjabat pada periode 2016-2021. Ia bersama wakilnya Bayu Andriyanto, SE, berhasil memenangkan pilkada Rembang 2015 pasangan Abdul-Bayu menang mutlak 70% dengan perolehan 237.963 suara.\n\nPada pilkada serentak 9 Desember 2020 Pasangan calon bupati dan wakil bupati,  Abdul Hafidz dan Mochamad Hanies Cholil Barro' (Hafidz-Hanies) mendeklarasikan diri maju di pemilihan kepala daerah (Pilkada) Rembang, pasangan yang diusung PPP, PKB, PDIP, dan Golkar.\nHasil rekapitulasi penghitungan suara yang dituntaskan Komisi Pemilihan Umum (KPU) Kabupaten Rembang, Jawa Tengah, calon Bupati petahana Rembang Abdul Hafidz unggul tipis dari mantan wakilnya Bayu Adriyanto. Berdasarkan hasil rekapitulasi manual, paslon 01 Harno-Bayu Adriyanto mendapatkan 208.736 suara. Sementara paslon 02 Hafidz-Hanies memperoleh 214.237 suara.\n",
            "profilePic": "https://upload.wikimedia.org/wikipedia/commons/2/27/Bupati_Rembang_Abdul_Hafidz.jpg",
            "title": "Bupati",
            "sites": {
                "name": "Wikipedia",
                "url": "https://id.wikipedia.org/wiki/Abdul_Hafidz"
            },
            "communityID": "56a94a74-09ca-4f88-8dbc-a9268a270612"
        },
        {
            "name": "Mochamad Hanies Cholil Barro",
            "description": "H. Mochamad Hanies Cholil Barro atau yang lebih dikenal dengan Gus Hanies (lahir 17 Agustus 1982) adalah Wakil Bupati Rembang periode 2021\u20132024. Ia menjabat sejak 26 Februari 2021 setelah dilantik Gubernur Jawa Tengah, Ganjar Pranowo secara daring.[1]\n",
            "profilePic": "https://upload.wikimedia.org/wikipedia/commons/4/43/Wakil_Bupati_Rembang_Mochamad_Hanies_Cholil_Barro.jpg",
            "title": "Wakil Bupati",
            "sites": {
                "name": "Wikipedia",
                "url": "https://id.wikipedia.org/wiki/Mochamad_Hanies_Cholil_Barro"
            },
            "communityID": "56a94a74-09ca-4f88-8dbc-a9268a270612"
        }
    ]
}