{
    "title": "Bupati dan Wakil Bupati Kabupaten Banyuasin",
    "source": "https://id.wikipedia.org/wiki/Daftar_kepala_daerah_dan_wakil_kepala_daerah_petahana_di_Sumatera_Selatan",
    "region": "Kabupaten Banyuasin",
    "level": "KABUPATEN",
    "path": "kabupaten-banyuasin",
    "communityID": "eff220f1-a5cc-48a9-a616-b4508997fdb1",
    "candidates": [
        {
            "name": "Hani Sopiar Rustam",
            "description": "Hani Sopiar Rustam atau Hani Sopyar Rustam (lahir 12 Januari 1970) adalah seorang birokrat Indonesia kelahiran Palembang. Ia memulai karirnya sebagai Kasi Aset Daerah, Ditjen Bina Administrasi Keuangan Daerah, Depdagri dari September 2004 sampai Maret 2006. Pada Maret 2006 sampai September 2010, ia menjabat sebagai Kasi Pajak Daerah di lembaga yang sama. Dari September 2010 sampai Agustus 2012, ia menjabat sebagai Kasubdit Pajak Daerah & Retribusi Daerah di Ditjen Keuangan Daerah (Keuda), Kemendagri. \n",
            "profilePic": "https://upload.wikimedia.org/wikipedia/commons/a/a2/Hani_Sopiar_Rustam.jpg",
            "title": "Bupati (PJ)",
            "sites": {
                "name": "Wikipedia",
                "url": "https://id.wikipedia.org/wiki/Hani_Sopiar_Rustam"
            },
            "communityID": "eff220f1-a5cc-48a9-a616-b4508997fdb1"
        }
    ]
}