{
    "title": "Bupati dan Wakil Bupati Kabupaten Tulang Bawang Barat",
    "source": "https://id.wikipedia.org/wiki/Daftar_kepala_daerah_dan_wakil_kepala_daerah_petahana_di_Lampung",
    "region": "Kabupaten Tulang Bawang Barat",
    "level": "KABUPATEN",
    "path": "kabupaten-tulang-bawang-barat",
    "communityID": "9b0c8a4f-fa73-4514-9bb5-78e6f3ebe286",
    "candidates": [
        {
            "name": "Muhammad Firsada",
            "description": "",
            "profilePic": "https://upload.wikimedia.org/wikipedia/commons/thumb/4/45/Muhammad_Firsada.png/119px-Muhammad_Firsada.png",
            "title": "Bupati (PJ)",
            "sites": {},
            "communityID": "9b0c8a4f-fa73-4514-9bb5-78e6f3ebe286"
        }
    ]
}