{
    "title": "Bupati dan Wakil Bupati Kabupaten Gorontalo Utara",
    "source": "https://id.wikipedia.org/wiki/Daftar_kepala_daerah_dan_wakil_kepala_daerah_petahana_di_Gorontalo",
    "region": "Kabupaten Gorontalo Utara",
    "level": "KABUPATEN",
    "path": "kabupaten-gorontalo-utara",
    "communityID": "ba27516d-c9ea-4e43-9591-01ee6c3e85ad",
    "candidates": [
        {
            "name": "Sila Nurainsyah Botutihe",
            "description": "Ir. Hj. Sila Nurainsyah Botutihe, M.Si. (lahir 1 Juni 1966) adalah seorang birokrat Indonesia kelahiran Gorontalo. Ia merupakan anak kedua dari lima bersaudara dari pasangan Wali Kota Gorontalo Medi Botutihe dan Hadijah Soeratinojo.[1] Ia mengawali karier sebagai honorer di Dinas Perikanan Provinsi Sulawesi Utara pada 2 Juli 1990. Tidak sampai setahun, ia terangkat menjadi PNS sebagai staf program di tempat yang sama. Pada tahun 1995, ia mula-mula menjabat sebagai Kepala Tata usaha Loka Budidaya Air Tawar di Tatelu.\n",
            "profilePic": "https://upload.wikimedia.org/wikipedia/commons/1/17/Sila_Nurainsyah_Botutihe.jpg",
            "title": "Bupati (PJ)",
            "sites": {
                "name": "Wikipedia",
                "url": "https://id.wikipedia.org/wiki/Sila_Nurainsyah_Botutihe"
            },
            "communityID": "ba27516d-c9ea-4e43-9591-01ee6c3e85ad"
        }
    ]
}