{
    "title": "Bupati dan Wakil Bupati Kabupaten Indragiri Hilir",
    "source": "https://id.wikipedia.org/wiki/Daftar_kepala_daerah_dan_wakil_kepala_daerah_petahana_di_Riau",
    "region": "Kabupaten Indragiri Hilir",
    "level": "KABUPATEN",
    "path": "kabupaten-indragiri-hilir",
    "communityID": "0154c3aa-ebcd-4a24-be2e-cbd3af5b5f9c",
    "candidates": [
        {
            "name": "Herman(Penjabat)\n",
            "description": "",
            "profilePic": "https://upload.wikimedia.org/wikipedia/id/thumb/2/2c/Pj_Bupati_Indragiri_Hilir.jpg/123px-Pj_Bupati_Indragiri_Hilir.jpg",
            "title": "Bupati (PJ)",
            "sites": {},
            "communityID": "0154c3aa-ebcd-4a24-be2e-cbd3af5b5f9c"
        }
    ]
}