{
    "title": "Bupati dan Wakil Bupati Kabupaten Kepulauan Talaud",
    "source": "https://id.wikipedia.org/wiki/Daftar_kepala_daerah_dan_wakil_kepala_daerah_petahana_di_Sulawesi_Utara",
    "region": "Kabupaten Kepulauan Talaud",
    "level": "KABUPATEN",
    "path": "kabupaten-kepulauan-talaud",
    "communityID": "fb4b4ece-b844-461a-af6f-6b775c0b5944",
    "candidates": [
        {
            "name": "Elly Engelbert Lasut",
            "description": "Dr. Elly Engelbert Lasut, M.E. (lahir 28 Oktober 1969) adalah  Bupati Kepulauan Talaud 3 periode yakni 2004\u20142009, 2009\u20142010[1] dan 2020\u20142024. Ia pernah menjabat sebagai Ketua DPRD Kepulauan Talaud periode 2003\u20142004.\n",
            "profilePic": "https://upload.wikimedia.org/wikipedia/commons/8/8a/Bupati_Kepulauan_Talaud_Elly_Engelbert_Lasut.png",
            "title": "Bupati",
            "sites": {
                "name": "Wikipedia",
                "url": "https://id.wikipedia.org/wiki/Elly_Engelbert_Lasut"
            },
            "communityID": "fb4b4ece-b844-461a-af6f-6b775c0b5944"
        },
        {
            "name": "Moktar Arunde Parapaga",
            "description": "Moktar Arunde Parapaga (lahir 4 Maret 1965) adalah seorang politikus Indonesia kelahiran Kiama. Ia menjadi Wakil Bupati Kepulauan Talaud dari 26 Februari 2020 sampai 26 Februari 2025. Ia terpilih menjadi Wakil Bupati Talaud Pada pemilihan umum Bupati Kepulauan Talaud 2018 berpasangan dengan Elly Lasut selaku Bupati Kepulauan Talaud. Ia meraih gelar Doktorandus (Drs) dari STISIPOL Merdeka Manado. Ia juga merupakan Ketua DPD Partai Nasdem Kabupaten Kepulauan Talaud.[1]\n",
            "profilePic": "https://upload.wikimedia.org/wikipedia/commons/4/47/Moktar_Arunde_Parapaga.jpg",
            "title": "Wakil Bupati",
            "sites": {
                "name": "Wikipedia",
                "url": "https://id.wikipedia.org/wiki/Moktar_Arunde_Parapaga"
            },
            "communityID": "fb4b4ece-b844-461a-af6f-6b775c0b5944"
        }
    ]
}