{
    "title": "Bupati dan Wakil Bupati Kabupaten Sampang",
    "source": "https://id.wikipedia.org/wiki/Daftar_kepala_daerah_dan_wakil_kepala_daerah_petahana_di_Jawa_Timur",
    "region": "Kabupaten Sampang",
    "level": "KABUPATEN",
    "path": "kabupaten-sampang",
    "communityID": "4e5d2003-e0c2-4076-b8fe-c16bbec099fc",
    "candidates": [
        {
            "name": "Rudi Arifiyanto",
            "description": "Rudi Arifiyanto adalah seorang birokrat Indonesia kelahiran Surabaya. Ia menempuh pendidikan S1 Admistrasi di Universitas Brawijaya Malang dan S2 Ekonomi, Universitas Hiroshima, Jepang. Ia sempat menjabat sebagai Sekretaris Deputi Bidang Kebijakan Pembangunan Badan Riset dan Inovasi Nasional (BRIN). Pada 2024, ia diangkat menjadi pelaksana jabatan Bupati Sampang.[1]\n",
            "profilePic": "https://upload.wikimedia.org/wikipedia/commons/1/17/Rudi_Arifiyanto.jpg",
            "title": "Bupati (PJ)",
            "sites": {
                "name": "Wikipedia",
                "url": "https://id.wikipedia.org/wiki/Rudi_Arifiyanto"
            },
            "communityID": "4e5d2003-e0c2-4076-b8fe-c16bbec099fc"
        }
    ]
}