{
    "title": "Bupati dan Wakil Bupati Kabupaten Subang",
    "source": "https://id.wikipedia.org/wiki/Daftar_kepala_daerah_dan_wakil_kepala_daerah_petahana_di_Jawa_Barat",
    "region": "Kabupaten Subang",
    "level": "KABUPATEN",
    "path": "kabupaten-subang",
    "communityID": "75e42baa-036a-4141-82b3-722b86e54c59",
    "candidates": [
        {
            "name": "Imran",
            "description": "Dr. Drs. Imran, M.Si., M.A.Cd (lahir 26 Oktober 1973) adalah seorang birokrat Indonesia yang berdinas di Kementerian Dalam Negeri Republik Indonesia, dengan jabatan sebagai Sekretaris Direktorat Jenderal Politik dan Pemerintahan Umum (Esellon II.a), sejak tanggal 05 Februari 2020 sampai dengan sekarang.\n",
            "profilePic": "https://upload.wikimedia.org/wikipedia/commons/b/b7/Penjabat_Walikota_Lhokseumawe_Imran.jpg",
            "title": "Bupati (PJ)",
            "sites": {
                "name": "Wikipedia",
                "url": "https://id.wikipedia.org/wiki/Imran_(Birokrat)"
            },
            "communityID": "75e42baa-036a-4141-82b3-722b86e54c59"
        }
    ]
}