{
    "title": "Bupati dan Wakil Bupati Kabupaten Bangka Selatan",
    "source": "https://id.wikipedia.org/wiki/Daftar_kepala_daerah_dan_wakil_kepala_daerah_petahana_di_Kepulauan_Bangka_Belitung",
    "region": "Kabupaten Bangka Selatan",
    "level": "KABUPATEN",
    "path": "kabupaten-bangka-selatan",
    "communityID": "b3d9f62f-5cad-46a4-beca-47005f2d02c5",
    "candidates": [
        {
            "name": "Riza Herdavid",
            "description": "Riza Herdavid, S.T., M.Tr.I.P (lahir 10 September 1983) adalah Bupati Bangka Selatan periode 2021\u20132024. Ia menjabat sejak 26 Februari 2021 setelah dilantik Gubernur Kepulauan Bangka Belitung, Erzaldi Rosman Djohan di Ruang Pasir Padi\nKantor Gubernur Kepulauan Bangka Belitung, Pangkalpinang.[1] Dibawah kepemimpinan Bupati Riza Herdavid, Disain cetak biru Aik Bakung 'Ajak Bupati Kita Sambang Kampung'[2] makin dinanti serta disambut antusias warga.\n",
            "profilePic": "https://upload.wikimedia.org/wikipedia/commons/b/b9/Bupati_Bangka_Selatan_Riza_Herdavid.jpg",
            "title": "Bupati",
            "sites": {
                "name": "Wikipedia",
                "url": "https://id.wikipedia.org/wiki/Riza_Herdavid"
            },
            "communityID": "b3d9f62f-5cad-46a4-beca-47005f2d02c5"
        },
        {
            "name": "Debby Vita Dewi",
            "description": "Debby Vita Dewi (lahir 13 Agustus 1983)[1] adalah seorang politikus Indonesia. Ia menjabat sebagai Wakil Bupati Bangka Selatan untuk periode 2021-2026 mendampingi Riza Herdavid selaku Bupati Bangka Selatan. Ia disebut sebagai Wakil Bupati termuda dan Wakil Bupati perempuan pertama di Kabupaten Bangka Selatan.[2]\n",
            "profilePic": "https://upload.wikimedia.org/wikipedia/commons/6/6a/Debby_Vita_Dewi.jpg",
            "title": "Wakil Bupati",
            "sites": {
                "name": "Wikipedia",
                "url": "https://id.wikipedia.org/wiki/Debby_Vita_Dewi"
            },
            "communityID": "b3d9f62f-5cad-46a4-beca-47005f2d02c5"
        }
    ]
}