{
    "title": "Bupati dan Wakil Bupati Kabupaten Sekadau",
    "source": "https://id.wikipedia.org/wiki/Daftar_kepala_daerah_dan_wakil_kepala_daerah_petahana_di_Kalimantan_Barat",
    "region": "Kabupaten Sekadau",
    "level": "KABUPATEN",
    "path": "kabupaten-sekadau",
    "communityID": "ccd6d031-ea20-4e22-b83d-2bc803e73d52",
    "candidates": [
        {
            "name": "Aron",
            "description": "Aron, S.H., (lahir 13 Oktober 1974) adalah politikus Partai Demokrat yang menjabat sebagai Bupati Sekadau petahana sejak 19 Juni 2022.[1] Sebelum bergabung dengan Partai Demokrat pada 2018, ia pernah menjadi kader Partai Nasional Banteng Kemerdekaan pada 2008-2014. Sebelum terpilih sebagai bupati, ia merupakan anggota DPRD yang terpilih 4 kali berturut-turut dalam pemilihan umum.[2][3]\n",
            "profilePic": "https://upload.wikimedia.org/wikipedia/commons/thumb/9/96/Bupati_Sekadau_Aron.jpg/1200px-Bupati_Sekadau_Aron.jpg",
            "title": "Bupati",
            "sites": {
                "name": "Wikipedia",
                "url": "https://id.wikipedia.org/wiki/Aron_(bupati)"
            },
            "communityID": "ccd6d031-ea20-4e22-b83d-2bc803e73d52"
        },
        {
            "name": "Subandrio",
            "description": "Subandrio, S.H., M.H. (lahir 23 Maret 1976) adalah Wakil Bupati Sekadau periode 2021\u20132024. Ia dilantik pada 19 Juni 2021 oleh Gubernur Kalimantan Barat, Sutarmidji di Balai Petitih Kantor Gubernur Kalimantan Barat, Kota Pontianak setelah sebelumnya pelantikan pada 26 April 2021 dibatalkan oleh Mahkamah Konstitusi.[1]\n",
            "profilePic": "https://upload.wikimedia.org/wikipedia/commons/thumb/f/f9/Wakil_Bupati_Sekadau_Subandrio.jpg/1200px-Wakil_Bupati_Sekadau_Subandrio.jpg",
            "title": "Wakil Bupati",
            "sites": {
                "name": "Wikipedia",
                "url": "https://id.wikipedia.org/wiki/Subandrio_(wakil_bupati)"
            },
            "communityID": "ccd6d031-ea20-4e22-b83d-2bc803e73d52"
        }
    ]
}