{
    "title": "Bupati dan Wakil Bupati Kabupaten Muna Barat",
    "source": "https://id.wikipedia.org/wiki/Daftar_kepala_daerah_dan_wakil_kepala_daerah_petahana_di_Sulawesi_Tenggara",
    "region": "Kabupaten Muna Barat",
    "level": "KABUPATEN",
    "path": "kabupaten-muna-barat",
    "communityID": "51da3e59-73e7-4ca7-b3e0-40a78d667258",
    "candidates": [
        {
            "name": "La Ode Butolo",
            "description": "La Ode Butolo adalah seorang birokrat Indonesia. Ia sempat menjabat sebagai Staf Ahli Gubernur Bidang Sumber Daya Kemasyarakatan Sekretaris Daerah Sulawesi Tenggara. Ia kemudian diangkat menjadi pelaksana jabatan Bupati Muna Barat.[1]\n",
            "profilePic": "https://upload.wikimedia.org/wikipedia/commons/4/44/La_Ode_Butolo.jpg",
            "title": "Bupati (PJ)",
            "sites": {
                "name": "Wikipedia",
                "url": "https://id.wikipedia.org/wiki/La_Ode_Butolo"
            },
            "communityID": "51da3e59-73e7-4ca7-b3e0-40a78d667258"
        }
    ]
}