{
    "title": "Bupati dan Wakil Bupati Kabupaten Tabalong",
    "source": "https://id.wikipedia.org/wiki/Daftar_kepala_daerah_dan_wakil_kepala_daerah_petahana_di_Kalimantan_Selatan",
    "region": "Kabupaten Tabalong",
    "level": "KABUPATEN",
    "path": "kabupaten-tabalong",
    "communityID": "c42c213c-b2b1-4c9a-996b-03a4d45b30bb",
    "candidates": [
        {
            "name": "Hamida Munawarah",
            "description": "",
            "profilePic": "https://upload.wikimedia.org/wikipedia/commons/thumb/4/42/Hamida_Munawarah.jpg/120px-Hamida_Munawarah.jpg",
            "title": "Bupati (PJ)",
            "sites": {},
            "communityID": "c42c213c-b2b1-4c9a-996b-03a4d45b30bb"
        }
    ]
}