{
    "title": "Bupati dan Wakil Bupati Kabupaten Empat Lawang",
    "source": "https://id.wikipedia.org/wiki/Daftar_kepala_daerah_dan_wakil_kepala_daerah_petahana_di_Sumatera_Selatan",
    "region": "Kabupaten Empat Lawang",
    "level": "KABUPATEN",
    "path": "kabupaten-empat-lawang",
    "communityID": "a05fb0fa-99c0-42c5-ad67-2e762c28b32e",
    "candidates": [
        {
            "name": "Fauzan Khoiri",
            "description": "Fauzan Khoiri Denin adalah seorang birokrat Indonesia yang lahir di Kabupaten Lahat. Kedua orang tuanya berasal dari Desa Landur, Kecamatan Pendopo, Kabupaten Empat Lawang, Sumatera Selatan. Ia merupakan Lulusan STPDN tahun 1997. Ia memulai karir dari Kabupaten Muara Enim sebagai Kaur Administrasi. Ia menghabiskan waktu di Kabupaten Muara Enim dari tahun 1997 hingga tahun 2003 di beberapa kantor kecamatan.\n",
            "profilePic": "https://upload.wikimedia.org/wikipedia/commons/4/41/Fauzan_Khoiri.jpg",
            "title": "Bupati (PJ)",
            "sites": {
                "name": "Wikipedia",
                "url": "https://id.wikipedia.org/wiki/Fauzan_Khoiri"
            },
            "communityID": "a05fb0fa-99c0-42c5-ad67-2e762c28b32e"
        }
    ]
}