{
    "title": "Bupati dan Wakil Bupati Kabupaten Bone Bolango",
    "source": "https://id.wikipedia.org/wiki/Daftar_kepala_daerah_dan_wakil_kepala_daerah_petahana_di_Gorontalo",
    "region": "Kabupaten Bone Bolango",
    "level": "KABUPATEN",
    "path": "kabupaten-bone-bolango",
    "communityID": "b7eee9ae-37f5-4759-9820-15d7e7754c50",
    "candidates": [
        {
            "name": "Merlan S. Uloli",
            "description": "Dr. Merlan S. Uloli, S.E., M.M. (lahir 20 Mei 1958) adalah seorang politikus dan birokrat Indonesia. Ia menjalankan masa kecilnya di Tumbihe, Kabila. Ia kemudian merantau ke Papua untuk meneruskan pendidikannya. Ia menempuh pendidikan Strata 3 di Universitas Cenderawasih Papua. Ia mengawali karir dengan menjadi seorang tenaga honorer, Sekretaris hingga Kepala Dinas Kependudukan dan Pencatatan Sipil Kota Jayapura.\n",
            "profilePic": "https://upload.wikimedia.org/wikipedia/commons/5/56/Merlan_S._Uloli.jpg",
            "title": "Bupati",
            "sites": {
                "name": "Wikipedia",
                "url": "https://id.wikipedia.org/wiki/Merlan_S._Uloli"
            },
            "communityID": "b7eee9ae-37f5-4759-9820-15d7e7754c50"
        }
    ]
}