{
    "title": "Bupati dan Wakil Bupati Kabupaten Morowali",
    "source": "https://id.wikipedia.org/wiki/Daftar_kepala_daerah_dan_wakil_kepala_daerah_petahana_di_Sulawesi_Tengah",
    "region": "Kabupaten Morowali",
    "level": "KABUPATEN",
    "path": "kabupaten-morowali",
    "communityID": "9614f3a0-b1ba-45bb-9c32-aefd2604d839",
    "candidates": [
        {
            "name": "Rachmansyah Ismail",
            "description": "Rachmansyah Ismail (lahir 16 Oktober 1969) adalah seorang birokrat Indonesia kelahiran Morowali. Ia merupakan alumni dari Universitas Muslim Indonesia (UMI) Makassar. Ia memulai karir sebagai PNS di Pemda Poso pada sekitar tahun 1990-an pada masa pemerintahan Bupati Muin Pusadan.\n",
            "profilePic": "https://upload.wikimedia.org/wikipedia/commons/8/82/Rachmansyah_Ismail.jpg",
            "title": "Bupati (PJ)",
            "sites": {
                "name": "Wikipedia",
                "url": "https://id.wikipedia.org/wiki/Rachmansyah_Ismail"
            },
            "communityID": "9614f3a0-b1ba-45bb-9c32-aefd2604d839"
        }
    ]
}