{
    "title": "Bupati dan Wakil Bupati Kabupaten Tapanuli Tengah",
    "source": "https://id.wikipedia.org/wiki/Daftar_kepala_daerah_dan_wakil_kepala_daerah_petahana_di_Sumatera_Utara",
    "region": "Kabupaten Tapanuli Tengah",
    "level": "KABUPATEN",
    "path": "kabupaten-tapanuli-tengah",
    "communityID": "d75d07b8-2353-40ca-813b-e8a07072e2c4",
    "candidates": [
        {
            "name": "Sugeng Riyanta",
            "description": "Dr. H. Sugeng Riyanta, S.H., M.H. (lahir 4 November 1972) adalah seorang Jaksa yang kini menjabat sebagai Pj Bupati Tapanuli Tengah. Pria yang kerap dipanggil dengan nama Sugeng merupakan putra asli daerah Kulon Progo, saat ini Sugeng juga menjabat sebagai Wakil Kepala Kejaksaan Tinggi Jawa Tengah. Sugeng meraih gelar doktor melalui disertasinya berjudul \"Model Kelembagaan Kejaksaan Sebagai Lembaga Negara yang Profesional dan Independen Dalam Penanganan Tindak Pidana Korupsi\" dalam sidang ujian promosi doktor program Studi Ilmu Hukum Pascasarjana UNS.\n",
            "profilePic": "https://upload.wikimedia.org/wikipedia/commons/c/ce/Pj_Bupati_Tapteng_Sugeng_Riyanta.jpg",
            "title": "Bupati (PJ)",
            "sites": {
                "name": "Wikipedia",
                "url": "https://id.wikipedia.org/wiki/Sugeng_Riyanta"
            },
            "communityID": "d75d07b8-2353-40ca-813b-e8a07072e2c4"
        }
    ]
}