{
    "title": "Bupati dan Wakil Bupati Kabupaten Bandung Barat",
    "source": "https://id.wikipedia.org/wiki/Daftar_kepala_daerah_dan_wakil_kepala_daerah_petahana_di_Jawa_Barat",
    "region": "Kabupaten Bandung Barat",
    "level": "KABUPATEN",
    "path": "kabupaten-bandung-barat",
    "communityID": "3a989b7c-aa9b-417e-a161-7ac9be35303e",
    "candidates": [
        {
            "name": "Arsan Latif",
            "description": "Drs. Arsan Latif, M.Si. (lahir 31 Maret 1969) adalah seorang birokrat Indonesia kelahiran Sidrap, Sulawesi Selatan. Ia mula-mula menjabat sebagai lurah di Kabupaten Sidrap. Kemudian, ia diangkat menjadi Sekretaris Camat di Sidrap. Kemudian, ia diangkat menjadi Kasubdit Barang Milik Daerah, Ditjen Keuangan Daerah Kemendagri.\n",
            "profilePic": "https://upload.wikimedia.org/wikipedia/commons/8/87/Arsan_Latif.jpg",
            "title": "Bupati (PJ)",
            "sites": {
                "name": "Wikipedia",
                "url": "https://id.wikipedia.org/wiki/Arsan_Latif"
            },
            "communityID": "3a989b7c-aa9b-417e-a161-7ac9be35303e"
        }
    ]
}