{
    "title": "Bupati dan Wakil Bupati Kabupaten Barito Selatan",
    "source": "https://id.wikipedia.org/wiki/Daftar_kepala_daerah_dan_wakil_kepala_daerah_petahana_di_Kalimantan_Tengah",
    "region": "Kabupaten Barito Selatan",
    "level": "KABUPATEN",
    "path": "kabupaten-barito-selatan",
    "communityID": "2c58d932-026f-4984-a341-1e2173561dc1",
    "candidates": [
        {
            "name": "Deddy Winarwan",
            "description": "Dr. Deddy Winarwan, S.STP., M.Si. (lahir 3 Februari 1978), adalah birokrat asal Indonesia lulusan Institut Pemerintahan Dalam Negeri (IPDN) tahun 2000, yang sejak 27 Oktober 2021 menduduki jabatan sebagai Direktur Evaluasi Kinerja dan Peningkatan Kapasitas Daerah, di Direktorat Jenderal Otonomi Daerah Kementerian Dalam Negeri Republik Indonesia.[1]\n",
            "profilePic": "https://upload.wikimedia.org/wikipedia/commons/thumb/6/6f/Deddy_Winarwan.jpg/132px-Deddy_Winarwan.jpg",
            "title": "Bupati (PJ)",
            "sites": {
                "name": "Wikipedia",
                "url": "https://id.wikipedia.org/wiki/Deddy_Winarwan"
            },
            "communityID": "2c58d932-026f-4984-a341-1e2173561dc1"
        }
    ]
}