{
    "title": "Bupati dan Wakil Bupati Kabupaten Barito Utara",
    "source": "https://id.wikipedia.org/wiki/Daftar_kepala_daerah_dan_wakil_kepala_daerah_petahana_di_Kalimantan_Tengah",
    "region": "Kabupaten Barito Utara",
    "level": "KABUPATEN",
    "path": "kabupaten-barito-utara",
    "communityID": "d4c93d55-8e79-4aeb-8808-cf21aa93b8af",
    "candidates": [
        {
            "name": "Muhlis",
            "description": "",
            "profilePic": "https://upload.wikimedia.org/wikipedia/commons/thumb/1/19/Pj_Bupati_Muhlis.jpg/109px-Pj_Bupati_Muhlis.jpg",
            "title": "Bupati (PJ)",
            "sites": {},
            "communityID": "d4c93d55-8e79-4aeb-8808-cf21aa93b8af"
        }
    ]
}