{
    "title": "Bupati dan Wakil Bupati Kabupaten Bengkulu Selatan",
    "source": "https://id.wikipedia.org/wiki/Daftar_kepala_daerah_dan_wakil_kepala_daerah_petahana_di_Bengkulu",
    "region": "Kabupaten Bengkulu Selatan",
    "level": "KABUPATEN",
    "path": "kabupaten-bengkulu-selatan",
    "communityID": "13661d35-61b2-46fb-b086-7281c87234f1",
    "candidates": [
        {
            "name": "Gusnan Mulyadi",
            "description": "Gusnan Mulyadi, S.E., M.M. (lahir 28 Agustus 1968) adalah Bupati Bengkulu Selatan periode 2019\u20142021.[1]\n",
            "profilePic": "https://upload.wikimedia.org/wikipedia/commons/0/0b/Gusnan_Mulyadi.jpg",
            "title": "Bupati",
            "sites": {
                "name": "Wikipedia",
                "url": "https://id.wikipedia.org/wiki/Gusnan_Mulyadi"
            },
            "communityID": "13661d35-61b2-46fb-b086-7281c87234f1"
        },
        {
            "name": "Rifai Tajudin",
            "description": "H. Rifai Tajudin, S.Sos. (lahir 18 September 1965) adalah Wakil Bupati Kabupaten Bengkulu Selatan, Bengkulu periode 2019\u20132021. Ia adalah wakil dari Bengkulu Selatan, Gusnan Mulyadi.[1]\n",
            "profilePic": "https://upload.wikimedia.org/wikipedia/commons/thumb/5/52/H._Rifa%E2%80%99i_Tajuddin%2C_S.Sos.jpg/96px-H._Rifa%E2%80%99i_Tajuddin%2C_S.Sos.jpg",
            "title": "Wakil Bupati",
            "sites": {
                "name": "Wikipedia",
                "url": "https://id.wikipedia.org/wiki/Rifai_Tajudin"
            },
            "communityID": "13661d35-61b2-46fb-b086-7281c87234f1"
        }
    ]
}