{
    "title": "Bupati dan Wakil Bupati Kabupaten Flores Timur",
    "source": "https://id.wikipedia.org/wiki/Daftar_kepala_daerah_dan_wakil_kepala_daerah_petahana_di_Nusa_Tenggara_Timur",
    "region": "Kabupaten Flores Timur",
    "level": "KABUPATEN",
    "path": "kabupaten-flores-timur",
    "communityID": "8fe81b22-6e29-4588-9443-19b6999be389",
    "candidates": [
        {
            "name": "Sulastri Rasyid",
            "description": "Sulastri Rasyid adalah seorang birokrat Indonesia. Ia sempat menjabat sebagai Kepala Dinas Perikanan dan Kelautan Provinsi NTT. Pada 2024, ia diangkat menjadi penjabat Bupati Flores Timur.[1]\n",
            "profilePic": "https://upload.wikimedia.org/wikipedia/commons/thumb/d/d1/Tiada_gambar_tersedia.svg/135px-Tiada_gambar_tersedia.svg.png",
            "title": "Bupati (PJ)",
            "sites": {
                "name": "Wikipedia",
                "url": "https://id.wikipedia.org/wiki/Sulastri_Rasyid"
            },
            "communityID": "8fe81b22-6e29-4588-9443-19b6999be389"
        }
    ]
}