{
    "title": "Bupati dan Wakil Bupati Kabupaten Lanny Jaya",
    "source": "https://id.wikipedia.org/wiki/Daftar_kepala_daerah_dan_wakil_kepala_daerah_petahana_di_Papua_Pegunungan",
    "region": "Kabupaten Lanny Jaya",
    "level": "KABUPATEN",
    "path": "kabupaten-lanny-jaya",
    "communityID": "a54ab2a6-1d85-4111-b299-5066a7e53710",
    "candidates": [
        {
            "name": "Petrus Wakerkwa",
            "description": "Petrus Wakerkwa adalah seorang birokrat Indonesia. Ia sempat menjabat sebagai Sekretaris Daerah Kabupaten Lanny Jaya. Pada 2022, ia diangkat menjadi Bupati Lanny Jaya.[1]\n",
            "profilePic": "https://upload.wikimedia.org/wikipedia/commons/thumb/0/07/Petrus_Wakerkwa.jpg/120px-Petrus_Wakerkwa.jpg",
            "title": "Bupati (PJ)",
            "sites": {
                "name": "Wikipedia",
                "url": "https://id.wikipedia.org/wiki/Petrus_Wakerkwa"
            },
            "communityID": "a54ab2a6-1d85-4111-b299-5066a7e53710"
        }
    ]
}