{
    "title": "Bupati dan Wakil Bupati Kabupaten Pegunungan Bintang",
    "source": "https://id.wikipedia.org/wiki/Daftar_kepala_daerah_dan_wakil_kepala_daerah_petahana_di_Papua_Pegunungan",
    "region": "Kabupaten Pegunungan Bintang",
    "level": "KABUPATEN",
    "path": "kabupaten-pegunungan-bintang",
    "communityID": "d5616846-15ba-46a9-a300-9984f1c038d5",
    "candidates": [
        {
            "name": "Spei Yan Birdana",
            "description": "Spei Yan Bidana, ST. M.Si (lahir 22 Maret 1977) adalah bupati Kabupaten Pegunungan Bintang periode 2021-2026. Spei yan Bidana bersama wakilnya Piter kalakmabin (SEPTE) berhasil memenangkan pilkada Pegunungan Bintang 2020 dengan perolehan 73.876 suara sah, mengalahkan pasangan petahana Costan Oktemka-Decky Deal (CODE) yang memperoleh 30.343 suara sah.[1]\n",
            "profilePic": "https://upload.wikimedia.org/wikipedia/commons/d/d0/Spei_Yan_Bidana.png",
            "title": "Bupati",
            "sites": {
                "name": "Wikipedia",
                "url": "https://id.wikipedia.org/wiki/Spei_Yan_Birdana"
            },
            "communityID": "d5616846-15ba-46a9-a300-9984f1c038d5"
        },
        {
            "name": "Kris Bakweng Uropmabo",
            "description": "Kris Bakweng Uropmabo atau Kris Bakweng Uropmabin (lahir 7 Februari 1988) adalah seorang politikus Indonesia kelahiran Kampung Okpol, Distrik Oksibil. Ia menempuh pendidikan di SMA Teruna Bakti dan Universitas Sains dan Teknologi Jayapura (USTJ). Pada masa kuliah, ia diangkat menjadi Ketua Asrama Pegubin di Buper Waena dan menjadi Ketua Ikatan Mahasiswa dan Pelajar Pegunungan Bintang (IMPPETANG). Pada 2019, ia diangkat menjadi Manajer Persigubin, Pegunungan Bintang.\n",
            "profilePic": "https://upload.wikimedia.org/wikipedia/commons/2/29/Kris_Bakweng_Uropmabo.jpg",
            "title": "Wakil Bupati",
            "sites": {
                "name": "Wikipedia",
                "url": "https://id.wikipedia.org/wiki/Kris_Bakweng_Uropmabo"
            },
            "communityID": "d5616846-15ba-46a9-a300-9984f1c038d5"
        }
    ]
}