{
    "title": "Bupati dan Wakil Bupati Kabupaten Buton Tengah",
    "source": "https://id.wikipedia.org/wiki/Daftar_kepala_daerah_dan_wakil_kepala_daerah_petahana_di_Sulawesi_Tenggara",
    "region": "Kabupaten Buton Tengah",
    "level": "KABUPATEN",
    "path": "kabupaten-buton-tengah",
    "communityID": "508f04cb-3370-46fb-809e-dbe25f48f12f",
    "candidates": [
        {
            "name": "Konstatinus Bukide",
            "description": "",
            "profilePic": "https://upload.wikimedia.org/wikipedia/commons/thumb/6/6f/GAMBAR_TIDAK_TERSEDIA.png/159px-GAMBAR_TIDAK_TERSEDIA.png",
            "title": "Bupati (PJ)",
            "sites": {},
            "communityID": "508f04cb-3370-46fb-809e-dbe25f48f12f"
        }
    ]
}