{
    "title": "Bupati dan Wakil Bupati Kabupaten Mojokerto",
    "source": "https://id.wikipedia.org/wiki/Daftar_kepala_daerah_dan_wakil_kepala_daerah_petahana_di_Jawa_Timur",
    "region": "Kabupaten Mojokerto",
    "level": "KABUPATEN",
    "path": "kabupaten-mojokerto",
    "communityID": "0168c13c-0c06-4475-8d08-85bce088488e",
    "candidates": [
        {
            "name": "Ikfina Fahmawati",
            "description": "dr. Ikfina Fahmawati, M.Si. (lahir 11 Januari 1978) adalah Bupati Mojokerto periode 2021-2024. Ikfina merupakan istri dari mantan Bupati Mojokerto, Mustofa Kamal Pasa sekaligus Bupati Wanita Pertama di Kabupaten Mojokerto, bersanding dengan Dr. H. Muhammad Al-Barra, Lc., M.Hum\n",
            "profilePic": "https://upload.wikimedia.org/wikipedia/commons/thumb/f/f7/Official_Portrait_of_Ikfina_Fahmawati%2C_Regent_of_Mojokerto.jpg/1200px-Official_Portrait_of_Ikfina_Fahmawati%2C_Regent_of_Mojokerto.jpg",
            "title": "Bupati",
            "sites": {
                "name": "Wikipedia",
                "url": "https://id.wikipedia.org/wiki/Ikfina_Fahmawati"
            },
            "communityID": "0168c13c-0c06-4475-8d08-85bce088488e"
        },
        {
            "name": "Muhammad Al Barra",
            "description": "Dr. H. Muhammad Al-Barra, Lc., M.Hum (lahir 11 November 1986) adalah Wakil Bupati Mojokerto periode 2021-2024, bersanding dengan dr. Hj. Ikfina Fahmawati, M.Si., istri mantan Bupati Mojokerto Mustofa Kamal Pasha; atas izin dari ayahnya[1]. Barra atau yang lebih akrab dipanggil Gus Barra merupakan putra sulung dari Prof. Dr. KH. Asep Saifuddin Chalim, M.A., ketua yayasan pesantren Amanatul Ummah yang amat berpengaruh di kabupaten Mojokerto. Di tengah kesibukannya, Gus Barra juga dilantik sebagai Ketua GP Ansor Mojokerto masa khidmat 2021-2025, pada Minggu, 12 Desember 2021 silam.[2]\n",
            "profilePic": "https://upload.wikimedia.org/wikipedia/commons/thumb/7/7d/Muhammad_Al_Barra_of_Mojokerto.jpg/1200px-Muhammad_Al_Barra_of_Mojokerto.jpg",
            "title": "Wakil Bupati",
            "sites": {
                "name": "Wikipedia",
                "url": "https://id.wikipedia.org/wiki/Muhammad_Al_Barra"
            },
            "communityID": "0168c13c-0c06-4475-8d08-85bce088488e"
        }
    ]
}