{
    "title": "Bupati dan Wakil Bupati Kabupaten Paniai",
    "source": "https://id.wikipedia.org/wiki/Daftar_kepala_daerah_dan_wakil_kepala_daerah_petahana_di_Papua_Tengah",
    "region": "Kabupaten Paniai",
    "level": "KABUPATEN",
    "path": "kabupaten-paniai",
    "communityID": "3f028c74-4eb5-4089-b9e4-089543c642bb",
    "candidates": [
        {
            "name": "Martha Pigome",
            "description": "",
            "profilePic": "https://upload.wikimedia.org/wikipedia/commons/thumb/d/d1/Tiada_gambar_tersedia.svg/124px-Tiada_gambar_tersedia.svg.png",
            "title": "Bupati (PJ)",
            "sites": {},
            "communityID": "3f028c74-4eb5-4089-b9e4-089543c642bb"
        }
    ]
}