{
    "title": "Bupati dan Wakil Bupati Kabupaten Majalengka",
    "source": "https://id.wikipedia.org/wiki/Daftar_kepala_daerah_dan_wakil_kepala_daerah_petahana_di_Jawa_Barat",
    "region": "Kabupaten Majalengka",
    "level": "KABUPATEN",
    "path": "kabupaten-majalengka",
    "communityID": "a794a278-78f3-4920-9589-ade49ef497f8",
    "candidates": [
        {
            "name": "Dedi Supandi",
            "description": "Dr. H. Dedi Supandi, S.STP., M.Si. (lahir 12 Juni 1976) dikenal sebagai tokoh Jawa Barat sekaligus Birokrat  Indonesia. Saat ini ia menjabat sebagai Asisten Pemerintahan dan Kesejahteraan Rakyat Setda Provinsi Jawa Barat sejak 24 Februari 2023 [1]. Ia dilantik Gubernur Jawa Barat Ridwan Kamil bersama delapan nama pejabat esselon II lainnya di lingkungan Pemerintah Provinsi Jawa Barat yang terkena rotasi, mutasi dan promosi menggunakan sistem merit [2].\n",
            "profilePic": "https://upload.wikimedia.org/wikipedia/commons/7/74/KADISDIK_DEDI_SUPANDI_NEW.jpg",
            "title": "Bupati (PJ)",
            "sites": {
                "name": "Wikipedia",
                "url": "https://id.wikipedia.org/wiki/Dedi_Supandi"
            },
            "communityID": "a794a278-78f3-4920-9589-ade49ef497f8"
        }
    ]
}