{
    "title": "Bupati dan Wakil Bupati Kabupaten Mamberamo Raya",
    "source": "https://id.wikipedia.org/wiki/Daftar_kepala_daerah_dan_wakil_kepala_daerah_petahana_di_Papua",
    "region": "Kabupaten Mamberamo Raya",
    "level": "KABUPATEN",
    "path": "kabupaten-mamberamo-raya",
    "communityID": "5912d92d-e958-412c-9847-d1f5522e116f",
    "candidates": [
        {
            "name": "John Tabo",
            "description": "Dr. (HC) John Tabo, M.B.A.[2] (lahir 2 Juni 1970) adalah Bupati Mamberamo Raya periode 2021\u20142024. Ia pernah menjabat sebagai Bupati Tolikara periode 2005\u20142010.\n",
            "profilePic": "https://upload.wikimedia.org/wikipedia/commons/e/e0/John_Tabo.jpg",
            "title": "Bupati",
            "sites": {
                "name": "Wikipedia",
                "url": "https://id.wikipedia.org/wiki/John_Tabo"
            },
            "communityID": "5912d92d-e958-412c-9847-d1f5522e116f"
        },
        {
            "name": "Ever Mudumi",
            "description": "",
            "profilePic": "https://upload.wikimedia.org/wikipedia/commons/thumb/f/f1/Ever_Mudumi.jpg/119px-Ever_Mudumi.jpg",
            "title": "Wakil Bupati",
            "sites": {},
            "communityID": "5912d92d-e958-412c-9847-d1f5522e116f"
        }
    ]
}