{
    "title": "Bupati dan Wakil Bupati Kabupaten Bojonegoro",
    "source": "https://id.wikipedia.org/wiki/Daftar_kepala_daerah_dan_wakil_kepala_daerah_petahana_di_Jawa_Timur",
    "region": "Kabupaten Bojonegoro",
    "level": "KABUPATEN",
    "path": "kabupaten-bojonegoro",
    "communityID": "9f80122b-ae57-45ca-9e35-f981b79dfff6",
    "candidates": [
        {
            "name": "Adriyanto",
            "description": "",
            "profilePic": "https://upload.wikimedia.org/wikipedia/commons/thumb/0/0d/Adriyanto.jpg/100px-Adriyanto.jpg",
            "title": "Bupati (PJ)",
            "sites": {},
            "communityID": "9f80122b-ae57-45ca-9e35-f981b79dfff6"
        }
    ]
}