{
    "title": "Bupati dan Wakil Bupati Kabupaten Tolitoli",
    "source": "https://id.wikipedia.org/wiki/Daftar_kepala_daerah_dan_wakil_kepala_daerah_petahana_di_Sulawesi_Tengah",
    "region": "Kabupaten Tolitoli",
    "level": "KABUPATEN",
    "path": "kabupaten-tolitoli",
    "communityID": "87399ad4-5037-41b6-b1f9-43c3712336ed",
    "candidates": [
        {
            "name": "Amran Hi. Yahya",
            "description": "Amran Hi. Yahya (lahir 5 Oktober 1968) adalah seorang politisi asal Indonesia. Ia menjabat sebagai Bupati Tolitoli. Ia sempat menjabat sebagai Ketua Partai Hanura Kabupaten Tolitoli periode 2016-2018 dan Ketua Partai Bulan Bintang (PBB) Kabupaten Tolitoli selama dua periode.[1]\n",
            "profilePic": "https://upload.wikimedia.org/wikipedia/commons/thumb/2/23/Amran_Hi._Yahya.jpg/120px-Amran_Hi._Yahya.jpg",
            "title": "Bupati",
            "sites": {
                "name": "Wikipedia",
                "url": "https://id.wikipedia.org/wiki/Amran_Hi._Yahya"
            },
            "communityID": "87399ad4-5037-41b6-b1f9-43c3712336ed"
        }
    ]
}