{
    "title": "Bupati dan Wakil Bupati Kabupaten Biak Numfor",
    "source": "https://id.wikipedia.org/wiki/Daftar_kepala_daerah_dan_wakil_kepala_daerah_petahana_di_Papua",
    "region": "Kabupaten Biak Numfor",
    "level": "KABUPATEN",
    "path": "kabupaten-biak-numfor",
    "communityID": "8eef3f1d-7935-4649-b752-956163b4bd5d",
    "candidates": [
        {
            "name": "Sofia Bonsapia",
            "description": "Sofia Bonsapia, SH., M.Hum. adalah Penjabat Bupati perempuan pertama Kabupaten Biak Numfor dan resmi dilantik sebagai Penjabat Bupati Biak Numfor. Sofia dilantik Pj Gubernur Papua, Ridwan Rumasukun, berdasarkan SK Mendagri Tito Karnavian Nomor 100.2.1.3-643 Tahun 2024 Tanggal 29 Februari 2024 Tentang Pengangkatan Penjabat Bupati Biak Numfor Provinsi Papua.[1]\n",
            "profilePic": "https://upload.wikimedia.org/wikipedia/commons/0/0a/Kepala_Biro_Hukum_Setda_Provinsi_Papua_Sofia_Bonsapia.jpg",
            "title": "Bupati (PJ)",
            "sites": {
                "name": "Wikipedia",
                "url": "https://id.wikipedia.org/wiki/Sofia_Bonsapia"
            },
            "communityID": "8eef3f1d-7935-4649-b752-956163b4bd5d"
        }
    ]
}