{
    "title": "Bupati dan Wakil Bupati Kabupaten Murung Raya",
    "source": "https://id.wikipedia.org/wiki/Daftar_kepala_daerah_dan_wakil_kepala_daerah_petahana_di_Kalimantan_Tengah",
    "region": "Kabupaten Murung Raya",
    "level": "KABUPATEN",
    "path": "kabupaten-murung-raya",
    "communityID": "bb2b6199-0f23-4514-a0d9-a9a59d92ea01",
    "candidates": [
        {
            "name": "Hermon",
            "description": "",
            "profilePic": "https://upload.wikimedia.org/wikipedia/commons/thumb/6/65/Pj_Bupati_Hermon.jpg/104px-Pj_Bupati_Hermon.jpg",
            "title": "Bupati (PJ)",
            "sites": {},
            "communityID": "bb2b6199-0f23-4514-a0d9-a9a59d92ea01"
        }
    ]
}