{
    "title": "Bupati dan Wakil Bupati Kabupaten Indragiri Hulu",
    "source": "https://id.wikipedia.org/wiki/Daftar_kepala_daerah_dan_wakil_kepala_daerah_petahana_di_Riau",
    "region": "Kabupaten Indragiri Hulu",
    "level": "KABUPATEN",
    "path": "kabupaten-indragiri-hulu",
    "communityID": "b4fbd0ea-ab3f-4ca9-b173-2972d940823f",
    "candidates": [
        {
            "name": "Rezita Meylani Yopi",
            "description": "Rezita Meylani Yopi, S.E[1] (lahir 7 Mei 1994) adalah seorang Politisi yang saat ini menjabat sebagai Bupati Indragiri Hulu periode 2021-2024 dan Bupati kedua di Provinsi Riau setelah Bupati Bengkalis dan menjadi Kepala Daerah  yang memecahkan rekor MURI sebagai bupati perempuan termuda sepanjang sejarah di Indonesia. Ia juga merupakan istri dari mantan bupati kabupaten Indragiri Hulu dua periode, Yopi Arianto yang juga pernah memecahkan rekor MURI sebagai bupati termuda, dengan usia menjabat yakni 30 tahun pada 2010 silam.\n",
            "profilePic": "https://upload.wikimedia.org/wikipedia/commons/0/00/Bupati_Indragiri_Hulu_Rezita_Meylani_Yopi.png",
            "title": "Bupati",
            "sites": {
                "name": "Wikipedia",
                "url": "https://id.wikipedia.org/wiki/Rezita_Meylani_Yopi"
            },
            "communityID": "b4fbd0ea-ab3f-4ca9-b173-2972d940823f"
        },
        {
            "name": "Junaidi Rachmat",
            "description": "Junaidi Rachmat (lahir 8 Juli 1964) adalah seorang politikus dan birokrat Indonesia kelahiran Rengat. Ia merupakan lulusan S1 Institut Ilmu Pemerintahan Jakarta (1995) dan S2 Universitas Riau. Ia sempat diangkat menjadi Sekwilcam Tempuling di Pemkab Indragiri Hilir (1995), Camat Rengat Barat (2001), Camat Pasir Penyu (2002), Kabag Kepegawaian Pemkab Indragiri Hulu (2003), Kepala Bapemas Pemdes Pemkab Indragiri Hulu (2006), Kepala Dispenda Pemkab Indragiri Hulu (2007), Kepala Bappeda Pemkab Indragiri Hulu (2009), Kepala Bapemas Pemdes Pemkab Indragiri Hulu (2010), Asisten Perekonomian dan Pembangunan Pemkab Indragiri Hulu (2011), Asisten Pemerintahan dan Kesejahteraan Rakyat Pemkab Indragiri Hulu (2012) dan Kepala Bappeda Pemkab Indragiri Hulu (2014).[1]\n",
            "profilePic": "https://upload.wikimedia.org/wikipedia/commons/c/cf/Wakil_Bupati_Indragiri_Hulu_Junaidi_Rachmat.png",
            "title": "Wakil Bupati",
            "sites": {
                "name": "Wikipedia",
                "url": "https://id.wikipedia.org/wiki/Junaidi_Rachmat"
            },
            "communityID": "b4fbd0ea-ab3f-4ca9-b173-2972d940823f"
        }
    ]
}