{
    "title": "Bupati dan Wakil Bupati Kabupaten Maluku Tengah",
    "source": "https://id.wikipedia.org/wiki/Daftar_kepala_daerah_dan_wakil_kepala_daerah_petahana_di_Maluku",
    "region": "Kabupaten Maluku Tengah",
    "level": "KABUPATEN",
    "path": "kabupaten-maluku-tengah",
    "communityID": "b80c436b-04a6-49ca-9db5-12613b53702d",
    "candidates": [
        {
            "name": "Rakib Sahubawa",
            "description": "Rakib Sahubawa (lahir 28 September 1971) adalah seorang birokrat Indonesia kelahiran Negeri Pelauw, Kecamatan Pulau Haruku, Kabupaten Maluku Tengah. Ia lahir dari pasangan Saraha Sahubawa dan Masjena Latupono.\n",
            "profilePic": "https://upload.wikimedia.org/wikipedia/commons/8/8f/Rakib_Sahubawa.jpg",
            "title": "Bupati (PJ)",
            "sites": {
                "name": "Wikipedia",
                "url": "https://id.wikipedia.org/wiki/Rakib_Sahubawa"
            },
            "communityID": "b80c436b-04a6-49ca-9db5-12613b53702d"
        }
    ]
}