{
    "title": "Bupati dan Wakil Bupati Kabupaten Dharmasraya",
    "source": "https://id.wikipedia.org/wiki/Daftar_kepala_daerah_dan_wakil_kepala_daerah_petahana_di_Sumatera_Barat",
    "region": "Kabupaten Dharmasraya",
    "level": "KABUPATEN",
    "path": "kabupaten-dharmasraya",
    "communityID": "f237cf8b-00bd-431c-bce7-f4523a6e9ecd",
    "candidates": [
        {
            "name": "Sutan Riska Tuanku Kerajaan",
            "description": "Sutan Riska Tuanku Kerajaan, S.E., M.AP. (lahir 27 Mei 1989) adalah pengusaha, bangsawan Minangkabau, dan politikus Indonesia dari Partai Demokrasi Indonesia Perjuangan (PDIP). Ia menjabat sebagai Bupati Dharmasraya selama dua periode yakni 2016\u20132021 dan 2021\u20132024.[4][5] Ia merupakan salah seorang bupati termuda di Indonesia ketika dilantik, yakni dalam usia 26 tahun.[6]\n",
            "profilePic": "https://upload.wikimedia.org/wikipedia/commons/b/b6/SutanRiskaTuankuKerajaanSE.jpg",
            "title": "Bupati",
            "sites": {
                "name": "Wikipedia",
                "url": "https://id.wikipedia.org/wiki/Sutan_Riska_Tuanku_Kerajaan"
            },
            "communityID": "f237cf8b-00bd-431c-bce7-f4523a6e9ecd"
        }
    ]
}