{
    "title": "Bupati dan Wakil Bupati Kabupaten Gowa",
    "source": "https://id.wikipedia.org/wiki/Daftar_kepala_daerah_dan_wakil_kepala_daerah_petahana_di_Sulawesi_Selatan",
    "region": "Kabupaten Gowa",
    "level": "KABUPATEN",
    "path": "kabupaten-gowa",
    "communityID": "98e5d129-2f94-4b64-8a79-979326f22dbf",
    "candidates": [
        {
            "name": "Adnan Purichta Ichsan",
            "description": "Dr. Adnan Purichta Ichsan, S.H., M.H. (lahir 9 Maret 1986)[1] Bupati Gowa 2  periode yakni 2016\u20132021 dan 2021\u20132025. Sebelumnya, ia menjabat sebagai Anggota DPRD Sulawesi Selatan Fraksi Golkar periode 2014\u20132015 Ia merupakan anak kandung dari mantan Bupati Gowa, Ichsan Yasin Limpo (Alm).\n",
            "profilePic": "https://upload.wikimedia.org/wikipedia/commons/c/c7/Adnan_Purichta_Ichsan_Bupati_Gowa.jpg",
            "title": "Bupati",
            "sites": {
                "name": "Wikipedia",
                "url": "https://id.wikipedia.org/wiki/Adnan_Purichta_Ichsan"
            },
            "communityID": "98e5d129-2f94-4b64-8a79-979326f22dbf"
        },
        {
            "name": "Abdul Rauf Malaganni",
            "description": "H. Abdul Rauf Malaganni, S.Sos., M.Si. (lahir 29 Desember 1958) adalah Wakil Bupati Gowa periode 2016\u20132021 dan 2021\u20132024. Ia menjabat untuk periode kedua sejak 26 Februari 2021 setelah dilantik Gubernur Sulawesi Selatan, Nurdin Abdullah di Rumah Jabatan Gubernur Sulawesi Selatan, Makassar.[1]\n",
            "profilePic": "https://upload.wikimedia.org/wikipedia/commons/b/b1/Wakil_Bupati_Gowa_Abd._Rauf_Malaganni.jpg",
            "title": "Wakil Bupati",
            "sites": {
                "name": "Wikipedia",
                "url": "https://id.wikipedia.org/wiki/Abdul_Rauf_Malaganni"
            },
            "communityID": "98e5d129-2f94-4b64-8a79-979326f22dbf"
        }
    ]
}