{
    "title": "Bupati dan Wakil Bupati Kabupaten Pemalang",
    "source": "https://id.wikipedia.org/wiki/Daftar_kepala_daerah_dan_wakil_kepala_daerah_petahana_di_Jawa_Tengah",
    "region": "Kabupaten Pemalang",
    "level": "KABUPATEN",
    "path": "kabupaten-pemalang",
    "communityID": "03111a3e-1841-4cfc-975e-d0d6a51a6ec6",
    "candidates": [
        {
            "name": "Mansur Hidayat",
            "description": "Mansur Hidayat, S.T. (lahir 30 Desember 1975) adalah Bupati Pemalang periode 2021-2024 yang terpilih berdasarkan Pemilihan Umum Bupati Pemalang 2020 bersama dengan Mukti Agung Wibowo yang diusung oleh PPP dan Gerindra. Saat ini beliau ditunjuk Gubernur Jawa Tengah, Ganjar Pranowo menjadi Plt. Bupati Pemalang menggantikan Mukti Agung Wibowo sebagai Bupati Pemalang yang terjaring dalam Operasi Tangkap Tangan (OTT) oleh KPK RI dengan dugaan penerimaan barang dan jasa tidak sah serta jual beli lelang jabatan di struktur lingkungan Pemerintahan Kabupaten Pemalang. Pada 9 Oktober 2023, Pj Gubernur Jawa Tengah Nana Sudjana melantik Pelaksana Tugas (Plt) Bupati Pemalang, untuk menjadi Bupati Pemalang menggantikan Mukti Agung Wibowo\n",
            "profilePic": "https://upload.wikimedia.org/wikipedia/commons/6/67/Mansur2.jpg",
            "title": "Bupati",
            "sites": {
                "name": "Wikipedia",
                "url": "https://id.wikipedia.org/wiki/Mansur_Hidayat"
            },
            "communityID": "03111a3e-1841-4cfc-975e-d0d6a51a6ec6"
        }
    ]
}