{
    "title": "Bupati dan Wakil Bupati Kabupaten Gayo Lues",
    "source": "https://id.wikipedia.org/wiki/Daftar_kepala_daerah_dan_wakil_kepala_daerah_petahana_di_Aceh",
    "region": "Kabupaten Gayo Lues",
    "level": "KABUPATEN",
    "path": "kabupaten-gayo-lues",
    "communityID": "3494f114-a572-445a-bcfe-f6662f13e044",
    "candidates": [
        {
            "name": "Alhudri",
            "description": "Alhudri (lahir 22 November 1968) adalah seorang birokrat Indonesia kelahiran Aceh Tengah. Ia merupakan putra sulung dari 3 bersaudara dari  pasangan H. Almusanna dan Hj. Maryam Hasan. Ia merupakan salah seorang keturunan Reje Baluntara Kampung Toweren Kecamatan Lut Tawar. Ia lulus dari SDN 6 Takengon pada 1981, SMPN 1 Takengon pada 1984 dan SMAN 1 Takengon pada 1987. Pada tahun 1990, ia diterima sebagai PNS dengan golongan II A. Ia diberi kesempatan untuk belajar ke Banda Aceh dan diterima di D III APDN (1991).\n",
            "profilePic": "https://upload.wikimedia.org/wikipedia/commons/a/a3/Pj_Bupati_Alhudri.jpg",
            "title": "Bupati (PJ)",
            "sites": {
                "name": "Wikipedia",
                "url": "https://id.wikipedia.org/wiki/Alhudri"
            },
            "communityID": "3494f114-a572-445a-bcfe-f6662f13e044"
        }
    ]
}