{
    "title": "Bupati dan Wakil Bupati Kabupaten Puncak Jaya",
    "source": "https://id.wikipedia.org/wiki/Daftar_kepala_daerah_dan_wakil_kepala_daerah_petahana_di_Papua_Tengah",
    "region": "Kabupaten Puncak Jaya",
    "level": "KABUPATEN",
    "path": "kabupaten-puncak-jaya",
    "communityID": "5c88519b-90f1-46c4-9341-13311255e06e",
    "candidates": [
        {
            "name": "Tumiran",
            "description": "",
            "profilePic": "https://upload.wikimedia.org/wikipedia/commons/thumb/b/b9/Tumiran.jpg/119px-Tumiran.jpg",
            "title": "Bupati (PJ)",
            "sites": {},
            "communityID": "5c88519b-90f1-46c4-9341-13311255e06e"
        }
    ]
}