{
    "title": "Bupati dan Wakil Bupati Kabupaten Aceh Selatan",
    "source": "https://id.wikipedia.org/wiki/Daftar_kepala_daerah_dan_wakil_kepala_daerah_petahana_di_Aceh",
    "region": "Kabupaten Aceh Selatan",
    "level": "KABUPATEN",
    "path": "kabupaten-aceh-selatan",
    "communityID": "7810284e-b3ce-4b32-944e-4c8af3ade663",
    "candidates": [
        {
            "name": "Cut Syazalisma",
            "description": "Cut Syazalisma (lahir 4 Desember 1977) adalah seorang birokrat Indonesia kelahiran Tapaktuan. Ia menempuh pendidikan di SDN Teupin Gajah, SMPN Terbangan, SMA 1 Tapaktuan dan STPDN Jatinangror. Dari 2000 sampai 2005, ia menjabat sebagai Ajudan Bupati Aceh Timur, pada masa jabatan Azman Usmanuddin. Ia kemudian menjabat sebagai Sekretaris Kelurahan Idi Rayeuk, Kasie PMD Kecamatan Peudawa, Sekretaris Kecamatan Banda Alam, dan Sekretaris Kecamatan Peudawa.\n",
            "profilePic": "https://upload.wikimedia.org/wikipedia/commons/thumb/5/5f/Cut_Syazalisma.jpg/1200px-Cut_Syazalisma.jpg",
            "title": "Bupati (PJ)",
            "sites": {
                "name": "Wikipedia",
                "url": "https://id.wikipedia.org/wiki/Cut_Syazalisma"
            },
            "communityID": "7810284e-b3ce-4b32-944e-4c8af3ade663"
        }
    ]
}