{
    "title": "Bupati dan Wakil Bupati Kabupaten Bener Meriah",
    "source": "https://id.wikipedia.org/wiki/Daftar_kepala_daerah_dan_wakil_kepala_daerah_petahana_di_Aceh",
    "region": "Kabupaten Bener Meriah",
    "level": "KABUPATEN",
    "path": "kabupaten-bener-meriah",
    "communityID": "fea9b246-5762-48c5-9dd0-7d67eeef3169",
    "candidates": [
        {
            "name": "Haili Yoga",
            "description": "Drs. Haili Yoga, M.Si., adalah seorang birokrat yang sejak 14 Juli 2022 dilantik menjadi Penjabat Bupati Bener Meriah oleh Penjabat Gubernur Aceh Achmad Marzuki.[1][2]\n",
            "profilePic": "https://upload.wikimedia.org/wikipedia/commons/4/4c/Penjabat_Bupati_Bener_Meriah_Haili_Yoga.jpg",
            "title": "Bupati (PJ)",
            "sites": {
                "name": "Wikipedia",
                "url": "https://id.wikipedia.org/wiki/Haili_Yoga"
            },
            "communityID": "fea9b246-5762-48c5-9dd0-7d67eeef3169"
        }
    ]
}