{
    "title": "Bupati dan Wakil Bupati Kabupaten Tapin",
    "source": "https://id.wikipedia.org/wiki/Daftar_kepala_daerah_dan_wakil_kepala_daerah_petahana_di_Kalimantan_Selatan",
    "region": "Kabupaten Tapin",
    "level": "KABUPATEN",
    "path": "kabupaten-tapin",
    "communityID": "f18ea021-b642-4134-9cd0-59b052470ad4",
    "candidates": [
        {
            "name": "Muhammad Syarifuddin",
            "description": "",
            "profilePic": "https://upload.wikimedia.org/wikipedia/commons/thumb/0/03/Muhammad_Syarifuddin_Tapin.jpg/94px-Muhammad_Syarifuddin_Tapin.jpg",
            "title": "Bupati (PJ)",
            "sites": {},
            "communityID": "f18ea021-b642-4134-9cd0-59b052470ad4"
        }
    ]
}