{
    "title": "Bupati dan Wakil Bupati Kabupaten Buru",
    "source": "https://id.wikipedia.org/wiki/Daftar_kepala_daerah_dan_wakil_kepala_daerah_petahana_di_Maluku",
    "region": "Kabupaten Buru",
    "level": "KABUPATEN",
    "path": "kabupaten-buru",
    "communityID": "a3853886-91ad-45c7-bdd8-a6fc0d806ee4",
    "candidates": [
        {
            "name": "Syarief Hidayat",
            "description": "",
            "profilePic": "https://upload.wikimedia.org/wikipedia/commons/thumb/d/d1/Tiada_gambar_tersedia.svg/124px-Tiada_gambar_tersedia.svg.png",
            "title": "Bupati (PJ)",
            "sites": {},
            "communityID": "a3853886-91ad-45c7-bdd8-a6fc0d806ee4"
        }
    ]
}