{
    "title": "Bupati dan Wakil Bupati Kabupaten Pidie",
    "source": "https://id.wikipedia.org/wiki/Daftar_kepala_daerah_dan_wakil_kepala_daerah_petahana_di_Aceh",
    "region": "Kabupaten Pidie",
    "level": "KABUPATEN",
    "path": "kabupaten-pidie",
    "communityID": "f74d02f5-d311-4287-91dd-217d5de85f06",
    "candidates": [
        {
            "name": "Wahyudi Adisiswanto",
            "description": "Wahyudi Adisiswanto adalah seorang birokrat Indonesia. Ia sempat menjabat sebagai Kepala Badan Intelijen Negara Daerah Nusa Tenggara Barat. Pada 2022, ia diangkat menjadi pelaksana jabatan Bupati Pidie.[1]\n",
            "profilePic": "https://upload.wikimedia.org/wikipedia/commons/e/ed/Wahyudi_Adisiswanto.jpg",
            "title": "Bupati (PJ)",
            "sites": {
                "name": "Wikipedia",
                "url": "https://id.wikipedia.org/wiki/Wahyudi_Adisiswanto"
            },
            "communityID": "f74d02f5-d311-4287-91dd-217d5de85f06"
        }
    ]
}