{
    "title": "Bupati dan Wakil Bupati Kabupaten Luwu Utara",
    "source": "https://id.wikipedia.org/wiki/Daftar_kepala_daerah_dan_wakil_kepala_daerah_petahana_di_Sulawesi_Selatan",
    "region": "Kabupaten Luwu Utara",
    "level": "KABUPATEN",
    "path": "kabupaten-luwu-utara",
    "communityID": "ec376cd8-c514-4e7c-92c3-838aae9f973b",
    "candidates": [
        {
            "name": "Indah Putri Indriani",
            "description": "Sebelumnya\n",
            "profilePic": "https://upload.wikimedia.org/wikipedia/commons/1/1f/Bupati_Luwu_Utara_Indah_Putri_Indriani_%28Periode_II%29.jpg",
            "title": "Bupati",
            "sites": {
                "name": "Wikipedia",
                "url": "https://id.wikipedia.org/wiki/Indah_Putri_Indriani"
            },
            "communityID": "ec376cd8-c514-4e7c-92c3-838aae9f973b"
        },
        {
            "name": "Suaib Mansur",
            "description": "Suaib Mansur, S.T., M.Si. (lahir 20 Agustus 1970) adalah Wakil Bupati Luwu Utara periode 2021\u20132024. Ia menjabat sejak 26 Februari 2021 setelah dilantik Gubernur Sulawesi Selatan, Nurdin Abdullah di Rumah Jabatan Gubernur Sulawesi Selatan, Makassar.[1]\n",
            "profilePic": "https://upload.wikimedia.org/wikipedia/commons/1/10/Wakil_Bupati_Luwu_Utara_Suaib_Mansur.jpg",
            "title": "Wakil Bupati",
            "sites": {
                "name": "Wikipedia",
                "url": "https://id.wikipedia.org/wiki/Suaib_Mansur"
            },
            "communityID": "ec376cd8-c514-4e7c-92c3-838aae9f973b"
        }
    ]
}