{
    "title": "Bupati dan Wakil Bupati Kabupaten Lahat",
    "source": "https://id.wikipedia.org/wiki/Daftar_kepala_daerah_dan_wakil_kepala_daerah_petahana_di_Sumatera_Selatan",
    "region": "Kabupaten Lahat",
    "level": "KABUPATEN",
    "path": "kabupaten-lahat",
    "communityID": "0261a654-ffcb-4c18-b178-c565f0bb575d",
    "candidates": [
        {
            "name": "Muhammad Farid",
            "description": "Muhammad Farid (lahir 25 Oktober 1980) adalah seorang birokrat Indonesia kelahiran Palembang, Sumatera Selatan. Ia merupakan anak kedua dari empat bersaudara buah dari pasangan Agung Mazani dan Yetty Ferial. Ia dididik dan dibesarkan di lingkungan militer lantaran kakeknya pejuang veteran wilayah Kabupaten Lahat dan mantan Ketua Cacat Veteran Sumatera Selatan, yakni Kol. (Purn). H. M. Nurdin Lenggang yang berasal dari Desa Kebon Jati, Kecamatan Kota Agung, Kabupaten Lahat. \n",
            "profilePic": "https://upload.wikimedia.org/wikipedia/commons/thumb/0/0d/Muhammad_Farid%2C_S.STP%2C_M.Si_%28cropped%29.jpg/1200px-Muhammad_Farid%2C_S.STP%2C_M.Si_%28cropped%29.jpg",
            "title": "Bupati (PJ)",
            "sites": {
                "name": "Wikipedia",
                "url": "https://id.wikipedia.org/wiki/Muhammad_Farid"
            },
            "communityID": "0261a654-ffcb-4c18-b178-c565f0bb575d"
        }
    ]
}