{
    "title": "Bupati dan Wakil Bupati Kabupaten Batu Bara",
    "source": "https://id.wikipedia.org/wiki/Daftar_kepala_daerah_dan_wakil_kepala_daerah_petahana_di_Sumatera_Utara",
    "region": "Kabupaten Batubara",
    "level": "KABUPATEN",
    "path": "kabupaten-batu-bara",
    "communityID": "58eba16a-8207-4881-9aac-2be719d0cd73",
    "candidates": [
        {
            "name": "Nizhamul",
            "description": "",
            "profilePic": "https://upload.wikimedia.org/wikipedia/commons/thumb/c/cb/Pj_Bupati_Nizhamul.jpg/137px-Pj_Bupati_Nizhamul.jpg",
            "title": "Bupati (PJ)",
            "sites": {},
            "communityID": "58eba16a-8207-4881-9aac-2be719d0cd73"
        }
    ]
}