{
    "title": "Bupati dan Wakil Bupati Kabupaten Labuhanbatu",
    "source": "https://id.wikipedia.org/wiki/Daftar_kepala_daerah_dan_wakil_kepala_daerah_petahana_di_Sumatera_Utara",
    "region": "Kabupaten Labuhanbatu",
    "level": "KABUPATEN",
    "path": "kabupaten-labuhanbatu",
    "communityID": "02a4f69b-fc47-4d83-b9b2-e3d5ecb4c6f8",
    "candidates": [
        {
            "name": "Ellya Rosa Siregar",
            "description": "Hj. Ellya Rosa Siregar, S.Pd., M.M. (lahir 5 Desember 1959) adalah Wakil Bupati Labuhanbatu periode 2021\u20132024. Ia menjabat sejak 13 September 2021 setelah dilantik Gubernur Sumatera Utara, Edy Rahmayadi di Rumah Dinas Gubernur Sumatera Utara, Medan.[1]\n",
            "profilePic": "https://upload.wikimedia.org/wikipedia/commons/thumb/b/bc/Ellya_Rosa_Siregar.jpg/115px-Ellya_Rosa_Siregar.jpg",
            "title": "Bupati",
            "sites": {
                "name": "Wikipedia",
                "url": "https://id.wikipedia.org/wiki/Ellya_Rosa_Siregar"
            },
            "communityID": "02a4f69b-fc47-4d83-b9b2-e3d5ecb4c6f8"
        }
    ]
}