{
    "title": "Bupati dan Wakil Bupati Kabupaten Padang Pariaman",
    "source": "https://id.wikipedia.org/wiki/Daftar_kepala_daerah_dan_wakil_kepala_daerah_petahana_di_Sumatera_Barat",
    "region": "Kabupaten Padang Pariaman",
    "level": "KABUPATEN",
    "path": "kabupaten-padang-pariaman",
    "communityID": "9ca95360-71d4-4cdd-80d5-7ec4ff15751e",
    "candidates": [
        {
            "name": "Suhatri Bur",
            "description": "Suhatri Bur, S.E., M.M. gelar Datuak Putiah[1] (lahir 11 Oktober 1970) adalah politikus yang menjabat Bupati Padang Pariaman periode 2021-2024 sejak 26 Februari 2021.[2] Sebelumnya ia menjabat Wakil Bupati Padang Pariaman periode 2016-2021. Ia adalah wakil dari Bupati Padang Pariaman, Ali Mukhni. Bersama wakilnya, Rahmang, mereka berhasil memenangkan pemilihan umum Bupati Padang Pariaman 2020.\n",
            "profilePic": "https://upload.wikimedia.org/wikipedia/commons/3/3b/Bupati_Padang_Pariaman_Suhatri_Bur_%28cropped%29.jpg",
            "title": "Bupati",
            "sites": {
                "name": "Wikipedia",
                "url": "https://id.wikipedia.org/wiki/Suhatri_Bur"
            },
            "communityID": "9ca95360-71d4-4cdd-80d5-7ec4ff15751e"
        },
        {
            "name": "Rahmang",
            "description": "Drs. Rahmang, M.M. (lahir 23 September 1964) adalah Wakil Bupati Padang Pariaman periode 2021\u20142024.[1] Ia adalah wakil dari Bupati Padang Pariaman, Suhatri Bur.\n",
            "profilePic": "https://upload.wikimedia.org/wikipedia/commons/9/9b/Wakil_Bupati_Padang_Pariaman_Rahmang.jpg",
            "title": "Wakil Bupati",
            "sites": {
                "name": "Wikipedia",
                "url": "https://id.wikipedia.org/wiki/Rahmang"
            },
            "communityID": "9ca95360-71d4-4cdd-80d5-7ec4ff15751e"
        }
    ]
}