{
    "title": "Bupati dan Wakil Bupati Kabupaten Tana Tidung",
    "source": "https://id.wikipedia.org/wiki/Daftar_kepala_daerah_dan_wakil_kepala_daerah_petahana_di_Kalimantan_Utara",
    "region": "Kabupaten Tana Tidung",
    "level": "KABUPATEN",
    "path": "kabupaten-tana-tidung",
    "communityID": "79018f28-39a2-45ae-9cd8-ea02f3a06c68",
    "candidates": [
        {
            "name": "Ibrahim Ali",
            "description": "Ibrahim Ali, A.Md. (lahir 23 Juni 1981) adalah Bupati Kabupaten Tana Tidung yang menjabat mulai 26 Februari 2021.[2] Ibrahim Ali bersama Hendrik memenangi Pilkada Tana Tidung 2020 dengan perolehan 6.851 suara.[3] Sebelumnya, ia menjabat sebagai Anggota DPRD Kabupaten Tana Tidung Fraksi PAN periode 2014\u20132019 dan Ketua DPRD Kabupaten Tana Tidung periode 2019\u20132024.\n",
            "profilePic": "https://upload.wikimedia.org/wikipedia/commons/4/49/Ibrahim_Ali.png",
            "title": "Bupati",
            "sites": {
                "name": "Wikipedia",
                "url": "https://id.wikipedia.org/wiki/Ibrahim_Ali"
            },
            "communityID": "79018f28-39a2-45ae-9cd8-ea02f3a06c68"
        },
        {
            "name": "Hendrik",
            "description": "Hendrik adalah seorang politikus Indonesia asal Tana Tidung, Kalimantan Utara. Ia diangkat menjadi Wakil Bupati Tana Tidung periode 2021-2024. Ia mengawali karir politiknya sebagai legislator di Kabupaten Tana Tidung, Kalimantan Utara selama tiga periode. Ia berkarir dari menjadi Wakil Ketua sampai Ketua DPRD. Ia menjadi ketua DPRD pertama dari kabupatennya sendiri. Pada pemilihan umum Bupati Tana Tidung 2020, ia maju sebagai calon Wakil Bupati Tana Tidung bersama dengan Ibrahim Ali selaku calon Bupati Tana Tidung dan memenangkan pilkada tersebut dan dilantik sebagai Bupati dan Wakil Bupati pada 26 Februari 2021.[1]\n",
            "profilePic": "https://upload.wikimedia.org/wikipedia/commons/7/7b/Wakil_Bupati_Hendrik.jpg",
            "title": "Wakil Bupati",
            "sites": {
                "name": "Wikipedia",
                "url": "https://id.wikipedia.org/wiki/Hendrik"
            },
            "communityID": "79018f28-39a2-45ae-9cd8-ea02f3a06c68"
        }
    ]
}