{
    "title": "Bupati dan Wakil Bupati Kabupaten Konawe Selatan",
    "source": "https://id.wikipedia.org/wiki/Daftar_kepala_daerah_dan_wakil_kepala_daerah_petahana_di_Sulawesi_Tenggara",
    "region": "Kabupaten Konawe Selatan",
    "level": "KABUPATEN",
    "path": "kabupaten-konawe-selatan",
    "communityID": "0f68f0d3-22e2-46a9-9f5e-d4e790bcfcf5",
    "candidates": [
        {
            "name": "Surunuddin Dangga",
            "description": "H. Surunuddin Dangga, S.T., M.M. (lahir 15 Maret 1954) adalah Bupati Konawe Selatan 2 periode yakni 2016\u20142021[1] dan 2021\u20142024. Ia pernah menjabat sebagai Anggota DPRD Provinsi Sulawesi Tenggara periode 2014\u20142019.\n",
            "profilePic": "https://upload.wikimedia.org/wikipedia/commons/c/c4/Bupati_Kabupaten_Konawe_Selatan_Surunuddin_Dangga.png",
            "title": "Bupati",
            "sites": {
                "name": "Wikipedia",
                "url": "https://id.wikipedia.org/wiki/Surunuddin_Dangga"
            },
            "communityID": "0f68f0d3-22e2-46a9-9f5e-d4e790bcfcf5"
        },
        {
            "name": "Rasyid",
            "description": "Rasyid adalah seorang politikus Indonesia. Pada Pemilihan umum Bupati Konawe Selatan 2020, ia terpilih menjadi Wakil Bupati Konawe Selatan mendampingi Surunuddin Dangga selaku Bupati Konawe Selatan. Ia tergabung dalam Partai Keadilan Sejahtera (PKS).[1] Ia merupakan anggota Dewan Perwakilan Rakyat Daerah (DPRD) Provinsi Sulawesi Tenggara dari 2004 sampai 2024 dan berada di Komisi II PKS.[2]\n",
            "profilePic": "https://upload.wikimedia.org/wikipedia/commons/c/c3/Wakil_Bupati_Kabupaten_Konawe_Selatan_Rasyid.png",
            "title": "Wakil Bupati",
            "sites": {
                "name": "Wikipedia",
                "url": "https://id.wikipedia.org/wiki/Rasyid"
            },
            "communityID": "0f68f0d3-22e2-46a9-9f5e-d4e790bcfcf5"
        }
    ]
}