{
    "title": "Bupati dan Wakil Bupati Kabupaten Lamandau",
    "source": "https://id.wikipedia.org/wiki/Daftar_kepala_daerah_dan_wakil_kepala_daerah_petahana_di_Kalimantan_Tengah",
    "region": "Kabupaten Lamandau",
    "level": "KABUPATEN",
    "path": "kabupaten-lamandau",
    "communityID": "bef45f64-4b44-4aa5-8d49-e05b31ad9ac4",
    "candidates": [
        {
            "name": "Lilis Suriani",
            "description": "Dr. Dra. Lilis Suriani, M.M., MM. RS. adalah seorang birokrat Indonesia. Ia sempat menjabat sebagai Kepala Biro Organisasi Sekretariat Daerah Provinsi Kalimantan Tengah. Pada 2023, ia diangkat menjadi pelaksana jabatan Bupati Lamandau.[1]\n",
            "profilePic": "https://upload.wikimedia.org/wikipedia/commons/1/19/Pj_Bupati_Lilis_Suriani.jpg",
            "title": "Bupati (PJ)",
            "sites": {
                "name": "Wikipedia",
                "url": "https://id.wikipedia.org/wiki/Lilis_Suriani"
            },
            "communityID": "bef45f64-4b44-4aa5-8d49-e05b31ad9ac4"
        }
    ]
}