{
    "title": "Bupati dan Wakil Bupati Kabupaten Konawe",
    "source": "https://id.wikipedia.org/wiki/Daftar_kepala_daerah_dan_wakil_kepala_daerah_petahana_di_Sulawesi_Tenggara",
    "region": "Kabupaten Konawe",
    "level": "KABUPATEN",
    "path": "kabupaten-konawe",
    "communityID": "fafeb428-f978-4e10-91f1-e8afe3902417",
    "candidates": [
        {
            "name": "Harmin Ramba",
            "description": "Harmin Ramba (lahir 23 September 1964) adalah seorang birokrat Indonesia kelahiran Kendari. Ia menempuh pendidikan SD Umum Negeri 07 Kendari (31 Desember 1977) SMP Negeri 1 Kendari (7 Mei 1981) dan SMA Negeri 59 Kendari (25 April 1984). Ia menyelesaikan studi S1 Ekonomi/Manajemen di Universitas Halu Oleo Kendari pada tahun 1990, S2 Master Manajemen Sumber Daya Manusia di Universitas Hasanuddin Makassar pada tahun 2001, dan S3 Administrasi Publik di Universitas Hasanuddin Makassar pada tahun 2015.\n",
            "profilePic": "https://upload.wikimedia.org/wikipedia/commons/b/b1/Harmin_Ramba.jpg",
            "title": "Bupati (PJ)",
            "sites": {
                "name": "Wikipedia",
                "url": "https://id.wikipedia.org/wiki/Harmin_Ramba"
            },
            "communityID": "fafeb428-f978-4e10-91f1-e8afe3902417"
        }
    ]
}