{
    "title": "Bupati dan Wakil Bupati Kabupaten Maluku Tenggara",
    "source": "https://id.wikipedia.org/wiki/Daftar_kepala_daerah_dan_wakil_kepala_daerah_petahana_di_Maluku",
    "region": "Kabupaten Maluku Tenggara",
    "level": "KABUPATEN",
    "path": "kabupaten-maluku-tenggara",
    "communityID": "9216a327-034c-4d7c-9ab4-ca7216d006c2",
    "candidates": [
        {
            "name": "Jasmono",
            "description": "",
            "profilePic": "https://upload.wikimedia.org/wikipedia/commons/thumb/e/e4/Jasmono_Maluku_Tenggara.jpg/108px-Jasmono_Maluku_Tenggara.jpg",
            "title": "Bupati (PJ)",
            "sites": {},
            "communityID": "9216a327-034c-4d7c-9ab4-ca7216d006c2"
        }
    ]
}