{
    "title": "Bupati dan Wakil Bupati Kabupaten Sumedang",
    "source": "https://id.wikipedia.org/wiki/Daftar_kepala_daerah_dan_wakil_kepala_daerah_petahana_di_Jawa_Barat",
    "region": "Kabupaten Sumedang",
    "level": "KABUPATEN",
    "path": "kabupaten-sumedang",
    "communityID": "b2d19f23-2b16-41bc-b74a-3c13e907b73a",
    "candidates": [
        {
            "name": "Yudia Ramli",
            "description": "Drs. H. Yudia Ramli, M.Si. (lahir 30 Oktober 1968) adalah seorang birokrat Indonesia yang sejak 20 April 2024 dilantik sebagai Penjabat Bupati Sumedang oleh Penjabat Gubernur Jawa Barat, Bey Triadi Machmudin. Sebelumnya, ia merupakan Pelaksana Harian (Plh.) Kepala Pusat Penerangan (Kapuspen) Kementerian Dalam Negeri (Kemendagri).[1]\n",
            "profilePic": "https://upload.wikimedia.org/wikipedia/id/f/f2/Yudia_Ramli.png",
            "title": "Bupati (PJ)",
            "sites": {
                "name": "Wikipedia",
                "url": "https://id.wikipedia.org/wiki/Yudia_Ramli"
            },
            "communityID": "b2d19f23-2b16-41bc-b74a-3c13e907b73a"
        }
    ]
}