{
    "title": "Bupati dan Wakil Bupati Kabupaten Aceh Jaya",
    "source": "https://id.wikipedia.org/wiki/Daftar_kepala_daerah_dan_wakil_kepala_daerah_petahana_di_Aceh",
    "region": "Kabupaten Aceh Jaya",
    "level": "KABUPATEN",
    "path": "kabupaten-aceh-jaya",
    "communityID": "d7e69e13-cf00-4f10-98a1-b46b6e850e97",
    "candidates": [
        {
            "name": "A. Murtala",
            "description": "",
            "profilePic": "https://upload.wikimedia.org/wikipedia/commons/thumb/4/4f/A._Murtala_%28cropped%29.jpg/118px-A._Murtala_%28cropped%29.jpg",
            "title": "Bupati (PJ)",
            "sites": {},
            "communityID": "d7e69e13-cf00-4f10-98a1-b46b6e850e97"
        }
    ]
}