{
    "title": "Bupati dan Wakil Bupati Kabupaten Bireuen",
    "source": "https://id.wikipedia.org/wiki/Daftar_kepala_daerah_dan_wakil_kepala_daerah_petahana_di_Aceh",
    "region": "Kabupaten Bireuen",
    "level": "KABUPATEN",
    "path": "kabupaten-bireuen",
    "communityID": "8b63b166-8f53-43d7-ab28-00507b3d9ffc",
    "candidates": [
        {
            "name": "Aulia Sofyan",
            "description": "Aulia Sofyan (lahir 18 Oktober 1972) adalah seorang birokrat Indonesia kelahiran Desa Meunasah Timu, Peusangan, Bireuen. Ia menempuh pendidikan di MIN 1 Matangglumpangdua, SMPN 1 Matangglumpangdua, SMA 1 Banda Aceh, Diploma III STPDN Bandung, S2 Unpad Bandung  dan meraih gelar Dokter dalam bidang perencanaan Pembangunan Kota (Urban Planning) dari Universitas Queensland, Australia.\n",
            "profilePic": "https://upload.wikimedia.org/wikipedia/commons/f/f2/AULIA_SOFYAN.jpg",
            "title": "Bupati (PJ)",
            "sites": {
                "name": "Wikipedia",
                "url": "https://id.wikipedia.org/wiki/Aulia_Sofyan"
            },
            "communityID": "8b63b166-8f53-43d7-ab28-00507b3d9ffc"
        }
    ]
}