{
    "title": "Bupati dan Wakil Bupati Kabupaten Sambas",
    "source": "https://id.wikipedia.org/wiki/Daftar_kepala_daerah_dan_wakil_kepala_daerah_petahana_di_Kalimantan_Barat",
    "region": "Kabupaten Sambas",
    "level": "KABUPATEN",
    "path": "kabupaten-sambas",
    "communityID": "b66c903d-b612-4a06-b39d-75ac2e07475a",
    "candidates": [
        {
            "name": "Satono",
            "description": "H. Satono, S.Sos.I., M.H., (lahir 24 April 1980) adalah Bupati Sambas petahana yang menjabat sejak 14 Juni 2021.[1] Ia terpilih dalam Pilbup Sambas 2020 bersama Fahrur Rofi melalui Partai Gerindra dan PAN.[2] Satono-Rofi berhasil mengungguli tiga pasangan calon lainnya, termasuk petahana.[3][4] Satono merupakan bupati keturunan Tionghoa dan mualaf pertama yang memimpin Kabupaten Sambas.[5] Ayahnya bernama Thong Kim Kui. Sebelum menjadi bupati, Satono merupakan birokrat dengan jabatan terakhir sebagai Sekretaris BPBD Kabupaten Sambas.[6][7][8]\n",
            "profilePic": "https://upload.wikimedia.org/wikipedia/commons/6/6c/SATONO_2020.jpg",
            "title": "Bupati",
            "sites": {
                "name": "Wikipedia",
                "url": "https://id.wikipedia.org/wiki/Satono_(bupati)"
            },
            "communityID": "b66c903d-b612-4a06-b39d-75ac2e07475a"
        },
        {
            "name": "Fahrur Rofi",
            "description": "Fahrur Rofi, S.I.P., M.H.Sc., (lahir 17 Juni 1981) adalah Wakil Bupati Sambas petahana yang menjabat sejak 14 Juni 2021.[1] Ia terpilih dalam Pilbup Sambas 2020 mendampingi Satono melalui Partai Gerindra dan PAN.[2] Satono-Rofi berhasil mengungguli tiga pasangan calon lainnya, termasuk petahana.[3][4] Rofi merupakan anak dari Bupati Sambas ke-15, Burhanuddin A. Rasyid. Sebelum menjadi wakil bupati, Rofi merupakan birokrat dengan jabatan terakhir sebagai Kepala Subbagian Administrasi Kewilayahan pada Bagian Tata Pemerintahan Sekretariat Daerah Kabupaten Sambas.[5] Setelah terpilih menjadi wakil bupati, Rofi kemudian juga terpilih sebagai Ketua DPD Partai Amanat Nasional Kabupaten Sambas pada 2021.[6]\n",
            "profilePic": "https://upload.wikimedia.org/wikipedia/commons/0/01/Wakil_Bupati_Sambas_Fahrur_Rofi.jpg",
            "title": "Wakil Bupati",
            "sites": {
                "name": "Wikipedia",
                "url": "https://id.wikipedia.org/wiki/Fahrur_Rofi"
            },
            "communityID": "b66c903d-b612-4a06-b39d-75ac2e07475a"
        }
    ]
}