{
    "title": "Bupati dan Wakil Bupati Kabupaten Banggai Laut",
    "source": "https://id.wikipedia.org/wiki/Daftar_kepala_daerah_dan_wakil_kepala_daerah_petahana_di_Sulawesi_Tengah",
    "region": "Kabupaten Banggai Laut",
    "level": "KABUPATEN",
    "path": "kabupaten-banggai-laut",
    "communityID": "d555cac0-cab5-46d5-8fab-1142c5b48023",
    "candidates": [
        {
            "name": "Sofyan Kaepa",
            "description": "Sofyan Kaepa, S.H. (lahir 26 Oktober 1966) adalah politisi asal Banggai Laut.[1] Dia menjabat sebagai Bupati Banggai Laut periode 2021-2024.[2][3]\n",
            "profilePic": "",
            "title": "Bupati",
            "sites": {
                "name": "Wikipedia",
                "url": "https://id.wikipedia.org/wiki/Sofyan_Kaepa"
            },
            "communityID": "d555cac0-cab5-46d5-8fab-1142c5b48023"
        }
    ]
}