{
    "title": "Bupati dan Wakil Bupati Kabupaten Mamasa",
    "source": "https://id.wikipedia.org/wiki/Daftar_kepala_daerah_dan_wakil_kepala_daerah_petahana_di_Sulawesi_Barat",
    "region": "Kabupaten Mamasa",
    "level": "KABUPATEN",
    "path": "kabupaten-mamasa",
    "communityID": "f6f8d420-33eb-4fef-8ba5-8926c985f0cc",
    "candidates": [
        {
            "name": "Muhammad Zain",
            "description": "",
            "profilePic": "https://upload.wikimedia.org/wikipedia/commons/thumb/c/cd/Muhammad_Zain.jpg/125px-Muhammad_Zain.jpg",
            "title": "Bupati (PJ)",
            "sites": {},
            "communityID": "f6f8d420-33eb-4fef-8ba5-8926c985f0cc"
        }
    ]
}