{
    "title": "Wali Kota dan Wakil Wali Kota Kota Banda Aceh",
    "source": "https://id.wikipedia.org/wiki/Daftar_kepala_daerah_dan_wakil_kepala_daerah_petahana_di_Aceh",
    "region": "Kota Banda Aceh",
    "level": "KOTA",
    "path": "kota-banda-aceh",
    "communityID": "d156d938-441e-4a6c-bdf7-ac39efdcf9c8",
    "candidates": [
        {
            "name": "Amiruddin",
            "description": "",
            "profilePic": "https://upload.wikimedia.org/wikipedia/commons/thumb/1/19/Amiruddin%2C_SE%2C_M.Si.jpg/149px-Amiruddin%2C_SE%2C_M.Si.jpg",
            "title": "Wali Kota (PJ)",
            "sites": {},
            "communityID": "d156d938-441e-4a6c-bdf7-ac39efdcf9c8"
        }
    ]
}