{
    "title": "Wali Kota dan Wakil Wali Kota Kota Jambi",
    "source": "https://id.wikipedia.org/wiki/Daftar_kepala_daerah_dan_wakil_kepala_daerah_petahana_di_Jambi",
    "region": "Kota Jambi",
    "level": "KOTA",
    "path": "kota-jambi",
    "communityID": "e9088a9f-04d9-44aa-b021-9f09819d4ed0",
    "candidates": [
        {
            "name": "Sri Purwaningsih",
            "description": "",
            "profilePic": "https://upload.wikimedia.org/wikipedia/commons/thumb/a/ad/Sri_Purwaningsih_Pj_Walikota_Jambi.jpg/122px-Sri_Purwaningsih_Pj_Walikota_Jambi.jpg",
            "title": "Wali Kota (PJ)",
            "sites": {},
            "communityID": "e9088a9f-04d9-44aa-b021-9f09819d4ed0"
        }
    ]
}