{
    "title": "Wali Kota dan Wakil Wali Kota Kota Pematangsiantar",
    "source": "https://id.wikipedia.org/wiki/Daftar_kepala_daerah_dan_wakil_kepala_daerah_petahana_di_Sumatera_Utara",
    "region": "Kota Pematangsiantar",
    "level": "KOTA",
    "path": "kota-pematangsiantar",
    "communityID": "4d3060d6-8550-4f04-82b9-79cf617439e7",
    "candidates": [
        {
            "name": "Susanti Dewayani",
            "description": "Susanti Dewayani (lahir 28 Juni 1963) adalah Wali Kota Pematangsiantar untuk sisa periode 2022-2027,[2][3][4] dilantik menjadi Plt Walikota pada 22 Februari 2022 dan Dilantik menjadi Walikota Defenitif pada 22 Agustus 2022. Susanti merupakan Walikota Perempuan pertama yang memimpin Kota Pematangsiantar dan memiliki latar belakang sebagai seorang dokter spesialis anak.\n",
            "profilePic": "https://upload.wikimedia.org/wikipedia/commons/6/6a/Plt_Walikota_Pematangsiantar_Susanti_Dewayani.jpg",
            "title": "Wali Kota",
            "sites": {
                "name": "Wikipedia",
                "url": "https://id.wikipedia.org/wiki/Susanti_Dewayani"
            },
            "communityID": "4d3060d6-8550-4f04-82b9-79cf617439e7"
        }
    ]
}