{
    "title": "Wali Kota dan Wakil Wali Kota Kota Bengkulu",
    "source": "https://id.wikipedia.org/wiki/Daftar_kepala_daerah_dan_wakil_kepala_daerah_petahana_di_Bengkulu",
    "region": "Kota Bengkulu",
    "level": "KOTA",
    "path": "kota-bengkulu",
    "communityID": "fb6dfa2b-b08f-4891-b04a-45ae0ab411f9",
    "candidates": [
        {
            "name": "Arif Gunadi",
            "description": "Arif Gunadi (lahir 19 Juli 1968) adalah seorang birokrat Indonesia kelahiran Lebong Selatan. Ia menjadi aparatur sipil negara (ASN) dalam Pemerintah Kota Bengkulu sejak 2001. Kemudian, ia beberapa kali mengikuti rotasi jabatan di Pemkot Bengkulu. Ia sempat menjabat sebagai Sekretaris Daerah Kota Bengkulu. Pada 2023, ia diangkat menjadi pelaksana jabatan Wali Kota Bengkulu.[1]\n",
            "profilePic": "https://upload.wikimedia.org/wikipedia/commons/3/3e/Arif_Gunadi_Bengkulu.jpg",
            "title": "Wali Kota (PJ)",
            "sites": {
                "name": "Wikipedia",
                "url": "https://id.wikipedia.org/wiki/Arif_Gunadi"
            },
            "communityID": "fb6dfa2b-b08f-4891-b04a-45ae0ab411f9"
        }
    ]
}