{
    "title": "Wali Kota dan Wakil Wali Kota Kota Pagar Alam",
    "source": "https://id.wikipedia.org/wiki/Daftar_kepala_daerah_dan_wakil_kepala_daerah_petahana_di_Sumatera_Selatan",
    "region": "Kota Pagar Alam",
    "level": "KOTA",
    "path": "kota-pagar-alam",
    "communityID": "b1388c28-c636-42e0-80ed-cb0d95ebcf00",
    "candidates": [
        {
            "name": "Lusapta Kurnia Yudha",
            "description": "",
            "profilePic": "https://upload.wikimedia.org/wikipedia/commons/thumb/5/53/Lusapta_Kurnia_Yudha.jpg/146px-Lusapta_Kurnia_Yudha.jpg",
            "title": "Wali Kota (PJ)",
            "sites": {},
            "communityID": "b1388c28-c636-42e0-80ed-cb0d95ebcf00"
        }
    ]
}