{
    "title": "Wali Kota dan Wakil Wali Kota Kota Solok",
    "source": "https://id.wikipedia.org/wiki/Daftar_kepala_daerah_dan_wakil_kepala_daerah_petahana_di_Sumatera_Barat",
    "region": "Kota Solok",
    "level": "KOTA",
    "path": "kota-solok",
    "communityID": "059b2138-75be-4dcc-ad19-74f99245f224",
    "candidates": [
        {
            "name": "Zul Elfian",
            "description": "H. Zul Elfian Umar, S.H., M.Si. gelar Datuk Tianso (lahir 8 Desember 1961) adalah politikus Partai NasDem dan mantan birokrat Indonesia yang menjabat Wali Kota Solok dua periode yakni 2016\u20142021[1] dan 2021\u20142024.[2] Sebelumnya ia menjabat sebagai Wakil Wali Kota Solok periode 2010\u20142015.\n",
            "profilePic": "https://upload.wikimedia.org/wikipedia/commons/thumb/0/0d/Zul_Elfian_Wali_Kota_Solok.jpg/1200px-Zul_Elfian_Wali_Kota_Solok.jpg",
            "title": "Wali Kota",
            "sites": {
                "name": "Wikipedia",
                "url": "https://id.wikipedia.org/wiki/Zul_Elfian"
            },
            "communityID": "059b2138-75be-4dcc-ad19-74f99245f224"
        },
        {
            "name": "Ramadhani Kirana Putra",
            "description": "Dr. H. Ramadhani Kirana Putra, S.E., M.M. gelar Datuak Nan Batungkek Ameh (lahir 8 Juli 1987) adalah politikus dan pengusaha Indonesia. Ia menjabat sebagai Wakil Wali Kota Solok periode 2021\u20142024.[2] Ia adalah wakil dari Wali Kota Solok, Zul Elfian yang dilantik oleh Gubernur Sumbar Mahyeldi Ansharullah di Auditorium Gubernuran, Jumat (26/2/2021). Ramadhani itu diusung oleh tiga partai yaitu PAN, PKS, dan NasDem. \n",
            "profilePic": "https://upload.wikimedia.org/wikipedia/commons/thumb/2/28/Ramadhani_Kirana_Putra_Wakil_Wali_Kota_Solok.jpg/1200px-Ramadhani_Kirana_Putra_Wakil_Wali_Kota_Solok.jpg",
            "title": "Wakil Wali Kota",
            "sites": {
                "name": "Wikipedia",
                "url": "https://id.wikipedia.org/wiki/Ramadhani_Kirana_Putra"
            },
            "communityID": "059b2138-75be-4dcc-ad19-74f99245f224"
        }
    ]
}