{
    "title": "Wali Kota dan Wakil Wali Kota Kota Serang",
    "source": "https://id.wikipedia.org/wiki/Daftar_kepala_daerah_dan_wakil_kepala_daerah_petahana_di_Banten",
    "region": "Kota Serang",
    "level": "KOTA",
    "path": "kota-serang",
    "communityID": "da595a2a-90fa-4bc5-9470-07561fa023b9",
    "candidates": [
        {
            "name": "Yedi Rahmat",
            "description": "Yedi Rahmat (lahir 6 April 1967) adalah seorang birokrat Indonesia kelahiran Lebak.[1] Ia sempat menjabat sebagai Asisten Deputi Bidang Pengelolaan Infrastruktur Ekonomi dan Kesejahteraan Rakyat serta Sekretaris KORPRI Kemendagri. Pada 5 Desember 2023, ia diangkat menjadi pelaksana jabatan Wali Kota Serang.[2]\n",
            "profilePic": "https://upload.wikimedia.org/wikipedia/commons/e/ea/Yedi_Rahmat.jpg",
            "title": "Wali Kota (PJ)",
            "sites": {
                "name": "Wikipedia",
                "url": "https://id.wikipedia.org/wiki/Yedi_Rahmat"
            },
            "communityID": "da595a2a-90fa-4bc5-9470-07561fa023b9"
        }
    ]
}