{
    "title": "Wali Kota dan Wakil Wali Kota Kota Padang",
    "source": "https://id.wikipedia.org/wiki/Daftar_kepala_daerah_dan_wakil_kepala_daerah_petahana_di_Sumatera_Barat",
    "region": "Kota Padang",
    "level": "KOTA",
    "path": "kota-padang",
    "communityID": "f2c1e891-ba11-42cc-9f98-f683da8ab6e2",
    "candidates": [
        {
            "name": "Andree Harmadi Algamar",
            "description": "Tuanku Rajo Kaciak Sutan Dr. H. Andree Harmadi Algamar, S.STP., S.H., M.Si., M.Han., Datuak Sangguno Dirajo (lahir 22 Oktober 1981) adalah birokrat Indonesia yang menjabat sebagai Penjabat Wali Kota Padang sejak 17 Mei 2024. Sebelumnya ia menjabat Sekretaris Daerah Kota Padang sejak 2022.\n",
            "profilePic": "https://upload.wikimedia.org/wikipedia/commons/c/cd/Andree_Harmadi_Algamar.jpg",
            "title": "Wali Kota (PJ)",
            "sites": {
                "name": "Wikipedia",
                "url": "https://id.wikipedia.org/wiki/Andree_Harmadi_Algamar"
            },
            "communityID": "f2c1e891-ba11-42cc-9f98-f683da8ab6e2"
        }
    ]
}