{
    "title": "Wali Kota dan Wakil Wali Kota Kota Blitar",
    "source": "https://id.wikipedia.org/wiki/Daftar_kepala_daerah_dan_wakil_kepala_daerah_petahana_di_Jawa_Timur",
    "region": "Kota Blitar",
    "level": "KOTA",
    "path": "kota-blitar",
    "communityID": "2acb799c-0137-4c65-b243-43db0078a166",
    "candidates": [
        {
            "name": "Santoso",
            "description": "Drs. H. Santoso, M.Pd.[1] (lahir 15 Januari 1961) adalah politikus Indonesia yang menjabat Wali Kota Blitar sejak 2021. Sebelumnya ia menjabat Wakil Wali Kota Blitar antara 2016 hingga 2019 dan Pelaksana Tugas Wali Kota Blitar (2019\u20132020) sebelum dilantik sebagai Wali Kota definitif sisa masa bakti 2016\u20132021.\n",
            "profilePic": "https://upload.wikimedia.org/wikipedia/commons/thumb/2/23/Wali_Kota_Blitar_Drs._SANTOSO%2C_M.Pd.jpg/1200px-Wali_Kota_Blitar_Drs._SANTOSO%2C_M.Pd.jpg",
            "title": "Wali Kota",
            "sites": {
                "name": "Wikipedia",
                "url": "https://id.wikipedia.org/wiki/Santoso_(politikus)"
            },
            "communityID": "2acb799c-0137-4c65-b243-43db0078a166"
        },
        {
            "name": "Tjutjuk Sunario",
            "description": "Ir. H. Tjutjuk Sunario, M.M. (lahir 25 Desember 1962) adalah politisi Partai Gerindra yang menjabat sebagai Wakil Wali Kota Blitar sejak 26 Februari 2021. Sebelumnya ia menjabat sebagai Wakil Ketua Dewan Perwakilan Rakyat Daerah Provinsi Jawa Timur masa jabatan 2014-2019.\n",
            "profilePic": "https://upload.wikimedia.org/wikipedia/commons/thumb/9/99/Tjutjuk_Sunario.jpg/108px-Tjutjuk_Sunario.jpg",
            "title": "Wakil Wali Kota",
            "sites": {
                "name": "Wikipedia",
                "url": "https://id.wikipedia.org/wiki/Tjutjuk_Sunario"
            },
            "communityID": "2acb799c-0137-4c65-b243-43db0078a166"
        }
    ]
}