{
    "title": "Wali Kota dan Wakil Wali Kota Kota Yogyakarta",
    "source": "https://id.wikipedia.org/wiki/Daftar_kepala_daerah_dan_wakil_kepala_daerah_petahana_di_Daerah_Istimewa_Yogyakarta",
    "region": "Kota Yogyakarta",
    "level": "KOTA",
    "path": "kota-yogyakarta",
    "communityID": "a3639632-f72c-456e-b978-8c104a2aadb7",
    "candidates": [
        {
            "name": "Sugeng Purwanto",
            "description": "",
            "profilePic": "https://upload.wikimedia.org/wikipedia/commons/thumb/d/d1/Tiada_gambar_tersedia.svg/136px-Tiada_gambar_tersedia.svg.png",
            "title": "Wali Kota (PJ)",
            "sites": {},
            "communityID": "a3639632-f72c-456e-b978-8c104a2aadb7"
        }
    ]
}