{
    "title": "Wali Kota dan Wakil Wali Kota Kota Payakumbuh",
    "source": "https://id.wikipedia.org/wiki/Daftar_kepala_daerah_dan_wakil_kepala_daerah_petahana_di_Sumatera_Barat",
    "region": "Kota Payakumbuh",
    "level": "KOTA",
    "path": "kota-payakumbuh",
    "communityID": "f9a8efe2-d21f-4e01-90bc-3f7f13c1e67e",
    "candidates": [
        {
            "name": "Suprayitno",
            "description": "",
            "profilePic": "https://upload.wikimedia.org/wikipedia/commons/thumb/d/d1/Tiada_gambar_tersedia.svg/143px-Tiada_gambar_tersedia.svg.png",
            "title": "Wali Kota (PJ)",
            "sites": {},
            "communityID": "f9a8efe2-d21f-4e01-90bc-3f7f13c1e67e"
        }
    ]
}