{
    "title": "Wali Kota dan Wakil Wali Kota Kota Gunungsitoli",
    "source": "https://id.wikipedia.org/wiki/Daftar_kepala_daerah_dan_wakil_kepala_daerah_petahana_di_Sumatera_Utara",
    "region": "Kota Gunungsitoli",
    "level": "KOTA",
    "path": "kota-gunungsitoli",
    "communityID": "9d5a662c-14b9-46b2-a393-cfdd993405c6",
    "candidates": [
        {
            "name": "Sowa'a Laoli",
            "description": "Sowa'a Laoli, S.E., M.Si, (lahir 11 November 1981), adalah politikus PDI Perjuangan yang menjabat Wali Kota Gunungsitoli yang menjabat sejak 5 Februari 2024 menggantikan Lakhomizaro Zebua yang meninggal dunia saat sedang menjabat.[1] Ia juga pernah menjabat sebagai Wakil Wali Kota Gunungsitoli dua periode, yakni 2016\u20132021 dan 2021\u20132024 mendampingi Wali Kota Lakhomizaro Zebua dalam Pilwali Gunungsitoli 2015 dan Pilwali Gunungsitoli 2020. Sebelum itu, ia pernah menjabat Ketua DPRD Kota Gunungsitoli yang pertama pada periode 2009-2014.[2]\n",
            "profilePic": "https://upload.wikimedia.org/wikipedia/commons/2/24/2nd_Vice_Mayor_of_Gunungsitoli_Sowa%27a_Laoli_%282021%29.png",
            "title": "Wali Kota",
            "sites": {
                "name": "Wikipedia",
                "url": "https://id.wikipedia.org/wiki/Sowa%27a_Laoli"
            },
            "communityID": "9d5a662c-14b9-46b2-a393-cfdd993405c6"
        }
    ]
}