{
    "title": "Wali Kota dan Wakil Wali Kota Kota Pekanbaru",
    "source": "https://id.wikipedia.org/wiki/Daftar_kepala_daerah_dan_wakil_kepala_daerah_petahana_di_Riau",
    "region": "Kota Pekanbaru",
    "level": "KOTA",
    "path": "kota-pekanbaru",
    "communityID": "b7feb5be-3e45-406e-a8ed-0bc6a12f51ba",
    "candidates": [
        {
            "name": "Risnandar Mahiwa",
            "description": "",
            "profilePic": "https://upload.wikimedia.org/wikipedia/commons/thumb/9/91/Slider-h-pekanbarug-61291.png/128px-Slider-h-pekanbarug-61291.png",
            "title": "Wali Kota (PJ)",
            "sites": {},
            "communityID": "b7feb5be-3e45-406e-a8ed-0bc6a12f51ba"
        }
    ]
}