{
    "title": "Wali Kota dan Wakil Wali Kota Kota Gorontalo",
    "source": "https://id.wikipedia.org/wiki/Daftar_kepala_daerah_dan_wakil_kepala_daerah_petahana_di_Gorontalo",
    "region": "Kota Gorontalo",
    "level": "KOTA",
    "path": "kota-gorontalo",
    "communityID": "2259ab7c-df18-448d-9383-6a1f12fcb9ed",
    "candidates": [
        {
            "name": "Marten Taha",
            "description": "Dr. H. Marten A. Taha, S.E., M.Ec.Dev. (lahir 29 Agustus 1959) adalah Wali Kota Gorontalo 2 periode yakni 2014\u20142019 dan 2019\u20142024.[1] Sebelumnya ia menjabat sebagai Ketua DPRD Provinsi Gorontalo periode 2009\u20142014.\n",
            "profilePic": "https://upload.wikimedia.org/wikipedia/commons/a/a0/Marten_Taha.jpg",
            "title": "Wali Kota",
            "sites": {
                "name": "Wikipedia",
                "url": "https://id.wikipedia.org/wiki/Marten_Taha"
            },
            "communityID": "2259ab7c-df18-448d-9383-6a1f12fcb9ed"
        },
        {
            "name": "Ryan Kono",
            "description": "Ryan Fahrichsan Kono, B.Com., M.A.P. (lahir 4 Januari 1987) adalah seorang politikus Indonesia. Ia lahir dari pasangan Roem Kono dan Letty Novianti Kalla. Dari 2014 sampai 2017, ia menjabat sebagai Ketua Himpunan Pengusaha Muda Indonesia Provinsi Gorontalo.[1] Pada 2019, ia diangkat menjadi Wakil Wali Kota Gorontalo mendampingi Marten Taha selaku Wali Kota Gorontalo.[2] Pada 2020, ia menikah dengan Jos Annisa.[3]\n",
            "profilePic": "https://upload.wikimedia.org/wikipedia/commons/4/4f/Ryan_Kono.jpg",
            "title": "Wakil Wali Kota",
            "sites": {
                "name": "Wikipedia",
                "url": "https://id.wikipedia.org/wiki/Ryan_Kono"
            },
            "communityID": "2259ab7c-df18-448d-9383-6a1f12fcb9ed"
        }
    ]
}