{
    "title": "Wali Kota dan Wakil Wali Kota Kota Tebing Tinggi",
    "source": "https://id.wikipedia.org/wiki/Daftar_kepala_daerah_dan_wakil_kepala_daerah_petahana_di_Sumatera_Utara",
    "region": "Kota Tebing Tinggi",
    "level": "KOTA",
    "path": "kota-tebing-tinggi",
    "communityID": "a98ca4f3-6004-4b9a-8ce6-27ae2479db24",
    "candidates": [
        {
            "name": "Muttaqien Hasrimi",
            "description": "",
            "profilePic": "https://upload.wikimedia.org/wikipedia/commons/thumb/d/d1/Tiada_gambar_tersedia.svg/142px-Tiada_gambar_tersedia.svg.png",
            "title": "Wali Kota (PJ)",
            "sites": {},
            "communityID": "a98ca4f3-6004-4b9a-8ce6-27ae2479db24"
        }
    ]
}