{
    "title": "Wali Kota dan Wakil Wali Kota Kota Tanjungbalai",
    "source": "https://id.wikipedia.org/wiki/Daftar_kepala_daerah_dan_wakil_kepala_daerah_petahana_di_Sumatera_Utara",
    "region": "Kota Tanjungbalai",
    "level": "KOTA",
    "path": "kota-tanjungbalai",
    "communityID": "dc952aac-e753-48ef-bc68-50af73237a86",
    "candidates": [
        {
            "name": "Waris Thalib",
            "description": "Dr. H. Waris Thalib, S.Ag., M.M. (lahir 5 Juni 1971) adalah Wali Kota Tanjungbalai yang menjabat sejak 22 Agustus 2022. Sebelumnya, Ia menjabat sebagai Wakil Wali Kota Tanjungbalai selama 3 bulan, kemudian menjabat sebagai Pelaksana Tugas (Plt.) Wali Kota Tanjungbalai untuk menggantikan M Syahrial yang ditahan KPK.[1] Dan sampai saat ini, belum ada yang mengisi kekosongan kursi Wakil Wali Kota  Tanjungbalai tersebut.\n",
            "profilePic": "https://upload.wikimedia.org/wikipedia/id/a/a5/Walkotwaris2024.jpeg",
            "title": "Wali Kota",
            "sites": {
                "name": "Wikipedia",
                "url": "https://id.wikipedia.org/wiki/Waris_Thalib"
            },
            "communityID": "dc952aac-e753-48ef-bc68-50af73237a86"
        }
    ]
}