{
    "title": "Wali Kota dan Wakil Wali Kota Kota Tarakan",
    "source": "https://id.wikipedia.org/wiki/Daftar_kepala_daerah_dan_wakil_kepala_daerah_petahana_di_Kalimantan_Utara",
    "region": "Kota Tarakan",
    "level": "KOTA",
    "path": "kota-tarakan",
    "communityID": "9b274664-4ae3-49d2-9598-c87e2f94318c",
    "candidates": [
        {
            "name": "Bustan",
            "description": "",
            "profilePic": "https://upload.wikimedia.org/wikipedia/commons/thumb/5/51/Bustan_Pj._Wali_Kota_Tarakan.jpg/125px-Bustan_Pj._Wali_Kota_Tarakan.jpg",
            "title": "Wali Kota (PJ)",
            "sites": {},
            "communityID": "9b274664-4ae3-49d2-9598-c87e2f94318c"
        }
    ]
}