{
    "title": "Wali Kota dan Wakil Wali Kota Kota Makassar",
    "source": "https://id.wikipedia.org/wiki/Daftar_kepala_daerah_dan_wakil_kepala_daerah_petahana_di_Sulawesi_Selatan",
    "region": "Kota Makassar",
    "level": "KOTA",
    "path": "kota-makassar",
    "communityID": "d24329e8-f861-43b0-bd1b-fd128ff20b6a",
    "candidates": [
        {
            "name": "Danny Pomanto",
            "description": "Ir. H. Mohammad Ramdhan Pomanto atau biasa dikenal sebagai Danny Pomanto (lahir 30 Januari 1964) adalah seorang arsitek dan politisi yang berdarah Gorontalo.[1] Darah Gorontalo yang mengalir dalam dirinya berasal dari kedua orang tuanya, serta Marga Pomanto yang disandangnya pun merupakan marga keluarga besar Ayahnya di Gorontalo.\n",
            "profilePic": "https://upload.wikimedia.org/wikipedia/commons/thumb/b/ba/Walikota_Makassar.jpg/1200px-Walikota_Makassar.jpg",
            "title": "Wali Kota",
            "sites": {
                "name": "Wikipedia",
                "url": "https://id.wikipedia.org/wiki/Danny_Pomanto"
            },
            "communityID": "d24329e8-f861-43b0-bd1b-fd128ff20b6a"
        }
    ]
}