{
    "title": "Wali Kota dan Wakil Wali Kota Kota Palembang",
    "source": "https://id.wikipedia.org/wiki/Daftar_kepala_daerah_dan_wakil_kepala_daerah_petahana_di_Sumatera_Selatan",
    "region": "Kota Palembang",
    "level": "KOTA",
    "path": "kota-palembang",
    "communityID": "465a68bb-ace1-4a24-8e56-a23f8cfe96f8",
    "candidates": [
        {
            "name": "Ratu Dewa",
            "description": "Ratu Dewa (lahir 17 Agustus 1969) adalah seorang birokrat Indonesia kelahiran Muara Kuang, Ogan Ilir. Ia lahir sebagai anak ke-8 dari 9 bersaudara dari pasangan Cik Den Tambun dan Zalipah. Ia menempuh pendidikan S1 Fakultas Ushuluddin di IAIN Raden Fatah Palembang dan S2 di Universitas Sriwijaya bergelar Magister Kebijakan Publik. Usai menjabat sebagai Sekretaris Daerah (Sekda) Palembang, ia diangkat menjadi pelaksana jabatan Wali Kota Palembang pada 18 September 2023.[1]\n",
            "profilePic": "https://upload.wikimedia.org/wikipedia/commons/thumb/0/01/Penjabat_Wali_Kota_Palembang_Ratu_Dewa.jpg/1200px-Penjabat_Wali_Kota_Palembang_Ratu_Dewa.jpg",
            "title": "Wali Kota (PJ)",
            "sites": {
                "name": "Wikipedia",
                "url": "https://id.wikipedia.org/wiki/Ratu_Dewa"
            },
            "communityID": "465a68bb-ace1-4a24-8e56-a23f8cfe96f8"
        }
    ]
}