{
    "title": "Wali Kota dan Wakil Wali Kota Kota Singkawang",
    "source": "https://id.wikipedia.org/wiki/Daftar_kepala_daerah_dan_wakil_kepala_daerah_petahana_di_Kalimantan_Barat",
    "region": "Kota Singkawang",
    "level": "KOTA",
    "path": "kota-singkawang",
    "communityID": "6ef6b6e1-fb4f-40ac-a74e-b154d8710690",
    "candidates": [
        {
            "name": "Sumastro",
            "description": "Drs. H. Sumastro, M.Si. (lahir 16 April 1967) adalah Birokrat lulusan APDN Pontianak 1986, yang saat ini menjabat sebagai Penjabat Wali Kota Singkawang.[1]\n",
            "profilePic": "https://upload.wikimedia.org/wikipedia/commons/thumb/9/95/Pj_Bupati_Sumastro.jpg/122px-Pj_Bupati_Sumastro.jpg",
            "title": "Wali Kota (PJ)",
            "sites": {
                "name": "Wikipedia",
                "url": "https://id.wikipedia.org/wiki/Sumastro"
            },
            "communityID": "6ef6b6e1-fb4f-40ac-a74e-b154d8710690"
        }
    ]
}