{
    "title": "Wali Kota dan Wakil Wali Kota Kota Subulussalam",
    "source": "https://id.wikipedia.org/wiki/Daftar_kepala_daerah_dan_wakil_kepala_daerah_petahana_di_Aceh",
    "region": "Kota Subulussalam",
    "level": "KOTA",
    "path": "kota-subulussalam",
    "communityID": "252b29ba-fa42-4929-8521-8236139e7e92",
    "candidates": [
        {
            "name": "Azhari",
            "description": "",
            "profilePic": "https://upload.wikimedia.org/wikipedia/commons/thumb/d/d1/Tiada_gambar_tersedia.svg/134px-Tiada_gambar_tersedia.svg.png",
            "title": "Wali Kota (PJ)",
            "sites": {},
            "communityID": "252b29ba-fa42-4929-8521-8236139e7e92"
        }
    ]
}