{
    "title": "Wali Kota dan Wakil Wali Kota Kota Kupang",
    "source": "https://id.wikipedia.org/wiki/Daftar_kepala_daerah_dan_wakil_kepala_daerah_petahana_di_Nusa_Tenggara_Timur",
    "region": "Kota Kupang",
    "level": "KOTA",
    "path": "kota-kupang",
    "communityID": "75daad15-cbc8-4fb8-a25f-bd385e299fcf",
    "candidates": [
        {
            "name": "Fahrensy Priestly Funay",
            "description": "Fahrensy Priestley Funay atau Fahren (lahir 13 Maret 1965) adalah seorang birokrat Indonesia kelahiran Baun Amarasi, Kabupaten Kupang. Ia merupakan anak sulung dari enam bersaudara dari pasangan Ruben Funay dan Esther Funay-Amnifu. Ayahnya, Ruben Funay merupakan politisi Partai Golkar dan pernah menjabat sebagai Ketua DPRD Kabupaten Kupang. Ia menempuh pendidikan di SD Inpres Oetete 1 Kupang, SMP Negeri 1 Kupang, SMA Negeri 1 Kupang, Universitas Kristen Artha Wacana (UKAW) Kupang dan Universitas Gajah Mada (UGM) Yogyakarta.\n",
            "profilePic": "https://upload.wikimedia.org/wikipedia/commons/4/40/Fahrensy_Priestly_Funay.jpg",
            "title": "Wali Kota (PJ)",
            "sites": {
                "name": "Wikipedia",
                "url": "https://id.wikipedia.org/wiki/Fahrensy_Priestley_Funay"
            },
            "communityID": "75daad15-cbc8-4fb8-a25f-bd385e299fcf"
        }
    ]
}