{
    "title": "Wali Kota dan Wakil Wali Kota Kota Sukabumi",
    "source": "https://id.wikipedia.org/wiki/Daftar_kepala_daerah_dan_wakil_kepala_daerah_petahana_di_Jawa_Barat",
    "region": "Kota Sukabumi",
    "level": "KOTA",
    "path": "kota-sukabumi",
    "communityID": "a06a4302-ccc1-466b-9941-ac2c99558e7e",
    "candidates": [
        {
            "name": "Kusmana Hartadji",
            "description": "Drs. Kusmana Hartadji, M.M. (lahir 19 Maret 1967) adalah seorang birokrat Indonesia kelahiran Bandung. Ia lahir dari pasangan Tjetje Ukana Suparta dan Tati Hartati. Ia merupakan lulusan Institut Manajemen Koperasi Indonesia (IKOPIN).\n",
            "profilePic": "https://upload.wikimedia.org/wikipedia/commons/f/f5/Kusmana_Hartadji.jpg",
            "title": "Wali Kota (PJ)",
            "sites": {
                "name": "Wikipedia",
                "url": "https://id.wikipedia.org/wiki/Kusmana_Hartadji"
            },
            "communityID": "a06a4302-ccc1-466b-9941-ac2c99558e7e"
        }
    ]
}