{
    "title": "Wali Kota dan Wakil Wali Kota Kota Madiun",
    "source": "https://id.wikipedia.org/wiki/Daftar_kepala_daerah_dan_wakil_kepala_daerah_petahana_di_Jawa_Timur",
    "region": "Kota Madiun",
    "level": "KOTA",
    "path": "kota-madiun",
    "communityID": "55389cb5-5f1f-41d9-b150-fcb6a3e7024c",
    "candidates": [
        {
            "name": "Eddy Supriyanto",
            "description": "",
            "profilePic": "https://upload.wikimedia.org/wikipedia/commons/thumb/d/d1/Tiada_gambar_tersedia.svg/143px-Tiada_gambar_tersedia.svg.png",
            "title": "Wali Kota (PJ)",
            "sites": {},
            "communityID": "55389cb5-5f1f-41d9-b150-fcb6a3e7024c"
        }
    ]
}