{
    "title": "Wali Kota dan Wakil Wali Kota Kota Cimahi",
    "source": "https://id.wikipedia.org/wiki/Daftar_kepala_daerah_dan_wakil_kepala_daerah_petahana_di_Jawa_Barat",
    "region": "Kota Cimahi",
    "level": "KOTA",
    "path": "kota-cimahi",
    "communityID": "bf525cc3-8e61-4346-89e9-ea18897bce5a",
    "candidates": [
        {
            "name": "Dicky Saromi",
            "description": "Dr. Ir. H. Dicky Saromi, M.Sc. (lahir 5 Mei 1965) adalah birokrat Indonesia yang sekarang menjabat sebagai Penjabat Wali Kota Cimahi sejak 22  Oktober 2023.[1] Sebelumnya, ia ditugaskan sebagai Penjabat Bupati Cirebon dan Penjabat Kepala Pelaksana Harian Badan Penanggulangan Bencana Daerah Jawa Barat.\n",
            "profilePic": "https://upload.wikimedia.org/wikipedia/commons/thumb/4/4d/Dicky_Saromi%2C_Pj._Wali_Kota_Cimahi_%282023%29.png/1200px-Dicky_Saromi%2C_Pj._Wali_Kota_Cimahi_%282023%29.png",
            "title": "Wali Kota (PJ)",
            "sites": {
                "name": "Wikipedia",
                "url": "https://id.wikipedia.org/wiki/Dicky_Saromi"
            },
            "communityID": "bf525cc3-8e61-4346-89e9-ea18897bce5a"
        }
    ]
}