{
    "title": "Wali Kota dan Wakil Wali Kota Kota Tual",
    "source": "https://id.wikipedia.org/wiki/Daftar_kepala_daerah_dan_wakil_kepala_daerah_petahana_di_Maluku",
    "region": "Kota Tual",
    "level": "KOTA",
    "path": "kota-tual",
    "communityID": "a78ee08e-dc43-42e7-a178-236255cb9525",
    "candidates": [
        {
            "name": "Akhmad Yani Renuat",
            "description": "H. Akhmad Yani Renuat, S.Sos., M.Si., M.H. (lahir 10 Oktober 1967) adalah seorang birokrat Indonesia kelahiran Kabupaten Maluku Tenggara. Ia menempuh pendidikan di SD Negeri Dullah/Ngadi, SMP Negeri 1 Tual, SMA Negeri 1 Tual, STIA Trinitas Ambon, Universitas Gadjah Mada dan Universitas Pattimura. Ia sempat menjabat selaku Sekretaris Daerah Kota Tual. Pada 2023, ia diangkat menjadi pelaksana jabatan Penjabat Wali Kota Tual.[1]\n",
            "profilePic": "https://upload.wikimedia.org/wikipedia/commons/2/26/Akhmad_Yani_Renuat.jpg",
            "title": "Wali Kota (PJ)",
            "sites": {
                "name": "Wikipedia",
                "url": "https://id.wikipedia.org/wiki/Akhmad_Yani_Renuat"
            },
            "communityID": "a78ee08e-dc43-42e7-a178-236255cb9525"
        }
    ]
}