{
    "title": "Wali Kota dan Wakil Wali Kota Kota Sorong",
    "source": "https://id.wikipedia.org/wiki/Daftar_kepala_daerah_dan_wakil_kepala_daerah_petahana_di_Papua_Barat_Daya",
    "region": "Kota Sorong",
    "level": "KOTA",
    "path": "kota-sorong",
    "communityID": "8ee7b646-ca39-46c6-a361-21de8cba22c1",
    "candidates": [
        {
            "name": "Septinus Lobat",
            "description": "Septinus Lobat (lahir 14 Maret 1970) adalah seorang birokrat Indonesia kelahiran Ndiwi. Ia berasal dari suku Moi. Ia lulus sebagai sarjana hukum dari Sekolah Tinggi Ilmu Hukum (STIH) Manokwari pada tahun 1995. Ia menempuh pendidikan magister di Universitas Gajah Mada (UGM), Yogyakarta mengambil jurusan administrasi publik dan lulus pada pada tahun 2009. Pada 2023, ia diangkat menjadi pelaksana jabatan  Wali Kota Sorong. Ia menikahi Jemima Elisabeth Lobat dan memiliki empat anak.[1]\n",
            "profilePic": "https://upload.wikimedia.org/wikipedia/commons/thumb/4/40/KPU_Septinus_Lobat.jpg/1200px-KPU_Septinus_Lobat.jpg",
            "title": "Wali Kota (PJ)",
            "sites": {
                "name": "Wikipedia",
                "url": "https://id.wikipedia.org/wiki/Septinus_Lobat"
            },
            "communityID": "8ee7b646-ca39-46c6-a361-21de8cba22c1"
        }
    ]
}