{
    "title": "Wali Kota dan Wakil Wali Kota Kota Langsa",
    "source": "https://id.wikipedia.org/wiki/Daftar_kepala_daerah_dan_wakil_kepala_daerah_petahana_di_Aceh",
    "region": "Kota Langsa",
    "level": "KOTA",
    "path": "kota-langsa",
    "communityID": "f991e86e-45b7-43e9-9919-3ec71b0c4b2f",
    "candidates": [
        {
            "name": "Syaridin",
            "description": "Syaridin adalah seorang birokrat Indonesia. Ia memulai karier sebagai seorang guru di sebuah SMP di Sabang sebelum kemudian pindah ke Banda Aceh dan mengajar di SMP 1 Banda Aceh. Pada tahun 2012, ia diangkat menjadi kepala sekolah di salah satu lembaga pendidikan di Banda Aceh. Pada 2023, ia diangkat menjadi Walikota Langsa oleh Pj Gubernur Aceh Achmad Marzuki.[1]\n",
            "profilePic": "https://upload.wikimedia.org/wikipedia/commons/9/9e/Penjabat_Walikota_Syaridin.jpg",
            "title": "Wali Kota (PJ)",
            "sites": {
                "name": "Wikipedia",
                "url": "https://id.wikipedia.org/wiki/Syaridin"
            },
            "communityID": "f991e86e-45b7-43e9-9919-3ec71b0c4b2f"
        }
    ]
}