{
    "title": "Wali Kota dan Wakil Wali Kota Kota Sabang",
    "source": "https://id.wikipedia.org/wiki/Daftar_kepala_daerah_dan_wakil_kepala_daerah_petahana_di_Aceh",
    "region": "Kota Sabang",
    "level": "KOTA",
    "path": "kota-sabang",
    "communityID": "7ccb5ca3-deff-437c-a34b-1ae7a69932c6",
    "candidates": [
        {
            "name": "Reza Fahlevi",
            "description": "Drs Reza Fahlevi, M.Si adalah Birokrat Indonesia lulusan Institut Pemerintahan Dalam Negeri (IPDN) tahun 1997 yang sejak 19 September 2022 dilantik menjadi Penjabat Wali Kota Sabang [1][2]\n",
            "profilePic": "https://upload.wikimedia.org/wikipedia/commons/thumb/e/e5/Penjabat_Wali_Kota_Sabang_Reza_Fahlevi.jpg/1200px-Penjabat_Wali_Kota_Sabang_Reza_Fahlevi.jpg",
            "title": "Wali Kota (PJ)",
            "sites": {
                "name": "Wikipedia",
                "url": "https://id.wikipedia.org/wiki/Reza_Fahlevi_(birokrat)"
            },
            "communityID": "7ccb5ca3-deff-437c-a34b-1ae7a69932c6"
        }
    ]
}