{
    "title": "Wali Kota dan Wakil Wali Kota Kota Semarang",
    "source": "https://id.wikipedia.org/wiki/Daftar_kepala_daerah_dan_wakil_kepala_daerah_petahana_di_Jawa_Tengah",
    "region": "Kota Semarang",
    "level": "KOTA",
    "path": "kota-semarang",
    "communityID": "89d72f3d-423d-4f5a-9186-9e80a1a1a5a9",
    "candidates": [
        {
            "name": "Hevearita Gunaryanti Rahayu",
            "description": "Dr. Ir. Hj. Hevearita Gunaryanti Rahayu, M.Sos. (lahir 4 Mei 1966), dikenal dengan sapaan Mbak Ita, adalah seorang politikus Indonesia dari Partai Demokrasi Indonesia Perjuangan (PDIP) yang menjabat sebagai Wali Kota Semarang sejak 30 Januari 2023. Ia dua periode menjabat Wakil Wali Kota Semarang di bawah Wali Kota Hendrar Prihadi.[1]\n",
            "profilePic": "https://upload.wikimedia.org/wikipedia/commons/6/6c/Wakil_Wali_Kota_Semarang_Hevearita_Gunaryanti_Rahayu.png",
            "title": "Wali Kota",
            "sites": {
                "name": "Wikipedia",
                "url": "https://id.wikipedia.org/wiki/Hevearita_Gunaryanti_Rahayu"
            },
            "communityID": "89d72f3d-423d-4f5a-9186-9e80a1a1a5a9"
        }
    ]
}