{
    "title": "Wali Kota dan Wakil Wali Kota Kota Pontianak",
    "source": "https://id.wikipedia.org/wiki/Daftar_kepala_daerah_dan_wakil_kepala_daerah_petahana_di_Kalimantan_Barat",
    "region": "Kota Pontianak",
    "level": "KOTA",
    "path": "kota-pontianak",
    "communityID": "478759db-b1b4-4631-8d10-2b6506fbb495",
    "candidates": [
        {
            "name": "Ani Sofian",
            "description": "Ani Sofian (lahir 6 Februari 1965) adalah seorang birokrat Indonesia kelahiran Rambayan.[1] Ia sempat menjabat sebagai Kepala Badan Kepegawaian Daerah Provinsi Kalimantan Barat. Pada 2023, ia diangkat menjadi pelaksana jabatan Wali Kota Pontianak.[2] Ia menikah dengan Anita dan memiliki empat anak yakni Nasred Beachlu Idana S, Raafi Ananda, Adli Anara Sofian, dan Salsabila Putri Sofian.[1]\n",
            "profilePic": "https://upload.wikimedia.org/wikipedia/commons/0/0b/Ani_Sofian.jpg",
            "title": "Wali Kota (PJ)",
            "sites": {
                "name": "Wikipedia",
                "url": "https://id.wikipedia.org/wiki/Ani_Sofian"
            },
            "communityID": "478759db-b1b4-4631-8d10-2b6506fbb495"
        }
    ]
}