{
    "title": "Wali Kota dan Wakil Wali Kota Kota Denpasar",
    "source": "https://id.wikipedia.org/wiki/Daftar_kepala_daerah_dan_wakil_kepala_daerah_petahana_di_Bali",
    "region": "Kota Denpasar",
    "level": "KOTA",
    "path": "kota-denpasar",
    "communityID": "83b518c3-94a6-4b9b-86b9-8a49925924ca",
    "candidates": [
        {
            "name": "I Gusti Ngurah Jaya Negara",
            "description": "I Gusti Ngurah Jaya Negara atau akrab dipanggil Gung Jaya atau Turah Jayanegara (lahir 4 Juli 1966) adalah Wakil Wali Kota Denpasar periode 2010-2015 dan periode 2016-2021 berpasangan dengan Rai Mantra. Pada 4 September 2020, ia bersama dengan Kadek Agus Arya Wibawa maju mendaftar sebagai calon walikota dan wakil wali kota Denpasar untuk periode 2021-2024. Pasangan ini resmi diusung PDIP, Gerindra, PSI, dan Hanura.[2]\n",
            "profilePic": "https://upload.wikimedia.org/wikipedia/commons/5/5d/Denpasar_Vice_Mayor%2C_I_Gusti_Ngurah_Jaya_Negara.jpg",
            "title": "Wali Kota",
            "sites": {
                "name": "Wikipedia",
                "url": "https://id.wikipedia.org/wiki/I_Gusti_Ngurah_Jaya_Negara"
            },
            "communityID": "83b518c3-94a6-4b9b-86b9-8a49925924ca"
        },
        {
            "name": "I Kadek Agus Arya Wibawa",
            "description": "I Kadek Agus Arya Wibawa, S.E., M.M. (lahir 10 November 1975) adalah Wakil Wali Kota Denpasar periode 2021-2024. Ia menjabat sejak 26 Februari 2021 setelah dilantik Gubernur Bali, Wayan Koster di Gedung Wiswa Sabha Kantor Gubernur Bali, Denpasar.[1] Ia juga merupakan politisi PDI Perjuangan dan dipercaya sebagai Sekretaris DPC PDI Perjuangan Kota Denpasar.[2]\n",
            "profilePic": "https://upload.wikimedia.org/wikipedia/commons/thumb/1/1a/I_KADEK_AGUS_ARYA_WIBAWA.jpg/113px-I_KADEK_AGUS_ARYA_WIBAWA.jpg",
            "title": "Wakil Wali Kota",
            "sites": {
                "name": "Wikipedia",
                "url": "https://id.wikipedia.org/wiki/Kadek_Agus_Arya_Wibawa"
            },
            "communityID": "83b518c3-94a6-4b9b-86b9-8a49925924ca"
        }
    ]
}