{
    "title": "Wali Kota dan Wakil Wali Kota Kota Binjai",
    "source": "https://id.wikipedia.org/wiki/Daftar_kepala_daerah_dan_wakil_kepala_daerah_petahana_di_Sumatera_Utara",
    "region": "Kota Binjai",
    "level": "KOTA",
    "path": "kota-binjai",
    "communityID": "c6ed74a9-a541-4fdf-8291-bf83aba9240b",
    "candidates": [
        {
            "name": "Amir Hamzah",
            "description": "Drs. Amir Hamzah, M.A.P (lahir 28 November 1965) adalah seorang mantan birokrat asal Indonesia yang saat ini menjabat sebagai Pelaksana Tugas (Plt) Wali Kota Binjai sejak 5 Maret 2021.[1] Sebelumnya ia adalah Wakil Wali Kota Binjai sejak dilantik pada 26 Februari 2021[2] hingga ditetapkan sebagai Plt Wali Kota pada 5 Maret 2021.[3] Ia bersama pasangannya pada saat itu yakni calon wali kota Juliadi, memenangkan pilkada Kota Binjai 2020.[4] Namun, Juliadi meninggal dunia ketika sebelum menjabat. Ia pun akhirnya menjadi wali kota menggantikan Juliadi yang telah meninggal.[5]\n",
            "profilePic": "https://upload.wikimedia.org/wikipedia/commons/9/9f/Amir_Hamzah_Wakil_Walikota_Binjai_%282021%29.jpg",
            "title": "Wali Kota",
            "sites": {
                "name": "Wikipedia",
                "url": "https://id.wikipedia.org/wiki/Amir_Hamzah_(wali_kota)"
            },
            "communityID": "c6ed74a9-a541-4fdf-8291-bf83aba9240b"
        },
        {
            "name": "Rizky Yunanda Sitepu",
            "description": "H. Rizky Yunanda Sitepu, S.TP., M.P. (lahir 1 Januari 1992) adalah Wakil Wali Kota Binjai periode 2021\u20142024.[2][3] Sebelum menjabat sebagai Wakil Wali Kota Binjai, ia  juga sempat menjabat sebagai Anggota DPRD Sumut dari Partai Golkar yang terpilih dalam Pemilihan Legislatif Tahun 2019. Ia juga merupakan putra Ngogesa Sitepu, Bupati Langkat periode 2009-2019.\n",
            "profilePic": "https://upload.wikimedia.org/wikipedia/commons/8/83/Wakil_Walikota_Binjai_Rizky_Yunanda_Sitepu.jpg",
            "title": "Wakil Wali Kota",
            "sites": {
                "name": "Wikipedia",
                "url": "https://id.wikipedia.org/wiki/Rizky_Yunanda_Sitepu"
            },
            "communityID": "c6ed74a9-a541-4fdf-8291-bf83aba9240b"
        }
    ]
}