{
    "title": "Wali Kota dan Wakil Wali Kota Kota Lhokseumawe",
    "source": "https://id.wikipedia.org/wiki/Daftar_kepala_daerah_dan_wakil_kepala_daerah_petahana_di_Aceh",
    "region": "Kota Lhokseumawe",
    "level": "KOTA",
    "path": "kota-lhokseumawe",
    "communityID": "3469f212-2f76-441a-839f-6fe13ed35d3f",
    "candidates": [
        {
            "name": "A. Hanan",
            "description": "A Hanan, SP, MM. adalah seorang birokrat Indonesia kelahiran Aceh Besar. Ia menempuh pendidikan di SD (Madrasah Ibtidaiyah Negeri) Cotgue Aceh Besar tahun 1981, SMPN Lampeuneurut Aceh Besar tahun 1984, SLTA (Sekolah Pertanian Pembangunan) Medan tahun 1987. ia meraih gelar Sarjana (S-1) di Universitas Iskandar Muda Banda Aceh tahun 1996, dengan konsentrasi ilmu Budidaya Pertanian. Kemudian, ia melanjutkan pendidikan pasca Sarjana (S-2), di Universitas Syiah Kuala Banda Aceh tahun 2006, dengan konsentrasi Magister ilmu Manajemen.\n",
            "profilePic": "https://upload.wikimedia.org/wikipedia/commons/thumb/7/7f/Penjabat_Wali_Kota_Lhokseumawe_A._Hanan.jpg/1200px-Penjabat_Wali_Kota_Lhokseumawe_A._Hanan.jpg",
            "title": "Wali Kota (PJ)",
            "sites": {
                "name": "Wikipedia",
                "url": "https://id.wikipedia.org/wiki/A_Hanan"
            },
            "communityID": "3469f212-2f76-441a-839f-6fe13ed35d3f"
        }
    ]
}