{
    "title": "Wali Kota dan Wakil Wali Kota Kota Probolinggo",
    "source": "https://id.wikipedia.org/wiki/Daftar_kepala_daerah_dan_wakil_kepala_daerah_petahana_di_Jawa_Timur",
    "region": "Kota Probolinggo",
    "level": "KOTA",
    "path": "kota-probolinggo",
    "communityID": "3803e55c-0cc0-48ca-a05d-7c36d9a91981",
    "candidates": [
        {
            "name": "Nurkholis",
            "description": "Dr. Nurkholis, S.Sos., M.Si., CIPA, CICHM. (lahir 17 Januari 1968) adalah seorang birokrat Indonesia yang sejak 30 Januari 2024 dilantik sebagai Penjabat Wali Kota Probolinggo oleh Gubernur Jawa Timur, Khofifah Indar Parawansa. Sebelumnya, ia merupakan Kepala Dinas Energi dan Sumber Daya Alam (ESDM) Provinsi Jawa Timur.[1]\n",
            "profilePic": "https://upload.wikimedia.org/wikipedia/commons/thumb/9/92/Penjabat_Wali_Kota_Probolinggo_Nurkholis.png/1200px-Penjabat_Wali_Kota_Probolinggo_Nurkholis.png",
            "title": "Wali Kota (PJ)",
            "sites": {
                "name": "Wikipedia",
                "url": "https://id.wikipedia.org/wiki/Nurkholis"
            },
            "communityID": "3803e55c-0cc0-48ca-a05d-7c36d9a91981"
        }
    ]
}