{
    "title": "Wali Kota dan Wakil Wali Kota Kota Tegal",
    "source": "https://id.wikipedia.org/wiki/Daftar_kepala_daerah_dan_wakil_kepala_daerah_petahana_di_Jawa_Tengah",
    "region": "Kota Tegal",
    "level": "KOTA",
    "path": "kota-tegal",
    "communityID": "40b7521e-f7ba-435e-ae00-0c74c28dd3d6",
    "candidates": [
        {
            "name": "Dadang Somantri",
            "description": "Dadang Somantri (lahir 28 Juni 1965) adalah PJ walikota yang menggantikan bapak Dedy Yon Supriyono sebagai walikota untuk sementara waktu.\n",
            "profilePic": "https://upload.wikimedia.org/wikipedia/commons/thumb/d/d1/PJ_WALI_KOTA_TEGAL_-_KEPAL_TANGAN.png/1200px-PJ_WALI_KOTA_TEGAL_-_KEPAL_TANGAN.png",
            "title": "Wali Kota (PJ)",
            "sites": {
                "name": "Wikipedia",
                "url": "https://id.wikipedia.org/wiki/Dadang_Somantri"
            },
            "communityID": "40b7521e-f7ba-435e-ae00-0c74c28dd3d6"
        }
    ]
}