{
    "title": "Wali Kota dan Wakil Wali Kota Kota Kediri",
    "source": "https://id.wikipedia.org/wiki/Daftar_kepala_daerah_dan_wakil_kepala_daerah_petahana_di_Jawa_Timur",
    "region": "Kota Kediri",
    "level": "KOTA",
    "path": "kota-kediri",
    "communityID": "0cfb6854-4d6b-4d8d-b1ff-8632a147bbd9",
    "candidates": [
        {
            "name": "Zanariah",
            "description": "",
            "profilePic": "https://upload.wikimedia.org/wikipedia/commons/thumb/2/20/Zanariah.jpg/113px-Zanariah.jpg",
            "title": "Wali Kota (PJ)",
            "sites": {},
            "communityID": "0cfb6854-4d6b-4d8d-b1ff-8632a147bbd9"
        }
    ]
}