{
    "title": "Wali Kota dan Wakil Wali Kota Kota Bandung",
    "source": "https://id.wikipedia.org/wiki/Daftar_kepala_daerah_dan_wakil_kepala_daerah_petahana_di_Jawa_Barat",
    "region": "Kota Bandung",
    "level": "KOTA",
    "path": "kota-bandung",
    "communityID": "0c13530e-2b2c-4244-a5b9-41cb56475202",
    "candidates": [
        {
            "name": "Bambang Tirtoyuliono",
            "description": "Ir. Bambang Tirtoyuliono, M.M. (lahir 16 Juli 1966) adalah seorang birokrat Indonesia yang sejak 20 September 2023 dilantik sebagai Penjabat Wali Kota Bandung oleh Penjabat Gubernur Jawa Barat, Bey Triadi Machmudin. Sebelumnya, ia merupakan Kepala Dinas Bina Marga dan Penataan Ruang Provinsi Jawa Barat.[1]\n",
            "profilePic": "https://upload.wikimedia.org/wikipedia/commons/thumb/1/19/Bambang_Tirtoyuliono.jpg/1200px-Bambang_Tirtoyuliono.jpg",
            "title": "Wali Kota (PJ)",
            "sites": {
                "name": "Wikipedia",
                "url": "https://id.wikipedia.org/wiki/Bambang_Tirtoyuliono"
            },
            "communityID": "0c13530e-2b2c-4244-a5b9-41cb56475202"
        }
    ]
}