{
    "title": "Wali Kota dan Wakil Wali Kota Kota Tasikmalaya",
    "source": "https://id.wikipedia.org/wiki/Daftar_kepala_daerah_dan_wakil_kepala_daerah_petahana_di_Jawa_Barat",
    "region": "Kota Tasikmalaya",
    "level": "KOTA",
    "path": "kota-tasikmalaya",
    "communityID": "b32fd8b8-d1f7-4b39-be65-e5bfe4aebf4d",
    "candidates": [
        {
            "name": "Cheka Virgowansyah",
            "description": "Dr. Cheka Virgowansyah, S.STP., M.E. (lahir 19 September 1979) adalah seorang birokrat Indonesia yang sejak 14 November 2022 menjabat sebagai Penjabat Wali Kota Tasikmalaya oleh Wakil Gubernur Jawa Barat Uu Ruzhanul Ulum, berdasarkan Keputusan Menteri Dalam Negeri (Mendagri) Nomor 100.2.1.3-6113 Tahun 2022 tanggal 7 November 2022 tentang Pengangkatan Penjabat Wali Kota Tasikmalaya Provinsi Jawa Barat[1] keputusan ini berlaku selama satu tahun. Kemudian pada tahun berikutnya yaitu pada tanggal 13 November 2023 Penjabat Gubernur Jawa Barat Bey Machmudin memastikan bahwa Cheka diperpanjang masa jabatannya dan kembali menjadi Penjabat Wali Kota Tasikmalaya[2].\n",
            "profilePic": "https://upload.wikimedia.org/wikipedia/commons/1/16/Cheka_Virgowansyah.png",
            "title": "Wali Kota (PJ)",
            "sites": {
                "name": "Wikipedia",
                "url": "https://id.wikipedia.org/wiki/Cheka_Virgowansyah"
            },
            "communityID": "b32fd8b8-d1f7-4b39-be65-e5bfe4aebf4d"
        }
    ]
}