{
    "title": "Wali Kota dan Wakil Wali Kota Kota Bima",
    "source": "https://id.wikipedia.org/wiki/Daftar_kepala_daerah_dan_wakil_kepala_daerah_petahana_di_Nusa_Tenggara_Barat",
    "region": "Kota Bima",
    "level": "KOTA",
    "path": "kota-bima",
    "communityID": "92531884-06c8-4afc-94b9-3912be011b6e",
    "candidates": [
        {
            "name": "Mohammad Rum",
            "description": "Muhammad Rum (lahir 16 Maret 1966) adalah seorang birokrat Indonesia kelahiran Kota Mataram. Ia merupakan keturunan Suku Mbojo Bima. Ia menempuh pendidikan di SD 1 Cakranegara, SMPN 2 Mataram, dan SMA 1 Mataram. Kemudian, ia melanjutkan pendidikannya ke Diploma III Jurusan Teknik Sipil Konstruksi di ITS Surabaya, S1 Teknik Sipil di Universitas Muhammadiyah Mataram, dan S2 Magister Teknik Sipil di Unissula Semarang.\n",
            "profilePic": "https://upload.wikimedia.org/wikipedia/commons/0/04/Mohammad_Rum.jpg",
            "title": "Wali Kota (PJ)",
            "sites": {
                "name": "Wikipedia",
                "url": "https://id.wikipedia.org/wiki/Mohammad_Rum"
            },
            "communityID": "92531884-06c8-4afc-94b9-3912be011b6e"
        }
    ]
}