{
    "title": "Wali Kota dan Wakil Wali Kota Kota Pariaman",
    "source": "https://id.wikipedia.org/wiki/Daftar_kepala_daerah_dan_wakil_kepala_daerah_petahana_di_Sumatera_Barat",
    "region": "Kota Pariaman",
    "level": "KOTA",
    "path": "kota-pariaman",
    "communityID": "7bce3b8b-c6ca-4e48-8150-2a7787be1c8c",
    "candidates": [
        {
            "name": "Roberia",
            "description": "Dr. Roberia, S.H., M.H. (lahir 23 April 1970) adalah birokrat Indonesia yang bertugas sebagai Penjabat Wali Kota Pariaman sejak 12 Oktober 2023.[1] Sebelumnya ia menjabat sebagai Direktur Harmonisasi Peraturan Perundang-undangan I Direktorat Jenderal Peraturan Perundang-undangan (DJPP) Kementerian Hukum dan Hak Asasi Manusia Republik Indonesia (Kemenkumham RI) sejak 22 April 2022.[2]\n",
            "profilePic": "https://upload.wikimedia.org/wikipedia/commons/thumb/e/ec/Direktur_Harmonisasi_Peraturan_Perundang-undangan_I_Ditjen_PP_Kemkumham_Roberia.png/1200px-Direktur_Harmonisasi_Peraturan_Perundang-undangan_I_Ditjen_PP_Kemkumham_Roberia.png",
            "title": "Wali Kota (PJ)",
            "sites": {
                "name": "Wikipedia",
                "url": "https://id.wikipedia.org/wiki/Roberia"
            },
            "communityID": "7bce3b8b-c6ca-4e48-8150-2a7787be1c8c"
        }
    ]
}