{
    "title": "Wali Kota dan Wakil Wali Kota Kota Kendari",
    "source": "https://id.wikipedia.org/wiki/Daftar_kepala_daerah_dan_wakil_kepala_daerah_petahana_di_Sulawesi_Tenggara",
    "region": "Kota Kendari",
    "level": "KOTA",
    "path": "kota-kendari",
    "communityID": "f8bca46b-a42d-4b6b-a087-042ec2e57781",
    "candidates": [
        {
            "name": "Muhammad Yusup",
            "description": "Muhammad Yusup SE   pria yang akrab disapa Yoker Adalah Seorang Birokrat PangkatnyaI V/c Pembina Utama Muda  Ia (lahir 16 Januari 1971) Ia Sekarang Menjabat Menjadi Pejabat Wali Kota Kendari Ia Bersamaan Dengan La Ode Butolo Yang Menjadi Penjabat Bupati Muna Barat Ia Dilantik Oleh Andap Budhi Revianto Untuk Menggantikan Asmawa Tosepu Yang Dilantik Jadi Penjabat Bupati Bogor \n",
            "profilePic": "https://upload.wikimedia.org/wikipedia/commons/9/99/Penjabat_Wali_Kota_Muhammad_Yusuf.jpg",
            "title": "Wali Kota (PJ)",
            "sites": {
                "name": "Wikipedia",
                "url": "https://id.wikipedia.org/wiki/Muhammad_Yusup_(birokrat)"
            },
            "communityID": "f8bca46b-a42d-4b6b-a087-042ec2e57781"
        }
    ]
}