{
    "title": "Wali Kota dan Wakil Wali Kota Kota Pangkalpinang",
    "source": "https://id.wikipedia.org/wiki/Daftar_kepala_daerah_dan_wakil_kepala_daerah_petahana_di_Kepulauan_Bangka_Belitung",
    "region": "Kota Pangkalpinang",
    "level": "KOTA",
    "path": "kota-pangkalpinang",
    "communityID": "e65d77b9-ea10-47f0-a4d7-799070bf4ad4",
    "candidates": [
        {
            "name": "Lusje Anneke Tabalujan",
            "description": "Lusje Anneke Tabalujan (lahir 21 Januari 1967) adalah seorang birokrat Indonesia kelahiran Langowan. Ia menempuh pendidikan di SD GMIM 1 Langowan, SMP Negeri 1 Langowan dan SMA Negeri Langowan. Ia sempat menjadi Assessor SDM Aparatur Ahli Madya pada Pusat Standardisasi dan Sertifikasi. Ia juga sempat menjadi Direktur Fasilitas Penataan dan Administrasi Pemerintahan Desa pada Direktorat Jenderal Bina Pemerintahan Desa, Kemendagri. Pada 2023, ia diangkat menjadi pelaksana jabatan Wali Kota Pangkalpinang.[1]\n",
            "profilePic": "https://upload.wikimedia.org/wikipedia/commons/4/49/Lusje_Anneke_Tabalujan.jpg",
            "title": "Wali Kota (PJ)",
            "sites": {
                "name": "Wikipedia",
                "url": "https://id.wikipedia.org/wiki/Lusje_Anneke_Tabalujan"
            },
            "communityID": "e65d77b9-ea10-47f0-a4d7-799070bf4ad4"
        }
    ]
}