{
    "title": "Wali Kota dan Wakil Wali Kota Kota Bogor",
    "source": "https://id.wikipedia.org/wiki/Daftar_kepala_daerah_dan_wakil_kepala_daerah_petahana_di_Jawa_Barat",
    "region": "Kota Bogor",
    "level": "KOTA",
    "path": "kota-bogor",
    "communityID": "677742b6-f4d5-4051-b34d-0cf2ef52c75d",
    "candidates": [
        {
            "name": "Hery Antasari",
            "description": "Dr. Hery Antasari, S.T., M.Dev.Plg. (lahir 18 Maret 1972) adalah seorang birokrat Indonesia yang sejak 20 April 2024 dilantik sebagai Penjabat Wali Kota Bogor oleh Penjabat Gubernur Jawa Barat, Bey Triadi Machmudin. Sebelumnya, ia merupakan Kepala Badan Pengembangan Sumber Daya Manusia (BPSDM) Provinsi Jawa Barat.\n",
            "profilePic": "https://upload.wikimedia.org/wikipedia/id/9/9f/Hery_Antasari_Pj_Wali_Kota_Bogor.jpg",
            "title": "Wali Kota (PJ)",
            "sites": {
                "name": "Wikipedia",
                "url": "https://id.wikipedia.org/wiki/Hery_Antasari"
            },
            "communityID": "677742b6-f4d5-4051-b34d-0cf2ef52c75d"
        }
    ]
}