{
    "title": "Wali Kota dan Wakil Wali Kota Kota Prabumulih",
    "source": "https://id.wikipedia.org/wiki/Daftar_kepala_daerah_dan_wakil_kepala_daerah_petahana_di_Sumatera_Selatan",
    "region": "Kota Prabumulih",
    "level": "KOTA",
    "path": "kota-prabumulih",
    "communityID": "ac746ac1-231f-46bd-a74f-9389161b0edb",
    "candidates": [
        {
            "name": "Elman",
            "description": "H. Elman, ST., MM. (lahir 25 Juni 1967) adalah seorang birokrat Indonesia kelahiran Prabumulih. Ia lahir sebagai anak ketiga dari lima bersaudara dari pasangan Desamin dan Rosina. Ia menempuh pendidikan Strata 1 di Universitas Tridinanti jurusan Teknik Mesin selaku lulusan tahun 1993 dan meraih gelar magister dari Universitas Tridinanti jurusan Manajemen selaku lulusan tahun 2005. Pada 31 Mei 2019, ia diangkat menjadi Sekretaris Daerah Kota Prabumulih. Pada 2023, ia diangkat menjadi pelaksana jabatan Wali Kota Prabumulih.[1]\n",
            "profilePic": "https://upload.wikimedia.org/wikipedia/commons/7/77/Pj_walikota_Elman.jpg",
            "title": "Wali Kota (PJ)",
            "sites": {
                "name": "Wikipedia",
                "url": "https://id.wikipedia.org/wiki/Elman"
            },
            "communityID": "ac746ac1-231f-46bd-a74f-9389161b0edb"
        }
    ]
}