{
    "title": "Wali Kota dan Wakil Wali Kota Kota Tidore Kepulauan",
    "source": "https://id.wikipedia.org/wiki/Daftar_kepala_daerah_dan_wakil_kepala_daerah_petahana_di_Maluku_Utara",
    "region": "Kota Tidore Kepulauan",
    "level": "KOTA",
    "path": "kota-tidore-kepulauan",
    "communityID": "04302e60-c096-4902-9302-50f59da419dc",
    "candidates": [
        {
            "name": "Ali Ibrahim",
            "description": "Capt. H. Ali Ibrahim, M.H. (lahir 12 Oktober 1959) adalah Wali Kota Tidore Kepulauan periode 2016-2021 dan 2021-2024. Ia menjabat untuk periode kedua sejak 26 Februari 2021 setelah dilantik Gubernur Maluku Utara, Abdul Ghani Kasuba di Aula Nuku Kantor Gubernur Maluku Utara, Sofifi.[1] Ia juga merupakan politisi PDI Perjuangan dan dipercaya sebagai Ketua Dewan Pertimbangan DPC PDI Perjuangan Kota Tidore Kepulauan.[2]\n",
            "profilePic": "https://upload.wikimedia.org/wikipedia/commons/4/41/Wali_Kota_Tidore_Kepulauan_Ali_Ibrahim.png",
            "title": "Wali Kota",
            "sites": {
                "name": "Wikipedia",
                "url": "https://id.wikipedia.org/wiki/Ali_Ibrahim"
            },
            "communityID": "04302e60-c096-4902-9302-50f59da419dc"
        },
        {
            "name": "Muhammad Senin",
            "description": "Muhammad Sinen, S.E., adalah politikus Partai Demokrasi Indonesia Perjuangan (PDIP) yang menjabat sebagai Wakil Wali Kota Tidore Kepulauan sejak 2016. Ia berhasil terpilih dua kali dalam Pilkada Tidore Kepulauan 2015 dan Pilkada Tidore Kepulauan 2020 mendampingi Ali Ibrahim. Sebelum menjadi wakil wali kota, Senin merupakan anggota Dewan Perwakilan Rakyat Daerah Kota Tidore Kepulauan 3 periode.[1]\n",
            "profilePic": "https://upload.wikimedia.org/wikipedia/commons/1/13/Wakil_Wali_Kota_Tidore_Kepulauan_Muhammad_Senin.png",
            "title": "Wakil Wali Kota",
            "sites": {
                "name": "Wikipedia",
                "url": "https://id.wikipedia.org/wiki/Muhammad_Senin"
            },
            "communityID": "04302e60-c096-4902-9302-50f59da419dc"
        }
    ]
}