{
    "title": "Wali Kota dan Wakil Wali Kota Kota Mojokerto",
    "source": "https://id.wikipedia.org/wiki/Daftar_kepala_daerah_dan_wakil_kepala_daerah_petahana_di_Jawa_Timur",
    "region": "Kota Mojokerto",
    "level": "KOTA",
    "path": "kota-mojokerto",
    "communityID": "8c937997-a12d-4a7f-b5c3-fe3ed8868ba8",
    "candidates": [
        {
            "name": "Ali Kuncoro",
            "description": "",
            "profilePic": "https://upload.wikimedia.org/wikipedia/commons/thumb/1/1f/Ali_Kuncoro.jpg/108px-Ali_Kuncoro.jpg",
            "title": "Wali Kota (PJ)",
            "sites": {},
            "communityID": "8c937997-a12d-4a7f-b5c3-fe3ed8868ba8"
        }
    ]
}