{
    "title": "Wali Kota dan Wakil Wali Kota Kota Administrasi Jakarta Barat",
    "source": "https://id.wikipedia.org/wiki/Daftar_kepala_daerah_dan_wakil_kepala_daerah_petahana_di_Daerah_Khusus_Ibukota_Jakarta",
    "region": "Kota Administrasi Jakarta Barat",
    "level": "KOTA",
    "path": "kota-administrasi-jakarta-barat",
    "communityID": "34b83402-f420-4b38-83be-3a6c54423d91",
    "candidates": [
        {
            "name": "Uus Kuswanto",
            "description": "Uus Kuswanto, S.Sos., M.A.P. (lahir 21 Januari 1973) adalah seorang birokrat berkebangsaan Indonesia yang pernah menjabat sebagai Penjabat Sekretaris Daerah DKI Jakarta sejak 3 Desember 2022 hingga sekda definitif Joko Agus Setyono dilantik pada 15 Februari 2023. Sebelumnya ia menjabat sebagai Wali Kota Administrasi Jakarta Barat yang menjabat sejak 4 September 2020 sampai 12 Oktober 2021 dan Wakil Wali Kota Jakarta Timur yang menjabat sejak 9 Januari 2019 sampai 4 September 2020. Uus Kuswanto dilantik oleh Gubernur DKI Jakarta Anies Baswedan setelah posisi Wakil Wali Kota Jakarta Timur kosong selama enam bulan.[1] Uus Kuswanto telah berkarier di Pemerintah Provinsi Daerah Khusus Ibu Kota Jakarta sejak tahun 1995. Sebelum menjadi Wakil Wali Kota, Uus pernah menjabat sebagai Sekretaris Dinas Kehutanan tahun 2017-2019, dan Kepala Suku Dinas Pertamanan dan Pemakaman Jakarta Barat tahun 2016-2017.\n",
            "profilePic": "https://upload.wikimedia.org/wikipedia/commons/thumb/e/e8/Uus_Kuswanto.jpg/1200px-Uus_Kuswanto.jpg",
            "title": "Wali Kota",
            "sites": {
                "name": "Wikipedia",
                "url": "https://id.wikipedia.org/wiki/Uus_Kuswanto"
            },
            "communityID": "34b83402-f420-4b38-83be-3a6c54423d91"
        },
        {
            "name": "Hendra Hidayat",
            "description": "Hendra Hidayat (lahir 19 November 1972) adalah seorang birokrat Indonesia. Saat ini ia menjabat Wakil Wali Kota Jakarta Barat sejak 21 Maret 2023. Sebelum menjabat sebagai Wakil Wali Kota Jakarta Barat, Hendra merupakan wakil Wali Kota Administrasi Jakarta Timur dari 2020 hingga 2023.[1]\n",
            "profilePic": "https://upload.wikimedia.org/wikipedia/commons/thumb/d/d9/Hendra_Hidayat_2.jpg/1200px-Hendra_Hidayat_2.jpg",
            "title": "Wakil Wali Kota",
            "sites": {
                "name": "Wikipedia",
                "url": "https://id.wikipedia.org/wiki/Hendra_Hidayat"
            },
            "communityID": "34b83402-f420-4b38-83be-3a6c54423d91"
        }
    ]
}