{
    "title": "Wali Kota dan Wakil Wali Kota Kota Dumai",
    "source": "https://id.wikipedia.org/wiki/Daftar_kepala_daerah_dan_wakil_kepala_daerah_petahana_di_Riau",
    "region": "Kota Dumai",
    "level": "KOTA",
    "path": "kota-dumai",
    "communityID": "87dcc2af-9833-460e-8580-d77ed5fa8cca",
    "candidates": [
        {
            "name": "Paisal",
            "description": "H. Paisal, SKM.,MARS [1] (lahir 12 Januari 1975) adalah seorang Politisi dan Birokrat asal Riau yang saat ini menjabat sebagai Wali Kota Dumai periode 2021-2024.\n",
            "profilePic": "https://upload.wikimedia.org/wikipedia/commons/5/5a/Paisal_2021.jpg",
            "title": "Wali Kota",
            "sites": {
                "name": "Wikipedia",
                "url": "https://id.wikipedia.org/wiki/Paisal"
            },
            "communityID": "87dcc2af-9833-460e-8580-d77ed5fa8cca"
        }
    ]
}