{
    "title": "Wali Kota dan Wakil Wali Kota Kota Parepare",
    "source": "https://id.wikipedia.org/wiki/Daftar_kepala_daerah_dan_wakil_kepala_daerah_petahana_di_Sulawesi_Selatan",
    "region": "Kota Parepare",
    "level": "KOTA",
    "path": "kota-parepare",
    "communityID": "5dd859fd-8020-44ba-b14c-3973058525ae",
    "candidates": [
        {
            "name": "Akbar Ali",
            "description": "Dr. Drs. Akbar Ali, A.P., M.Si. (lahir 2 April 1975) adalah seorang birokrat asal Indonesia kelahiran Tanrutedong, Sidenreng Rappang, Sulawesi Selatan. Ia menempuh pendidikan di Sekolah Pendidikan Tinggi Pemerintahan Dalam Negeri (STPDN) pada 1997. Ia meraih pendidikan S3 pada Jurusan Ilmu Pemerintahan di Universitas Padjadjaran.\n",
            "profilePic": "https://upload.wikimedia.org/wikipedia/commons/thumb/6/66/Akbar_Ali%2C_Pj._Wali_Kota_Parepare_%282023%29.jpg/1200px-Akbar_Ali%2C_Pj._Wali_Kota_Parepare_%282023%29.jpg",
            "title": "Wali Kota (PJ)",
            "sites": {
                "name": "Wikipedia",
                "url": "https://id.wikipedia.org/wiki/Akbar_Ali"
            },
            "communityID": "5dd859fd-8020-44ba-b14c-3973058525ae"
        }
    ]
}