{
    "title": "Wali Kota dan Wakil Wali Kota Kota Pekalongan",
    "source": "https://id.wikipedia.org/wiki/Daftar_kepala_daerah_dan_wakil_kepala_daerah_petahana_di_Jawa_Tengah",
    "region": "Kota Pekalongan",
    "level": "KOTA",
    "path": "kota-pekalongan",
    "communityID": "d39405b0-a8a5-455e-a508-849d13bdfc32",
    "candidates": [
        {
            "name": "Achmad Afzan Arslan Djunaid",
            "description": "H. Achmad Afzan Arslan Djunaid, S.E. (lahir 20 September 1979) adalah Wali Kota Pekalongan yang menjabat periode 2021\u20132024 dan Wakil Wali Kota Pekalongan periode 2019\u20132021.\n",
            "profilePic": "https://upload.wikimedia.org/wikipedia/commons/6/63/Achmad_Afzan_Arslan_Djunaid.jpg",
            "title": "Wali Kota",
            "sites": {
                "name": "Wikipedia",
                "url": "https://id.wikipedia.org/wiki/Achmad_Afzan_Arslan_Djunaid"
            },
            "communityID": "d39405b0-a8a5-455e-a508-849d13bdfc32"
        },
        {
            "name": "Salahudin",
            "description": "H. Salahudin, S.TP. (lahir 12 Oktober 1969) adalah Wakil Wali Kota Pekalongan periode 2021\u20132024. Ia menjabat sejak 26 Februari 2021 setelah dilantik Gubernur Jawa Tengah, Ganjar Pranowo secara daring.[1]\n",
            "profilePic": "https://upload.wikimedia.org/wikipedia/commons/thumb/a/aa/Salahudin_Pekalongan.jpg/132px-Salahudin_Pekalongan.jpg",
            "title": "Wakil Wali Kota",
            "sites": {
                "name": "Wikipedia",
                "url": "https://id.wikipedia.org/wiki/Salahudin_(politikus)"
            },
            "communityID": "d39405b0-a8a5-455e-a508-849d13bdfc32"
        }
    ]
}