{
    "title": "Wali Kota dan Wakil Wali Kota Kota Ternate",
    "source": "https://id.wikipedia.org/wiki/Daftar_kepala_daerah_dan_wakil_kepala_daerah_petahana_di_Maluku_Utara",
    "region": "Kota Ternate",
    "level": "KOTA",
    "path": "kota-ternate",
    "communityID": "ddbcb542-9128-4a45-b405-4d4650f89edf",
    "candidates": [
        {
            "name": "M. Tauhid Soleman",
            "description": "Dr. M. Tauhid Soleman, M.Si. (lahir 13 Februari 1970) adalah Wali Kota Ternate periode 2021\u20132024. Ia menjabat sejak 26 April 2021 setelah dilantik Gubernur Maluku Utara, Abdul Ghani Kasuba di Aula Nuku Kantor Gubernur Maluku Utara, Sofifi.[1]\n",
            "profilePic": "https://upload.wikimedia.org/wikipedia/commons/7/7b/M_TAUHID_SOLEMAN_2020.jpg",
            "title": "Wali Kota",
            "sites": {
                "name": "Wikipedia",
                "url": "https://id.wikipedia.org/wiki/Tauhid_Soleman"
            },
            "communityID": "ddbcb542-9128-4a45-b405-4d4650f89edf"
        }
    ]
}