{
    "title": "Wali Kota dan Wakil Wali Kota Kota Banjar",
    "source": "https://id.wikipedia.org/wiki/Daftar_kepala_daerah_dan_wakil_kepala_daerah_petahana_di_Jawa_Barat",
    "region": "Kota Banjar",
    "level": "KOTA",
    "path": "kota-banjar",
    "communityID": "980d1803-39c9-49df-bbc7-35720be91a2b",
    "candidates": [
        {
            "name": "Ida Wahida Hidayati",
            "description": "Dr. Hj. Ida Wahida Hidayati, S.E., S.H., M.Si. (lahir 5 Desember 1964)[1] adalah seorang birokrat Indonesia kelahiran Yogyakarta. Semasa kuliah, ia menjabat sebagai anggota Komite Nasional Pemuda Indonesia dan Ketua KNPI Cianjur. Ia sempat menjabat sebagai Sekretaris DPRD Provinsi Jawa Barat dan Kepala Dinas Sosial Pemprov Jabar. Pada 2023, ia diangkat menjadi pelaksana jabatan Wali Kota Banjar.[2]\n",
            "profilePic": "https://upload.wikimedia.org/wikipedia/commons/c/c8/Ida_Wahida_Hidayati.jpg",
            "title": "Wali Kota (PJ)",
            "sites": {
                "name": "Wikipedia",
                "url": "https://id.wikipedia.org/wiki/Ida_Wahida_Hidayati"
            },
            "communityID": "980d1803-39c9-49df-bbc7-35720be91a2b"
        }
    ]
}