{
    "title": "Wali Kota dan Wakil Wali Kota Kota Ambon",
    "source": "https://id.wikipedia.org/wiki/Daftar_kepala_daerah_dan_wakil_kepala_daerah_petahana_di_Maluku",
    "region": "Kota Ambon",
    "level": "KOTA",
    "path": "kota-ambon",
    "communityID": "2f1ea387-b357-467d-b896-f0a72fe8574e",
    "candidates": [
        {
            "name": "Dominggus Nicodemus Kaya",
            "description": "Dominggus Nicodemus Kaya, S.Sos,.M.Si, secara resmi dilantik sebagai Penjabat Walikota Ambon, menggantikan Bodewin Wattimena, pada Jumat, 24 Mei 2024, pekan kemarin. Pelantikan ini berdasarkan Surat Keputusan Menteri Dalam Negeri Nomor 100.2.1.3-1123 Tahun 2024 tentang Pemberhentian dan Pengangkatan Penjabat Walikota Ambon. Dominggus Kaya, akan menjabat sebagai Wali Kota Ambon untuk jangka waktu satu tahun kedepan.[1]\n",
            "profilePic": "https://upload.wikimedia.org/wikipedia/commons/thumb/a/a7/Pj._Walikota_Ambon.png/1200px-Pj._Walikota_Ambon.png",
            "title": "Wali Kota (PJ)",
            "sites": {
                "name": "Wikipedia",
                "url": "https://id.wikipedia.org/wiki/Dominggus_Nicodemus_Kaya"
            },
            "communityID": "2f1ea387-b357-467d-b896-f0a72fe8574e"
        }
    ]
}