{
    "title": "Wali Kota dan Wakil Wali Kota Kota Palangka Raya",
    "source": "https://id.wikipedia.org/wiki/Daftar_kepala_daerah_dan_wakil_kepala_daerah_petahana_di_Kalimantan_Tengah",
    "region": "Kota Palangka Raya",
    "level": "KOTA",
    "path": "kota-palangka-raya",
    "communityID": "d5b543a1-8279-4363-945f-73b6e783f3d4",
    "candidates": [
        {
            "name": "Hera Nugrahayu",
            "description": "Hera Nugrahayu (lahir 22 Agustus 1969) adalah seorang birokrat Indonesia kelahiran Tanjungkarang. Ia merupakan putri sulung dari pasangan Drs. Amast Muhizir dan Lilis Kartini. Ia sempat menjabat sebagai Sekretaris Daerah Kota Palangka Raya Provinsi Kalimantan Tengah. pada 2023, ia diangkat menjadi pelaksana jabatan Wali Kota Palangka Raya. Ia merupakan istri dari Akhmad Husain dan memiliki empat anak yang terdiri dari dua putri dan dua putra.[1]\n",
            "profilePic": "https://upload.wikimedia.org/wikipedia/commons/a/ab/Hera_Nugrahayu.jpg",
            "title": "Wali Kota (PJ)",
            "sites": {
                "name": "Wikipedia",
                "url": "https://id.wikipedia.org/wiki/Hera_Nugrahayu"
            },
            "communityID": "d5b543a1-8279-4363-945f-73b6e783f3d4"
        }
    ]
}