{
    "title": "Wali Kota dan Wakil Wali Kota Kota Jayapura",
    "source": "https://id.wikipedia.org/wiki/Daftar_kepala_daerah_dan_wakil_kepala_daerah_petahana_di_Papua",
    "region": "Kota Jayapura",
    "level": "KOTA",
    "path": "kota-jayapura",
    "communityID": "fb2b278c-d40c-4dae-9e8e-eb6ab51ea54f",
    "candidates": [
        {
            "name": "Lukas Christian Sohilait",
            "description": "",
            "profilePic": "https://upload.wikimedia.org/wikipedia/commons/thumb/3/3c/Penjabat_Wali_Kota_Jayapura_-_Lucas_Christian_Sohilait.webp/130px-Penjabat_Wali_Kota_Jayapura_-_Lucas_Christian_Sohilait.webp.png",
            "title": "Wali Kota (PJ)",
            "sites": {},
            "communityID": "fb2b278c-d40c-4dae-9e8e-eb6ab51ea54f"
        }
    ]
}