{
    "title": "Wali Kota dan Wakil Wali Kota Kota Tomohon",
    "source": "https://id.wikipedia.org/wiki/Daftar_kepala_daerah_dan_wakil_kepala_daerah_petahana_di_Sulawesi_Utara",
    "region": "Kota Tomohon",
    "level": "KOTA",
    "path": "kota-tomohon",
    "communityID": "4d88b79b-b1d1-41f0-8512-2fda6e182d94",
    "candidates": [
        {
            "name": "Caroll Senduk",
            "description": "Caroll Joram Azarias Senduk, S.H. (lahir 20 Januari 1969) adalah politisi PDI Perjuangan yang menjabat sebagai Wali Kota Tomohon periode 2021-2024.\n",
            "profilePic": "https://upload.wikimedia.org/wikipedia/commons/3/35/Caroll_Senduk%2C_Wali_Kota_Tomohon.jpg",
            "title": "Wali Kota",
            "sites": {
                "name": "Wikipedia",
                "url": "https://id.wikipedia.org/wiki/Caroll_Senduk"
            },
            "communityID": "4d88b79b-b1d1-41f0-8512-2fda6e182d94"
        }
    ]
}