{
    "title": "Wali Kota dan Wakil Wali Kota Kota Administrasi Jakarta Timur",
    "source": "https://id.wikipedia.org/wiki/Daftar_kepala_daerah_dan_wakil_kepala_daerah_petahana_di_Daerah_Khusus_Ibukota_Jakarta",
    "region": "Kota Administrasi Jakarta Timur",
    "level": "KOTA",
    "path": "kota-administrasi-jakarta-timur",
    "communityID": "87a0e161-bf95-4658-a563-35f678160ab8",
    "candidates": [
        {
            "name": "Muhammad Anwar",
            "description": "\n",
            "profilePic": "https://upload.wikimedia.org/wikipedia/commons/thumb/9/97/Wali_Kota_Jakarta_Timur_M._Anwar.jpg/1200px-Wali_Kota_Jakarta_Timur_M._Anwar.jpg",
            "title": "Wali Kota",
            "sites": {
                "name": "Wikipedia",
                "url": "https://id.wikipedia.org/wiki/Muhammad_Anwar"
            },
            "communityID": "87a0e161-bf95-4658-a563-35f678160ab8"
        }
    ]
}