{
    "title": "Wali Kota dan Wakil Wali Kota Kota Batu",
    "source": "https://id.wikipedia.org/wiki/Daftar_kepala_daerah_dan_wakil_kepala_daerah_petahana_di_Jawa_Timur",
    "region": "Kota Batu",
    "level": "KOTA",
    "path": "kota-batu",
    "communityID": "cd83913f-0c3d-442a-bf36-0fb25c5a8c55",
    "candidates": [
        {
            "name": "Aries Agung Paewai",
            "description": "Aries Agung Paewai, S.STP., M.M. (lahir di Makassar, 17 April 1976) adalah seorang birokrat Indonesia lulusan Institut Pemerintahan Dalam Negeri (IPDN) tahun 1999, yang sejak 19 Januari 2023 dipercayakan menjadi Penjabat Wali Kota Batu, Jawa Timur.[1]\n",
            "profilePic": "https://upload.wikimedia.org/wikipedia/commons/thumb/f/f3/Aries_Agung_Paewai.jpg/114px-Aries_Agung_Paewai.jpg",
            "title": "Wali Kota (PJ)",
            "sites": {
                "name": "Wikipedia",
                "url": "https://id.wikipedia.org/wiki/Aries_Agung_Paewai"
            },
            "communityID": "cd83913f-0c3d-442a-bf36-0fb25c5a8c55"
        }
    ]
}