{
    "title": "Wali Kota dan Wakil Wali Kota Kota Tangerang Selatan",
    "source": "https://id.wikipedia.org/wiki/Daftar_kepala_daerah_dan_wakil_kepala_daerah_petahana_di_Banten",
    "region": "Kota Tangerang Selatan",
    "level": "KOTA",
    "path": "kota-tangerang-selatan",
    "communityID": "3b730c72-866d-466e-80d1-97a65dce6dfb",
    "candidates": [
        {
            "name": "Benyamin Davnie",
            "description": "Drs. H. Benyamin Davnie (lahir 1 September 1958) adalah Wali Kota Tangerang Selatan sejak 26 April 2021 dan mantan Wakil Wali Kota Tangerang Selatan selama dua periode mendampingi Wali Kota Airin Rachmi Diany yang menjabat sejak 20 April 2011 hingga 20 April 2021. Sebelum menjadi Wakil Wali Kota Tangerang Selatan, Ia pernah mengikuti Pemilihan Umum Gubernur Banten 2006 namun kalah.\n",
            "profilePic": "https://upload.wikimedia.org/wikipedia/commons/thumb/2/22/Wali_Kota_Tangerang_Selatan%2C_Benyamin_Davnie.jpg/1200px-Wali_Kota_Tangerang_Selatan%2C_Benyamin_Davnie.jpg",
            "title": "Wali Kota",
            "sites": {
                "name": "Wikipedia",
                "url": "https://id.wikipedia.org/wiki/Benyamin_Davnie"
            },
            "communityID": "3b730c72-866d-466e-80d1-97a65dce6dfb"
        },
        {
            "name": "Pilar Saga Ichsan",
            "description": "H. Pilar Saga Ichsan, S.T., (lahir 14 Mei 1991) adalah politikus asal Indonesia yang saat ini menjabat sebagai Wakil Wali Kota Tangerang Selatan sejak 26 April 2021 menggantikan Benyamin Davnie.[3] Dia merupakan seorang pengusaha yang terlibat aktif dalam dunia politik, terutamanya Partai Golongan Karya. Berbagai organisasi telah ia ikuti, dimulai dari Organisasi Siswa Intra Sekolah (OSIS) hingga organisasi yang berhubungan dengan olahraga, seperti klub sepak bola dan federasi arung jeram.\n",
            "profilePic": "https://upload.wikimedia.org/wikipedia/commons/thumb/2/22/Foto-Resmi-Wakil-Walikota-Tangerang-Selatan-Tangsel-Pilar-Saga-Ichsan-fix-scaled.webp/768px-Foto-Resmi-Wakil-Walikota-Tangerang-Selatan-Tangsel-Pilar-Saga-Ichsan-fix-scaled.webp.png",
            "title": "Wakil Wali Kota",
            "sites": {
                "name": "Wikipedia",
                "url": "https://id.wikipedia.org/wiki/Pilar_Saga_Ichsan"
            },
            "communityID": "3b730c72-866d-466e-80d1-97a65dce6dfb"
        }
    ]
}