{
    "title": "Wali Kota dan Wakil Wali Kota Kota Kotamobagu",
    "source": "https://id.wikipedia.org/wiki/Daftar_kepala_daerah_dan_wakil_kepala_daerah_petahana_di_Sulawesi_Utara",
    "region": "Kota Kotamobagu",
    "level": "KOTA",
    "path": "kota-kotamobagu",
    "communityID": "c08fb382-47da-48c2-a799-f2d1f52c2b28",
    "candidates": [
        {
            "name": "Asripan Nani",
            "description": "Dr. H. Asripan Nani, M.Si. (lahir 28 Agustus 1966) adalah seorang birokrat asal Indonesia yang bekerja di wilayah Provinsi Sulawesi Utara. Saat ini, Asripan Nani memegang jabatan sebagai Wali Kota Kotamobagu ke-3.[1]\n",
            "profilePic": "https://upload.wikimedia.org/wikipedia/commons/7/76/Wali_Kota_Kotamobagu_Asripan_Nani.png",
            "title": "Wali Kota (PJ)",
            "sites": {
                "name": "Wikipedia",
                "url": "https://id.wikipedia.org/wiki/Asripan_Nani"
            },
            "communityID": "c08fb382-47da-48c2-a799-f2d1f52c2b28"
        }
    ]
}