{
    "title": "Wali Kota dan Wakil Wali Kota Kota Padangsidimpuan",
    "source": "https://id.wikipedia.org/wiki/Daftar_kepala_daerah_dan_wakil_kepala_daerah_petahana_di_Sumatera_Utara",
    "region": "Kota Padangsidempuan",
    "level": "KOTA",
    "path": "kota-padangsidempuan",
    "communityID": "83d4c3c5-09fd-4983-96eb-d8a0b3acf600",
    "candidates": [
        {
            "name": "Letnan Dalimunthe",
            "description": "Letnan Dalimunthe adalah seorang birokrat Indonesia kelahiran Siborangan pada Juli 1974. Ia menamatkan pendidikan sarjana di Fakultas Kesehatan Masyarakat Universitas Sumatra Utara. Ia kemudian melanjutkan studi Strata 2 dengan mengambil jurusan Epidemologi di USU. Ia juga menjalani program Doktoral Manajemen SDM di Kota Padang. Ia sempat menjabat sebagai Sekretaris Daerah Kota Padangsidimpuan. Pada 2023, ia diangkat menjadi Penjabat Wali Kota Padangsidimpuan.[1]\n",
            "profilePic": "https://upload.wikimedia.org/wikipedia/commons/b/bc/Letnan_Dalimunthe.jpg",
            "title": "Wali Kota (PJ)",
            "sites": {
                "name": "Wikipedia",
                "url": "https://id.wikipedia.org/wiki/Letnan_Dalimunthe"
            },
            "communityID": "83d4c3c5-09fd-4983-96eb-d8a0b3acf600"
        }
    ]
}