{
    "title": "Wali Kota dan Wakil Wali Kota Kota Baubau",
    "source": "https://id.wikipedia.org/wiki/Daftar_kepala_daerah_dan_wakil_kepala_daerah_petahana_di_Sulawesi_Tenggara",
    "region": "Kota Baubau",
    "level": "KOTA",
    "path": "kota-baubau",
    "communityID": "982a456c-3933-46fa-86c9-ffe974641288",
    "candidates": [
        {
            "name": "Muhammad Rasman Manafi",
            "description": "Muhammad Rasman Manafi (lahir 7 November 1973) adalah seorang birokrat Indonesia kelahiran Kendari. Ia merupakan merupakan anak sulung dari pasangan H Manafi dan Hj Rasiah. H. Manafi berasal dari Kaledupa serta pernah menjabat sebagai Kepala Biro Statistik Kabupaten Kolaka dan Kota Baubau.\n",
            "profilePic": "https://upload.wikimedia.org/wikipedia/commons/7/72/Muhammad_Rasman_Manafi.jpg",
            "title": "Wali Kota (PJ)",
            "sites": {
                "name": "Wikipedia",
                "url": "https://id.wikipedia.org/wiki/Muhammad_Rasman_Manafi"
            },
            "communityID": "982a456c-3933-46fa-86c9-ffe974641288"
        }
    ]
}