{
    "title": "Wali Kota dan Wakil Wali Kota Kota Tangerang",
    "source": "https://id.wikipedia.org/wiki/Daftar_kepala_daerah_dan_wakil_kepala_daerah_petahana_di_Banten",
    "region": "Kota Tangerang",
    "level": "KOTA",
    "path": "kota-tangerang",
    "communityID": "bb3a2b29-7468-4b0b-9ff7-f44663808253",
    "candidates": [
        {
            "name": "Nurdin",
            "description": "Dr. Nurdin, S.Sos., M.Si.  (lahir 17 Juni 1973) adalah Birokrat yang pada Desember 2023 dilantik sebagai Penjabat Wali Kota Tangerang.[1] Ia merupakan Direktur Dekosentrasi, Pembantuan dan Kerjasama Kementerian Dalam Negeri Republik Indonesia.[2]\n",
            "profilePic": "https://upload.wikimedia.org/wikipedia/commons/thumb/5/58/Penjabat_Wali_Kota_Tangerang_Nurdin.png/1200px-Penjabat_Wali_Kota_Tangerang_Nurdin.png",
            "title": "Wali Kota (PJ)",
            "sites": {
                "name": "Wikipedia",
                "url": "https://id.wikipedia.org/wiki/Nurdin"
            },
            "communityID": "bb3a2b29-7468-4b0b-9ff7-f44663808253"
        }
    ]
}