{
    "title": "Wali Kota dan Wakil Wali Kota Kota Lubuklinggau",
    "source": "https://id.wikipedia.org/wiki/Daftar_kepala_daerah_dan_wakil_kepala_daerah_petahana_di_Sumatera_Selatan",
    "region": "Kota Lubuklinggau",
    "level": "KOTA",
    "path": "kota-lubuklinggau",
    "communityID": "358831b0-b4dc-4a14-8030-24804ab55d44",
    "candidates": [
        {
            "name": "Trisko Defriyansa",
            "description": "Trisko Defriyansa (lahir 21 Desember 1975) adalah seorang birokrat Indonesia kelahiran Lubuklinggau. Ia meraih gelar Sarjana Teknik (ST) dari Institusi Teknologi Nasional (ITN) Malang pada 1999, Master Sains (M.Si) dari Universitas Bengkulu (Unib) pada 2008 dan gelar Insiyur (Ir), pada 17 September 2022. Ia sempat menjabat sebagai Sekretaris Bappeda Kota Lubuklinggau, Sekretaris KPU Kota Lubuklinggau dan Kepala Dinas Perumahan dan Pemukiman (Disperkim). Pada 27 Februari 2023, ia diangkat menjadi Sekretaris Daerah Kota Lubuklinggau. Kemudian, ia diangkat menjadi pelaksana jabatan Wali Kota Lubuklinggau.[1]\n",
            "profilePic": "https://upload.wikimedia.org/wikipedia/commons/5/56/Trisko_Defriyansa.jpg",
            "title": "Wali Kota (PJ)",
            "sites": {
                "name": "Wikipedia",
                "url": "https://id.wikipedia.org/wiki/Trisko_Defriyansa"
            },
            "communityID": "358831b0-b4dc-4a14-8030-24804ab55d44"
        }
    ]
}