{
    "title": "Wali Kota dan Wakil Wali Kota Kota Tanjungpinang",
    "source": "https://id.wikipedia.org/wiki/Daftar_kepala_daerah_dan_wakil_kepala_daerah_petahana_di_Kepulauan_Riau",
    "region": "Kota Tanjungpinang",
    "level": "KOTA",
    "path": "kota-tanjungpinang",
    "communityID": "f21f675b-60c4-4383-87f1-d08ce693abb2",
    "candidates": [
        {
            "name": "Hasan",
            "description": "",
            "profilePic": "https://upload.wikimedia.org/wikipedia/commons/thumb/f/f7/Hasan%2C_Penjabat_Wali_Kota_Tanjungpinang.jpg/115px-Hasan%2C_Penjabat_Wali_Kota_Tanjungpinang.jpg",
            "title": "Wali Kota (PJ)",
            "sites": {},
            "communityID": "f21f675b-60c4-4383-87f1-d08ce693abb2"
        }
    ]
}