{
    "title": "Wali Kota dan Wakil Wali Kota Kota Balikpapan",
    "source": "https://id.wikipedia.org/wiki/Daftar_kepala_daerah_dan_wakil_kepala_daerah_petahana_di_Kalimantan_Timur",
    "region": "Kota Balikpapan",
    "level": "KOTA",
    "path": "kota-balikpapan",
    "communityID": "37ca53e1-76aa-4e41-af2f-3a9144a6b37d",
    "candidates": [
        {
            "name": "Rahmad Mas'ud",
            "description": "H. Rahmad Mas'ud, S.E. (lahir 12 Mei 1976) adalah Wali kota Balikpapan petahana yang menjabat sejak 31 Mei 2021. Sebelumnya ia menjabat sebagai wakil wali kota Balikpapan mendampingi Rizal Effendi pada periode 2016\u20132021.[1]\n",
            "profilePic": "https://upload.wikimedia.org/wikipedia/commons/6/65/Rahmad_Mas%27ud%2C_Wali_Kota_Balikpapan.jpg",
            "title": "Wali Kota",
            "sites": {
                "name": "Wikipedia",
                "url": "https://id.wikipedia.org/wiki/Rahmad_Mas%27ud"
            },
            "communityID": "37ca53e1-76aa-4e41-af2f-3a9144a6b37d"
        }
    ]
}