{
    "title": "Wali Kota dan Wakil Wali Kota Kota Malang",
    "source": "https://id.wikipedia.org/wiki/Daftar_kepala_daerah_dan_wakil_kepala_daerah_petahana_di_Jawa_Timur",
    "region": "Kota Malang",
    "level": "KOTA",
    "path": "kota-malang",
    "communityID": "f0f874b2-df75-4c67-9e6f-15b8a616ab8e",
    "candidates": [
        {
            "name": "Wahyu Hidayat",
            "description": "Wahyu Hidayat (lahir 17 Desember 1966) adalah seorang birokrat Indonesia kelahiran Malang.[1] Ia merupakan lulusan Planologi atau Perencanaan Wilayah Kota Institut Teknologi Nasional (ITN) Malang. Ia mula-mula bergabung dengan kantor konsultan tata ruang yang menangani proyek perencanaan wilayah kota di Jawa Timur. Ia kemudian menjadi pegawai di Badan Kepegawaian Kabupaten Malang. Ia kemudian dipindahkan ke Badan Perencanaan Pembangunan Daerah (Bappeda) Kabupaten Malang. Wahyu Hidayat merupakan warga asli Malang. Setelah lulus dari kuliah dari Institut Teknologi Nasional (ITN), pria berusia 57 tahun tersebut mengawali karirnya sebagai ASN. Bermula jadi ASN yang bertugas membuat dan mengantarkan surat, kini Wahyu Hidayat menempati jabatan penting di Kabupaten Malang sebagai Sekda Kab dan PJ Walikota Malang Malang.[2]\n",
            "profilePic": "https://upload.wikimedia.org/wikipedia/commons/a/a7/Wahyu_Hidayat_Malang.jpg",
            "title": "Wali Kota (PJ)",
            "sites": {
                "name": "Wikipedia",
                "url": "https://id.wikipedia.org/wiki/Wahyu_Hidayat"
            },
            "communityID": "f0f874b2-df75-4c67-9e6f-15b8a616ab8e"
        }
    ]
}