{
    "title": "Wali Kota dan Wakil Wali Kota Kota Palopo",
    "source": "https://id.wikipedia.org/wiki/Daftar_kepala_daerah_dan_wakil_kepala_daerah_petahana_di_Sulawesi_Selatan",
    "region": "Kota Palopo",
    "level": "KOTA",
    "path": "kota-palopo",
    "communityID": "d039f232-5f0f-49d1-8bfc-6e06200f5268",
    "candidates": [
        {
            "name": "Asrul Sani",
            "description": "Asrul Sani (lahir 21 Maret 1975) adalah seorang birokrat Indonesia kelahiran Watampone. Ia merupakan birokrat di Pemerintahan Provinsi Sulawesi Selatan selaku Kepala Dinas Penanaman Modal dan PTSP Sulsel. Pada 2013, ia ditugaskan sebagai Kepala Sub Bagian Tata Usaha. Pada 2017, ia ditugaskan menjadi Kasub Pelaksanaan dan Pengadaan Barang dan Jasa 2017.\n",
            "profilePic": "https://upload.wikimedia.org/wikipedia/commons/7/7a/Walikota_Palopo_Asrul_Sani.jpg",
            "title": "Wali Kota (PJ)",
            "sites": {
                "name": "Wikipedia",
                "url": "https://id.wikipedia.org/wiki/Asrul_Sani_(birokrat)"
            },
            "communityID": "d039f232-5f0f-49d1-8bfc-6e06200f5268"
        }
    ]
}