{
    "title": "Wali Kota dan Wakil Wali Kota Kota Salatiga",
    "source": "https://id.wikipedia.org/wiki/Daftar_kepala_daerah_dan_wakil_kepala_daerah_petahana_di_Jawa_Tengah",
    "region": "Kota Salatiga",
    "level": "KOTA",
    "path": "kota-salatiga",
    "communityID": "f764e86a-e197-41b6-89fe-f3e7a021a4a4",
    "candidates": [
        {
            "name": "Yasip Khasani",
            "description": "Yasip Khasani (lahir 19 Desember 1974) adalah seorang birokrat Indonesia kelahiran Wonosobo. Ia sempat menjabat sebagai Wakil Direktur Keuangan Rumah Sakit Dr. Moewardi.[1] Ia kemudian menjabat sebagai Kepala Biro Administrasi Pengadaan Barang/Jasa Sekretariat Daerah Provinsi Jawa Tengah. Pada 2023, ia diangkat menjadi pelaksana jabatan Wali Kota Salatiga.[2]\n",
            "profilePic": "https://upload.wikimedia.org/wikipedia/commons/3/37/Yasip_Khasani.jpg",
            "title": "Wali Kota (PJ)",
            "sites": {
                "name": "Wikipedia",
                "url": "https://id.wikipedia.org/wiki/Yasip_Khasani"
            },
            "communityID": "f764e86a-e197-41b6-89fe-f3e7a021a4a4"
        }
    ]
}