{
    "title": "Gubernur dan Wakil Gubernur Provinsi Banten",
    "source": "https://id.wikipedia.org/wiki/Daftar_gubernur_dan_wakil_gubernur_di_Indonesia",
    "region": "Banten",
    "level": "PROVINSI",
    "path": "provinsi-banten",
    "communityID": "3a1cedae-1368-42e8-9bef-210cd2ef0892",
    "candidates": [
        {
            "name": "Al Muktabar",
            "description": "Dr. Al Muktabar, M.Sc. (lahir 12 Juni 1965) adalah seorang birokrat asal Indonesia. Pada 12 Mei 2022, ia dilantik oleh Menteri Dalam Negeri Tito Karnavian untuk menjabat sebagai Penjabat Gubernur Banten selama masa transisi dan kekosongan pemerintahan di Banten setelah gubernur petahana, Wahidin Halim menyelesaikan masa jabatannya.[1] Di samping itu pula, Al Muktabar juga menjabat sebagai Sekretaris Daerah Banten sejak 2019.[2][3]\n",
            "profilePic": "https://upload.wikimedia.org/wikipedia/commons/7/72/Penjabat_Gubernur_Banten_Al_Muktabar.jpeg",
            "title": "Gubernur (PJ)",
            "sites": {
                "name": "Wikipedia",
                "url": "https://id.wikipedia.org/wiki/Al_Muktabar"
            },
            "communityID": "3a1cedae-1368-42e8-9bef-210cd2ef0892"
        }
    ]
}