{
    "title": "Gubernur dan Wakil Gubernur Provinsi Papua Pegunungan",
    "source": "https://id.wikipedia.org/wiki/Daftar_gubernur_dan_wakil_gubernur_di_Indonesia",
    "region": "Papua Pegunungan",
    "level": "PROVINSI",
    "path": "provinsi-papua-pegunungan",
    "communityID": "ceb5b771-e7f7-4c4c-87ed-29d9dbf99484",
    "candidates": [
        {
            "name": "Velix Wanggai",
            "description": "Dr. Velix Vernando Wanggai, S.I.P., M.P.A. (lahir 16 Februari 1972) adalah seorang aktivis, ahli hubungan internasional dan birokrat Indonesia yang menjabat sebagai Penjabat Gubernur Papua Pegunungan sejak 12 November 2023.[1] Ia menjabat sebagai Deputi Bidang Dukungan Kebijakan Pemerintahan dan Wawasan Kebangsaan, Sekretariat Wakil Presiden Republik Indonesia sejak 23 Agustus 2022.[2] Ia resmi diangkat menjadi Staf Khusus Presiden pada 20 November 2009. Ia dipercaya oleh Presiden Susilo Bambang Yudhoyono untuk menjadi staf khusus yang bertugas membantu memberi masukan pada presiden tentang hal-hal yang berhubungan dengan pembangunan daerah dan otonomi daerah di Indonesia.[3] Sebelumnya, Velix berkarier sebagai Staf Perencana pada Direktorat Kawasan Khusus dan Daerah Tertinggal, Badan Perencanaan Pembangunan Nasional (Bappenas).[4]\n",
            "profilePic": "https://upload.wikimedia.org/wikipedia/commons/1/10/Penjabat_Gubernur_Papua_Pegunungan_Velix_Vernando_Wanggai.png",
            "title": "Gubernur (PJ)",
            "sites": {
                "name": "Wikipedia",
                "url": "https://id.wikipedia.org/wiki/Velix_Wanggai"
            },
            "communityID": "ceb5b771-e7f7-4c4c-87ed-29d9dbf99484"
        }
    ]
}