{
    "title": "Gubernur dan Wakil Gubernur Provinsi Papua Tengah",
    "source": "https://id.wikipedia.org/wiki/Daftar_gubernur_dan_wakil_gubernur_di_Indonesia",
    "region": "Papua Tengah",
    "level": "PROVINSI",
    "path": "provinsi-papua-tengah",
    "communityID": "873097c2-6df1-4233-8c87-67abe4ed870f",
    "candidates": [
        {
            "name": "Ribka Haluk",
            "description": "Dr. Ribka Haluk, S.Sos., M.M. (lahir 10 Januari 1970) adalah seorang birokrat Indonesia yang saat ini menjabat sebagai Penjabat Gubernur Papua Tengah sejak 11 November 2022. Sebelumnya ia pernah mengemban jabatan sebagai staf ahli Kementerian Dalam Negeri di bidang Aparatur dan Kepentingan Publik. Ribka menjadi perempuan pertama yang menjabat sebagai gubernur di tanah Papua.[1] Oleh kepala suku se-Provinsi Papua Tengah Ribka Haluk diberi gelar nama adat Deerowuni Yum Meumau yang artinya \"perempuan tua Papua/noken pertama\".[2]\n",
            "profilePic": "https://upload.wikimedia.org/wikipedia/commons/2/2c/Ribka_Haluk_2.jpg",
            "title": "Gubernur (PJ)",
            "sites": {
                "name": "Wikipedia",
                "url": "https://id.wikipedia.org/wiki/Ribka_Haluk"
            },
            "communityID": "873097c2-6df1-4233-8c87-67abe4ed870f"
        }
    ]
}