{
    "title": "Gubernur dan Wakil Gubernur Provinsi Riau",
    "source": "https://id.wikipedia.org/wiki/Daftar_gubernur_dan_wakil_gubernur_di_Indonesia",
    "region": "Riau",
    "level": "PROVINSI",
    "path": "provinsi-riau",
    "communityID": "ad01e47b-342b-430a-8551-12789c13b1ae",
    "candidates": [
        {
            "name": "S. F. Hariyanto",
            "description": "Ir. H. S. F. Hariyanto, M.T. (lahir 30 April 1965) adalah seorang birokrat Indonesia kelahiran Kota Pekanbaru, Riau. Ia menempuh pendidikan di SDN Teladan Pekanbaru tahun 1976, SMPN 5 Pekanbaru tahun 1982, SMAN 1 Pekanbaru tahun 1983, D3 APDN tahun 1988, S1 Teknik Sipil Universitas Islam Riau (UIR) tahun 1992, dan S2 Magister Teknik Sipil di Universitas Islam Indonesia tahun 2006.[1]\n",
            "profilePic": "https://upload.wikimedia.org/wikipedia/commons/thumb/7/76/S._F._Hariyanto_as_Interim_Governor_of_Riau.jpg/1200px-S._F._Hariyanto_as_Interim_Governor_of_Riau.jpg",
            "title": "Gubernur (PJ)",
            "sites": {
                "name": "Wikipedia",
                "url": "https://id.wikipedia.org/wiki/S._F._Hariyanto"
            },
            "communityID": "ad01e47b-342b-430a-8551-12789c13b1ae"
        }
    ]
}