{
    "title": "Gubernur dan Wakil Gubernur Provinsi Daerah Istimewa Yogyakarta",
    "source": "https://id.wikipedia.org/wiki/Daftar_gubernur_dan_wakil_gubernur_di_Indonesia",
    "region": "Daerah Istimewa Yogyakarta",
    "level": "PROVINSI",
    "path": "provinsi-daerah-istimewa-yogyakarta",
    "communityID": "1203debd-a7fd-4758-bca7-7fe0f3234a32",
    "candidates": [
        {
            "name": "Hamengkubuwana X",
            "description": "Sri Sultan Hamengkubuwana X, (sering disingkat HB X; (Hanacaraka): \ua9af\ua9bf\ua9b6\ua9af\ua9b8\ua9ad\ua9c0\ua9a1\ua99f\ua9c0\ua9b2\ua9a9\ua9bc\ua981\ua991\ua9b8\ua9a8\ua9ae\ua99f\ua9c7\ua9d1\ua9d0\ua9c7; lahir 2 April 1946) yang lahir dengan nama Bendara Raden Mas Herjuno Darpito adalah raja Kasultanan Yogyakarta yang bertakhta sejak tahun 1989. Saat ini, ia juga menjabat sebagai Gubernur Daerah Istimewa Yogyakarta ketiga yang menjabat sejak 3 Oktober 1998.[3]\n",
            "profilePic": "https://upload.wikimedia.org/wikipedia/commons/e/e0/Hamengkubuwono_x.jpg",
            "title": "Gubernur",
            "sites": {
                "name": "Wikipedia",
                "url": "https://id.wikipedia.org/wiki/Hamengkubuwana_X"
            },
            "communityID": "1203debd-a7fd-4758-bca7-7fe0f3234a32"
        },
        {
            "name": "Paku Alam X",
            "description": " Drs. H. Sampeyan Dalem Kanjeng Gusti Pangeran Adipati Arya Paku Alam X (bahasa Jawa: Hanacaraka, \ua9a6\ua98f\ua9b8\ua984\ua9ad\ua9a9\ua9c0\ua9c7\ua9d1\ua9d0\ua9c7) (dengan nama lahir Raden Mas Wijoseno Hario Bimo lahir 15 Desember 1962) adalah adipati kedua dari Pakualaman yang ditahtakan setelah Indonesia merdeka Ibundanya bernama BRAy Koesoemarini/GKBRayA Paku Alam. Pada tahun 2012, ia ditunjuk sebagai Putera Mahkota dengan gelar Kanjeng Bendara Pangeran Harya Prabu Suryadilaga atau KBPH Prabu Suryadilaga. Pada 7 Januari 2016 KBPH Prabu Suryadilaga dinobatkan sebagai KGPAA Paku Alam X menggantikan mendiang ayahnya Paku Alam IX.[1]\n",
            "profilePic": "https://upload.wikimedia.org/wikipedia/commons/thumb/6/6d/Paku_Alam_X.png/1200px-Paku_Alam_X.png",
            "title": "Wakil Gubernur",
            "sites": {
                "name": "Wikipedia",
                "url": "https://id.wikipedia.org/wiki/Paku_Alam_X"
            },
            "communityID": "1203debd-a7fd-4758-bca7-7fe0f3234a32"
        }
    ]
}