{
    "title": "Gubernur dan Wakil Gubernur Provinsi Kepulauan Bangka Belitung",
    "source": "https://id.wikipedia.org/wiki/Daftar_gubernur_dan_wakil_gubernur_di_Indonesia",
    "region": "Kepulauan Bangka Belitung",
    "level": "PROVINSI",
    "path": "provinsi-kepulauan-bangka-belitung",
    "communityID": "51d187b9-004f-4e3a-8141-e785ddf293aa",
    "candidates": [
        {
            "name": "Safrizal Z.A.",
            "description": "Dr. Safrizal Zakaria Ali, M.Si. (lahir 21 April 1970) adalah pamong praja Indonesia. Ia merupakan Direktur Jenderal Bina Administrasi Kewilayahan Kementerian Dalam Negeri merangkap Penjabat Gubernur Bangka Belitung. Lulusan IPDN ini pernah menjabat sebagai Ketua Dewan Pengurus Nasional Forum Komunikasi Purna Praja (DPN FKPP) pertama dan Sekretaris Jenderal Dewan Pengurus Nasional Ikatan Keluarga Alumni Pendidikan Tinggi Kepamongprajaan (DPN IKAPTK) periode 2016-2020.\n",
            "profilePic": "https://upload.wikimedia.org/wikipedia/commons/thumb/3/3c/Safrizal_ZA.jpg/1200px-Safrizal_ZA.jpg",
            "title": "Gubernur (PJ)",
            "sites": {
                "name": "Wikipedia",
                "url": "https://id.wikipedia.org/wiki/Safrizal_Z.A."
            },
            "communityID": "51d187b9-004f-4e3a-8141-e785ddf293aa"
        }
    ]
}