{
    "title": "Gubernur dan Wakil Gubernur Provinsi Kalimantan Barat",
    "source": "https://id.wikipedia.org/wiki/Daftar_gubernur_dan_wakil_gubernur_di_Indonesia",
    "region": "Kalimantan Barat",
    "level": "PROVINSI",
    "path": "provinsi-kalimantan-barat",
    "communityID": "f6ff58fd-4335-41b2-9873-860b53b4ce6d",
    "candidates": [
        {
            "name": "Harisson Azroi",
            "description": "dr. H. Harisson, M.Kes. atau juga dikenal dengan nama Harisson Azroi (lahir 9 Agustus 1966) adalah dokter dan birokrat Indonesia yang menjabat sebagai Penjabat Gubernur Kalimantan Barat sejak 5 September 2023.[1] Ia juga menjabat Sekretaris Daerah Provinsi Kalimantan Barat sejak 2022.\n",
            "profilePic": "https://upload.wikimedia.org/wikipedia/commons/0/02/Harrison_Azroi%2C_Penjabat_Gubernur_Kalimantan_Barat.jpg",
            "title": "Gubernur (PJ)",
            "sites": {
                "name": "Wikipedia",
                "url": "https://id.wikipedia.org/wiki/Harisson_Azroi"
            },
            "communityID": "f6ff58fd-4335-41b2-9873-860b53b4ce6d"
        }
    ]
}