{
    "title": "Gubernur dan Wakil Gubernur Provinsi Gorontalo",
    "source": "https://id.wikipedia.org/wiki/Daftar_gubernur_dan_wakil_gubernur_di_Indonesia",
    "region": "Gorontalo",
    "level": "PROVINSI",
    "path": "provinsi-gorontalo",
    "communityID": "de5e975d-086e-4048-8ee3-0279f109774f",
    "candidates": [
        {
            "name": "Mohammad Rudy Salahuddin",
            "description": "Dr. Ir. Mohammad Rudy Salahuddin, M.E.M. (lahir 11 Juli 1968)[1] adalah seorang birokrat Indonesia yang saat ini menjadi Penjabat Gubernur Gorontalo sejak 17 Mei 2024.[2] Ia juga menjabat sebagai Deputi Bidang Koordinasi Ekonomi Digital, Ketenagakerjaan, dan Usaha Mikro, Kecil, dan Menengah  Kementerian Koordinator Bidang Perekonomian Republik Indonesia Juni 2020.\n",
            "profilePic": "https://upload.wikimedia.org/wikipedia/commons/1/12/Rudy_salahuddin.jpg",
            "title": "Gubernur (PJ)",
            "sites": {
                "name": "Wikipedia",
                "url": "https://id.wikipedia.org/wiki/Mohammad_Rudy_Salahuddin"
            },
            "communityID": "de5e975d-086e-4048-8ee3-0279f109774f"
        }
    ]
}