{
    "title": "Gubernur dan Wakil Gubernur Provinsi DKI Jakarta",
    "source": "https://id.wikipedia.org/wiki/Daftar_gubernur_dan_wakil_gubernur_di_Indonesia",
    "region": "Daerah Khusus Ibukota Jakarta",
    "level": "PROVINSI",
    "path": "provinsi-dki-jakarta",
    "communityID": "b0254efb-c618-4af3-8d89-9e52c21afa31",
    "candidates": [
        {
            "name": "Heru Budi Hartono",
            "description": "Drs. Heru Budi Hartono, M.M. (lahir 13 Desember 1965) adalah birokrat Indonesia yang menjadi Penjabat Gubernur DKI Jakarta sejak 2022 dan Kepala Sekretariat Kepresidenan sejak 2017. Ia adalah mantan Kepala Badan Pengelola Keuangan Aset Daerah DKI Jakarta masa Gubernur Basuki Tjahaja Purnama antara tahun 2015 dan 2017.[2][3] Ia sempat ditunjuk oleh Gubernur Basuki untuk menjadi bakal calon wakil gubernur pada Pilkada DKI Jakarta tahun 2017 melalui jalur independen.[4] Ia merupakan Kepala Sekretariat Presiden (Kasetpres) masa kepemimpinan Joko Widodo[5] sebelum ditunjuk menjadi Penjabat Gubernur DKI Jakarta menggantikan Anies Baswedan yang habis masa jabatannya sejak 17 Oktober 2022.\n",
            "profilePic": "https://upload.wikimedia.org/wikipedia/commons/1/1f/Heru_Budi_Hartono.jpg",
            "title": "Gubernur (PJ)",
            "sites": {
                "name": "Wikipedia",
                "url": "https://id.wikipedia.org/wiki/Heru_Budi_Hartono"
            },
            "communityID": "b0254efb-c618-4af3-8d89-9e52c21afa31"
        }
    ]
}