{
    "title": "Gubernur dan Wakil Gubernur Provinsi Sulawesi Tenggara",
    "source": "https://id.wikipedia.org/wiki/Daftar_gubernur_dan_wakil_gubernur_di_Indonesia",
    "region": "Sulawesi Tenggara",
    "level": "PROVINSI",
    "path": "provinsi-sulawesi-tenggara",
    "communityID": "303c2151-cea0-48d9-9538-6fed60715ceb",
    "candidates": [
        {
            "name": "Andap Budhi Revianto",
            "description": "Komjen Pol. (Purn.) Dr. (H.C.) Andap Budhi Revianto, S.I.K., M.H. (lahir 23 Juni 1966) adalah seorang Perwira Tinggi Polri yang sejak 10 Maret 2021 mengemban amanat sebagai Sekjen Kemenkumham, kemudian pada 5 September 2023 ditunjuk oleh Presiden Joko Widodo menjadi Penjabat Gubernur Sulawesi Tenggara.\n",
            "profilePic": "https://upload.wikimedia.org/wikipedia/commons/7/7a/Andap_Budhi_Revianto%2C_Penjabat_Gubernur_Sulawesi_Tenggara.jpeg",
            "title": "Gubernur (PJ)",
            "sites": {
                "name": "Wikipedia",
                "url": "https://id.wikipedia.org/wiki/Andap_Budhi_Revianto"
            },
            "communityID": "303c2151-cea0-48d9-9538-6fed60715ceb"
        }
    ]
}