{
    "title": "Gubernur dan Wakil Gubernur Provinsi Sulawesi Selatan",
    "source": "https://id.wikipedia.org/wiki/Daftar_gubernur_dan_wakil_gubernur_di_Indonesia",
    "region": "Sulawesi Selatan",
    "level": "PROVINSI",
    "path": "provinsi-sulawesi-selatan",
    "communityID": "24174295-b2fe-4a8e-aacd-57afa586f7e1",
    "candidates": [
        {
            "name": "Zudan Arif Fakrulloh",
            "description": "Prof. Dr. Zudan Arif Fakrulloh, S.H., M.H. (lahir 24 Agustus 1969) adalah seorang birokrat Indonesia yang menjabat sebagai Penjabat Gubernur Sulawesi Selatan sejak 17 Mei 2024[1] merangkap Sekretaris Badan Nasional Pengelola Perbatasan sejak 15 Maret 2023. Pelantikan tersebut berdasarkan Keputusan Presiden (Keppres) Nomor 36/TPA Tahun 2023 dan Kepres Nomor 37/TPA Tahun 2023.[2] Sebelum itu, ia menjabat Direktur Jenderal Kependudukan dan Pencatatan Sipil Kementerian Dalam Negeri Republik Indonesia sejak 1 Juli 2015 hingga 15 Maret 2023 serta Penjabat Gubernur Gorontalo antara 28 Oktober 2016 dan 12 Mei 2017.\n",
            "profilePic": "https://upload.wikimedia.org/wikipedia/commons/3/3b/Prof_Zudan.jpg",
            "title": "Gubernur (PJ)",
            "sites": {
                "name": "Wikipedia",
                "url": "https://id.wikipedia.org/wiki/Zudan_Arif_Fakrulloh"
            },
            "communityID": "24174295-b2fe-4a8e-aacd-57afa586f7e1"
        }
    ]
}