{
    "title": "Gubernur dan Wakil Gubernur Provinsi Nusa Tenggara Barat",
    "source": "https://id.wikipedia.org/wiki/Daftar_gubernur_dan_wakil_gubernur_di_Indonesia",
    "region": "Nusa Tenggara Barat",
    "level": "PROVINSI",
    "path": "provinsi-nusa-tenggara-barat",
    "communityID": "0b331e80-0397-4a70-8f12-0aee145b4f94",
    "candidates": [
        {
            "name": "Lalu Gita Ariadi",
            "description": "Drs. H. Lalu Gita Ariadi, M.Si. (lahir 1 Oktober 1965) adalah birokrat Indonesia yang menjabat Sekretaris Daerah Provinsi Nusa Tenggara Barat sejak 2019. Pada tanggal 19 September 2023 ia diangkat menjadi Penjabat Gubernur Nusa Tenggara Barat. Pada bulan November dirinya sempat dipanggil Komisi Pemberantasan Korupsi sebagai saksi dari kasus korupsi yang menjerat Walikota Bima Muhammad Lutfi.\n",
            "profilePic": "https://upload.wikimedia.org/wikipedia/commons/1/10/Sekretaris_Daerah_Provinsi_Nusa_Tenggara_Barat_Lalu_Gita_Ariadi.png",
            "title": "Gubernur (PJ)",
            "sites": {
                "name": "Wikipedia",
                "url": "https://id.wikipedia.org/wiki/Lalu_Gita_Ariadi"
            },
            "communityID": "0b331e80-0397-4a70-8f12-0aee145b4f94"
        }
    ]
}