{
    "title": "Gubernur dan Wakil Gubernur Provinsi Jawa Barat",
    "source": "https://id.wikipedia.org/wiki/Daftar_gubernur_dan_wakil_gubernur_di_Indonesia",
    "region": "Jawa Barat",
    "level": "PROVINSI",
    "path": "provinsi-jawa-barat",
    "communityID": "aa4ac592-2a66-4723-895f-d71a2d30e0a9",
    "candidates": [
        {
            "name": "Bey Machmudin",
            "description": "Bey Triadi Machmudin, S.E., M.T. (lahir 15 April 1970) adalah seorang birokrat Indonesia yang menjabat sebagai Deputi Bidang Protokol, Pers, dan Media Sekretariat Presiden Republik Indonesia sejak 2021, dan sekarang menjadi Penjabat Gubernur Jawa Barat sejak 5 September 2023.\n",
            "profilePic": "https://upload.wikimedia.org/wikipedia/commons/e/ee/Bey_Machmudin_20-9-2023.jpg",
            "title": "Gubernur (PJ)",
            "sites": {
                "name": "Wikipedia",
                "url": "https://id.wikipedia.org/wiki/Bey_Machmudin"
            },
            "communityID": "aa4ac592-2a66-4723-895f-d71a2d30e0a9"
        }
    ]
}