{
    "title": "Gubernur dan Wakil Gubernur Provinsi Nusa Tenggara Timur",
    "source": "https://id.wikipedia.org/wiki/Daftar_gubernur_dan_wakil_gubernur_di_Indonesia",
    "region": "Nusa Tenggara Timur",
    "level": "PROVINSI",
    "path": "provinsi-nusa-tenggara-timur",
    "communityID": "c0d47e64-883c-4f66-839b-372f3e50373b",
    "candidates": [
        {
            "name": "Ayodhia Kalake",
            "description": "Ayodhia Gehak Lakunamang Kalake, S.H., M.D.C. (lahir 18 November 1966)[1] adalah birokrat Indonesia yang menjabat sebagai Penjabat Gubernur Nusa Tenggara Timur sejak 5 September 2023. Ia juga menjabat Sekretaris Kementerian Koordinator Bidang Kemaritiman dan Investasi Republik Indonesia sejak 2022.\n",
            "profilePic": "https://upload.wikimedia.org/wikipedia/commons/6/67/Sekretaris_Kemenkomarves_RI_Ayodhia_GL_Kalake.png",
            "title": "Gubernur (PJ)",
            "sites": {
                "name": "Wikipedia",
                "url": "https://id.wikipedia.org/wiki/Ayodhia_Kalake"
            },
            "communityID": "c0d47e64-883c-4f66-839b-372f3e50373b"
        }
    ]
}