{
    "title": "Gubernur dan Wakil Gubernur Provinsi Bali",
    "source": "https://id.wikipedia.org/wiki/Daftar_gubernur_dan_wakil_gubernur_di_Indonesia",
    "region": "Bali",
    "level": "PROVINSI",
    "path": "provinsi-bali",
    "communityID": "f2a0a350-334a-4aae-bec7-c9d87ea3fd8b",
    "candidates": [
        {
            "name": "Sang Made Mahendra Jaya",
            "description": "Irjen. Pol. (Purn.) Drs. Sang Made Mahendra Jaya, M.H. (lahir 3 Juli 1966) adalah seorang perwira tinggi Polri yang sejak 5 September 2023 menjabat sebagai Penjabat Gubernur Bali.[1] Ia juga menjabat sebagai Staf Khusus Bidang Keamanan dan Hukum Menteri Dalam Negeri RI.\n",
            "profilePic": "https://upload.wikimedia.org/wikipedia/commons/thumb/a/a2/Gubernur_Bali_Sang_Made_Mahendra_Jaya.png/1200px-Gubernur_Bali_Sang_Made_Mahendra_Jaya.png",
            "title": "Gubernur (PJ)",
            "sites": {
                "name": "Wikipedia",
                "url": "https://id.wikipedia.org/wiki/Sang_Made_Mahendra_Jaya"
            },
            "communityID": "f2a0a350-334a-4aae-bec7-c9d87ea3fd8b"
        }
    ]
}