{
    "title": "Gubernur dan Wakil Gubernur Provinsi Jawa Tengah",
    "source": "https://id.wikipedia.org/wiki/Daftar_gubernur_dan_wakil_gubernur_di_Indonesia",
    "region": "Jawa Tengah",
    "level": "PROVINSI",
    "path": "provinsi-jawa-tengah",
    "communityID": "52e3b3b8-3f28-44ec-9017-8c57cc43bdf5",
    "candidates": [
        {
            "name": "Nana Sudjana",
            "description": "Komjen. Pol. (Purn.) Drs. Nana Sudjana, M.M. (lahir 26 Maret 1965) adalah seorang purnawirawan Polri yang kini menjabat sebagai Inspektur Utama Setjen DPR RI[1] dan sejak 5 September 2023 merangkap jabatan sebagai Penjabat Gubernur Jawa Tengah.\n",
            "profilePic": "https://upload.wikimedia.org/wikipedia/commons/thumb/e/e7/Nana_Sudjana_Pj._Gubernur_Jawa_Tengah.jpg/1200px-Nana_Sudjana_Pj._Gubernur_Jawa_Tengah.jpg",
            "title": "Gubernur (PJ)",
            "sites": {
                "name": "Wikipedia",
                "url": "https://id.wikipedia.org/wiki/Nana_Sudjana"
            },
            "communityID": "52e3b3b8-3f28-44ec-9017-8c57cc43bdf5"
        }
    ]
}