{
    "title": "Gubernur dan Wakil Gubernur Provinsi Aceh",
    "source": "https://id.wikipedia.org/wiki/Daftar_gubernur_dan_wakil_gubernur_di_Indonesia",
    "region": "Aceh",
    "level": "PROVINSI",
    "path": "provinsi-aceh",
    "communityID": "6696c4df-dbb6-454b-bca0-505ef7b3ef40",
    "candidates": [
        {
            "name": "Bustami Hamzah",
            "description": "Bustami Hamzah, S.E., M.Si. (lahir 22 Juli 1967 di Kabupaten Pidie) adalah seorang birokrat Indonesia yang sejak 13 Maret 2024 dilantik sebagai Penjabat Gubernur Aceh oleh Menteri Dalam Negeri Tito Karnavian.[1] Sebelumnya, ia merupakan Sekretaris Daerah Provinsi Aceh.[2]\n",
            "profilePic": "https://upload.wikimedia.org/wikipedia/commons/3/30/Bustami_Hamzah%2C_Pj._Gubernur_Aceh_%282024%29.jpg",
            "title": "Gubernur (PJ)",
            "sites": {
                "name": "Wikipedia",
                "url": "https://id.wikipedia.org/wiki/Bustami_Hamzah"
            },
            "communityID": "6696c4df-dbb6-454b-bca0-505ef7b3ef40"
        }
    ]
}