{
    "title": "Gubernur dan Wakil Gubernur Provinsi Papua Selatan",
    "source": "https://id.wikipedia.org/wiki/Daftar_gubernur_dan_wakil_gubernur_di_Indonesia",
    "region": "Papua Selatan",
    "level": "PROVINSI",
    "path": "provinsi-papua-selatan",
    "communityID": "2c4e11ff-a081-47dd-be86-944e59c60457",
    "candidates": [
        {
            "name": "Apolo Safanpo",
            "description": "Dr. Ir. Apolo Safanpo, S.T., M.T., IPM (lahir 24 April 1975) adalah seorang akademisi dan birokrat Indonesia yang menjabat sebagai Penjabat Gubernur Papua Selatan sejak 11 November 2022. Sebelumnya ia pernah mengemban tanggung jawab sebagai Staf Ahli Menteri Dalam Negeri Bidang Pemerintahan.\n",
            "profilePic": "https://upload.wikimedia.org/wikipedia/commons/0/04/Apolo_Safanpo%2C_sebagai_penjabat_gubernur_Papua_Selatan.jpg",
            "title": "Gubernur (PJ)",
            "sites": {
                "name": "Wikipedia",
                "url": "https://id.wikipedia.org/wiki/Apolo_Safanpo"
            },
            "communityID": "2c4e11ff-a081-47dd-be86-944e59c60457"
        }
    ]
}