{
    "title": "Gubernur dan Wakil Gubernur Provinsi Papua Barat",
    "source": "https://id.wikipedia.org/wiki/Daftar_gubernur_dan_wakil_gubernur_di_Indonesia",
    "region": "Papua Barat",
    "level": "PROVINSI",
    "path": "provinsi-papua-barat",
    "communityID": "a8d1abf4-8776-44a6-8bc3-4cdc4de89cf1",
    "candidates": [
        {
            "name": "Ali Baham Temongmere",
            "description": "Drs. H. Ali Baham Temongmere, M.T.P. (lahir 12 Juni 1967) adalah seorang birokrat Indonesia yang sedang menjabat sebagai Penjabat Gubernur Papua Barat.[2] Tepat sehari sebelum menjabat penjabat Gubernur Papua Barat, ia diangkat menjadi Sekda Provinsi Papua Barat. Ia adalah putra asli Mbaham asal Fakfak yang memulai karir dalam bidang pemerintahan (menjadi PNS) pada tahun 1986. Setelah itu ia lulus tes masuk IPDN pada tahun 1989 dan meraih gelar Sarjana Ilmu Pemerintahan. Selepas itu ia menjabat sebagai staf bagian tata usaha di sekretariat daerah Kabupaten Fakfak hingga tahun 1995. Setelah itu ia menjabat sebagai kepala distrik (Camat) Teluk Arguni hingga tahun 1998. Selepas menjadi kepala distrik ia mendapat tugas belajar ke Universitas Gajah Mada mengambil jurusan Magister perencanaan kota dan daerah hingga lulus tahun 2000.[1]\n",
            "profilePic": "https://upload.wikimedia.org/wikipedia/commons/thumb/9/9f/Ali_Baham_Temongmere.jpg/1200px-Ali_Baham_Temongmere.jpg",
            "title": "Gubernur (PJ)",
            "sites": {
                "name": "Wikipedia",
                "url": "https://id.wikipedia.org/wiki/Ali_Baham_Temongmere"
            },
            "communityID": "a8d1abf4-8776-44a6-8bc3-4cdc4de89cf1"
        }
    ]
}