{
    "title": "Gubernur dan Wakil Gubernur Provinsi Sumatra Selatan",
    "source": "https://id.wikipedia.org/wiki/Daftar_gubernur_dan_wakil_gubernur_di_Indonesia",
    "region": "Sumatera Selatan",
    "level": "PROVINSI",
    "path": "provinsi-sumatra-selatan",
    "communityID": "d4123838-7cd1-403b-b1f6-15956fe7e3c2",
    "candidates": [
        {
            "name": "Agus Fatoni",
            "description": "Dr. Drs. H. Agus Fatoni, M.Si. (lahir 6 Juni 1972) adalah birokrat Indonesia yang menjabat sebagai Penjabat Gubernur Sumatera Selatan sejak Oktober 2023.[1] Sebelumnya Fatoni menjabat sebagai Direktur Jenderal Bina Keuangan Daerah di Kementerian Dalam Negeri Republik Indonesia.[2] dan merangkap sebagai Penjabat Gubernur Sumatera Selatan.[1]\n",
            "profilePic": "https://upload.wikimedia.org/wikipedia/commons/thumb/d/d9/Agusfatoni-left.jpg/1200px-Agusfatoni-left.jpg",
            "title": "Gubernur (PJ)",
            "sites": {
                "name": "Wikipedia",
                "url": "https://id.wikipedia.org/wiki/Agus_Fatoni"
            },
            "communityID": "d4123838-7cd1-403b-b1f6-15956fe7e3c2"
        }
    ]
}