{
    "title": "Gubernur dan Wakil Gubernur Provinsi Papua Barat Daya",
    "source": "https://id.wikipedia.org/wiki/Daftar_gubernur_dan_wakil_gubernur_di_Indonesia",
    "region": "Papua Barat Daya",
    "level": "PROVINSI",
    "path": "provinsi-papua-barat-daya",
    "communityID": "34fc83fd-4244-472f-ba6c-714366f09787",
    "candidates": [
        {
            "name": "Muhammad Musa'ad",
            "description": "Prof. Dr. Mohammad Musa'ad, M.Si. (lahir 22 Juli 1965) adalah seorang akademisi dan birokrat Indonesia yang saat ini menjabat sebagai Penjabat Gubernur Papua Barat Daya sejak 9 Desember 2022. Sebelumnya ia pernah mengemban jabatan sebagai Asisten Pembangunan dan Kesejahteraan Rakyat (Kesra) Sekda Provinsi Papua. Musa'ad juga merupakan seorang akademisi di Universitas Cenderawasih (Uncen) Papua.[1]\n",
            "profilePic": "https://upload.wikimedia.org/wikipedia/commons/thumb/f/fa/PJ_Gubernur_Muhammad_Musaad.png/1200px-PJ_Gubernur_Muhammad_Musaad.png",
            "title": "Gubernur (PJ)",
            "sites": {
                "name": "Wikipedia",
                "url": "https://id.wikipedia.org/wiki/Muhammad_Musa%27ad"
            },
            "communityID": "34fc83fd-4244-472f-ba6c-714366f09787"
        }
    ]
}