{
    "title": "Gubernur dan Wakil Gubernur Provinsi Maluku",
    "source": "https://id.wikipedia.org/wiki/Daftar_gubernur_dan_wakil_gubernur_di_Indonesia",
    "region": "Maluku",
    "level": "PROVINSI",
    "path": "provinsi-maluku",
    "communityID": "c968b6ac-6876-40b3-86af-0e4ec38d22b4",
    "candidates": [
        {
            "name": "Sadali Ie",
            "description": "Ir. Sadali Ie, M.Si., IPU. adalah seorang politikus Indonesia kelahiran Maluku. Ia resmi menjadi Penjabat (Pj.) Gubernur Maluku setelah berakhirnya periode masa kepemimpinan Murad-Orno. Dijelaskan Menteri Tito Karnavian berdasarkan Keputusan Presiden RI Nomor 51/P Tahun 2024, Sadali diangkat sebagai Penjabat Gubernur Maluku, terhitung sejak saat pelantikan untuk masa jabatan paling lama satu tahun masa jabatan.[1]\n",
            "profilePic": "https://upload.wikimedia.org/wikipedia/commons/d/d2/Sadali_le.jpg",
            "title": "Gubernur (PJ)",
            "sites": {
                "name": "Wikipedia",
                "url": "https://id.wikipedia.org/wiki/Sadali_Ie"
            },
            "communityID": "c968b6ac-6876-40b3-86af-0e4ec38d22b4"
        }
    ]
}