{
    "title": "Pemilihan umum Bupati Bungo 2024",
    "region": "Bungo",
    "level": "KABUPATEN",
    "path": "kabupaten-bungo",
    "source": "https://id.wikipedia.org/wiki/Pemilihan_umum_Bupati_Bungo_2024",
    "communityID": "bba7b89c-13f6-4875-94df-92d872441f70",
    "candidates": [
        {
            "name": "Dedy Putra",
            "description": "",
            "profilePic": "",
            "title": "Mantan Anggota DPRD Provinsi Jambi 2009-2014",
            "sites": {},
            "communityID": "bba7b89c-13f6-4875-94df-92d872441f70"
        },
        {
            "name": "Sudirman Zaini",
            "description": "H. Sudirman Zaini, S.H., M.H. (lahir 25 Agustus 1952) adalah Bupati Bungo periode 2011-2016.[1] Sebelumnya, Ia pernah menjabat sebagai Wakil Bupati Bungo periode 2006-2011 mendampingi, Zulfikar Achmad.\n",
            "profilePic": "https://upload.wikimedia.org/wikipedia/commons/4/4a/Bupati_Bungo_Sudirman.jpg",
            "title": "Mantan Bupati Bungo 2011-2016",
            "sites": {
                "name": "Wikipedia",
                "url": "https://id.wikipedia.org/wiki/Sudirman_Zaini"
            },
            "communityID": "bba7b89c-13f6-4875-94df-92d872441f70"
        },
        {
            "name": "Ria Mayang Sari",
            "description": "Ria Mayang Sari, S.H., M.H. (lahir 29 Maret 1986) adalah senator Indonesia dari provinsi Jambi. Ia terpilih sebagai anggota DPD RI periode 2019\u20132024 dengan perolehan suara terbanyak di provinsi Jambi, yakni sebesar 241.365 suara.[2] Sebelumnya, Ria adalah ketua DPRD Kabupaten Bungo periode 2014-2019.[3] Ia merupakan putri dari mantan Gubernur Jambi, Fachrori Umar.\n",
            "profilePic": "https://upload.wikimedia.org/wikipedia/commons/4/48/Ria_Mayang_Sari.jpg",
            "title": "Anggota DPD RI",
            "sites": {
                "name": "Wikipedia",
                "url": "https://id.wikipedia.org/wiki/Ria_Mayang_Sari"
            },
            "communityID": "bba7b89c-13f6-4875-94df-92d872441f70"
        },
        {
            "name": "Sapriadi",
            "description": "Mayor Jenderal TNI (Purn.) Sapriadi, S.I.P., M.Si. (lahir 20 Februari 1965) adalah seorang Purnawirawan TNI-AD yang terakhir menjabat sebagai Pa Sahli Tk. III Kasad Bidang Intekmil dan Siber.[1]\n",
            "profilePic": "",
            "title": "Purnawirawan TNI-AD",
            "sites": {
                "name": "Wikipedia",
                "url": "https://id.wikipedia.org/wiki/Sapriadi"
            },
            "communityID": "bba7b89c-13f6-4875-94df-92d872441f70"
        },
        {
            "name": "Muhammad Syafi'i",
            "description": "Komjen. Pol. (Purn.) H. Muhammad Syafii, S.H.[1] (lahir 15 Mei 1962) adalah seorang Purnawirawan Perwira Tinggi Polri yang terakhir menjabat sebagai Analis Kebijakan Utama Bidang Informasi Kriminal Nasional Badan Reserse Kriminal Kepolisian Negara Republik Indonesia.[2]\n",
            "profilePic": "",
            "title": "Purnawirawan Perwira Tinggi Polri",
            "sites": {
                "name": "Wikipedia",
                "url": "https://id.wikipedia.org/wiki/Muhammad_Syafi%27i_(polisi)"
            },
            "communityID": "bba7b89c-13f6-4875-94df-92d872441f70"
        },
        {
            "name": "Safrudin Dwi Apriyanto",
            "description": "",
            "profilePic": "",
            "title": "Wakil Bupati Bungo",
            "sites": {},
            "communityID": "bba7b89c-13f6-4875-94df-92d872441f70"
        },
        {
            "name": "Verawaty Mashuri",
            "description": "",
            "profilePic": "",
            "title": "Ketua TP PKK Kab Bungo dan Istri Bupati Bungo",
            "sites": {},
            "communityID": "bba7b89c-13f6-4875-94df-92d872441f70"
        },
        {
            "name": "Muhammad Harrifar Syafar",
            "description": "",
            "profilePic": "",
            "title": "Ajudan Pribadi Menhan",
            "sites": {},
            "communityID": "bba7b89c-13f6-4875-94df-92d872441f70"
        },
        {
            "name": "Eko Putra Hoessin Saad",
            "description": "",
            "profilePic": "",
            "title": "Mantan Kadis LH Kab Bungo dan Anak Mantan Bupati Bungo Tebo",
            "sites": {},
            "communityID": "bba7b89c-13f6-4875-94df-92d872441f70"
        },
        {
            "name": "Riduwan Ibrahim",
            "description": "",
            "profilePic": "",
            "title": "Pengusaha dan Adik Ipar Mantan Gubernur Jambi",
            "sites": {},
            "communityID": "bba7b89c-13f6-4875-94df-92d872441f70"
        },
        {
            "name": "Jumiwan Aguza",
            "description": "",
            "profilePic": "",
            "title": "Wakil Ketua I DPRD Bungo",
            "sites": {},
            "communityID": "bba7b89c-13f6-4875-94df-92d872441f70"
        }
    ]
}