{
    "title": "Pemilihan umum Bupati Karo 2024",
    "region": "Karo",
    "level": "KABUPATEN",
    "path": "kabupaten-karo",
    "source": "https://id.wikipedia.org/wiki/Pemilihan_umum_Bupati_Karo_2024",
    "communityID": "daa07be5-f157-453b-bb4e-b165e4b28d02",
    "candidates": [
        {
            "name": "Abetnego Tarigan",
            "description": "",
            "profilePic": "",
            "title": "Deputi II Kepala Staf Kepresidenan",
            "sites": {},
            "communityID": "daa07be5-f157-453b-bb4e-b165e4b28d02"
        },
        {
            "name": "Cory Sriwaty Sebayang",
            "description": "Cory Sriwaty Sebayang[1] (lahir 21 Maret 1952) adalah politikus yang menjabat Bupati Karo periode 2021\u20142026. Bersama wakilnya, Theopilus Ginting, mereka berhasil memenangkan pemilihan umum Bupati Karo 2020. Sebelumnya ia menjabat Wakil Bupati Karo periode 2016\u20142021.[2] Ia adalah wakil dari Bupati Karo, Terkelin Brahmana.\n",
            "profilePic": "https://upload.wikimedia.org/wikipedia/commons/3/33/Cory_Sriwaty_Sebayang_2021.png",
            "title": "Bupati Karo",
            "sites": {
                "name": "Wikipedia",
                "url": "https://id.wikipedia.org/wiki/Cory_Sriwaty_Sebayang"
            },
            "communityID": "daa07be5-f157-453b-bb4e-b165e4b28d02"
        },
        {
            "name": "Theopilus Ginting",
            "description": "Theopilus Ginting (lahir 26 Juni 1978) adalah Wakil Bupati Karo periode 2021\u20142024. Ia adalah wakil dari Bupati Karo, Cory Sriwaty Sebayang.[1]\n",
            "profilePic": "https://upload.wikimedia.org/wikipedia/commons/2/29/Theopilus_Ginting_2021.png",
            "title": "Wakil Bupati Karo",
            "sites": {
                "name": "Wikipedia",
                "url": "https://id.wikipedia.org/wiki/Theopilus_Ginting"
            },
            "communityID": "daa07be5-f157-453b-bb4e-b165e4b28d02"
        },
        {
            "name": "Iwan Sembiring Depari",
            "description": "Partai Gerakan Indonesia Raya\n",
            "profilePic": "https://upload.wikimedia.org/wikipedia/commons/thumb/5/59/Lokasi_Sumatra_Utara_Kabupaten_Karo.svg/1200px-Lokasi_Sumatra_Utara_Kabupaten_Karo.svg.png",
            "title": "Advokat",
            "sites": {
                "name": "Wikipedia",
                "url": "https://id.wikipedia.org/wiki/Iwan_Sembiring_Depari"
            },
            "communityID": "daa07be5-f157-453b-bb4e-b165e4b28d02"
        },
        {
            "name": "Iriani Br. Tarigan",
            "description": "",
            "profilePic": "",
            "title": "Ketua DPRD Kab. Karo",
            "sites": {},
            "communityID": "daa07be5-f157-453b-bb4e-b165e4b28d02"
        },
        {
            "name": "Imanuel Sembiring",
            "description": "",
            "profilePic": "",
            "title": "Anggota DPRD Kab. Karo",
            "sites": {},
            "communityID": "daa07be5-f157-453b-bb4e-b165e4b28d02"
        },
        {
            "name": "Ingan Amin Barus",
            "description": "",
            "profilePic": "",
            "title": "Anggota DPRD Sumut",
            "sites": {},
            "communityID": "daa07be5-f157-453b-bb4e-b165e4b28d02"
        },
        {
            "name": "Siti Aminah Perangin-angin",
            "description": "",
            "profilePic": "",
            "title": "Mantan Ketua DPRD Kab. Karo",
            "sites": {},
            "communityID": "daa07be5-f157-453b-bb4e-b165e4b28d02"
        },
        {
            "name": "Han Fernandes Sinulingga",
            "description": "",
            "profilePic": "",
            "title": "Politisi PDIP",
            "sites": {},
            "communityID": "daa07be5-f157-453b-bb4e-b165e4b28d02"
        }
    ]
}