{
    "title": "Pemilihan umum Bupati Labuhanbatu Selatan 2024",
    "region": "Labuhanbatu Selatan",
    "level": "KABUPATEN",
    "path": "kabupaten-labuhanbatu-selatan",
    "source": "https://id.wikipedia.org/wiki/Pemilihan_umum_Bupati_Labuhanbatu_Selatan_2024",
    "communityID": "cde3b16d-1e26-4849-bfd5-cea151d6e7a0",
    "candidates": [
        {
            "name": "Edimin",
            "description": "H. Edimin atau yang akrab disapa Asiong ini (lahir 21 April 1972) adalah seorang Pengusaha sekaligus Politisi yang sekarang menjabat sebagai Bupati Labuhanbatu Selatan periode 2021-2026. Ia maju sebagai calon bupati bersama pasangannya yaitu Ahmad Padli Tanjung dalam pemilu 2020 yang diusung 2 partai yaitu PDIP dan PKPI. Ia juga sebelumnya pernah menjadi Anggota DPRD Kabupaten Labuhan Batu Selatan periode 2014-2016 &  2019-2020 dari fraksi partai Hanura. \n",
            "profilePic": "https://upload.wikimedia.org/wikipedia/commons/3/3e/Bupati_Labuhanbatu_Selatan_H._Edimin.jpg",
            "title": "Bupati Labuhanbatu Selatan",
            "sites": {
                "name": "Wikipedia",
                "url": "https://id.wikipedia.org/wiki/Edimin"
            },
            "communityID": "cde3b16d-1e26-4849-bfd5-cea151d6e7a0"
        },
        {
            "name": "Ahmad Padli Tanjung",
            "description": "H. Ahmad Padli Tanjung,S.Ag (lahir di Marsonja, Sungai Kanan, Labuhanbatu Selatan,Sumatera Utara, 20 April 1970; umur 51 tahun) adalah seorang Muballigh dan Politisi yang sekarang menjabat sebagai Wakil Bupati Labuhanbatu Selatan periode 2021-2024. Ia adalah wakil dari Bupati Labuhanbatu Selatan yaitu Edimin.\n",
            "profilePic": "https://upload.wikimedia.org/wikipedia/commons/7/75/Wakil_Bupati_Labuhanbatu_Selatan_Ahmad_Fadli_Tanjung.jpg",
            "title": "Wakil Bupati Labuhanbatu Selatan",
            "sites": {
                "name": "Wikipedia",
                "url": "https://id.wikipedia.org/wiki/Ahmad_Padli_Tanjung"
            },
            "communityID": "cde3b16d-1e26-4849-bfd5-cea151d6e7a0"
        },
        {
            "name": "Hasnah Harahap",
            "description": "Partai Amanat Nasional\n",
            "profilePic": "https://upload.wikimedia.org/wikipedia/commons/thumb/6/62/Lokasi_Sumatra_Utara_Kabupaten_Labuhanbatu_Selatan.svg/1200px-Lokasi_Sumatra_Utara_Kabupaten_Labuhanbatu_Selatan.svg.png",
            "title": "Mantan Ketua TP-PKK Labuhanbatu Selatan",
            "sites": {
                "name": "Wikipedia",
                "url": "https://id.wikipedia.org/wiki/Hasnah_Harahap"
            },
            "communityID": "cde3b16d-1e26-4849-bfd5-cea151d6e7a0"
        },
        {
            "name": "Ari Wibowo.",
            "description": "",
            "profilePic": "",
            "title": "Anggota DPRD Sumut",
            "sites": {},
            "communityID": "cde3b16d-1e26-4849-bfd5-cea151d6e7a0"
        },
        {
            "name": "Muhammad Gandhi Faisal Siregar",
            "description": "",
            "profilePic": "",
            "title": "Anggota DPRD Sumut",
            "sites": {},
            "communityID": "cde3b16d-1e26-4849-bfd5-cea151d6e7a0"
        },
        {
            "name": "Arwi Winata",
            "description": "",
            "profilePic": "",
            "title": "Mantan Wakil Ketua DPRD Kabupaten Labusel",
            "sites": {},
            "communityID": "cde3b16d-1e26-4849-bfd5-cea151d6e7a0"
        },
        {
            "name": "Syahdian Purba Siboro",
            "description": "",
            "profilePic": "",
            "title": "Wakil Ketua DPRD Kabupaten labusel",
            "sites": {},
            "communityID": "cde3b16d-1e26-4849-bfd5-cea151d6e7a0"
        }
    ]
}