{
    "title": "Pemilihan umum Bupati Bandung Barat 2024",
    "region": "Bandung Barat",
    "level": "KABUPATEN",
    "path": "kabupaten-bandung-barat",
    "source": "https://id.wikipedia.org/wiki/Pemilihan_umum_Bupati_Bandung_Barat_2024",
    "communityID": "3a989b7c-aa9b-417e-a161-7ac9be35303e",
    "candidates": [
        {
            "name": "Hengky Kurniawan",
            "description": "Hengky Kurniawan[1] (lahir 21 Oktober 1982) adalah artis, model dan politikus Indonesia yang saat ini menjabat sebagai Bupati Bandung Barat sisa masa jabatan 2018\u20132023.[2] Sebelumnya ia menjabat sebagai Wakil Bupati Bandung Barat, dan sekarang menjabat sebagai Bupati Bandung Barat menggantikan Bupati sebelumnya, Aa Umbara Sutisna yang tersandung kasus korupsi.\n",
            "profilePic": "https://upload.wikimedia.org/wikipedia/commons/d/d1/KPU_Hengky_Kurniawan.jpg",
            "title": "Bakal Calon Bupati",
            "sites": {
                "name": "Wikipedia",
                "url": "https://id.wikipedia.org/wiki/Hengky_Kurniawan"
            },
            "communityID": "3a989b7c-aa9b-417e-a161-7ac9be35303e"
        }
    ]
}