{
    "title": "Pemilihan umum Bupati Konawe Selatan 2024",
    "region": "Konawe Selatan",
    "level": "KABUPATEN",
    "path": "kabupaten-konawe-selatan",
    "source": "https://id.wikipedia.org/wiki/Pemilihan_umum_Bupati_Konawe_Selatan_2024",
    "communityID": "0f68f0d3-22e2-46a9-9f5e-d4e790bcfcf5",
    "candidates": [
        {
            "name": "Rasyid",
            "description": "Rasyid adalah seorang politikus Indonesia. Pada Pemilihan umum Bupati Konawe Selatan 2020, ia terpilih menjadi Wakil Bupati Konawe Selatan mendampingi Surunuddin Dangga selaku Bupati Konawe Selatan. Ia tergabung dalam Partai Keadilan Sejahtera (PKS).[1] Ia merupakan anggota Dewan Perwakilan Rakyat Daerah (DPRD) Provinsi Sulawesi Tenggara dari 2004 sampai 2024 dan berada di Komisi II PKS.[2]\n",
            "profilePic": "https://upload.wikimedia.org/wikipedia/commons/c/c3/Wakil_Bupati_Kabupaten_Konawe_Selatan_Rasyid.png",
            "title": "Wakil Bupati Konawe Selatan",
            "sites": {
                "name": "Wikipedia",
                "url": "https://id.wikipedia.org/wiki/Rasyid"
            },
            "communityID": "0f68f0d3-22e2-46a9-9f5e-d4e790bcfcf5"
        },
        {
            "name": "Muhammad Endang",
            "description": "",
            "profilePic": "",
            "title": "Mantan Wakil Ketua DPRD Sultra",
            "sites": {},
            "communityID": "0f68f0d3-22e2-46a9-9f5e-d4e790bcfcf5"
        },
        {
            "name": "Nurlin Surunuddin",
            "description": "",
            "profilePic": "",
            "title": "Anggota DPRD Sultra",
            "sites": {},
            "communityID": "0f68f0d3-22e2-46a9-9f5e-d4e790bcfcf5"
        },
        {
            "name": "Wahyu Ade Pratama Imran",
            "description": "",
            "profilePic": "",
            "title": "Ketua DPC Gerindra Kabupaten Konawe",
            "sites": {},
            "communityID": "0f68f0d3-22e2-46a9-9f5e-d4e790bcfcf5"
        },
        {
            "name": "Mahar Buburanda Imran",
            "description": "",
            "profilePic": "",
            "title": "Mantan Kepala Dinas Pariwisata Konsel",
            "sites": {},
            "communityID": "0f68f0d3-22e2-46a9-9f5e-d4e790bcfcf5"
        },
        {
            "name": "Leni Andriani",
            "description": "",
            "profilePic": "",
            "title": "Putri Bupati Konawe Selatan Surunuddin Dangga",
            "sites": {},
            "communityID": "0f68f0d3-22e2-46a9-9f5e-d4e790bcfcf5"
        },
        {
            "name": "Irham Kalenggo",
            "description": "",
            "profilePic": "",
            "title": "Ketua DPRD Konawe Selatan",
            "sites": {},
            "communityID": "0f68f0d3-22e2-46a9-9f5e-d4e790bcfcf5"
        },
        {
            "name": "Nadira",
            "description": "",
            "profilePic": "",
            "title": "Anggota DPRD Konawe Selatan",
            "sites": {},
            "communityID": "0f68f0d3-22e2-46a9-9f5e-d4e790bcfcf5"
        },
        {
            "name": "Radhan Nur Alam",
            "description": "",
            "profilePic": "",
            "title": "Putra Mantan Gubernur Sultra Nur Alam",
            "sites": {},
            "communityID": "0f68f0d3-22e2-46a9-9f5e-d4e790bcfcf5"
        },
        {
            "name": "Adi Jaya Putra",
            "description": "",
            "profilePic": "",
            "title": "Ketua KONI Konawe Selatan",
            "sites": {},
            "communityID": "0f68f0d3-22e2-46a9-9f5e-d4e790bcfcf5"
        },
        {
            "name": "Armal",
            "description": "",
            "profilePic": "",
            "title": "Wakil Ketua DPRD Konawe Selatan",
            "sites": {},
            "communityID": "0f68f0d3-22e2-46a9-9f5e-d4e790bcfcf5"
        }
    ]
}