{
    "title": "Pemilihan umum Bupati Mamberamo Tengah 2024",
    "region": "Mamberamo Tengah",
    "level": "KABUPATEN",
    "path": "kabupaten-mamberamo-tengah",
    "source": "https://id.wikipedia.org/wiki/Pemilihan_umum_Bupati_Mamberamo_Tengah_2024",
    "communityID": "d98528aa-cf5c-4f4d-9c7f-6b911543c942",
    "candidates": [
        {
            "name": "Berius Kogoya",
            "description": "",
            "profilePic": "",
            "title": "Ketua DPC Partai Demokrat Kabupaten Mamberamo Tengah",
            "sites": {},
            "communityID": "d98528aa-cf5c-4f4d-9c7f-6b911543c942"
        }
    ]
}