{
    "title": "Pemilihan umum Bupati Bone 2024",
    "region": "Bone",
    "level": "KABUPATEN",
    "path": "kabupaten-bone",
    "source": "https://id.wikipedia.org/wiki/Pemilihan_umum_Bupati_Bone_2024",
    "communityID": "2ef140d1-0632-41a6-998d-d52e1ff2b01b",
    "candidates": [
        {
            "name": "Ambo Dalle",
            "description": "A.G.H. Abdurrahman Ambo Dalle (1900 \u2013 29 November 1996) adalah ulama Indonesia dari Sulawesi Selatan yang mendirikan organisasi keislaman Darud Da'wah wal Irsyad dan Pondok Pesantren Darud Da'wah wal Irsyad Mangkoso.\n",
            "profilePic": "",
            "title": "Wakil Bupati Bone (2013\u20132018; 2018\u20132023)",
            "sites": {
                "name": "Wikipedia",
                "url": "https://id.wikipedia.org/wiki/Ambo_Dalle"
            },
            "communityID": "2ef140d1-0632-41a6-998d-d52e1ff2b01b"
        },
        {
            "name": "Nurdin Halid",
            "description": "Prof. Dr. (H.C.)  Drs. H. A. M. Nurdin Halid (lahir 17 November 1958) adalah seorang pengusaha, politikus dan administrator sepak bola Indonesia. Ia adalah Ketua Umum PSSI periode 2003\u20142011 dan pernah menjadi anggota DPR-RI dari Partai Golkar pada tahun 1999\u20142004.\n",
            "profilePic": "https://upload.wikimedia.org/wikipedia/commons/thumb/5/56/Nurdin_Halid.jpg/1200px-Nurdin_Halid.jpg",
            "title": "Waketum DPP Golkar",
            "sites": {
                "name": "Wikipedia",
                "url": "https://id.wikipedia.org/wiki/Nurdin_Halid"
            },
            "communityID": "2ef140d1-0632-41a6-998d-d52e1ff2b01b"
        },
        {
            "name": "Afifuddin Kalla",
            "description": "",
            "profilePic": "",
            "title": "Mantan Ketua Umum BPD HIPMI Jaya",
            "sites": {},
            "communityID": "2ef140d1-0632-41a6-998d-d52e1ff2b01b"
        },
        {
            "name": "Muhammad Sapri Pamulu",
            "description": "",
            "profilePic": "",
            "title": "Direktur Utama PT. INDAH KARYA (BUMN)",
            "sites": {},
            "communityID": "2ef140d1-0632-41a6-998d-d52e1ff2b01b"
        },
        {
            "name": "Andi Akmal Pasluddin",
            "description": "Andi Akmal Pasluddin (lahir 30 Desember 1974) adalah seorang politikus Indonesia yang saat ini menjabat sebagai Anggota DPR-RI sejak 2014. Ia mewakili daerah pemilihan Sulawesi Selatan II. Andi Akmal merupakan kader Partai Keadilan Sejahtera dan duduk di Komisi IV.[1]\n",
            "profilePic": "https://upload.wikimedia.org/wikipedia/commons/1/1f/DPR_Andi_Akmal_Pasluddin.jpg",
            "title": "Anggota DPR-RI (2019-2024)",
            "sites": {
                "name": "Wikipedia",
                "url": "https://id.wikipedia.org/wiki/Andi_Akmal_Pasluddin"
            },
            "communityID": "2ef140d1-0632-41a6-998d-d52e1ff2b01b"
        },
        {
            "name": "Andi Islamuddin",
            "description": "Andi Islamuddin (lahir 20 Oktober 1970) adalah seorang birokrat Indonesia. Ia sempat menjabat sebagai Sekwilcam Dua Boccoe, Camat Ajangale, Camat Tanete Riattang Barat, Kabid Pemerintahan Badan Lintas Kabupaten/Kota Provinsi Sulsel. Dia juga pernah menjabat sebagai Sekretaris Badan Lintas Kabupaten/Kota Provinsi Sulsel dan Kepala BKPSDM Kabupaten Bone, Ketua Dewan Pengurus Korpri Kabupaten Bone, Ketua Dekopinda Kabupaten Bone, Ketua Himpunan Alumni SMP 1 Kabupaten Bone, dan Ketua Harian Alumni SMA 1 Bone. Pada 2023, ia diangkat menjadi pelaksana tugas bupati Bone.[1]\n",
            "profilePic": "https://upload.wikimedia.org/wikipedia/commons/4/4f/Andi_Islamuddin.jpg",
            "title": "Penjabat Bupati Bone (2024)",
            "sites": {
                "name": "Wikipedia",
                "url": "https://id.wikipedia.org/wiki/Andi_Islamuddin"
            },
            "communityID": "2ef140d1-0632-41a6-998d-d52e1ff2b01b"
        },
        {
            "name": "Andi ikhwan burhanuddin",
            "description": "",
            "profilePic": "",
            "title": "Bakal Calon Bupati",
            "sites": {},
            "communityID": "2ef140d1-0632-41a6-998d-d52e1ff2b01b"
        },
        {
            "name": "Andi Rio Idris Padjalangi",
            "description": "H. Andi Rio Idris Padjalangi, S.H., M.Kn. (lahir 13 Maret 1973) adalah seorang notaris dan politikus Indonesia yang saat ini menjabat sebagai Anggota DPR-RI selama tiga periode sejak 2009. Ia mewakili daerah pemilihan Sulawesi Selatan II. Rio merupakan kader Partai Golongan Karya dan duduk di Komisi III.[1][2]\n",
            "profilePic": "https://upload.wikimedia.org/wikipedia/commons/5/5a/Anggota_DPR_Andi_Rio_Idris_Padjalangi.jpg",
            "title": "Anggota DPR-RI (2019-2024)",
            "sites": {
                "name": "Wikipedia",
                "url": "https://id.wikipedia.org/wiki/Andi_Rio_Idris_Padjalangi"
            },
            "communityID": "2ef140d1-0632-41a6-998d-d52e1ff2b01b"
        }
    ]
}