{
    "title": "Pemilihan umum Bupati Serdang Bedagai 2024",
    "region": "Serdang Bedagai",
    "level": "KABUPATEN",
    "path": "kabupaten-serdang-bedagai",
    "source": "https://id.wikipedia.org/wiki/Pemilihan_umum_Bupati_Serdang_Bedagai_2024",
    "communityID": "17a29bb2-e47d-4364-b888-84e4e4a2544b",
    "candidates": [
        {
            "name": "Darma Wijaya",
            "description": "H. Darma Wijaya Harahap gelar Tongku Pinayungan Nagori Harahap atau yang lebih akrab dengan nama panggilan \"Wiwik\" (lahir 1 Agustus 1972)[1] adalah politikus Indonesia yang menjabat Bupati Serdang Bedagai periode 2021\u20142024. Wiwik pernah menjabat sebagai Wakil Bupati Serdang Bedagai periode 2016\u20142021.[2]\n",
            "profilePic": "https://upload.wikimedia.org/wikipedia/commons/5/5e/Darma_Wijaya_2021.png",
            "title": "Bupati Serdang Berdagai",
            "sites": {
                "name": "Wikipedia",
                "url": "https://id.wikipedia.org/wiki/Darma_Wijaya"
            },
            "communityID": "17a29bb2-e47d-4364-b888-84e4e4a2544b"
        },
        {
            "name": "Adlin Umar Yusri Tambunan",
            "description": "H. Adlin Umar Yusri Tambunan, S.T., M.S.P. (lahir 5 Agustus 1987) adalah Wakil Bupati Serdang Bedagai periode 2021\u20132024.[1] Ia adalah wakil dari Bupati Serdang Bedagai, Darma Wijaya.\n",
            "profilePic": "https://upload.wikimedia.org/wikipedia/commons/6/64/Wakil_Bupati_Serdang_Bedagai_Adlin_Tambunan.png",
            "title": "Wakil Bupati Serdang Berdagai",
            "sites": {
                "name": "Wikipedia",
                "url": "https://id.wikipedia.org/wiki/Adlin_Umar_Yusri_Tambunan"
            },
            "communityID": "17a29bb2-e47d-4364-b888-84e4e4a2544b"
        },
        {
            "name": "Soekirman",
            "description": "Ir. H. Soekirman[1] (lahir 6 April 1955) adalah Mantan Bupati Serdang Bedagai 2 periode yakni 2013\u20142015 dan 2016\u20142021.\n",
            "profilePic": "https://upload.wikimedia.org/wikipedia/id/e/ef/Bupati-Sergai-Ir.-H.jpg",
            "title": "Mantan Bupati Serdang Berdagai",
            "sites": {
                "name": "Wikipedia",
                "url": "https://id.wikipedia.org/wiki/Soekirman"
            },
            "communityID": "17a29bb2-e47d-4364-b888-84e4e4a2544b"
        },
        {
            "name": "Syahrianto",
            "description": "Syahrianto, S.H. (lahir 4 September 1972) adalah Wakil Bupati Serdang Bedagai periode 2014\u20142016. Ia adalah wakil dari Bupati Serdang Bedagai, Soekirman.\n",
            "profilePic": "https://upload.wikimedia.org/wikipedia/id/0/01/Syahrianto_Wakil_Bupati_Serdang_Bedagai.jpg",
            "title": "Mantan Wakil Bupati Serdang Berdagai",
            "sites": {
                "name": "Wikipedia",
                "url": "https://id.wikipedia.org/wiki/Syahrianto"
            },
            "communityID": "17a29bb2-e47d-4364-b888-84e4e4a2544b"
        },
        {
            "name": "M. Ilham Ritonga",
            "description": "",
            "profilePic": "",
            "title": "Ketua DPRD Kab. Serdang Bedagai",
            "sites": {},
            "communityID": "17a29bb2-e47d-4364-b888-84e4e4a2544b"
        },
        {
            "name": "M. Riski Ramadhan Hasibuan",
            "description": "",
            "profilePic": "",
            "title": "Mantan Ketua DPRD Kab. Serdang Bedagai",
            "sites": {},
            "communityID": "17a29bb2-e47d-4364-b888-84e4e4a2544b"
        },
        {
            "name": "Yanti Handayani Siregar",
            "description": "",
            "profilePic": "",
            "title": "Anggota DPRD Kab. Serdang Bedagai",
            "sites": {},
            "communityID": "17a29bb2-e47d-4364-b888-84e4e4a2544b"
        },
        {
            "name": "Ali M Madhy",
            "description": "",
            "profilePic": "",
            "title": "Ketua DPD Golkar Serdang Bedagai",
            "sites": {},
            "communityID": "17a29bb2-e47d-4364-b888-84e4e4a2544b"
        },
        {
            "name": "Joni Walker Manik",
            "description": "",
            "profilePic": "",
            "title": "Ketua DPD Nasdem Serdang Bedagai",
            "sites": {},
            "communityID": "17a29bb2-e47d-4364-b888-84e4e4a2544b"
        },
        {
            "name": "Azmi Yuli Sitorus",
            "description": "",
            "profilePic": "",
            "title": "Anggota DPRD Prov. Sumut",
            "sites": {},
            "communityID": "17a29bb2-e47d-4364-b888-84e4e4a2544b"
        },
        {
            "name": "Dimas Tri Adji",
            "description": "",
            "profilePic": "",
            "title": "Anggota DPRD Prov. Sumut",
            "sites": {},
            "communityID": "17a29bb2-e47d-4364-b888-84e4e4a2544b"
        },
        {
            "name": "Misno Adisyah Putra",
            "description": "",
            "profilePic": "",
            "title": "Wakil Ketua DPRD Prov. Sumut",
            "sites": {},
            "communityID": "17a29bb2-e47d-4364-b888-84e4e4a2544b"
        },
        {
            "name": "Loso",
            "description": "",
            "profilePic": "",
            "title": "Anggota DPRD Prov. Sumut",
            "sites": {},
            "communityID": "17a29bb2-e47d-4364-b888-84e4e4a2544b"
        },
        {
            "name": "Defriaty Tamba",
            "description": "Partai Golongan Karya\n",
            "profilePic": "https://upload.wikimedia.org/wikipedia/commons/thumb/e/e2/Lokasi_Sumatra_Utara_Kabupaten_Serdang_Bedagai.svg/1200px-Lokasi_Sumatra_Utara_Kabupaten_Serdang_Bedagai.svg.png",
            "title": "Anggota DPRD Kab. Serdang Bedagai",
            "sites": {
                "name": "Wikipedia",
                "url": "https://id.wikipedia.org/wiki/Defriaty_Tamba"
            },
            "communityID": "17a29bb2-e47d-4364-b888-84e4e4a2544b"
        },
        {
            "name": "Usman Effendi Sitorus",
            "description": "",
            "profilePic": "",
            "title": "Sekertaris DPW PPP Sumatera Utara",
            "sites": {},
            "communityID": "17a29bb2-e47d-4364-b888-84e4e4a2544b"
        },
        {
            "name": "Ahmad Fuad Zamzamy",
            "description": "",
            "profilePic": "",
            "title": "Tokoh Muda Serdang Bedagai",
            "sites": {},
            "communityID": "17a29bb2-e47d-4364-b888-84e4e4a2544b"
        },
        {
            "name": "Murti Anugrah (kader PPP Kab. Serdang Bedagai)",
            "description": "",
            "profilePic": "",
            "title": "Bakal Calon Bupati",
            "sites": {},
            "communityID": "17a29bb2-e47d-4364-b888-84e4e4a2544b"
        }
    ]
}