{
    "title": "Pemilihan umum Bupati Agam 2024",
    "region": "Agam",
    "level": "KABUPATEN",
    "path": "kabupaten-agam",
    "source": "https://id.wikipedia.org/wiki/Pemilihan_umum_Bupati_Agam_2024",
    "communityID": "39641eac-9ef8-4ce3-bb64-59150d0813ef",
    "candidates": [
        {
            "name": "Andri Warman",
            "description": "Dr. H. Andri Warman, S.Sos., M.M. (lahir 4 Januari 1963)[2] adalah dosen, pengusaha, dan politikus yang menjabat Bupati Agam periode 2021\u20132024. Sebelumnya, ia adalah Anggota DPRD Sumatera Barat Fraksi Partai Amanat Nasional (PAN) periode 2019\u20132020. Ia juga menjabat sebagai Ketua DPD PAN Kabupaten Agam.\n",
            "profilePic": "https://upload.wikimedia.org/wikipedia/commons/thumb/1/1e/Bupati_Agam_Andri_Warman.jpg/1200px-Bupati_Agam_Andri_Warman.jpg",
            "title": "Bupati Agam",
            "sites": {
                "name": "Wikipedia",
                "url": "https://id.wikipedia.org/wiki/Andri_Warman"
            },
            "communityID": "39641eac-9ef8-4ce3-bb64-59150d0813ef"
        },
        {
            "name": "Irwan Fikri",
            "description": "Irwan Fikri, S.H. gelar Datuak Nagari Batuah[2][3] atau Datuak Parpatiah (lahir 3 November 1968) adalah seorang pengusaha dan politikus Indonesia dari Partai Demokrat. Ia menjabat sebagai Wakil Bupati Agam periode 2013\u20132015 dan 2021\u20142023. Sebelum menjabat sebagai Wakil Bupati Agam, Irwan duduk sebagai anggota Dewan Perwakilan Rakyat Daerah (DPRD) Kota Padang periode 2009\u20132013.\n",
            "profilePic": "https://upload.wikimedia.org/wikipedia/commons/thumb/9/97/Wakil_Bupati_Agam_Irwan_Fikri.jpg/1200px-Wakil_Bupati_Agam_Irwan_Fikri.jpg",
            "title": "Wakil Bupati Agam",
            "sites": {
                "name": "Wikipedia",
                "url": "https://id.wikipedia.org/wiki/Irwan_Fikri"
            },
            "communityID": "39641eac-9ef8-4ce3-bb64-59150d0813ef"
        },
        {
            "name": "Trinda Farhan Satria",
            "description": "H. Trinda Farhan Satria, S.T., M.T. gelar Datuak Tumangguang Putiah (lahir 28 September 1969) adalah politikus dari Partai Keadilan Sejahtera, mubalig, dosen, dan akademikus Indonesia. Ia dilantik sebagai Wakil Bupati Agam periode 2016\u20132021 pada 17 Februari 2016 mendampingi Indra Catri.[2] Ia pernah menjabat sebagai Wakil Ketua DPRD Sumatera Barat periode 2009\u20132014.[3]\n",
            "profilePic": "https://upload.wikimedia.org/wikipedia/commons/4/4a/Trinda_Farhan.jpg",
            "title": "Mantan Wakil Bupati Agam",
            "sites": {
                "name": "Wikipedia",
                "url": "https://id.wikipedia.org/wiki/Trinda_Farhan_Satria"
            },
            "communityID": "39641eac-9ef8-4ce3-bb64-59150d0813ef"
        },
        {
            "name": "Ekos Albar",
            "description": "H. Ekos Albar, S.E., M.M. (lahir 26 Agustus 1971) adalah seorang pengusaha dan politikus yang menjabat sebagai Wakil Wali Kota Padang sejak 9 Mei 2023 hingga 13 Mei 2024.[1] Ia merupakan kader Partai Amanat Nasional (PAN), dan menjabat sebagai Bendahara Dewan Pimpinan Pusat (DPP) PAN periode 2020\u20132025.[2] Ia berlatar belakang sebagai pengusaha di Jakarta asal Balaigurah, Ampek Angkek, Agam.[3][4]\n",
            "profilePic": "https://upload.wikimedia.org/wikipedia/commons/b/b1/Wakil_Wali_Kota_Padang_Ekos_Albar_2023.png",
            "title": "Wakil Wali kota Padang",
            "sites": {
                "name": "Wikipedia",
                "url": "https://id.wikipedia.org/wiki/Ekos_Albar"
            },
            "communityID": "39641eac-9ef8-4ce3-bb64-59150d0813ef"
        },
        {
            "name": "Hariadi",
            "description": "",
            "profilePic": "",
            "title": "Mantan Cabup Agam 2020",
            "sites": {},
            "communityID": "39641eac-9ef8-4ce3-bb64-59150d0813ef"
        },
        {
            "name": "Ardinal Hasan",
            "description": "H. Ardinal Hasan, S.Ag., M.M. (lahir 14 Mei 1968) adalah Wakil Bupati Agam, Sumatera Barat periode 2005\u20132010. Ia adalah wakil dari Bupati Agam, Aristo Munandar. Ia pernah menjadi Ketua DPW Partai Bulan Bintang Sumatera Barat.[1]\n",
            "profilePic": "https://upload.wikimedia.org/wikipedia/commons/6/60/Ardinal_Hasan.jpg",
            "title": "Mantan Wakil Bupati Agam",
            "sites": {
                "name": "Wikipedia",
                "url": "https://id.wikipedia.org/wiki/Ardinal_Hasan"
            },
            "communityID": "39641eac-9ef8-4ce3-bb64-59150d0813ef"
        },
        {
            "name": "Novi Irwan",
            "description": "",
            "profilePic": "",
            "title": "Ketua DPRD Kab. Agam",
            "sites": {},
            "communityID": "39641eac-9ef8-4ce3-bb64-59150d0813ef"
        },
        {
            "name": "Suharman",
            "description": "",
            "profilePic": "",
            "title": "Wakil Ketua DPRD Kab. Agam",
            "sites": {},
            "communityID": "39641eac-9ef8-4ce3-bb64-59150d0813ef"
        },
        {
            "name": "Irfan Amran",
            "description": "",
            "profilePic": "",
            "title": "Wakil Ketua DPRD Kab. Agam",
            "sites": {},
            "communityID": "39641eac-9ef8-4ce3-bb64-59150d0813ef"
        },
        {
            "name": "Aderia",
            "description": "",
            "profilePic": "",
            "title": "Ketua DPC Demokrat Kab. Agam",
            "sites": {},
            "communityID": "39641eac-9ef8-4ce3-bb64-59150d0813ef"
        },
        {
            "name": "Ade Rezki Pratama",
            "description": "Ade Rezki Pratama (lahir 8 November 1988) adalah seorang pengusaha dan politisi Indonesia. Ia merupakan anggota DPR-RI periode 2014\u20132019 dan 2019\u20132024 mewakili pemilihnya dari Daerah Pemilihan Sumatera Barat II melalui Partai Gerindra.[1][2]\n",
            "profilePic": "https://upload.wikimedia.org/wikipedia/commons/c/cc/Ade_Rezki_Pratama_2019.jpg",
            "title": "Anggota DPR-RI",
            "sites": {
                "name": "Wikipedia",
                "url": "https://id.wikipedia.org/wiki/Ade_Rezki_Pratama"
            },
            "communityID": "39641eac-9ef8-4ce3-bb64-59150d0813ef"
        },
        {
            "name": "Martias Wanto",
            "description": "",
            "profilePic": "",
            "title": "Sekdako Bukittinggi",
            "sites": {},
            "communityID": "39641eac-9ef8-4ce3-bb64-59150d0813ef"
        },
        {
            "name": "Lazuardi Erman",
            "description": "",
            "profilePic": "",
            "title": "Ketua DPD Partai Golkar Kabupaten Agam",
            "sites": {},
            "communityID": "39641eac-9ef8-4ce3-bb64-59150d0813ef"
        },
        {
            "name": "Syafirman",
            "description": "H. Syafirman, S.H. (lahir 24 Mei 1958) adalah seorang birokrat Indonesia. Ia menjabat Sekretaris Daerah Kabupaten Agam periode 2008\u20142016. Ia pernah menjabat sebagai Pelaksana Harian Bupati Agam dua periode yakni 11 September 2010 \u2014 26 Oktober 2010 dan 26 Oktober 2015 \u2014 29 Januari 2016.\n",
            "profilePic": "https://upload.wikimedia.org/wikipedia/commons/3/36/Sekretaris_Daerah_Kabupaten_Agam_Syafirman.jpg",
            "title": "Mantan Sekretaris Daerah Kabupaten Agam",
            "sites": {
                "name": "Wikipedia",
                "url": "https://id.wikipedia.org/wiki/Syafirman"
            },
            "communityID": "39641eac-9ef8-4ce3-bb64-59150d0813ef"
        },
        {
            "name": "Syafrizal",
            "description": "",
            "profilePic": "",
            "title": "Mantan Anggota DPRD Kab. Agam",
            "sites": {},
            "communityID": "39641eac-9ef8-4ce3-bb64-59150d0813ef"
        },
        {
            "name": "Azwar Risman Taher",
            "description": "",
            "profilePic": "",
            "title": "Mantan Sekretaris Daerah Kabupaten Agam",
            "sites": {},
            "communityID": "39641eac-9ef8-4ce3-bb64-59150d0813ef"
        },
        {
            "name": "Syafruddin Arifin",
            "description": "H. Syafruddin Arifin, S.H.[1] gelar Datuak Bandaro Nan Kuniang[2] (lahir 15 Mei 1950) adalah politikus Indonesia. Ia merupakan Wakil Bupati Agam periode 2000\u20132005 mendampingi Bupati Agam, Aristo Munandar.[3]\n",
            "profilePic": "",
            "title": "Mantan Wakil Bupati Agam",
            "sites": {
                "name": "Wikipedia",
                "url": "https://id.wikipedia.org/wiki/Syafruddin_Arifin"
            },
            "communityID": "39641eac-9ef8-4ce3-bb64-59150d0813ef"
        },
        {
            "name": "Muhammad Iqbal",
            "description": "Muhammad Iqbal, S.E., M.Com. (lahir 6 April 1975) adalah seorang pengusaha dan politikus Indonesia. Ia menjadi anggota DPR-RI tiga periode sejak 2009 dari Fraksi Partai Persatuan Pembangunan (PPP).[1] Muhammad Iqbal berhasil mendapatkan 22.429 suara dalam Pemilu 2009 di daerah pemilihan (dapil) Sumatera Barat II yang mencakup beberapa daerah tingkat II, yaitu Kota Bukittinggi, Kabupaten Agam, Kabupaten Padang Pariaman, Kota Pariaman, Kabupaten Pasaman, Kabupaten Pasaman Barat, Kabupaten Lima Puluh Kota dan Kota Payakumbuh.[2]\n",
            "profilePic": "https://upload.wikimedia.org/wikipedia/commons/d/d4/Muhammad_Iqbal_DPR.jpg",
            "title": "Anggota DPR RI 2009-24",
            "sites": {
                "name": "Wikipedia",
                "url": "https://id.wikipedia.org/wiki/Muhammad_Iqbal_(politikus)"
            },
            "communityID": "39641eac-9ef8-4ce3-bb64-59150d0813ef"
        }
    ]
}