{
    "title": "Pemilihan umum Bupati Bima 2024",
    "region": "Bima",
    "level": "KABUPATEN",
    "path": "kabupaten-bima",
    "source": "https://id.wikipedia.org/wiki/Pemilihan_umum_Bupati_Bima_2024",
    "communityID": "5c37fb34-7d42-4210-9411-2fb8e2e6485c",
    "candidates": [
        {
            "name": "Dahlan M. Noer",
            "description": "Dahlan M. Noer (lahir 10 Oktober 1957) adalah politisi Partai Gerindra yang menjabat sebagai Wakil Bupati Bima periode 2016-2021 dan 2021-2024.\n",
            "profilePic": "",
            "title": "Wakil Bupati Bima",
            "sites": {
                "name": "Wikipedia",
                "url": "https://id.wikipedia.org/wiki/Dahlan_M._Noer"
            },
            "communityID": "5c37fb34-7d42-4210-9411-2fb8e2e6485c"
        },
        {
            "name": "Syafruddin H.M. Nur",
            "description": "",
            "profilePic": "",
            "title": "Mantan Bupati Bima",
            "sites": {},
            "communityID": "5c37fb34-7d42-4210-9411-2fb8e2e6485c"
        },
        {
            "name": "Ady Mahyudi",
            "description": "",
            "profilePic": "",
            "title": "Mantan Anggota DPRD NTB",
            "sites": {},
            "communityID": "5c37fb34-7d42-4210-9411-2fb8e2e6485c"
        },
        {
            "name": "Herman Alfa Edison",
            "description": "Herman Alfa Edison atau HAE (lahir 7 April 1977) adalah seorang pengusaha Indonesia. HAE merupakan anak ke-2 dari empat bersaudara dari pasangan Lazarus dengan Fatimah Umar. Lazarus atau yang akrab dipanggil Guru Saru merupakan seorang cendekiawan yang telah menghabiskan waktu puluhan tahun demi mengabdi sebagai seorang guru di Donggo, desa Kala, dusun Wadukopa.\n",
            "profilePic": "",
            "title": "Pengusaha",
            "sites": {
                "name": "Wikipedia",
                "url": "https://id.wikipedia.org/wiki/Herman_Alfa_Edison"
            },
            "communityID": "5c37fb34-7d42-4210-9411-2fb8e2e6485c"
        },
        {
            "name": "Mujahid Abdul Latief",
            "description": "",
            "profilePic": "",
            "title": "Wakil Ketua DPD NTB Partai Gerindra",
            "sites": {},
            "communityID": "5c37fb34-7d42-4210-9411-2fb8e2e6485c"
        },
        {
            "name": "Hermawan Saputra",
            "description": "Dr. Hermawan Saputra, SKM., MARS., CICS (lahir 24 Mei 1983 di Bima, Nusa Tenggara Barat) adalah seorang akademisi, pakar bidang kesehatan dan pengamat kebijakan kesehatan Indonesia. Ia merupakan Ketua Umum Terpilih Pengurus Pusat Ikatan Ahli Kesehatan Masyarakat Indonesia (IAKMI) Periode 2022 - 2026 dan. Disamping itu Hermawan Saputra merupakan Praktisi Manajemen Perumahsakitan dan aktif di Perhimpunan Manajer Pelayanan Kesehatan Indonesia. dan aktif sebagai Dosen Pascasarjana Universitas Prof. Dr. Hamka [1] Diarsipkan 2013-07-11 di Wayback Machine.\n",
            "profilePic": "https://upload.wikimedia.org/wikipedia/commons/thumb/0/07/Hermawan%284%29.jpg/1200px-Hermawan%284%29.jpg",
            "title": "Akademisi",
            "sites": {
                "name": "Wikipedia",
                "url": "https://id.wikipedia.org/wiki/Hermawan_Saputra"
            },
            "communityID": "5c37fb34-7d42-4210-9411-2fb8e2e6485c"
        },
        {
            "name": "Muhammad Syafrudin",
            "description": "H. Muhammad Syafrudin, S.T., M.M. (lahir 6 Agustus 1968) adalah politikus Indonesia yang menjabat sebagai anggota DPR-RI selama tiga periode (2009\u20132014, 2014\u20132019, dan 2019\u20132024). Untuk periode ketiga, ia mewakili daerah pemilihan Nusa Tenggara Barat I, yang meliputi Kabupaten Sumbawa Barat, Kabupaten Dompu, Kabupaten Sumbawa, Kabupaten Bima dan Kota Bima. Syafrudin merupakan kader Partai Amanat Nasional. Saat ini, ia bertugas di Komisi IV.[1]\n",
            "profilePic": "https://upload.wikimedia.org/wikipedia/commons/3/33/Anggota_DPR_Muhammad_Syafrudin.jpg",
            "title": "Anggota DPR RI",
            "sites": {
                "name": "Wikipedia",
                "url": "https://id.wikipedia.org/wiki/Muhammad_Syafrudin"
            },
            "communityID": "5c37fb34-7d42-4210-9411-2fb8e2e6485c"
        },
        {
            "name": "Muhammad Putera Ferryandi",
            "description": "Muhammad Putera Ferryandi, S.IP atau biasa disapa Ama Ka'u yandi atau Dae Yandi, lahir di Dompu, 12 Desember 1995. Merupakan ketua DPRD Kabupaten Bima sekaligus Putra pertama dari Almarhum H.Ferry Zulkarnain, ST. (Sultan Bima ke-XVI) dan Permaisuri Hj. Indah Dhamayanti Putri, SE. (Bupati Bima 2015-2020). Saat ini Muhammad Putera Ferryandi dinobatkan menjadi Jenateke XVII berdasarkan keputusan Tim Sembilan Majelis Adat Sara Dana Mbojo, Nomor 01/Ncuhi/VII/2016. Jenateke sendiri adalah Gelar untuk Putra Mahkota Kesultanan Bima sebelum dinobatkan menjadi Sultan.[1]\n",
            "profilePic": "https://upload.wikimedia.org/wikipedia/commons/thumb/c/cd/KPU_Muhammad_Putera_Ferryandi.jpg/1200px-KPU_Muhammad_Putera_Ferryandi.jpg",
            "title": "Ketua DPRD Kab. Bima",
            "sites": {
                "name": "Wikipedia",
                "url": "https://id.wikipedia.org/wiki/Dae_Yandi"
            },
            "communityID": "5c37fb34-7d42-4210-9411-2fb8e2e6485c"
        },
        {
            "name": "Edy Muhlis",
            "description": "",
            "profilePic": "",
            "title": "Anggota DPRD Kab. Bima",
            "sites": {},
            "communityID": "5c37fb34-7d42-4210-9411-2fb8e2e6485c"
        },
        {
            "name": "Muhammad Erwin",
            "description": "",
            "profilePic": "",
            "title": "Anggota DPRD Kab. Bima",
            "sites": {},
            "communityID": "5c37fb34-7d42-4210-9411-2fb8e2e6485c"
        },
        {
            "name": "dr.H.Sanusi H. Ibrahim",
            "description": "",
            "profilePic": "",
            "title": "Pemilik RS. Anggrek Mas",
            "sites": {},
            "communityID": "5c37fb34-7d42-4210-9411-2fb8e2e6485c"
        },
        {
            "name": "Mahdalena",
            "description": "",
            "profilePic": "",
            "title": "Anggota DPRD Kab. Bima",
            "sites": {},
            "communityID": "5c37fb34-7d42-4210-9411-2fb8e2e6485c"
        }
    ]
}