{
    "title": "Pemilihan umum Bupati Demak 2024",
    "region": "Demak",
    "level": "KABUPATEN",
    "path": "kabupaten-demak",
    "source": "https://id.wikipedia.org/wiki/Pemilihan_umum_Bupati_Demak_2024",
    "communityID": "20734a57-48e9-44a4-bea9-cf031cc9d2f7",
    "candidates": [
        {
            "name": "Eisti'anah",
            "description": "dr. Hj. Eisti'anah, S.E. (lahir 28 Mei 1985) adalah Bupati Demak periode 2021\u20132024. Ia menjabat sejak 24 Mei 2021 setelah dilantik Gubernur Jawa Tengah, Ganjar Pranowo di Gedung Gradhika Bhakti Praja Kantor Gubernur Jawa Tengah, Semarang.[1]\n",
            "profilePic": "",
            "title": "Bupati Demak",
            "sites": {
                "name": "Wikipedia",
                "url": "https://id.wikipedia.org/wiki/Eisti%27anah"
            },
            "communityID": "20734a57-48e9-44a4-bea9-cf031cc9d2f7"
        },
        {
            "name": "Ali Makhsun",
            "description": "K. H. Ali Makhsun, M.S.I. (lahir 6 April 1964) adalah Wakil Bupati Demak periode 2021\u20132024. Ia menjabat sejak 24 Mei 2021 setelah dilantik Gubernur Jawa Tengah, Ganjar Pranowo di Gedung Gradhika Bhakti Praja Kantor Gubernur Jawa Tengah, Semarang.[1]\n",
            "profilePic": "",
            "title": "Wakil Bupati Demak",
            "sites": {
                "name": "Wikipedia",
                "url": "https://id.wikipedia.org/wiki/Ali_Makhsun"
            },
            "communityID": "20734a57-48e9-44a4-bea9-cf031cc9d2f7"
        },
        {
            "name": "Mugiyono",
            "description": "",
            "profilePic": "",
            "title": "Mantan Anggota DPRD Jateng",
            "sites": {},
            "communityID": "20734a57-48e9-44a4-bea9-cf031cc9d2f7"
        },
        {
            "name": "Badruddin Ma'shum",
            "description": "",
            "profilePic": "",
            "title": "Putra KH. Ma\u2019shum Mahfudhi",
            "sites": {},
            "communityID": "20734a57-48e9-44a4-bea9-cf031cc9d2f7"
        },
        {
            "name": "Zenal Mubarok",
            "description": "",
            "profilePic": "",
            "title": "Putra Mantan Bupati Demak HM. Natsir",
            "sites": {},
            "communityID": "20734a57-48e9-44a4-bea9-cf031cc9d2f7"
        },
        {
            "name": "Joko Sutanto",
            "description": "",
            "profilePic": "",
            "title": "Mantan Wakil Bupati Demak",
            "sites": {},
            "communityID": "20734a57-48e9-44a4-bea9-cf031cc9d2f7"
        },
        {
            "name": "Fathan Subchi",
            "description": "Drs. H. Fathan Subchi (lahir 11 Februari 1970) adalah politikus Indonesia yang menjabat sebagai anggota DPR-RI selama dua periode (2014\u20132019 dan 2019\u20132024). Ia mewakili daerah pemilihan Jawa Tengah II, yang meliputi Kabupaten Kudus, Kabupaten Jepara, dan Kabupaten Demak. Fathan merupakan kader Partai Kebangkitan Bangsa. Saat ini, ia duduk di Komisi XI dan dipercaya sebagai Wakil Ketua Komisi XI.[1]\n",
            "profilePic": "https://upload.wikimedia.org/wikipedia/commons/1/12/KPU_Fathan_Subchi.png",
            "title": "Anggota DPR RI",
            "sites": {
                "name": "Wikipedia",
                "url": "https://id.wikipedia.org/wiki/Fathan_Subchi"
            },
            "communityID": "20734a57-48e9-44a4-bea9-cf031cc9d2f7"
        },
        {
            "name": "Nur Sa'adah",
            "description": "",
            "profilePic": "",
            "title": "Anggota DPRD Jateng",
            "sites": {},
            "communityID": "20734a57-48e9-44a4-bea9-cf031cc9d2f7"
        },
        {
            "name": "Sugeng Ibrahim",
            "description": "",
            "profilePic": "",
            "title": "Wakil Ketua Bidang Kesehatan Nasdem Jateng",
            "sites": {},
            "communityID": "20734a57-48e9-44a4-bea9-cf031cc9d2f7"
        },
        {
            "name": "Nurul Muttaqin",
            "description": "H. Nurul Muttaqin, S.H.I., M.H. (lahir 30 Desember 1978) adalah anggota DPRD Demak dari Partai Kebangkitan Bangsa sejak tahun 2009. Ia telah terpilih sebanyak 3 kali dalam Pemilu 2009, Pemilu 2014, dan Pemilu 2019.[1] Pada ketiga pemilihan tersebut ia mewakili Demak untuk wilayah Kecamatan Guntur, Karangtengah, dan Sayung. Pada periode 2014-2019, ia dipercaya untuk mengemban amanah sebagai Ketua DPRD Demak.\n",
            "profilePic": "https://upload.wikimedia.org/wikipedia/commons/c/c6/Anggota_DPRD_Demak_Nurul_Muttaqin.jpg",
            "title": "Mantan Ketua DPRD Kab. Demak",
            "sites": {
                "name": "Wikipedia",
                "url": "https://id.wikipedia.org/wiki/Nurul_Muttaqin"
            },
            "communityID": "20734a57-48e9-44a4-bea9-cf031cc9d2f7"
        },
        {
            "name": "Sri Fahrudin Bisri Slamet",
            "description": "H. Sri Fahrudin Bisri Slamet, S.E., (lahir 11 Februari 1971), adalah anggota DPRD Demak dari Partai Demokrasi Indonesia Perjuangan sejak tahun 2004. Ia telah terpilih sebanyak 4 kali dalam Pemilu 2004, Pemilu 2009, Pemilu 2014, dan Pemilu 2019.[1] Pada ketiga pemilihan tersebut ia mewakili Demak untuk wilayah Kecamatan Karangawen dan Mranggen. Pada periode 2014-2019, ia dipercaya untuk mengemban amanah sebagai Wakil Ketua III DPRD Demak.\n",
            "profilePic": "https://upload.wikimedia.org/wikipedia/commons/thumb/f/f9/KPU_Sri_Fahrudin_Bisri_Slamet.jpg/1200px-KPU_Sri_Fahrudin_Bisri_Slamet.jpg",
            "title": "Ketua DPRD Kab. Demak",
            "sites": {
                "name": "Wikipedia",
                "url": "https://id.wikipedia.org/wiki/Sri_Fahrudin_Bisri_Slamet"
            },
            "communityID": "20734a57-48e9-44a4-bea9-cf031cc9d2f7"
        },
        {
            "name": "Zayinul Fata",
            "description": "",
            "profilePic": "",
            "title": "Wakil Ketua I DPRD Kab. Demak",
            "sites": {},
            "communityID": "20734a57-48e9-44a4-bea9-cf031cc9d2f7"
        },
        {
            "name": "Muntohar",
            "description": "H. Muntohar, 06 Agustus 1975 (umur\u00a048), adalah anggota DPRD Demak dari Partai Gerakan Indonesia Raya sejak tahun 2014. Ia telah terpilih sebanyak 2 kali dalam Pemilu 2014 dan Pemilu 2019.[1] Pada ketiga pemilihan tersebut ia mewakili Demak untuk wilayah Kecamatan Guntur, Karangtengah, dan Sayung. Pada periode 2014-2019, ia dipercaya untuk mengemban amanah sebagai Wakil Ketua II DPRD Demak sejak 2016 menggantikan Maskuri yang mencalonkan diri sebagai Bupati Demak pada Pilbup Demak 2015.[2][3]\n",
            "profilePic": "https://upload.wikimedia.org/wikipedia/commons/6/67/KPU_Muntohar.jpg",
            "title": "Anggota DPRD Kab. Demak",
            "sites": {
                "name": "Wikipedia",
                "url": "https://id.wikipedia.org/wiki/Muntohar"
            },
            "communityID": "20734a57-48e9-44a4-bea9-cf031cc9d2f7"
        },
        {
            "name": "Ike Chandra Agustina",
            "description": "",
            "profilePic": "",
            "title": "Anggota DPRD Kab. Demak",
            "sites": {},
            "communityID": "20734a57-48e9-44a4-bea9-cf031cc9d2f7"
        },
        {
            "name": "Budhi Achmadi.",
            "description": "",
            "profilePic": "",
            "title": "Ketua DPD NasDem Kabupaten Demak",
            "sites": {},
            "communityID": "20734a57-48e9-44a4-bea9-cf031cc9d2f7"
        },
        {
            "name": "Maskuri",
            "description": "",
            "profilePic": "",
            "title": "Wakil Ketua II DPRD Kab. Demak",
            "sites": {},
            "communityID": "20734a57-48e9-44a4-bea9-cf031cc9d2f7"
        },
        {
            "name": "Edi Sayudi",
            "description": "",
            "profilePic": "",
            "title": "Anggota DPRD Kab. Demak",
            "sites": {},
            "communityID": "20734a57-48e9-44a4-bea9-cf031cc9d2f7"
        },
        {
            "name": "Teguh Sapto Utomo",
            "description": "",
            "profilePic": "",
            "title": "Pengusaha",
            "sites": {},
            "communityID": "20734a57-48e9-44a4-bea9-cf031cc9d2f7"
        },
        {
            "name": "Muhammad Agil Nuruz Zaman",
            "description": "Muhammad Agil Nuruz Zaman (lahir 26 Mei 1996) adalah Ketua Umum Pimpinan Pusat (PP) Ikatan Pelajar Nahdlatul Ulama (IPNU) Periode 2022-2025. Ia ditetapkan sebagai Ketua Umum PP IPNU pada gelaran Kongres XX IPNU di Asrama Haji Pondok Gede Jakarta tanggal 16 Agustus 2022.[1] Kongres tersebut mengusung tema \"Akselerasi Pelajar untuk Indonesia Maju\". Kongres diikuti 24 pimpinan wilayah dan 361 pimpinan cabang IPNU se-Indonesia.[2]\n",
            "profilePic": "https://upload.wikimedia.org/wikipedia/commons/b/b4/Muhammad_Agil_Nuruz_Zaman.png",
            "title": "Ketua Umum PP IPNU",
            "sites": {
                "name": "Wikipedia",
                "url": "https://id.wikipedia.org/wiki/Muhammad_Agil_Nuruz_Zaman"
            },
            "communityID": "20734a57-48e9-44a4-bea9-cf031cc9d2f7"
        },
        {
            "name": "Edy Wuryanto",
            "description": "Dr. H. Edy Wuryanto, S.KP., M.Kep. (lahir 15 Agustus 1968) adalah politikus Indonesia yang menjabat sebagai anggota DPR-RI periode 2019\u20132024. Ia mewakili daerah pemilihan Jawa Tengah III, yang meliputi Kabupaten Grobogan, Kabupaten Blora, Kabupaten Rembang, dan Kabupaten Pati. Edy merupakan kader Partai Demokrasi Indonesia Perjuangan. Saat ini, ia bertugas di Komisi IX.[1]\n",
            "profilePic": "https://upload.wikimedia.org/wikipedia/commons/4/45/Edy_Wuryanto.jpg",
            "title": "Anggota DPR RI",
            "sites": {
                "name": "Wikipedia",
                "url": "https://id.wikipedia.org/wiki/Edy_Wuryanto"
            },
            "communityID": "20734a57-48e9-44a4-bea9-cf031cc9d2f7"
        }
    ]
}