{
    "title": "Pemilihan umum Bupati Boalemo 2024",
    "region": "Boalemo",
    "level": "KABUPATEN",
    "path": "kabupaten-boalemo",
    "source": "https://id.wikipedia.org/wiki/Pemilihan_umum_Bupati_Boalemo_2024",
    "communityID": "391c2e1d-6fbf-45b3-ba2a-1150562b0b47",
    "candidates": [
        {
            "name": "Anas Jusuf",
            "description": "Ir. H. Anas Jusuf, M.Si. (lahir 27 Mei 1966) adalah birokrat dan politikus Indonesia yang saat ini menjabat sebagai Bupati Boalemo definitif sisa masa jabatan 2017\u20132022 sejak 30 Desember 2021.[1] Sebelumnya ia menjabat sebagai wakil bupati Boalemo 2017\u20132022 dan kemudian menjabat sebagai pelaksana tugas bupati sejak 7 September 2020 menggantikan Darwis Moridu yang diberhentikan karena tersandung kasus hukum.\n",
            "profilePic": "https://upload.wikimedia.org/wikipedia/commons/a/ad/KPU_Anas_Jusuf.jpg",
            "title": "Bupati Boalemo sisa masa jabatan periode 2017\u20132022 pada tahun 2021\u20132022",
            "sites": {
                "name": "Wikipedia",
                "url": "https://id.wikipedia.org/wiki/Anas_Jusuf"
            },
            "communityID": "391c2e1d-6fbf-45b3-ba2a-1150562b0b47"
        },
        {
            "name": "Jeffry Rumampuk",
            "description": "",
            "profilePic": "",
            "title": "Jurnalis",
            "sites": {},
            "communityID": "391c2e1d-6fbf-45b3-ba2a-1150562b0b47"
        },
        {
            "name": "Lahmuddin Hambali",
            "description": "Lahmuddin Hambali (lahir 27 Desember 1977) adalah seorang politikus Indonesia. Ia menjabat sebagai Wakil Bupati Boalemo dari 1 Februari 2012 sampai 28 Oktober 2016 mendampingi Rum Pagau selaku Bupati Boalemo.[1]\n",
            "profilePic": "https://upload.wikimedia.org/wikipedia/commons/c/cb/KPU_Lahmuddin_Hambali.jpg",
            "title": "Wakil Bupati Boalemo periode 2012\u20132017",
            "sites": {
                "name": "Wikipedia",
                "url": "https://id.wikipedia.org/wiki/Lahmuddin_Hambali"
            },
            "communityID": "391c2e1d-6fbf-45b3-ba2a-1150562b0b47"
        },
        {
            "name": "Rum Pagau",
            "description": "Drs. H. Rum Pagau (lahir 13 Februari 1961) adalah Bupati Boalemo periode 2012\u20142017.[1] Sebelumnya ia menjabat sebagai Wakil Ketua DPRD Kabupaten Boalemo periode 2009\u20142012.\n",
            "profilePic": "https://upload.wikimedia.org/wikipedia/commons/f/f1/Rum_Pagau%2C_Bupati_Boalemo_%282012%29.jpg",
            "title": "Bupati Boalemo periode 2012\u20132017",
            "sites": {
                "name": "Wikipedia",
                "url": "https://id.wikipedia.org/wiki/Rum_Pagau"
            },
            "communityID": "391c2e1d-6fbf-45b3-ba2a-1150562b0b47"
        },
        {
            "name": "Kisman Abubakar",
            "description": "",
            "profilePic": "",
            "title": "Ketua DPC Partai Bulan Bintang (PBB) Kabupaten Boalemo",
            "sites": {},
            "communityID": "391c2e1d-6fbf-45b3-ba2a-1150562b0b47"
        },
        {
            "name": "Karyawan Eka Putra Noho",
            "description": "",
            "profilePic": "",
            "title": "Ketua DPC PDI Perjuangan Kabupaten Boalemo",
            "sites": {},
            "communityID": "391c2e1d-6fbf-45b3-ba2a-1150562b0b47"
        },
        {
            "name": "Ridwan Abdul Ghany",
            "description": "Ridwan Abdul Ghany (lahir 3 Februari 1987) adalah pemeran dan model Indonesia. Ridwan mengawali kariernya dengan menjadi juara pertama kompetisi cover boy yang diadakan majalah Aneka Yess! pada 2007.[2]\n",
            "profilePic": "",
            "title": "Aktor",
            "sites": {
                "name": "Wikipedia",
                "url": "https://id.wikipedia.org/wiki/Ridwan_Ghany"
            },
            "communityID": "391c2e1d-6fbf-45b3-ba2a-1150562b0b47"
        }
    ]
}