{
    "title": "Pemilihan umum Bupati Sanggau 2024",
    "region": "Sanggau",
    "level": "KABUPATEN",
    "path": "kabupaten-sanggau",
    "source": "https://id.wikipedia.org/wiki/Pemilihan_umum_Bupati_Sanggau_2024",
    "communityID": "cd7366bb-a110-4dd2-a25d-5502ad845d24",
    "candidates": [
        {
            "name": "Yohanes Ontot",
            "description": "Drs.Yohanes Ontot M.si (lahir 11 Januari 1961) adalah seorang birokrat Indonesia. Ia memperoleh pendidikan APDN Pontianak pada tahun 1986 dan IIP Departemen Dalam Negeri Jakarta pada tahun 1991, serta memperoleh S2 dari Fakultas Ilmu Sosial & Politik Universitas Tanjung Pura Pontianak pada tahun 2011. Ia pernah menjabat sebagai Ketua DPD AMPI Kabupaten Sanggau pada tahun 1993, Ketua Forum Camat Perbatasan pada tahun 2006-2008, dan Sekjen Dewan Adat Dayak (DAD) Kabupaten Sanggau pada tahun 2009.\n",
            "profilePic": "https://upload.wikimedia.org/wikipedia/commons/f/fa/Yohanes_Ontot.jpg",
            "title": "Wakil Bupati Sanggau",
            "sites": {
                "name": "Wikipedia",
                "url": "https://id.wikipedia.org/wiki/Yohanes_Ontot"
            },
            "communityID": "cd7366bb-a110-4dd2-a25d-5502ad845d24"
        },
        {
            "name": "Yansen Akun Effendy",
            "description": "",
            "profilePic": "",
            "title": "Mantan Bupati Sanggau",
            "sites": {},
            "communityID": "cd7366bb-a110-4dd2-a25d-5502ad845d24"
        },
        {
            "name": "Arita Apolina",
            "description": "",
            "profilePic": "",
            "title": "Ketua TP PKK Kabupaten Sanggau",
            "sites": {},
            "communityID": "cd7366bb-a110-4dd2-a25d-5502ad845d24"
        },
        {
            "name": "Moses Hermanus Munsin",
            "description": "Drs. Moses Hermanus Munsin, M.H. (lahir 24 April 1958) adalah birokrat Indonesia yang pernah menjabat sebagai penjabat Bupati Sanggau pada 2008\u20132009 dan penjabat bupati Sekadau pada 2015\u20132016.[1]\n",
            "profilePic": "",
            "title": "Mantan Pj Bupati Sanggau",
            "sites": {
                "name": "Wikipedia",
                "url": "https://id.wikipedia.org/wiki/Moses_Hermanus_Munsin"
            },
            "communityID": "cd7366bb-a110-4dd2-a25d-5502ad845d24"
        },
        {
            "name": "Krisantus Kurniawan",
            "description": "Krisantus Kurniawan, S.IP., M.Si. (lahir 3 Juni 1969) adalah seorang politikus Indonesia. Saat ini ia menjabat sebagai Anggota DPR-RI sejak 2019 mewakili daerah pemilihan Kalimantan Barat II. Sebelumnya ia merupakan Anggota DPRD Provinsi Kalimantan Barat dan DPRD Kabupaten Sanggau. Krisantus merupakan kader Partai Demokrasi Indonesia Perjuangan dan duduk di Komisi I.[1]\n",
            "profilePic": "https://upload.wikimedia.org/wikipedia/commons/1/1b/Anggota_DPR_Krisantus_Kurniawan.jpg",
            "title": "Anggota DPR RI",
            "sites": {
                "name": "Wikipedia",
                "url": "https://id.wikipedia.org/wiki/Krisantus_Kurniawan"
            },
            "communityID": "cd7366bb-a110-4dd2-a25d-5502ad845d24"
        },
        {
            "name": "Martinus Sudarno",
            "description": "\n",
            "profilePic": "https://upload.wikimedia.org/wikipedia/commons/4/4f/KPU_Martinus_Sudarno.jpg",
            "title": "Anggota DPRD Kalbar",
            "sites": {
                "name": "Wikipedia",
                "url": "https://id.wikipedia.org/wiki/Martinus_Sudarno"
            },
            "communityID": "cd7366bb-a110-4dd2-a25d-5502ad845d24"
        },
        {
            "name": "Linda Ango",
            "description": "",
            "profilePic": "",
            "title": "Ketua DPW Srikandi PP Kalbar",
            "sites": {},
            "communityID": "cd7366bb-a110-4dd2-a25d-5502ad845d24"
        },
        {
            "name": "Fransiskus Ason",
            "description": "",
            "profilePic": "",
            "title": "Anggota DPRD Kalbar",
            "sites": {},
            "communityID": "cd7366bb-a110-4dd2-a25d-5502ad845d24"
        },
        {
            "name": "Usman.",
            "description": "",
            "profilePic": "",
            "title": "Mantan Wakil Ketua DPRD Sanggau",
            "sites": {},
            "communityID": "cd7366bb-a110-4dd2-a25d-5502ad845d24"
        },
        {
            "name": "Marten Luter",
            "description": "",
            "profilePic": "",
            "title": "Anggota DPRD Kalbar",
            "sites": {},
            "communityID": "cd7366bb-a110-4dd2-a25d-5502ad845d24"
        },
        {
            "name": "Jumadi",
            "description": "",
            "profilePic": "",
            "title": "Ketua DPRD Sanggau",
            "sites": {},
            "communityID": "cd7366bb-a110-4dd2-a25d-5502ad845d24"
        },
        {
            "name": "Timotius Yance",
            "description": "",
            "profilePic": "",
            "title": "Wakil Ketua DPRD Sanggau",
            "sites": {},
            "communityID": "cd7366bb-a110-4dd2-a25d-5502ad845d24"
        },
        {
            "name": "Robby Sugianto",
            "description": "",
            "profilePic": "",
            "title": "Anggota DPRD Sanggau",
            "sites": {},
            "communityID": "cd7366bb-a110-4dd2-a25d-5502ad845d24"
        },
        {
            "name": "Acam",
            "description": "",
            "profilePic": "",
            "title": "Wakil Ketua DPRD Sanggau",
            "sites": {},
            "communityID": "cd7366bb-a110-4dd2-a25d-5502ad845d24"
        },
        {
            "name": "Rakhmad Mulyadi",
            "description": "",
            "profilePic": "",
            "title": "Birokrasi",
            "sites": {},
            "communityID": "cd7366bb-a110-4dd2-a25d-5502ad845d24"
        }
    ]
}