{
    "title": "Pemilihan umum Bupati Kotawaringin Timur 2024",
    "region": "Kotawaringin Timur",
    "level": "KABUPATEN",
    "path": "kabupaten-kotawaringin-timur",
    "source": "https://id.wikipedia.org/wiki/Pemilihan_umum_Bupati_Kotawaringin_Timur_2024",
    "communityID": "ee2b1133-c290-40ac-9649-65fb466e7312",
    "candidates": [
        {
            "name": "Halikinnor",
            "description": "H. Halikinnor, S.H., M.M. (lahir 15 November 1962) adalah Bupati Kotawaringin Timur periode 2021\u20132024. Ia menjabat sejak 26 Februari 2021 setelah dilantik Gubernur Kalimantan Tengah, Sugianto Sabran secara virtual di Gedung Dewan Perwakilan Rakyat Daerah Kabupaten Kotawaringin Timur.[1]\n",
            "profilePic": "https://upload.wikimedia.org/wikipedia/commons/0/0d/Bupati_Kotawaringin_Timur_Halikinnor.jpg",
            "title": "Bupati Kotawaringin Timur petahana",
            "sites": {
                "name": "Wikipedia",
                "url": "https://id.wikipedia.org/wiki/Halikinnor"
            },
            "communityID": "ee2b1133-c290-40ac-9649-65fb466e7312"
        },
        {
            "name": "Sanidin",
            "description": "",
            "profilePic": "",
            "title": "Anggota DPRD Kabupaten Kotawaringin Timur",
            "sites": {},
            "communityID": "ee2b1133-c290-40ac-9649-65fb466e7312"
        },
        {
            "name": "Jhon Krisli",
            "description": "",
            "profilePic": "",
            "title": "Ketua DPC Partai Demokrat Kabupaten Kotawaringin Timur",
            "sites": {},
            "communityID": "ee2b1133-c290-40ac-9649-65fb466e7312"
        },
        {
            "name": "Aswin Nur",
            "description": "",
            "profilePic": "",
            "title": "Wakil Ketua DPW PKB Kalimantan Tengah",
            "sites": {},
            "communityID": "ee2b1133-c290-40ac-9649-65fb466e7312"
        },
        {
            "name": "M. Rudini Darwan Ali",
            "description": "",
            "profilePic": "",
            "title": "Ketua DPD PAN Kabupaten Kotawaringin Timur",
            "sites": {},
            "communityID": "ee2b1133-c290-40ac-9649-65fb466e7312"
        }
    ]
}