{
    "title": "Pemilihan umum Bupati Muna 2024",
    "region": "Muna",
    "level": "KABUPATEN",
    "path": "kabupaten-muna",
    "source": "https://id.wikipedia.org/wiki/Pemilihan_umum_Bupati_Muna_2024",
    "communityID": "c1c1b188-680b-42c3-8c7b-ae88b01b2de0",
    "candidates": [
        {
            "name": "Abdul Malik Ditu",
            "description": "Abdul Malik Ditu (lahir 19 April 1953) adalah seorang politikus Indonesia kelahiran Kendari. Ia tergabung dalam Partai Gerakan Indonesia Raya (Gerindra).[1] Ia menjabat selaku Wakil Bupati Muna dari 15 September 2010 sampai 2 September 2021 mendampingi Laode Muhammad Rusman Emba selaku Bupati Muna.[2]\n",
            "profilePic": "https://upload.wikimedia.org/wikipedia/commons/4/48/KPU_Abdul_Malik_Ditu.jpg",
            "title": "Mantan Wakil Bupati Muna",
            "sites": {
                "name": "Wikipedia",
                "url": "https://id.wikipedia.org/wiki/Abdul_Malik_Ditu"
            },
            "communityID": "c1c1b188-680b-42c3-8c7b-ae88b01b2de0"
        },
        {
            "name": "Bachrun Labuta",
            "description": "",
            "profilePic": "",
            "title": "Wakil Bupati Muna",
            "sites": {},
            "communityID": "c1c1b188-680b-42c3-8c7b-ae88b01b2de0"
        },
        {
            "name": "La Ode Ida",
            "description": "",
            "profilePic": "",
            "title": "Mantan Anggota DPD-RI",
            "sites": {},
            "communityID": "c1c1b188-680b-42c3-8c7b-ae88b01b2de0"
        },
        {
            "name": "Rajiun Tumada",
            "description": "",
            "profilePic": "",
            "title": "Mantan Bupati Muna Barat",
            "sites": {},
            "communityID": "c1c1b188-680b-42c3-8c7b-ae88b01b2de0"
        }
    ]
}