{
    "title": "Pemilihan umum Bupati Mamasa 2024",
    "region": "Mamasa",
    "level": "KABUPATEN",
    "path": "kabupaten-mamasa",
    "source": "https://id.wikipedia.org/wiki/Pemilihan_umum_Bupati_Mamasa_2024",
    "communityID": "f6f8d420-33eb-4fef-8ba5-8926c985f0cc",
    "candidates": [
        {
            "name": "Marthinus Tiranda",
            "description": "Marthinus Tiranda adalah seorang politikus Indonesia. Ia tergabung dalam Partai Kebangkitan Bangsa (PKB). Ia menjabat sebagai Wakil Bupati Mamasa dari 19 September 2018 sampai 19 September 2023 mendampingi Ramlan Badawi selaku Bupati Mamasa.[1]\n",
            "profilePic": "https://upload.wikimedia.org/wikipedia/commons/a/ac/KPU_Marthinus_Tiranda.jpg",
            "title": "Wakil Bupati Mamasa",
            "sites": {
                "name": "Wikipedia",
                "url": "https://id.wikipedia.org/wiki/Marthinus_Tiranda"
            },
            "communityID": "f6f8d420-33eb-4fef-8ba5-8926c985f0cc"
        },
        {
            "name": "Welem Sambolangi",
            "description": "",
            "profilePic": "",
            "title": "Ketua DPRD Tana Toraja",
            "sites": {},
            "communityID": "f6f8d420-33eb-4fef-8ba5-8926c985f0cc"
        },
        {
            "name": "Yusuf Depparinding",
            "description": "",
            "profilePic": "",
            "title": "Mantan Anggota DPRD Provinsi Sulawesi Barat",
            "sites": {},
            "communityID": "f6f8d420-33eb-4fef-8ba5-8926c985f0cc"
        },
        {
            "name": "Bonggalangi",
            "description": "Bonggalangi adalah seorang politikus Indonesia. Ia tergabung dalam Partai Golongan Karya (Golkar). Ia menjabat sebagai Wakil Bupati Mamasa dari 5 Desember 2016 sampai 18 September 2018 mendampingi Ramlan Badawi selaku Bupati Mamasa.[1]\n",
            "profilePic": "https://upload.wikimedia.org/wikipedia/commons/9/9a/KPU_Bonggalangi.jpg",
            "title": "Mantan Wakil Bupati Mamasa",
            "sites": {
                "name": "Wikipedia",
                "url": "https://id.wikipedia.org/wiki/Bonggalangi"
            },
            "communityID": "f6f8d420-33eb-4fef-8ba5-8926c985f0cc"
        }
    ]
}