{
    "title": "Pemilihan umum Bupati Musi Banyuasin 2024",
    "region": "Musi Banyuasin",
    "level": "KABUPATEN",
    "path": "kabupaten-musi-banyuasin",
    "source": "https://id.wikipedia.org/wiki/Pemilihan_umum_Bupati_Musi_Banyuasin_2024",
    "communityID": "d5686ebe-19ec-40ea-bd1f-ad7d87ccf7d9",
    "candidates": [
        {
            "name": "Beni Hernedi",
            "description": "Beni Hernedi, S.I.P. (lahir 5 Desember 1976) adalah politikus Indonesia yang saat ini menjabat sebagai Bupati Musi Banyuasin, terhitung sejak 18 Oktober 2021 hingga 30 Mei 2022 menggantikan Dodi Reza Alex Noerdin.[1] Sebelumnya, ia menjabat sebagai Wakil Bupati Musi Banyuasin dari 15 Januari 2012 hingga 24 Desember 2015, kemudian terpilih kembali menjadi Wakil Bupati Musi Banyuasin periode kedua dari 22 Mei 2017 sampai 15 Oktober 2021.[2]\n",
            "profilePic": "https://upload.wikimedia.org/wikipedia/commons/thumb/9/9e/Beni_hernedi_Regent_of_Musi_Banyuasin_and_Deputy_Regent_of_Musi_Banyuasin.jpg/1200px-Beni_hernedi_Regent_of_Musi_Banyuasin_and_Deputy_Regent_of_Musi_Banyuasin.jpg",
            "title": "Mantan Wakil Bupati Musi Banyuasin",
            "sites": {
                "name": "Wikipedia",
                "url": "https://id.wikipedia.org/wiki/Beni_Hernedi"
            },
            "communityID": "d5686ebe-19ec-40ea-bd1f-ad7d87ccf7d9"
        },
        {
            "name": "Lucianty Pahri",
            "description": "",
            "profilePic": "",
            "title": "Mantan Ketua TP-PKK Kabupaten Musi Banyuasin",
            "sites": {},
            "communityID": "d5686ebe-19ec-40ea-bd1f-ad7d87ccf7d9"
        },
        {
            "name": "Uzer Effendi",
            "description": "H. Uzer Effendi, M.S. (lahir 7 Juni 1958) adalah Anggota DPRD Sumatera Selatan Fraksi PDIP periode 2014\u20142019.[1] Uzer pernah menjabat sebagai Ketua DPRD Musi Banyuasin periode 2009\u20142014.\n",
            "profilePic": "https://upload.wikimedia.org/wikipedia/commons/f/f0/KPU_Uzer_Effendi.jpg",
            "title": "Mantan Anggota DPRD Sumsel",
            "sites": {
                "name": "Wikipedia",
                "url": "https://id.wikipedia.org/wiki/Uzer_Effendi"
            },
            "communityID": "d5686ebe-19ec-40ea-bd1f-ad7d87ccf7d9"
        },
        {
            "name": "Erini Mutia Yufada",
            "description": "",
            "profilePic": "",
            "title": "Mantan Ketua TP-PKK Kabupaten Musi Banyuasin",
            "sites": {},
            "communityID": "d5686ebe-19ec-40ea-bd1f-ad7d87ccf7d9"
        },
        {
            "name": "Apriyadi",
            "description": "Drs. H. Apriyadi Mahmud, M.Si. (lahir 6 November 1967) adalah seorang birokrat Indonesia yang saat ini menjabat sebagai Sekretaris Daerah Musi Banyuasin. Ia pernah menjabat sebagai Penjabat Bupati Kabupaten Musi Banyuasin periode 2022\u20132024 dan juga pernah menjabat sebagai Penjabat Bupati Penukal Abab Lematang Ilir periode 2015\u20132016.[1][2]\n",
            "profilePic": "https://upload.wikimedia.org/wikipedia/commons/thumb/a/a4/Apriyadi%281%29.jpg/1200px-Apriyadi%281%29.jpg",
            "title": "Penjabat Bupati Kabupaten Musi Banyuasin",
            "sites": {
                "name": "Wikipedia",
                "url": "https://id.wikipedia.org/wiki/Apriyadi"
            },
            "communityID": "d5686ebe-19ec-40ea-bd1f-ad7d87ccf7d9"
        },
        {
            "name": "Lury Elza Alex Noerdin",
            "description": "",
            "profilePic": "",
            "title": "Anak Mantan Gubernur Sumatera Selatan Alex Noerdin",
            "sites": {},
            "communityID": "d5686ebe-19ec-40ea-bd1f-ad7d87ccf7d9"
        },
        {
            "name": "Junsak Hasanudin",
            "description": "",
            "profilePic": "",
            "title": "Anggota DPRD Muba",
            "sites": {},
            "communityID": "d5686ebe-19ec-40ea-bd1f-ad7d87ccf7d9"
        },
        {
            "name": "Ade Karyana",
            "description": "",
            "profilePic": "",
            "title": "Mantan Kepala Dinas Pendidikan Sumsel",
            "sites": {},
            "communityID": "d5686ebe-19ec-40ea-bd1f-ad7d87ccf7d9"
        },
        {
            "name": "Zoelkarnain Noerdin",
            "description": "",
            "profilePic": "",
            "title": "Mantan Kepala Dinas Kesehatan Sumsel",
            "sites": {},
            "communityID": "d5686ebe-19ec-40ea-bd1f-ad7d87ccf7d9"
        },
        {
            "name": "Agung Firman Sampurna",
            "description": "Dr. Agung Firman Sampurna, S.E., M.A.P., CSFA., CFrA., CGCAE., QGIA. (lahir 19 November 1971) adalah birokrat Indonesia yang menjabat Ketua Badan Pemeriksa Keuangan Republik Indonesia antara tahun 2019 dan 2022. Agung terpilih secara aklamasi oleh sembilan anggota BPK menggantikan Moermahadi Soerja Djanegara.[1][2] Sebelumnya, ia menjabat sebagai Anggota I BPK-RI periode 2014\u20132019,[3][4] Anggota III (2012\u20132013), dan Anggota V (2013\u20132014).\n",
            "profilePic": "https://upload.wikimedia.org/wikipedia/commons/a/a3/Ketua_BPK_RI_Agung_Firman_Sampurna.jpg",
            "title": "Ketua Umum PBSI",
            "sites": {
                "name": "Wikipedia",
                "url": "https://id.wikipedia.org/wiki/Agung_Firman_Sampurna"
            },
            "communityID": "d5686ebe-19ec-40ea-bd1f-ad7d87ccf7d9"
        },
        {
            "name": "Amiri Aripin, Ketua Partai Nasdem Muba",
            "description": "",
            "profilePic": "",
            "title": "Bakal Calon Bupati",
            "sites": {},
            "communityID": "d5686ebe-19ec-40ea-bd1f-ad7d87ccf7d9"
        },
        {
            "name": "Islan Hanura",
            "description": "H. Islan Hanura, S.T., M.M. (lahir 21 September 1966) adalah Wakil Ketua DPRD Musi Banyuasin periode 2014\u20132015.\n",
            "profilePic": "https://upload.wikimedia.org/wikipedia/commons/d/d5/Islan_Hanura%281%29.jpg",
            "title": "Mantan Wakil Bupati Musi Banyuasin",
            "sites": {
                "name": "Wikipedia",
                "url": "https://id.wikipedia.org/wiki/Islan_Hanura"
            },
            "communityID": "d5686ebe-19ec-40ea-bd1f-ad7d87ccf7d9"
        },
        {
            "name": "Aris febriansah.SH,.MH ",
            "description": "",
            "profilePic": "",
            "title": "Lawyer",
            "sites": {},
            "communityID": "d5686ebe-19ec-40ea-bd1f-ad7d87ccf7d9"
        }
    ]
}