{
    "title": "Pemilihan umum Bupati Tulungagung 2024",
    "region": "Tulungagung",
    "level": "KABUPATEN",
    "path": "kabupaten-tulungagung",
    "source": "https://id.wikipedia.org/wiki/Pemilihan_umum_Bupati_Tulungagung_2024",
    "communityID": "e156c5ca-56aa-4390-b107-914254702345",
    "candidates": [
        {
            "name": "Drs.",
            "description": "Doktorandus (di Belanda dan masa Hindia Belanda doctorandus) atau disingkat Drs., dan Doktoranda (doctoranda) disingkat Dra. bagi wanita, merupakan gelar yang diberikan oleh universitas. Kata \"Doktorandus/Doktoranda\" merupakan kata serapan dari bahasa Belanda yang memungutnya dari bahasa Latin yang berarti \"Ia yang akan dijadikan ilmuwan (doktor)\". Karena itu di Belanda gelar ini diberikan kepada orang yang sudah menyelesaikan program Master (S-2), dan hampir mencapai gelar doktor, yaitu gelar tertinggi dalam bidang akademis. Si pemilik gelar hanya tinggal menulis disertasi untuk mencapai gelar doktornya. Sampai dengan tahun 1960-an di dalam ijazah Doktorandus yang dikeluarkan Institut Teknologi Bandung (ITB) untuk ilmu sains (matematika, fisika, kimia, biologi, farmasi, kedokteran, astronomi, ilmu kebumian, geologi geofisika) dan seni rupa tercantum kalimat \"pemegang ijazah ini berhak mencapai gelar doktor dengan membuat dan mempertahankan thesis\".[1]:155\n",
            "profilePic": "",
            "title": "Bupati Tulungagung periode 2019-2023",
            "sites": {
                "name": "Wikipedia",
                "url": "https://id.wikipedia.org/wiki/Doktorandus"
            },
            "communityID": "e156c5ca-56aa-4390-b107-914254702345"
        },
        {
            "name": "Drs.",
            "description": "Doktorandus (di Belanda dan masa Hindia Belanda doctorandus) atau disingkat Drs., dan Doktoranda (doctoranda) disingkat Dra. bagi wanita, merupakan gelar yang diberikan oleh universitas. Kata \"Doktorandus/Doktoranda\" merupakan kata serapan dari bahasa Belanda yang memungutnya dari bahasa Latin yang berarti \"Ia yang akan dijadikan ilmuwan (doktor)\". Karena itu di Belanda gelar ini diberikan kepada orang yang sudah menyelesaikan program Master (S-2), dan hampir mencapai gelar doktor, yaitu gelar tertinggi dalam bidang akademis. Si pemilik gelar hanya tinggal menulis disertasi untuk mencapai gelar doktornya. Sampai dengan tahun 1960-an di dalam ijazah Doktorandus yang dikeluarkan Institut Teknologi Bandung (ITB) untuk ilmu sains (matematika, fisika, kimia, biologi, farmasi, kedokteran, astronomi, ilmu kebumian, geologi geofisika) dan seni rupa tercantum kalimat \"pemegang ijazah ini berhak mencapai gelar doktor dengan membuat dan mempertahankan thesis\".[1]:155\n",
            "profilePic": "",
            "title": "Ketua Ikatan Motor Indonesia (IMI) Tulungagung",
            "sites": {
                "name": "Wikipedia",
                "url": "https://id.wikipedia.org/wiki/Doktorandus"
            },
            "communityID": "e156c5ca-56aa-4390-b107-914254702345"
        },
        {
            "name": "Gatut Sunu Wibowo",
            "description": "H. Gatut Sunu Wibowo, S.E., M.E.  (lahir 17 Desember 1967) adalah seorang politikus Indonesia kelahiran Tulungagung. Ia merupakan pengusaha toko bangunan yang jaringan toko bangunannya tersebar di beberapa wilayah Trenggalek dan Tulungagung. Ia tergabung dalam Partai Demokrasi Indonesia Perjuangan. Dari 2 November 2021 sampai 25 September 2023, ia menjabat sebagai Wakil Bupati Tulungagung mendampingi Maryoto Birowo selaku Bupati Tulungagung.[1]\n",
            "profilePic": "",
            "title": "S.E. M.E",
            "sites": {
                "name": "Wikipedia",
                "url": "https://id.wikipedia.org/wiki/Gatut_Sunu_Wibowo"
            },
            "communityID": "e156c5ca-56aa-4390-b107-914254702345"
        },
        {
            "name": "dr. Supriyanto Darmoredjo",
            "description": "",
            "profilePic": "",
            "title": "Direktur RSCM Jakarta",
            "sites": {},
            "communityID": "e156c5ca-56aa-4390-b107-914254702345"
        },
        {
            "name": "H.",
            "description": "Haji adalah gelar homonim yang memiliki dua etimologi yang berbeda. Dalam budaya Islam Nusantara di Asia Tenggara, gelar haji umumnya digunakan untuk orang yang sudah melaksanakan haji. Istilah ini berasal dari bahasa Arab (\u062d\u0627\u062c) yang merupakan bentuk isim fail (partisip aktif) dari kata kerja 'hajj' (Arab: \u062d\u062c, 'pergi haji') atau dari kata benda 'hajj' (Arab: \u062d\u062c, 'ibadah haji') yang diberi sufiks nisbah menjadi 'hajjiy' (Arab: \u062d\u062c\u064a).\n",
            "profilePic": "",
            "title": "Kepala Desa Pucung Lor Ngantru ",
            "sites": {
                "name": "Wikipedia",
                "url": "https://id.wikipedia.org/wiki/Haji_(gelar)"
            },
            "communityID": "e156c5ca-56aa-4390-b107-914254702345"
        },
        {
            "name": "dr.",
            "description": "Dokter (bahasa Belanda: dokter, arts atau geneesheer; bahasa Inggris: medical doctor, disingkat M.D.; dari bahasa Latin medicinae doctor) adalah seseorang yang karena keilmuannya berusaha menyembuhkan orang-orang yang sakit. Tidak semua orang yang menyembuhkan penyakit bisa disebut dokter. Untuk menjadi dokter biasanya diperlukan pendidikan dan pelatihan khusus dan mempunyai gelar dalam bidang kedokteran.\n",
            "profilePic": "https://upload.wikimedia.org/wikipedia/commons/thumb/3/31/Medical_doctors_per_1%2C000_people%2C_OWID.svg/1200px-Medical_doctors_per_1%2C000_people%2C_OWID.svg.png",
            "title": "M.M.R.S",
            "sites": {
                "name": "Wikipedia",
                "url": "https://id.wikipedia.org/wiki/Dokter"
            },
            "communityID": "e156c5ca-56aa-4390-b107-914254702345"
        },
        {
            "name": "Sujanarko",
            "description": "",
            "profilePic": "",
            "title": "Mantan salah satu Direktur KPK",
            "sites": {},
            "communityID": "e156c5ca-56aa-4390-b107-914254702345"
        },
        {
            "name": "Didik Girnoto Yekti",
            "description": "",
            "profilePic": "",
            "title": "Kepala Desa Tunggulsari",
            "sites": {},
            "communityID": "e156c5ca-56aa-4390-b107-914254702345"
        },
        {
            "name": "Drs.",
            "description": "Doktorandus (di Belanda dan masa Hindia Belanda doctorandus) atau disingkat Drs., dan Doktoranda (doctoranda) disingkat Dra. bagi wanita, merupakan gelar yang diberikan oleh universitas. Kata \"Doktorandus/Doktoranda\" merupakan kata serapan dari bahasa Belanda yang memungutnya dari bahasa Latin yang berarti \"Ia yang akan dijadikan ilmuwan (doktor)\". Karena itu di Belanda gelar ini diberikan kepada orang yang sudah menyelesaikan program Master (S-2), dan hampir mencapai gelar doktor, yaitu gelar tertinggi dalam bidang akademis. Si pemilik gelar hanya tinggal menulis disertasi untuk mencapai gelar doktornya. Sampai dengan tahun 1960-an di dalam ijazah Doktorandus yang dikeluarkan Institut Teknologi Bandung (ITB) untuk ilmu sains (matematika, fisika, kimia, biologi, farmasi, kedokteran, astronomi, ilmu kebumian, geologi geofisika) dan seni rupa tercantum kalimat \"pemegang ijazah ini berhak mencapai gelar doktor dengan membuat dan mempertahankan thesis\".[1]:155\n",
            "profilePic": "",
            "title": "S.H",
            "sites": {
                "name": "Wikipedia",
                "url": "https://id.wikipedia.org/wiki/Doktorandus"
            },
            "communityID": "e156c5ca-56aa-4390-b107-914254702345"
        },
        {
            "name": "Ahmad Baharudin",
            "description": "",
            "profilePic": "",
            "title": "SE",
            "sites": {},
            "communityID": "e156c5ca-56aa-4390-b107-914254702345"
        },
        {
            "name": "Hj.",
            "description": "",
            "profilePic": "",
            "title": "S.E",
            "sites": {},
            "communityID": "e156c5ca-56aa-4390-b107-914254702345"
        }
    ]
}