{
    "title": "Pemilihan umum Bupati Berau 2024",
    "region": "Berau",
    "level": "KABUPATEN",
    "path": "kabupaten-berau",
    "source": "https://id.wikipedia.org/wiki/Pemilihan_umum_Bupati_Berau_2024",
    "communityID": "e2498759-982e-4bed-b2ec-ac37b3f664e4",
    "candidates": [
        {
            "name": "Sri Juniarsih Mas",
            "description": "Hj. Sri Juniarsih Mas, M.Pd. (lahir 25 Juni 1976) adalah politikus Indonesia yang menjabat sebagai bupati Berau petahana sejak 26 Februari 2021 dan merupakan bupati perempuan pertama yang memimpin Kabupaten Berau.[2] Sri Juniarsih bersama Gamalis memenangi Pilkada Kabupaten Berau 2020 berdasarkan rapat pleno terbuka penetapan pasangan calon bupati-wabup Berau terpilih yang digelar oleh Komisi Pemilihan Umum Kabupaten Berau.[3]\n",
            "profilePic": "https://upload.wikimedia.org/wikipedia/commons/1/11/Sri_Juniarsih_Mas.png",
            "title": "Bupati Berau",
            "sites": {
                "name": "Wikipedia",
                "url": "https://id.wikipedia.org/wiki/Sri_Juniarsih_Mas"
            },
            "communityID": "e2498759-982e-4bed-b2ec-ac37b3f664e4"
        },
        {
            "name": "Atilagarnadi,SH,M.Si",
            "description": "",
            "profilePic": "",
            "title": "Ketua DPC PDI Perjuangan Kab. Berau",
            "sites": {},
            "communityID": "e2498759-982e-4bed-b2ec-ac37b3f664e4"
        },
        {
            "name": "Agus Tantomo",
            "description": "H. Agus Tantomo (lahir 26 Agustus 1968) adalah Bupati Berau periode 2021.[1] Ia pernah menjabat sebagai Wakil Bupati Berau periode 2016\u20132020.[2]\n",
            "profilePic": "https://upload.wikimedia.org/wikipedia/commons/3/32/Bupati_Berau_Agus_Tantomo.jpg",
            "title": "Mantan Bupati Berau",
            "sites": {
                "name": "Wikipedia",
                "url": "https://id.wikipedia.org/wiki/Agus_Tantomo"
            },
            "communityID": "e2498759-982e-4bed-b2ec-ac37b3f664e4"
        },
        {
            "name": "Gamalis",
            "description": "H. Gamalis, S.E. (lahir 11 November 1966) adalah Wakil Bupati Berau periode 2021\u20132024. Ia menjabat sejak 26 Februari 2021 setelah dilantik Gubernur Kalimantan Timur, Isran Noor secara daring.[1]\n",
            "profilePic": "",
            "title": "Wakil Bupati Berau",
            "sites": {
                "name": "Wikipedia",
                "url": "https://id.wikipedia.org/wiki/Gamalis"
            },
            "communityID": "e2498759-982e-4bed-b2ec-ac37b3f664e4"
        },
        {
            "name": "Saipul Rahman",
            "description": "Saipul Rahman, lahir pada 7 Oktober 1975, adalah seorang profesional, aktivis dakwah, dan penggerak pembangunan desa. Saipul menjabat Direktur PDAM Tirta Segah Kabupaten Berau periode 2019\u20132023 dan diperpanjang menjadi Direktur Perumda Air Minum Batiwakkal Kabupaten Berau periode 2024-2028.\n",
            "profilePic": "",
            "title": "Direktur Perumda Air Minum Batiwakkal",
            "sites": {
                "name": "Wikipedia",
                "url": "https://id.wikipedia.org/wiki/Saipul_Rahman"
            },
            "communityID": "e2498759-982e-4bed-b2ec-ac37b3f664e4"
        },
        {
            "name": "Muhammad Furqan, ST, M.Sc",
            "description": "",
            "profilePic": "",
            "title": "Pengusaha",
            "sites": {},
            "communityID": "e2498759-982e-4bed-b2ec-ac37b3f664e4"
        },
        {
            "name": "Hj. Marhana",
            "description": "",
            "profilePic": "",
            "title": "Pengusaha",
            "sites": {},
            "communityID": "e2498759-982e-4bed-b2ec-ac37b3f664e4"
        },
        {
            "name": "Aan Wibowo",
            "description": "",
            "profilePic": "",
            "title": "Direktur Utama PT. Indo Pusaka Berau",
            "sites": {},
            "communityID": "e2498759-982e-4bed-b2ec-ac37b3f664e4"
        },
        {
            "name": "Ahmad Najib Fathoni",
            "description": "",
            "profilePic": "",
            "title": "Tokoh Masyarakat Jawa",
            "sites": {},
            "communityID": "e2498759-982e-4bed-b2ec-ac37b3f664e4"
        },
        {
            "name": "Muhammad Tasrif, SE",
            "description": "",
            "profilePic": "",
            "title": "Pengusaha",
            "sites": {},
            "communityID": "e2498759-982e-4bed-b2ec-ac37b3f664e4"
        }
    ]
}