{
    "title": "Pemilihan umum Bupati Aceh Timur 2024",
    "region": "Aceh Timur",
    "level": "KABUPATEN",
    "path": "kabupaten-aceh-timur",
    "source": "https://id.wikipedia.org/wiki/Pemilihan_umum_Bupati_Aceh_Timur_2024",
    "communityID": "09b732a8-78e9-4c32-b08e-95a26e63ccdb",
    "candidates": [
        {
            "name": "dr. Mahfudhdinsyah",
            "description": "",
            "profilePic": "",
            "title": "Instagram @mahfudozil; Aktivis Sosial Media Nasional",
            "sites": {},
            "communityID": "09b732a8-78e9-4c32-b08e-95a26e63ccdb"
        },
        {
            "name": "Muslim Hasballah",
            "description": "Teungku Muslim Hasballah (lahir 21 Maret 1968) adalah tokoh pejuang GAM. Dia pernah menjabat sebagai Panglima Gerakan Aceh Merdeka wilayah Peureulak dan Bupati Aceh Timur periode 2007\u20142012.\n",
            "profilePic": "",
            "title": "Mantan Bupati Aceh Timur",
            "sites": {
                "name": "Wikipedia",
                "url": "https://id.wikipedia.org/wiki/Muslim_Hasballah"
            },
            "communityID": "09b732a8-78e9-4c32-b08e-95a26e63ccdb"
        },
        {
            "name": "Syahrul Syamaun",
            "description": "Teungku Syahrul Syamaun,[1] lebih dikenal dengan nama Linud (lahir 13 Juli 1969) adalah tokoh pejuang GAM. Dia pernah menjabat sebagai Tim Monitoring JSC dari Representative GAM. Dia juga pernah menjabat sebagai Wakil Bupati Aceh Timur.\n",
            "profilePic": "",
            "title": "Mantan Wakil Bupati Aceh Timur",
            "sites": {
                "name": "Wikipedia",
                "url": "https://id.wikipedia.org/wiki/Syahrul_Syamaun"
            },
            "communityID": "09b732a8-78e9-4c32-b08e-95a26e63ccdb"
        },
        {
            "name": "Robin Van Persie",
            "description": "Robin van Persie (.mw-parser-output .IPA-label-small{font-size:85%}.mw-parser-output .reference-text .IPA-label-small,.mw-parser-output .infobox .IPA-label-small,.mw-parser-output .navbox .IPA-label-small{font-size:100%}pelafalan dalam bahasa Belanda: [\u02c8r\u0254b\u026an v\u0251n \u02c8p\u025brsi] \u24d8; lahir 6 Agustus 1983) adalah seorang pelatih dan mantan pemain sepak bola profesional asal Belanda yang merupakan manajer klub Eredivisie Heerenveen. Dianggap sebagai salah satu striker terbaik di generasinya, Van Persie dikenal karena teknik dan kontrol bolanya yang luar biasa, penempatan posisi yang cerdas, dan visinya. Dia adalah pencetak gol terbanyak sepanjang masa untuk tim nasional Belanda. \n",
            "profilePic": "https://upload.wikimedia.org/wikipedia/commons/6/65/Loco-Fener_%2810%29.jpg",
            "title": "Mantan Pendukung GAM",
            "sites": {
                "name": "Wikipedia",
                "url": "https://id.wikipedia.org/wiki/Robin_Van_Persie"
            },
            "communityID": "09b732a8-78e9-4c32-b08e-95a26e63ccdb"
        },
        {
            "name": "Hamdani Hasan",
            "description": "",
            "profilePic": "",
            "title": "Ketua KPA wilayah Peureulak",
            "sites": {},
            "communityID": "09b732a8-78e9-4c32-b08e-95a26e63ccdb"
        },
        {
            "name": "Ridwan Abubakar",
            "description": "Teungku Ridwan Abubakar, S.Pd.I., M.M., lebih dikenal dengan nama Nektu (lahir 4 Desember 1964) adalah tokoh pejuang GAM. Dia pernah menjabat sebagai Wakil Panglima Gerakan Aceh Merdeka wilayah Peureulak. Dia sekarang mejabat sebagai Anggota DPRA Fraksi Partai Damai Aceh.[1]\n",
            "profilePic": "",
            "title": "Anggota DPR Aceh",
            "sites": {
                "name": "Wikipedia",
                "url": "https://id.wikipedia.org/wiki/Ridwan_Abubakar"
            },
            "communityID": "09b732a8-78e9-4c32-b08e-95a26e63ccdb"
        },
        {
            "name": "Zulfadli Aiyub",
            "description": "",
            "profilePic": "",
            "title": "Ketua PA Aceh Timur",
            "sites": {},
            "communityID": "09b732a8-78e9-4c32-b08e-95a26e63ccdb"
        },
        {
            "name": "Abdul Rani",
            "description": "",
            "profilePic": "",
            "title": "Mantan Calon Wakil Bupati Aceh Timur",
            "sites": {},
            "communityID": "09b732a8-78e9-4c32-b08e-95a26e63ccdb"
        }
    ]
}