{
    "title": "Pemilihan umum Bupati Pekalongan 2024",
    "region": "Pekalongan",
    "level": "KABUPATEN",
    "path": "kabupaten-pekalongan",
    "source": "https://id.wikipedia.org/wiki/Pemilihan_umum_Bupati_Pekalongan_2024",
    "communityID": "5edf4c7e-0fb5-485e-8123-5e072c94b9ec",
    "candidates": [
        {
            "name": "Fadia A. Rafiq",
            "description": "Fadia Arafiq, S.E., M.M. (lahir 23 Mei 1978 dengan nama Laila Fathiah) adalah politikus, Bupati Pekalongan periode 2021\u20132024 dan juga merupakan penyanyi dangdut dan anak dari pedangdut senior Indonesia, A. Rafiq.\n",
            "profilePic": "https://upload.wikimedia.org/wikipedia/commons/thumb/8/80/Bupati_Pekalongan_Fadia_Arafiq.jpg/1200px-Bupati_Pekalongan_Fadia_Arafiq.jpg",
            "title": "Bupati Pekalongan",
            "sites": {
                "name": "Wikipedia",
                "url": "https://id.wikipedia.org/wiki/Fadia_A._Rafiq"
            },
            "communityID": "5edf4c7e-0fb5-485e-8123-5e072c94b9ec"
        },
        {
            "name": "Riswadi",
            "description": "H. Riswadi, S.H. (lahir 23 Maret 1973) adalah seorang politikus asal Jawa Tengah yang terpilih sebagai Wakil Bupati Pekalongan pada periode 2021\u20132025 mendampingi Fadia Arafiq.\n",
            "profilePic": "https://upload.wikimedia.org/wikipedia/commons/thumb/e/e1/Wakil_Bupati_Pekalongan_Riswadi.jpg/1200px-Wakil_Bupati_Pekalongan_Riswadi.jpg",
            "title": "Wakil Bupati Pekalongan",
            "sites": {
                "name": "Wikipedia",
                "url": "https://id.wikipedia.org/wiki/Riswadi"
            },
            "communityID": "5edf4c7e-0fb5-485e-8123-5e072c94b9ec"
        },
        {
            "name": "Asip Kholbihi",
            "description": "Asip Kholbihi, S.H. M.Si (lahir 01 Februari 1967) adalah Bupati Kabupaten Pekalongan periode 2016\u20132021.\n",
            "profilePic": "https://upload.wikimedia.org/wikipedia/commons/5/5b/Bupati_Pekalongan_Asip_Kholbihi.jpg",
            "title": "Mantan Bupati Pekalongan",
            "sites": {
                "name": "Wikipedia",
                "url": "https://id.wikipedia.org/wiki/Asip_Kholbihi"
            },
            "communityID": "5edf4c7e-0fb5-485e-8123-5e072c94b9ec"
        },
        {
            "name": "Bisri Romly",
            "description": "Drs. H. Bisri Romly, M.M. (lahir 5 Juli 1955) adalah politikus Indonesia yang menjabat sebagai anggota DPR-RI selama tiga periode (2004\u20132009, 2014\u20132019, dan 2019\u20132024). Ia mewakili daerah pemilihan Jawa Tengah X, yang meliputi Kabupaten Pekalongan, Kabupaten Pemalang, Kabupaten Batang, dan Kota Pekalongan. Bisri merupakan kader Partai Kebangkitan Bangsa. Saat ini, ia bertugas di Komisi X.[1]\n",
            "profilePic": "https://upload.wikimedia.org/wikipedia/commons/9/9a/Bisri_Romly.jpg",
            "title": "Anggota DPR RI",
            "sites": {
                "name": "Wikipedia",
                "url": "https://id.wikipedia.org/wiki/Bisri_Romly"
            },
            "communityID": "5edf4c7e-0fb5-485e-8123-5e072c94b9ec"
        },
        {
            "name": "Sukirman",
            "description": "H. Sukirman, S.H. (lahir 20 Mei 1961) adalah seorang politikus Indonesia yang menjabat sebagai Bupati Bangka Barat sejak 2021. Sukirman pernah menjabat sebagai Wakil Bupati Bangka Barat pada tahun 2010 hingga 2015. Selain itu, ia juga sempat menjabat sebagai anggota DPRD Kepulauan Bangka Belitung pada 2019 hingga 2020 dan anggota DPRD Bangka Barat dari tahun 2009 sampai 2010.\n",
            "profilePic": "https://upload.wikimedia.org/wikipedia/commons/thumb/2/20/Bupati_Bangka_Barat_H.Sukirman_SH.jpg/1200px-Bupati_Bangka_Barat_H.Sukirman_SH.jpg",
            "title": "Wakil Ketua I DPRD Jateng",
            "sites": {
                "name": "Wikipedia",
                "url": "https://id.wikipedia.org/wiki/Sukirman_(politikus)"
            },
            "communityID": "5edf4c7e-0fb5-485e-8123-5e072c94b9ec"
        },
        {
            "name": "Hindun",
            "description": "",
            "profilePic": "",
            "title": "Ketua DPRD Kabupaten Pekalongan",
            "sites": {},
            "communityID": "5edf4c7e-0fb5-485e-8123-5e072c94b9ec"
        },
        {
            "name": "Candra Saputra",
            "description": "",
            "profilePic": "",
            "title": "Anggota DPRD Kabupaten Pekalongan",
            "sites": {},
            "communityID": "5edf4c7e-0fb5-485e-8123-5e072c94b9ec"
        },
        {
            "name": "Catur Ardiansah",
            "description": "",
            "profilePic": "",
            "title": "Wakil Ketua III DPRD Kabupaten Pekalongan",
            "sites": {},
            "communityID": "5edf4c7e-0fb5-485e-8123-5e072c94b9ec"
        },
        {
            "name": "Musa Adam",
            "description": "",
            "profilePic": "",
            "title": "Anggota DPRD Kabupaten Pekalongan",
            "sites": {},
            "communityID": "5edf4c7e-0fb5-485e-8123-5e072c94b9ec"
        }
    ]
}