{
    "title": "Pemilihan umum Bupati Sarolangun 2024",
    "region": "Sarolangun",
    "level": "KABUPATEN",
    "path": "kabupaten-sarolangun",
    "source": "https://id.wikipedia.org/wiki/Pemilihan_umum_Bupati_Sarolangun_2024",
    "communityID": "e9922210-a330-481c-82a3-9c8aa725ea22",
    "candidates": [
        {
            "name": "Hilallatil Badri",
            "description": "H. Hillalatil Badri (lahir 4 Desember 1969) adalah Wakil Bupati Sarolangun periode 2017\u20142022. Ia merupakan wakil dari Bupati, Cek Endra.[1][2][3]\n",
            "profilePic": "https://upload.wikimedia.org/wikipedia/commons/9/93/Wabup_Sarolangun_Hillalatil_Badri.jpg",
            "title": "Mantan Wakil Bupati Sarolangun 2017-2022",
            "sites": {
                "name": "Wikipedia",
                "url": "https://id.wikipedia.org/wiki/Hilallatil_Badri"
            },
            "communityID": "e9922210-a330-481c-82a3-9c8aa725ea22"
        },
        {
            "name": "Edi Purwanto",
            "description": "Edi Purwanto, S.H.I., M.Si. (lahir 4 Juli 1980) adalah seorang politikus Indonesia. Ia merupakan ketua DPRD Provinsi Jambi periode 2019-2024.[1][2][3]\n",
            "profilePic": "https://upload.wikimedia.org/wikipedia/commons/0/0b/KPU_Edi_Purwanto.jpg",
            "title": "Ketua DPRD Provinsi Jambi",
            "sites": {
                "name": "Wikipedia",
                "url": "https://id.wikipedia.org/wiki/Edi_Purwanto"
            },
            "communityID": "e9922210-a330-481c-82a3-9c8aa725ea22"
        },
        {
            "name": "Tontawi Jauhari",
            "description": "",
            "profilePic": "",
            "title": "Ketua DPRD Sarolangun",
            "sites": {},
            "communityID": "e9922210-a330-481c-82a3-9c8aa725ea22"
        },
        {
            "name": "Pahrul Rozi",
            "description": "",
            "profilePic": "",
            "title": "Mantan Wakil Bupati Sarolangun 2011-2016",
            "sites": {},
            "communityID": "e9922210-a330-481c-82a3-9c8aa725ea22"
        },
        {
            "name": "M Fauzi",
            "description": "",
            "profilePic": "",
            "title": "Kepala Dinas PUPR Provinsi Jambi",
            "sites": {},
            "communityID": "e9922210-a330-481c-82a3-9c8aa725ea22"
        },
        {
            "name": "Cik Marleni",
            "description": "",
            "profilePic": "",
            "title": "Anggota DPRD Sarolangun dan Adik Mantan Bupati Sarolangun",
            "sites": {},
            "communityID": "e9922210-a330-481c-82a3-9c8aa725ea22"
        },
        {
            "name": "Nur Muhammad Agus",
            "description": "",
            "profilePic": "",
            "title": "Pengusaha dan Adik Mantan Gubernur Jambi",
            "sites": {},
            "communityID": "e9922210-a330-481c-82a3-9c8aa725ea22"
        },
        {
            "name": "Hapis Hasbiallah",
            "description": "",
            "profilePic": "",
            "title": "Anggota DPRD Prov Jambi",
            "sites": {},
            "communityID": "e9922210-a330-481c-82a3-9c8aa725ea22"
        },
        {
            "name": "Aang Purnama",
            "description": "",
            "profilePic": "",
            "title": "Wakil Ketua I DPRD Sarolangun",
            "sites": {},
            "communityID": "e9922210-a330-481c-82a3-9c8aa725ea22"
        },
        {
            "name": "Muhammad Syaihu",
            "description": "",
            "profilePic": "",
            "title": "Anggota DPRD Sarolangun",
            "sites": {},
            "communityID": "e9922210-a330-481c-82a3-9c8aa725ea22"
        },
        {
            "name": "Hurmin",
            "description": "",
            "profilePic": "",
            "title": "Anggota DPRD Sarolangun",
            "sites": {},
            "communityID": "e9922210-a330-481c-82a3-9c8aa725ea22"
        },
        {
            "name": "Endang Abdul Naser",
            "description": "",
            "profilePic": "",
            "title": "Mantan Sekda Kabupaten Sarolangun",
            "sites": {},
            "communityID": "e9922210-a330-481c-82a3-9c8aa725ea22"
        }
    ]
}