{
    "title": "Pemilihan umum Bupati Pringsewu 2024",
    "region": "Pringsewu",
    "level": "KABUPATEN",
    "path": "kabupaten-pringsewu",
    "source": "https://id.wikipedia.org/wiki/Pemilihan_umum_Bupati_Pringsewu_2024",
    "communityID": "6f08ca4c-a0c8-4f03-8930-6bdfa5f22751",
    "candidates": [
        {
            "name": "Ririn Kuswantari",
            "description": "",
            "profilePic": "",
            "title": "Wakil Ketua DPRD Prov. Lampung",
            "sites": {},
            "communityID": "6f08ca4c-a0c8-4f03-8930-6bdfa5f22751"
        },
        {
            "name": "Budiman",
            "description": "Budiman diartikan sebagai \"kualitas pembenaran dan dibenarkan dalam hal moral.\"[1] Ini adalah sebuah konsep yang dapat ditemukan dalam agama-agama India dan tradisi-tradisi Abrahamik sebagai konsep teologi. Contohnya, dari berbagai sudut pandang dalam Hindu, Kristen dan Yudaisme, ini dianggap merupakan atribut yang mengimplikasikan bahwa tindakan seseorang dibenarkan, dan dapat memiliki konotasi bahwa orang tersebut \"dibenarkan\" atau \"diakui\" sesuai dengan kehidupan yang direstui Allah.\n",
            "profilePic": "",
            "title": "Mantan Sekertaris Daerah Pringsewu 2015 - 2020",
            "sites": {
                "name": "Wikipedia",
                "url": "https://id.wikipedia.org/wiki/Budiman"
            },
            "communityID": "6f08ca4c-a0c8-4f03-8930-6bdfa5f22751"
        },
        {
            "name": "Iwan Nurdin",
            "description": "",
            "profilePic": "",
            "title": "Ketua Dewan Nasional Konsorsium Pembaruan Agraria (KPA)",
            "sites": {},
            "communityID": "6f08ca4c-a0c8-4f03-8930-6bdfa5f22751"
        },
        {
            "name": "Febrina Lesisie Tantina",
            "description": "",
            "profilePic": "",
            "title": "Mantan Cabup Mesuji 2017 Pengusaha",
            "sites": {},
            "communityID": "6f08ca4c-a0c8-4f03-8930-6bdfa5f22751"
        },
        {
            "name": "Adi Erlansyah, SE.,MM ",
            "description": "",
            "profilePic": "",
            "title": "PJ Bupati Pringsewu 2022-2024",
            "sites": {},
            "communityID": "6f08ca4c-a0c8-4f03-8930-6bdfa5f22751"
        },
        {
            "name": "DR. Fauzi",
            "description": "",
            "profilePic": "",
            "title": "Wakil Bupati 2017-2022/Akademisi",
            "sites": {},
            "communityID": "6f08ca4c-a0c8-4f03-8930-6bdfa5f22751"
        },
        {
            "name": "Fajar Fakhlevi",
            "description": "",
            "profilePic": "",
            "title": "Ketua KNPI Pringsewu 2016-2019/Pengusaha",
            "sites": {},
            "communityID": "6f08ca4c-a0c8-4f03-8930-6bdfa5f22751"
        },
        {
            "name": "Laksma TNI (PURN) Nuryadi",
            "description": "",
            "profilePic": "",
            "title": "Purnawirawan TNI",
            "sites": {},
            "communityID": "6f08ca4c-a0c8-4f03-8930-6bdfa5f22751"
        },
        {
            "name": "M Basili Abdurrahman S E",
            "description": "",
            "profilePic": "",
            "title": "Pengusaha",
            "sites": {},
            "communityID": "6f08ca4c-a0c8-4f03-8930-6bdfa5f22751"
        }
    ]
}