{
    "title": "Pemilihan umum Bupati Banggai 2024",
    "region": "Banggai",
    "level": "KABUPATEN",
    "path": "kabupaten-banggai",
    "source": "https://id.wikipedia.org/wiki/Pemilihan_umum_Bupati_Banggai_2024",
    "communityID": "39bef3c7-4d40-44c9-8af6-daf6b9d979e2",
    "candidates": [
        {
            "name": "Amirudin Tamoreka",
            "description": "Ir. H. Amirudin Tamoreka (lahir 13 Desember 1971) adalah politisi dan pengusaha asal Banggai. Dia menjabat sebagai \nBupati Banggai periode 2021-2024. Berdasarkan garis keturunan, Ia adalah keluarga besar FAM Tamoreka yang berasal dari Konawe. \n[1]\n",
            "profilePic": "https://upload.wikimedia.org/wikipedia/commons/d/d6/Foto_Resmi_Bupati_Banggai.jpg",
            "title": "Bupati Banggai",
            "sites": {
                "name": "Wikipedia",
                "url": "https://id.wikipedia.org/wiki/Amirudin_Tamoreka"
            },
            "communityID": "39bef3c7-4d40-44c9-8af6-daf6b9d979e2"
        },
        {
            "name": "Herwin Yatim",
            "description": "Dr. Ir. H. Herwin Yatim, M.M. (lahir 25 Mei 1966) adalah politisi asal Banggai. Dia menjabat sebagai Bupati Banggai periode 2016-2021. Sebelumnya ia pernah menjabat sebagai Wakil Bupati Banggai mendampingi Sofhian Mile periode 2011-2016.\n",
            "profilePic": "https://upload.wikimedia.org/wikipedia/commons/8/8f/Foto_resmi_Bupati_Banggai_Herwin_Yatim_periode_%282016-2021%29.jpg",
            "title": "Mantan Bupati Banggai",
            "sites": {
                "name": "Wikipedia",
                "url": "https://id.wikipedia.org/wiki/Herwin_Yatim"
            },
            "communityID": "39bef3c7-4d40-44c9-8af6-daf6b9d979e2"
        },
        {
            "name": "Mustar Labolo",
            "description": "H. Mustar Labolo (18 November 1962\u00a0\u2013\u00a014 April 2024) adalah politisi asal Banggai. Dia menjabat sebagai Wakil Bupati Banggai periode 2016\u20132021.[1]\n",
            "profilePic": "https://upload.wikimedia.org/wikipedia/commons/thumb/3/38/KPU_Mustar_Labolo.jpg/1200px-KPU_Mustar_Labolo.jpg",
            "title": "Wakil Bupati Banggai",
            "sites": {
                "name": "Wikipedia",
                "url": "https://id.wikipedia.org/wiki/Mustar_Labolo"
            },
            "communityID": "39bef3c7-4d40-44c9-8af6-daf6b9d979e2"
        },
        {
            "name": "Sofhian Mile",
            "description": "H. Muhamad Sofhian Mile, S.H.[1] (lahir 15 Agustus 1958) adalah Bupati Banggai periode 2011\u20142016. Ia pernah menjabat sebagai Anggota DPR RI 3 periode yakni 1997\u20141999, 1999\u20142004 dan 2004\u20142009.\n",
            "profilePic": "https://upload.wikimedia.org/wikipedia/commons/e/e9/KPU_Sofhian_Mile.jpg",
            "title": "Mantan Bupati Banggai",
            "sites": {
                "name": "Wikipedia",
                "url": "https://id.wikipedia.org/wiki/Sofhian_Mile"
            },
            "communityID": "39bef3c7-4d40-44c9-8af6-daf6b9d979e2"
        },
        {
            "name": "Amalya Murad",
            "description": "",
            "profilePic": "",
            "title": "Politisi Gerindra",
            "sites": {},
            "communityID": "39bef3c7-4d40-44c9-8af6-daf6b9d979e2"
        },
        {
            "name": "Irwanto Kulap",
            "description": "",
            "profilePic": "",
            "title": "Anggota DPRD Kab. Banggai",
            "sites": {},
            "communityID": "39bef3c7-4d40-44c9-8af6-daf6b9d979e2"
        },
        {
            "name": "Andhika Mayrizal Amir",
            "description": "",
            "profilePic": "",
            "title": "Putra Wakil Gubernur Sulteng",
            "sites": {},
            "communityID": "39bef3c7-4d40-44c9-8af6-daf6b9d979e2"
        }
    ]
}