{
    "title": "Pemilihan umum Bupati Jeneponto 2024",
    "region": "Jeneponto",
    "level": "KABUPATEN",
    "path": "kabupaten-jeneponto",
    "source": "https://id.wikipedia.org/wiki/Pemilihan_umum_Bupati_Jeneponto_2024",
    "communityID": "828920b8-5fb6-4c71-8b38-4e12eae33196",
    "candidates": [
        {
            "name": "Paris Yasir",
            "description": "H. Paris Yasir, S.E., M.M. (lahir 18 Mei 1981) adalah seorang politikus Indonesia kelahiran Jeneponto. Ia menjabat sebagai anggota DPRD Kabupaten Jeneponto periode 2009-2014, Wakil Ketua DPRD Kabupaten Jeneponto Periode 2014-2018 dan Wakil Bupati Jeneponto Periode 2018-2023 berpasangan dengan Bupati Iksan Iskandar.[1]\n",
            "profilePic": "https://upload.wikimedia.org/wikipedia/commons/7/76/Wakil_Bupati_Jeneponto_Paris_Yaris.jpg",
            "title": "Mantan Wakil Bupati Jeneponto",
            "sites": {
                "name": "Wikipedia",
                "url": "https://id.wikipedia.org/wiki/Paris_Yasir"
            },
            "communityID": "828920b8-5fb6-4c71-8b38-4e12eae33196"
        },
        {
            "name": "Effendy Alqadry Mulyadi, Putra",
            "description": "",
            "profilePic": "",
            "title": "Bakal Calon Bupati",
            "sites": {},
            "communityID": "828920b8-5fb6-4c71-8b38-4e12eae33196"
        },
        {
            "name": "Muhammad Sarif",
            "description": "",
            "profilePic": "",
            "title": "Anggota DPRD Sulsel",
            "sites": {},
            "communityID": "828920b8-5fb6-4c71-8b38-4e12eae33196"
        },
        {
            "name": "Vonny Ameliana Suardi",
            "description": "",
            "profilePic": "",
            "title": "Anggota DPRD Sulsel",
            "sites": {},
            "communityID": "828920b8-5fb6-4c71-8b38-4e12eae33196"
        },
        {
            "name": "Isman Tryadi Iksan",
            "description": "",
            "profilePic": "",
            "title": "Putra Bupati Jeneponto",
            "sites": {},
            "communityID": "828920b8-5fb6-4c71-8b38-4e12eae33196"
        },
        {
            "name": "Andi Tahal Fasni",
            "description": "",
            "profilePic": "",
            "title": "Mantan Anggota DPRD Jeneponto",
            "sites": {},
            "communityID": "828920b8-5fb6-4c71-8b38-4e12eae33196"
        },
        {
            "name": "Syamsuddin Karlos",
            "description": "",
            "profilePic": "",
            "title": "Anggota DPRD Sulsel",
            "sites": {},
            "communityID": "828920b8-5fb6-4c71-8b38-4e12eae33196"
        },
        {
            "name": "Hamsiah Iksan",
            "description": "",
            "profilePic": "",
            "title": "Ketua TP PKK Kabupaten Jeneponto",
            "sites": {},
            "communityID": "828920b8-5fb6-4c71-8b38-4e12eae33196"
        },
        {
            "name": "Ashari Fakhsirie Radjamilo",
            "description": "",
            "profilePic": "",
            "title": "Kepala Dinas Koperasi dan Usaha Kecil Menengah Sulsel",
            "sites": {},
            "communityID": "828920b8-5fb6-4c71-8b38-4e12eae33196"
        },
        {
            "name": "Syafruddin Nurdin",
            "description": "",
            "profilePic": "",
            "title": "Mantan Sekda Jeneponto",
            "sites": {},
            "communityID": "828920b8-5fb6-4c71-8b38-4e12eae33196"
        },
        {
            "name": "Imam Taufiq Bohari",
            "description": "",
            "profilePic": "",
            "title": "Wakil Ketua DPRD Jeneponto",
            "sites": {},
            "communityID": "828920b8-5fb6-4c71-8b38-4e12eae33196"
        },
        {
            "name": "Muh. Islam Iskandar",
            "description": "",
            "profilePic": "",
            "title": "SH",
            "sites": {},
            "communityID": "828920b8-5fb6-4c71-8b38-4e12eae33196"
        }
    ]
}