{
    "title": "Pemilihan umum Bupati Batanghari 2024",
    "region": "Batanghari",
    "level": "KABUPATEN",
    "path": "kabupaten-batanghari",
    "source": "https://id.wikipedia.org/wiki/Pemilihan_umum_Bupati_Batanghari_2024",
    "communityID": "35153b2b-3dfc-4fa1-8579-31ba2b90626f",
    "candidates": [
        {
            "name": "Muhammad Fadhil Arief",
            "description": "Muhammad Fadhil Arief, S.E. (lahir 1 Juni 1975) adalah Bupati Batanghari periode 2021-2024.[1][2] Bersama wakilnya, Bakhtiar, mereka berhasil memenangkan pemilihan umum Bupati Batanghari 2020. Fadhil sebelumnya merupakan Sekretaris Daerah Kabupaten Muaro Jambi.[3]\n",
            "profilePic": "https://upload.wikimedia.org/wikipedia/commons/2/2b/Bupati_Batanghari_M_Fadhil_Arief.jpg",
            "title": "Bupati Batanghari",
            "sites": {
                "name": "Wikipedia",
                "url": "https://id.wikipedia.org/wiki/Muhammad_Fadhil_Arief"
            },
            "communityID": "35153b2b-3dfc-4fa1-8579-31ba2b90626f"
        },
        {
            "name": "Hasbi Anshory",
            "description": "Hasbi Anshory, S.E., M.M. atau lebih dikenal dengan nama Hasbi Ansori (lahir 13 November 1971)[1] adalah seorang politisi Indonesia. Ia merupakan anggota DPR RI dari fraksi partai Nasdem periode 2019\u20142024 melalui daerah pemilihan Jambi.[2] Sebelumnya, Hasbi adalah anggota DPD RI dapil Jambi periode 2009\u20142014.[3]\n",
            "profilePic": "https://upload.wikimedia.org/wikipedia/commons/9/92/Hasbi_Anshory.jpg",
            "title": "Anggota DPR RI",
            "sites": {
                "name": "Wikipedia",
                "url": "https://id.wikipedia.org/wiki/Hasbi_Anshory"
            },
            "communityID": "35153b2b-3dfc-4fa1-8579-31ba2b90626f"
        },
        {
            "name": "Muchlis A.S.",
            "description": "Irjen. Pol. (Purn.) Drs. Muchlis A.S., M.H. (5 Mei 1962\u00a0\u2013\u00a010 April 2024) adalah seorang Purnawirawan Polri yang terakhir menjabat sebagai Analis Kebijakan Utama Baharkam Polri.\n",
            "profilePic": "https://upload.wikimedia.org/wikipedia/commons/thumb/9/9f/Irjen_Pol_Drs._H._Muchlis_A.S._M.H..jpg/1200px-Irjen_Pol_Drs._H._Muchlis_A.S._M.H..jpg",
            "title": "Purnawirawan Polri",
            "sites": {
                "name": "Wikipedia",
                "url": "https://id.wikipedia.org/wiki/Muchlis_A.S."
            },
            "communityID": "35153b2b-3dfc-4fa1-8579-31ba2b90626f"
        },
        {
            "name": "Bakhtiar",
            "description": "H. Bakhtiar, S.P. (lahir 13 Oktober 1961) adalah Wakil Bupati Batanghari periode 2021\u20132024. Ia merupakan wakil dari Bupati, Muhammad Fadhil Arief.[2][3][4] Bakhtiar sebelumnya adalah Sekretaris Daerah Kabupaten Batanghari.[5][6]\n",
            "profilePic": "https://upload.wikimedia.org/wikipedia/commons/c/c2/Wabup_Batanghari_Bakhtiar.jpg",
            "title": "Wakil Bupati Batanghari",
            "sites": {
                "name": "Wikipedia",
                "url": "https://id.wikipedia.org/wiki/Bakhtiar"
            },
            "communityID": "35153b2b-3dfc-4fa1-8579-31ba2b90626f"
        },
        {
            "name": "Muhammad Azan",
            "description": "",
            "profilePic": "",
            "title": "Sekda Batanghari",
            "sites": {},
            "communityID": "35153b2b-3dfc-4fa1-8579-31ba2b90626f"
        },
        {
            "name": "M Hafiz Fattah",
            "description": "",
            "profilePic": "",
            "title": "Ketua DPD PAN Batanghari dan Anak Mantan Bupati Batanghari",
            "sites": {},
            "communityID": "35153b2b-3dfc-4fa1-8579-31ba2b90626f"
        },
        {
            "name": "Yunninta Asmara",
            "description": "",
            "profilePic": "",
            "title": "Mantan Ketua TP-PKK Batanghari dan Istri Mantan Bupati Batanghari",
            "sites": {},
            "communityID": "35153b2b-3dfc-4fa1-8579-31ba2b90626f"
        },
        {
            "name": "Muhammad Jaafar",
            "description": "",
            "profilePic": "",
            "title": "Wakil Ketua DPRD Batanghari",
            "sites": {},
            "communityID": "35153b2b-3dfc-4fa1-8579-31ba2b90626f"
        },
        {
            "name": "Ardian Faisal",
            "description": "",
            "profilePic": "",
            "title": "Mantan Wakil Bupati Batanghari",
            "sites": {},
            "communityID": "35153b2b-3dfc-4fa1-8579-31ba2b90626f"
        },
        {
            "name": "Elpisina",
            "description": "",
            "profilePic": "",
            "title": "Anggota DPRD Prov Jambi",
            "sites": {},
            "communityID": "35153b2b-3dfc-4fa1-8579-31ba2b90626f"
        },
        {
            "name": "Anita Yasmin",
            "description": "Anita Yasmin, S.E. (lahir 26 Juli 1995) adalah seorang politikus Indonesia. Ia merupakan Ketua DPRD Kabupaten Batanghari periode 2019-2024[1]. Ia juga dikenal sebagai Ketua DPRD termuda se-Indonesia.[2] Saat ini, Anita juga bergabung di partai politik Indonesia dengan Partai Amanat Nasional..mw-parser-output .infobox-subbox{padding:0;border:none;margin:-3px;width:auto;min-width:100%;font-size:100%;clear:none;float:none;background-color:transparent}.mw-parser-output .infobox-3cols-child{margin:auto}.mw-parser-output .infobox .navbar{font-size:100%}body.skin-minerva .mw-parser-output .infobox-header,body.skin-minerva .mw-parser-output .infobox-subheader,body.skin-minerva .mw-parser-output .infobox-above,body.skin-minerva .mw-parser-output .infobox-title,body.skin-minerva .mw-parser-output .infobox-image,body.skin-minerva .mw-parser-output .infobox-full-data,body.skin-minerva .mw-parser-output .infobox-below{text-align:center}",
            "profilePic": "https://upload.wikimedia.org/wikipedia/id/4/4f/Anita_Yasmin.jpg",
            "title": "Ketua DPRD Kabupaten Batanghari (2021-2024)",
            "sites": {
                "name": "Wikipedia",
                "url": "https://id.wikipedia.org/wiki/Anita_Yasmin"
            },
            "communityID": "35153b2b-3dfc-4fa1-8579-31ba2b90626f"
        }
    ]
}