{
    "title": "Pemilihan umum Bupati Kubu Raya 2024",
    "region": "Kubu Raya",
    "level": "KABUPATEN",
    "path": "kabupaten-kubu-raya",
    "source": "https://id.wikipedia.org/wiki/Pemilihan_umum_Bupati_Kubu_Raya_2024",
    "communityID": "dbef8910-c174-4c15-9a3a-c13f6aad06f9",
    "candidates": [
        {
            "name": "Sujiwo",
            "description": "Sujiwo, S.E., M.Sos., (lahir 5 September 1969) adalah Wakil Bupati Kubu Raya periode 2019\u20132024,[1] ia berpasangan dengan Muda Mahendrawan pada Pilkada 2018, ia menduduki kursi legislator di tingkat Kabupaten (DPRD) selama empat periode berturut-turut.\n",
            "profilePic": "https://upload.wikimedia.org/wikipedia/commons/d/d4/Wakil_Bupati_Kubu_Raya_Sujiwo.jpg",
            "title": "Wakil Bupati Kubu Raya",
            "sites": {
                "name": "Wikipedia",
                "url": "https://id.wikipedia.org/wiki/Sujiwo"
            },
            "communityID": "dbef8910-c174-4c15-9a3a-c13f6aad06f9"
        },
        {
            "name": "Hamzah Tawil",
            "description": "",
            "profilePic": "",
            "title": "Mantan Cabup Kubu Raya 2018",
            "sites": {},
            "communityID": "dbef8910-c174-4c15-9a3a-c13f6aad06f9"
        },
        {
            "name": "Rusman Ali",
            "description": "Rusman H. M. Ali (lahir 14 September 1956) yang lebih dikenal dengan nama Rusman Ali adalah anggota DPR-RI masa jabatan 2004-2009 adalah bupati Kabupaten Kubu Raya periode 2014-2019.\n",
            "profilePic": "",
            "title": "Mantan Bupati Kubu Raya",
            "sites": {
                "name": "Wikipedia",
                "url": "https://id.wikipedia.org/wiki/Rusman_Ali"
            },
            "communityID": "dbef8910-c174-4c15-9a3a-c13f6aad06f9"
        },
        {
            "name": "Yoga Irawan",
            "description": "",
            "profilePic": "",
            "title": "Anggota DPRD Kubu Raya",
            "sites": {},
            "communityID": "dbef8910-c174-4c15-9a3a-c13f6aad06f9"
        },
        {
            "name": "M. Amri",
            "description": "",
            "profilePic": "",
            "title": "Ketua Fraksi PKS Kubu Raya",
            "sites": {},
            "communityID": "dbef8910-c174-4c15-9a3a-c13f6aad06f9"
        },
        {
            "name": "Benny Farianto",
            "description": "",
            "profilePic": "",
            "title": "Anggota DPRD Kubu Raya",
            "sites": {},
            "communityID": "dbef8910-c174-4c15-9a3a-c13f6aad06f9"
        },
        {
            "name": "Syarif Amin Muhammad",
            "description": "",
            "profilePic": "",
            "title": "Wakil Ketua II DPRD Kalbar",
            "sites": {},
            "communityID": "dbef8910-c174-4c15-9a3a-c13f6aad06f9"
        },
        {
            "name": "Agus Sudarmansyah",
            "description": "",
            "profilePic": "",
            "title": "Ketua Anggota DPRD Kubu Raya",
            "sites": {},
            "communityID": "dbef8910-c174-4c15-9a3a-c13f6aad06f9"
        },
        {
            "name": "H. Alifudin",
            "description": "",
            "profilePic": "",
            "title": "Anggota DPR RI",
            "sites": {},
            "communityID": "dbef8910-c174-4c15-9a3a-c13f6aad06f9"
        },
        {
            "name": "Nofal Nofiendra",
            "description": "",
            "profilePic": "",
            "title": "Bendahara DPD Partai Gerindra Kalbar",
            "sites": {},
            "communityID": "dbef8910-c174-4c15-9a3a-c13f6aad06f9"
        },
        {
            "name": "Syarif Abdullah Alkadrie",
            "description": "",
            "profilePic": "",
            "title": "Anggota DPR RI",
            "sites": {},
            "communityID": "dbef8910-c174-4c15-9a3a-c13f6aad06f9"
        },
        {
            "name": "Suharso.",
            "description": "",
            "profilePic": "",
            "title": "Wakil Ketua III Anggota DPRD Kubu Raya",
            "sites": {},
            "communityID": "dbef8910-c174-4c15-9a3a-c13f6aad06f9"
        },
        {
            "name": "Rosalina Muda Mahendrawan",
            "description": "",
            "profilePic": "",
            "title": "Ketua TP PKK Kubu Raya",
            "sites": {},
            "communityID": "dbef8910-c174-4c15-9a3a-c13f6aad06f9"
        },
        {
            "name": "Ardiansyah.",
            "description": "",
            "profilePic": "",
            "title": "Anggota DPRD Kalbar",
            "sites": {},
            "communityID": "dbef8910-c174-4c15-9a3a-c13f6aad06f9"
        },
        {
            "name": "Yusran Anizam",
            "description": "",
            "profilePic": "",
            "title": "Sekda Kubu Raya",
            "sites": {},
            "communityID": "dbef8910-c174-4c15-9a3a-c13f6aad06f9"
        },
        {
            "name": "BERNADUS ",
            "description": "",
            "profilePic": "",
            "title": "Ketua Umum Dewan Rakyat Dayak",
            "sites": {},
            "communityID": "dbef8910-c174-4c15-9a3a-c13f6aad06f9"
        }
    ]
}