{
    "title": "Pemilihan umum Bupati Nagan Raya 2024",
    "region": "Nagan Raya",
    "level": "KABUPATEN",
    "path": "kabupaten-nagan-raya",
    "source": "https://id.wikipedia.org/wiki/Pemilihan_umum_Bupati_Nagan_Raya_2024",
    "communityID": "022cc2e2-0166-4ef8-be80-46ffdea3fb6b",
    "candidates": [
        {
            "name": "dr. Mahfudhdinsyah",
            "description": "",
            "profilePic": "",
            "title": "Instagram @mahfudozil; Aktivis Sosial Media Nasional",
            "sites": {},
            "communityID": "022cc2e2-0166-4ef8-be80-46ffdea3fb6b"
        },
        {
            "name": "M. Jamin Idham",
            "description": "H. M. Jamin Idham, S.E. (lahir 2 Agustus 1964) adalah politikus yang menjabat Bupati Nagan Raya periode 2017\u20142022 sejak 9 Oktober 2017.[1][2] Bersama wakilnya, Chalidin Oesman, mereka berhasil memenangkan pemilihan umum Bupati Nagan Raya 2017. Sebelumnya ia menjabat Wakil Bupati Nagan Raya periode 2012\u20142017. Ia adalah wakil dari Bupati Nagan Raya, Teuku Zulkarnaini.\n",
            "profilePic": "https://upload.wikimedia.org/wikipedia/commons/6/64/Bupati_Nagan_Raya_M._Jamin_Idham.jpg",
            "title": "Mantan Bupati Nagan Raya",
            "sites": {
                "name": "Wikipedia",
                "url": "https://id.wikipedia.org/wiki/M._Jamin_Idham"
            },
            "communityID": "022cc2e2-0166-4ef8-be80-46ffdea3fb6b"
        },
        {
            "name": "Chalidin Oesman",
            "description": "H. Chalidin Oesman, S.E., M.M. (lahir 24 Juni 1975) adalah Wakil Bupati Nagan Raya periode 2017\u20132022.[1][2] Ia adalah wakil dari Bupati Nagan Raya, M. Jamin Idham.\n",
            "profilePic": "",
            "title": "Mantan Wakil Bupati Nagan Raya",
            "sites": {
                "name": "Wikipedia",
                "url": "https://id.wikipedia.org/wiki/Chalidin_Oesman"
            },
            "communityID": "022cc2e2-0166-4ef8-be80-46ffdea3fb6b"
        },
        {
            "name": "Cut Man",
            "description": "",
            "profilePic": "",
            "title": "Ketua DPW PNA Nagan Raya",
            "sites": {},
            "communityID": "022cc2e2-0166-4ef8-be80-46ffdea3fb6b"
        },
        {
            "name": "Samsuar",
            "description": "",
            "profilePic": "",
            "title": "Ketua DPW PA Nagan Raya",
            "sites": {},
            "communityID": "022cc2e2-0166-4ef8-be80-46ffdea3fb6b"
        },
        {
            "name": "Azhari (Tgk. Pidie)",
            "description": "",
            "profilePic": "",
            "title": "Ketua KPA wilayah Nagan Raya",
            "sites": {},
            "communityID": "022cc2e2-0166-4ef8-be80-46ffdea3fb6b"
        },
        {
            "name": "Sayed Mustafa Usab Al Idroes",
            "description": "Sayed Mustafa Usab, S.E., M.Si. (lahir 4 Juli 1962) adalah seorang politikus Indonesia. Ia pernah menjabat sebagai Anggota DPR-RI dari 2012 hingga 2014 menggantikan Azwar Abubakar yang dilantik menjadi Menteri Pendayagunaan Aparatur Negara dan Reformasi Birokrasi.[1] Seorang kader Partai Amanat Nasional, ia mewakili daerah pemilihan Aceh I.\n",
            "profilePic": "",
            "title": "Mantan Anggota DPR-RI",
            "sites": {
                "name": "Wikipedia",
                "url": "https://id.wikipedia.org/wiki/Sayed_Mustafa_Usab_Al_Idroes"
            },
            "communityID": "022cc2e2-0166-4ef8-be80-46ffdea3fb6b"
        },
        {
            "name": "Raja Mulia",
            "description": "",
            "profilePic": "",
            "title": "Mantan Ketua DPW PA Nagan Raya",
            "sites": {},
            "communityID": "022cc2e2-0166-4ef8-be80-46ffdea3fb6b"
        },
        {
            "name": "Tgk. Anas",
            "description": "",
            "profilePic": "",
            "title": "Mantan Ketua KPA wilayah Nagan Raya",
            "sites": {},
            "communityID": "022cc2e2-0166-4ef8-be80-46ffdea3fb6b"
        }
    ]
}