{
    "title": "Pemilihan umum Bupati Belitung Timur 2024",
    "region": "Belitung Timur",
    "level": "KABUPATEN",
    "path": "kabupaten-belitung-timur",
    "source": "https://id.wikipedia.org/wiki/Pemilihan_umum_Bupati_Belitung_Timur_2024",
    "communityID": "7d240884-6158-4c8e-94f4-f46cabdc3c00",
    "candidates": [
        {
            "name": "Wahyudi, S.E., CPMP., CIAs",
            "description": "",
            "profilePic": "",
            "title": "Bakal Calon Wakil Bupati Belitung Timur periode 2024-2029",
            "sites": {},
            "communityID": "7d240884-6158-4c8e-94f4-f46cabdc3c00"
        }
    ]
}