{
    "title": "Pemilihan umum Bupati Merauke 2024",
    "region": "Merauke",
    "level": "KABUPATEN",
    "source": "https://id.wikipedia.org/wiki/Pemilihan_umum_Bupati_Merauke_2024",
    "communityID": "0e90fb33-901f-43f0-b048-d5cc910e1778",
    "path": "kabupaten-merauke",
    "candidates": [
        {
            "name": "Frederikus Gebze",
            "description": "Frederikus Gebze (lahir di Merauke, Papua, 25 November 1971) adalah seorang politisi asal Merauke, Papua, Indonesia\n",
            "profilePic": "https://upload.wikimedia.org/wikipedia/commons/a/aa/Bupati_Frederikus_Gebze_Kabupaten_Merauke_Papua.jpg",
            "title": "Ketua DPD II Partai Amanat Nasional Kabupaten Merauke dan Bupati Merauke periode 2016-2021",
            "sites": {
                "name": "Wikipedia",
                "url": "https://id.wikipedia.org/wiki/Frederikus_Gebze"
            },
            "communityID": "0e90fb33-901f-43f0-b048-d5cc910e1778"
        },
        {
            "name": "Hendrikus Mahuze",
            "description": "",
            "profilePic": "",
            "title": "Kader Partai Golkar",
            "sites": {},
            "communityID": "0e90fb33-901f-43f0-b048-d5cc910e1778"
        },
        {
            "name": "Eben Gebze",
            "description": "",
            "profilePic": "",
            "title": "Kader Partai Demokrat",
            "sites": {},
            "communityID": "0e90fb33-901f-43f0-b048-d5cc910e1778"
        }
    ]
}