{
    "title": "Pemilihan umum Bupati Sijunjung 2024",
    "region": "Sijunjung",
    "level": "KABUPATEN",
    "path": "kabupaten-sijunjung",
    "source": "https://id.wikipedia.org/wiki/Pemilihan_umum_Bupati_Sijunjung_2024",
    "communityID": "e4045242-021d-40c2-835f-334d5af784d5",
    "candidates": [
        {
            "name": "Benny Dwifa Yuswir",
            "description": "Benny Dwifa Yuswir, S.STP., M.Si. (lahir 13 Januari 1986) adalah birokrat dan politikus Partai Golongan Karya (Golkar) yang menjabat sebagai Bupati Sijunjung periode 2021\u20132024. Ia terpilih menggantikan ayahnya, Yuswir Arifin, setelah memenangkan pemilihan umum Bupati Sijunjung 2020 atas empat kandidat lainnya.\n",
            "profilePic": "https://upload.wikimedia.org/wikipedia/commons/7/74/Bupati_Sijunjung_Benny_Dwifa_Yuswir.jpg",
            "title": "Bupati Sijunjung",
            "sites": {
                "name": "Wikipedia",
                "url": "https://id.wikipedia.org/wiki/Benny_Dwifa_Yuswir"
            },
            "communityID": "e4045242-021d-40c2-835f-334d5af784d5"
        },
        {
            "name": "Iraddatillah",
            "description": "H. Iraddatillah, S.Pt. (lahir 11 Oktober 1975) adalah politikus Partai Persatuan Pembangunan (PPP) yang menjabat sebagai Wakil Bupati Sijunjung periode 2021\u20132024. Sebelumnya, ia berkursi sebagai Anggota DPRD Sumatera Barat periode 2014\u20132019 dan Anggota DPRD Sijunjung sejak 1999 hingga 2014.\n",
            "profilePic": "https://upload.wikimedia.org/wikipedia/commons/8/87/Wakil_Bupati_Sijunjung_Iraddatillah.jpg",
            "title": "Wakil Bupati Sijunjung",
            "sites": {
                "name": "Wikipedia",
                "url": "https://id.wikipedia.org/wiki/Iraddatillah"
            },
            "communityID": "e4045242-021d-40c2-835f-334d5af784d5"
        },
        {
            "name": "Hendri Susanto",
            "description": "H. Hendri Susanto, Lc. (lahir 3 Maret 1985)[1] adalah mubalig dan politikus dari Partai Keadilan Sejahtera (PKS). Ia menjabat sebagai Anggota Dewan Perwakilan Rakyat Daerah (DPRD) Kabupaten Sijunjung dua periode yakni 2014\u20132019 dan 2019\u20132020.[2] Ia pernah menjadi calon wakil wali kota Padang dalam pemilihan Wakil Wali Kota Padang 2023 dan sebelumnya calon bupati Sijunjung dalam pemilihan umum Bupati Sijunjung 2020 berpasangan dengan Indra Gunalan.[3][4] Ia merupakan lulusan S1 Tafsir Fakultas Ushuluddin Universitas Al-Azhar, Mesir.[5]\n",
            "profilePic": "https://upload.wikimedia.org/wikipedia/commons/thumb/2/26/KPU_Hendri_Susanto.jpg/1200px-KPU_Hendri_Susanto.jpg",
            "title": "Ketua DPD PKS Sijunjung",
            "sites": {
                "name": "Wikipedia",
                "url": "https://id.wikipedia.org/wiki/Hendri_Susanto"
            },
            "communityID": "e4045242-021d-40c2-835f-334d5af784d5"
        },
        {
            "name": "Nasrul Sugana",
            "description": "",
            "profilePic": "",
            "title": "Mantan Kepala Bidang Kedaruratan dan Logistik BPBD Kota Padang",
            "sites": {},
            "communityID": "e4045242-021d-40c2-835f-334d5af784d5"
        },
        {
            "name": "Mukhlis Anwar",
            "description": "",
            "profilePic": "",
            "title": "Mantan Wakil Bupati Sijunjung",
            "sites": {},
            "communityID": "e4045242-021d-40c2-835f-334d5af784d5"
        }
    ]
}