{
    "title": "Pemilihan umum Bupati Dharmasraya 2024",
    "region": "Dharmasraya",
    "level": "KABUPATEN",
    "path": "kabupaten-dharmasraya",
    "source": "https://id.wikipedia.org/wiki/Pemilihan_umum_Bupati_Dharmasraya_2024",
    "communityID": "f237cf8b-00bd-431c-bce7-f4523a6e9ecd",
    "candidates": [
        {
            "name": "Adi Gunawan",
            "description": "Ir. H. Adi Gunawan, M.M. (lahir 4 Oktober 1965) adalah politikus Indonesia. Ia adalah Wakil Ketua DPRD Dharmasraya untuk tiga periode yakni 2004\u20132009, 2009\u20132010, dan 2019\u20132024.[1] Ia pernah menjabat sebagai Bupati Dharmasraya periode 2010\u20132015.[2]\n",
            "profilePic": "https://upload.wikimedia.org/wikipedia/commons/thumb/e/ea/KPU_Adi_Gunawan.jpg/1200px-KPU_Adi_Gunawan.jpg",
            "title": "Mantan Bupati Dharmasraya",
            "sites": {
                "name": "Wikipedia",
                "url": "https://id.wikipedia.org/wiki/Adi_Gunawan"
            },
            "communityID": "f237cf8b-00bd-431c-bce7-f4523a6e9ecd"
        },
        {
            "name": "Elviana",
            "description": "Elviana (lahir 10 November 1966) adalah seorang politikus yang menjabat sebagai Anggota Dewan Perwakilan Daerah Republik Indonesia periode 2019\u20132024 dan 2009\u20132014 serta Anggota Dewan Perwakilan Rakyat periode 2004\u20132009 dan 2014\u20132019 untuk Jambi.\n",
            "profilePic": "https://upload.wikimedia.org/wikipedia/commons/f/f1/Dra._Hj._Elviana.jpg",
            "title": "Anggota DPD RI",
            "sites": {
                "name": "Wikipedia",
                "url": "https://id.wikipedia.org/wiki/Elviana"
            },
            "communityID": "f237cf8b-00bd-431c-bce7-f4523a6e9ecd"
        },
        {
            "name": "Rosandi Sanjaya Putra",
            "description": "",
            "profilePic": "",
            "title": "Ketua DPC Gerindra Dharmasraya",
            "sites": {},
            "communityID": "f237cf8b-00bd-431c-bce7-f4523a6e9ecd"
        },
        {
            "name": "Deded Mawi",
            "description": "",
            "profilePic": "",
            "title": "Ulama",
            "sites": {},
            "communityID": "f237cf8b-00bd-431c-bce7-f4523a6e9ecd"
        },
        {
            "name": "Amrizal Datuk Rajo Medan",
            "description": "",
            "profilePic": "",
            "title": "Mantan Wakil Bupati Dharmasraya",
            "sites": {},
            "communityID": "f237cf8b-00bd-431c-bce7-f4523a6e9ecd"
        },
        {
            "name": "Leli Arni",
            "description": "",
            "profilePic": "",
            "title": "Anggota DPRD Sumbar",
            "sites": {},
            "communityID": "f237cf8b-00bd-431c-bce7-f4523a6e9ecd"
        },
        {
            "name": "Widayatmo",
            "description": "",
            "profilePic": "",
            "title": "Ketua DPD PKS Dharmasraya",
            "sites": {},
            "communityID": "f237cf8b-00bd-431c-bce7-f4523a6e9ecd"
        },
        {
            "name": "Yosrisal",
            "description": "PDI-P\n",
            "profilePic": "https://upload.wikimedia.org/wikipedia/commons/thumb/e/e8/Lokasi_Sumatra_Barat_Kabupaten_Dharmasraya.svg/1200px-Lokasi_Sumatra_Barat_Kabupaten_Dharmasraya.svg.png",
            "title": "Mantan Cawabup Dharmasraya 2020",
            "sites": {
                "name": "Wikipedia",
                "url": "https://id.wikipedia.org/wiki/Yosrisal"
            },
            "communityID": "f237cf8b-00bd-431c-bce7-f4523a6e9ecd"
        },
        {
            "name": "AMRIZAL, SH",
            "description": "",
            "profilePic": "",
            "title": "Ketua Fraksi Golkar DPRD Dharmasraya",
            "sites": {},
            "communityID": "f237cf8b-00bd-431c-bce7-f4523a6e9ecd"
        },
        {
            "name": "Asrul Syukur",
            "description": "",
            "profilePic": "",
            "title": "Mantan Sekretaris Daerah Provinsi Sumatera Barat",
            "sites": {},
            "communityID": "f237cf8b-00bd-431c-bce7-f4523a6e9ecd"
        }
    ]
}