{
    "title": "Pemilihan umum Bupati Bantaeng 2024",
    "region": "Bantaeng",
    "level": "KABUPATEN",
    "path": "kabupaten-bantaeng",
    "source": "https://id.wikipedia.org/wiki/Pemilihan_umum_Bupati_Bantaeng_2024",
    "communityID": "b7794954-df1a-459c-a50e-6fb025556080",
    "candidates": [
        {
            "name": "Ilham Syah Azikin",
            "description": "Dr. H. Ilham Syah Azikin, M.Si. (lahir 25 November 1973) adalah Bupati Bantaeng periode 2018-2023 didampingi oleh Drs. H. Sahabuddin sebagai Wakil Bupati Bantaeng. Pada Agustus 2018, Ilham Azikin bersama pasangannya Sahabuddin mendapatkan suara terbanyak pada Pilkada Bantaeng periode 2018\u20132023.[1]\n",
            "profilePic": "https://upload.wikimedia.org/wikipedia/commons/8/87/Bupati_Bantaeng_Ilham_Syah_Azikin.jpg",
            "title": "Bakal Calon Bupati",
            "sites": {
                "name": "Wikipedia",
                "url": "https://id.wikipedia.org/wiki/Ilham_Syah_Azikin"
            },
            "communityID": "b7794954-df1a-459c-a50e-6fb025556080"
        }
    ]
}