{
    "title": "Pemilihan umum Bupati Lombok Tengah 2024",
    "region": "Lombok Tengah",
    "level": "KABUPATEN",
    "path": "kabupaten-lombok-tengah",
    "source": "https://id.wikipedia.org/wiki/Pemilihan_umum_Bupati_Lombok_Tengah_2024",
    "communityID": "2f87fc08-07d4-4c50-af9d-a3fe47ae6144",
    "candidates": [
        {
            "name": "Lalu Pathul Bahri",
            "description": "H. Lalu Pathul Bahri, S.I.P. (lahir 31 Desember 1969) adalah Bupati Lombok Tengah periode 2021\u20132024. Ia menjabat sejak 26 Februari 2021 setelah dilantik Gubernur Nusa Tenggara Barat, Zulkieflimansyah di Gedung Graha Bhakti Praja Kompleks Kantor Gubernur Nusa Tenggara Barat, Kota Mataram. Lalu Pathul Bahri sempat dilaporkan ke Polda NTB terkait penggunaan ijazah palsu Strata-1 perpindahan dari Universitas Nahdlatul Wathan ke Universitas 45 Matatam   [1]\n",
            "profilePic": "https://upload.wikimedia.org/wikipedia/commons/c/c5/Bupati_Lombok_Tengah_Lalu_Pathul_Bari.png",
            "title": "Bupati Lombok Tengah",
            "sites": {
                "name": "Wikipedia",
                "url": "https://id.wikipedia.org/wiki/Lalu_Pathul_Bahri"
            },
            "communityID": "2f87fc08-07d4-4c50-af9d-a3fe47ae6144"
        },
        {
            "name": "Nursiah",
            "description": "Dr. H. Nursiah, S.Sos., M.Si. (lahir 31 Desember 1963) adalah Wakil Bupati Lombok Tengah periode 2021\u20132024. Ia menjabat sejak 26 Februari 2021 setelah dilantik Gubernur Nusa Tenggara Barat, Zulkieflimansyah di Gedung Graha Bhakti Praja Kompleks Kantor Gubernur Nusa Tenggara Barat, Kota Mataram.[1]\n",
            "profilePic": "https://upload.wikimedia.org/wikipedia/commons/1/13/Wakil_Bupati_Lombok_Tengah_M._Nursiah.png",
            "title": "Wakil Bupati Lombok Tengah",
            "sites": {
                "name": "Wikipedia",
                "url": "https://id.wikipedia.org/wiki/Nursiah"
            },
            "communityID": "2f87fc08-07d4-4c50-af9d-a3fe47ae6144"
        },
        {
            "name": "Masrun",
            "description": "",
            "profilePic": "",
            "title": "Mantan Kepala Dinas Tenaga Kerja dan Transmigrasi Kab. Lombok Tengah",
            "sites": {},
            "communityID": "2f87fc08-07d4-4c50-af9d-a3fe47ae6144"
        },
        {
            "name": "Ahmad Ziadi",
            "description": "",
            "profilePic": "",
            "title": "Mantan Anggota DPRD Kab. Lombok Tengah",
            "sites": {},
            "communityID": "2f87fc08-07d4-4c50-af9d-a3fe47ae6144"
        },
        {
            "name": "M. Tauhid",
            "description": "",
            "profilePic": "",
            "title": "Ketua DPRD Kab. Lombok Tengah",
            "sites": {},
            "communityID": "2f87fc08-07d4-4c50-af9d-a3fe47ae6144"
        },
        {
            "name": "M. Mayuki",
            "description": "",
            "profilePic": "",
            "title": "Wakil Ketua DPRD Kab. Lombok Tengah",
            "sites": {},
            "communityID": "2f87fc08-07d4-4c50-af9d-a3fe47ae6144"
        },
        {
            "name": "Lalu Abdul Kadir",
            "description": "",
            "profilePic": "",
            "title": "Ketua DPD PKS Lombok Tengah",
            "sites": {},
            "communityID": "2f87fc08-07d4-4c50-af9d-a3fe47ae6144"
        },
        {
            "name": "Lalu Satriawandi",
            "description": "",
            "profilePic": "",
            "title": "Anggota DPRD Prov. NTB",
            "sites": {},
            "communityID": "2f87fc08-07d4-4c50-af9d-a3fe47ae6144"
        },
        {
            "name": "M. Adung",
            "description": "",
            "profilePic": "",
            "title": "Anggota DPRD Prov. NTB",
            "sites": {},
            "communityID": "2f87fc08-07d4-4c50-af9d-a3fe47ae6144"
        },
        {
            "name": "Yek Agil",
            "description": "",
            "profilePic": "",
            "title": "Anggota DPRD Prov. NTB",
            "sites": {},
            "communityID": "2f87fc08-07d4-4c50-af9d-a3fe47ae6144"
        },
        {
            "name": "Muazzim Akbar",
            "description": "",
            "profilePic": "",
            "title": "Ketua DPW PAN NTB",
            "sites": {},
            "communityID": "2f87fc08-07d4-4c50-af9d-a3fe47ae6144"
        },
        {
            "name": "Humaidi",
            "description": "",
            "profilePic": "",
            "title": "Ketua DPD Golkar Lombok Tengah",
            "sites": {},
            "communityID": "2f87fc08-07d4-4c50-af9d-a3fe47ae6144"
        },
        {
            "name": "Lalu Suryade",
            "description": "Dr. Ir. Lalu Suryade, M.Si (lahir 21 April 1971) adalah seorang peneliti dan politikus Indonesia. Ia menjabat sebagai Anggota DPRD Jawa Barat periode (2009-2014) dari Fraksi Partai Keadilan Sejahtera.[1]\n",
            "profilePic": "",
            "title": "Mantan Anggota DPRD Prov. Jabar",
            "sites": {
                "name": "Wikipedia",
                "url": "https://id.wikipedia.org/wiki/Lalu_Suryade"
            },
            "communityID": "2f87fc08-07d4-4c50-af9d-a3fe47ae6144"
        },
        {
            "name": "Ruslan Turmuzi",
            "description": "",
            "profilePic": "",
            "title": "Anggota DPRD Prov. NTB",
            "sites": {},
            "communityID": "2f87fc08-07d4-4c50-af9d-a3fe47ae6144"
        },
        {
            "name": "Lalu Pelita Putra",
            "description": "",
            "profilePic": "",
            "title": "Ketua DPC PKB Lombok Tengah",
            "sites": {},
            "communityID": "2f87fc08-07d4-4c50-af9d-a3fe47ae6144"
        },
        {
            "name": "Brigjen TNI (Purn.) Lalu Rudy Irham Srigede",
            "description": "Brigadir Jenderal TNI (Purn.) Lalu Rudy Irham Srigede, S.T., M.Si. (lahir 29 Juni 1964) adalah seorang Purnawirawan TNI-AD yang terakhir menjabat sebagai Komandan Korem 162/Wira Bhakti.\n",
            "profilePic": "https://upload.wikimedia.org/wikipedia/commons/thumb/2/2f/KPU_Lalu_Rudy_Irham_Srigede.jpg/1200px-KPU_Lalu_Rudy_Irham_Srigede.jpg",
            "title": "Mantan Komandan Korem 162/Wira Bhakti",
            "sites": {
                "name": "Wikipedia",
                "url": "https://id.wikipedia.org/wiki/Lalu_Rudy_Irham_Srigede"
            },
            "communityID": "2f87fc08-07d4-4c50-af9d-a3fe47ae6144"
        },
        {
            "name": "Muhammad Khairul Rizal",
            "description": "",
            "profilePic": "",
            "title": "Ketua DPW Perindo NTB",
            "sites": {},
            "communityID": "2f87fc08-07d4-4c50-af9d-a3fe47ae6144"
        },
        {
            "name": "H. Ahmad Mustanir,MH",
            "description": "",
            "profilePic": "",
            "title": "Kader Pemuda Nahdlatul Wathan",
            "sites": {},
            "communityID": "2f87fc08-07d4-4c50-af9d-a3fe47ae6144"
        }
    ]
}