{
    "title": "Pemilihan umum Bupati Kepulauan Yapen 2024",
    "region": "Kepulauan Yapen",
    "level": "KABUPATEN",
    "path": "kabupaten-kepulauan-yapen",
    "source": "https://id.wikipedia.org/wiki/Pemilihan_umum_Bupati_Kepulauan_Yapen_2024",
    "communityID": "1d1fc1f8-fc8c-4328-a2fb-ba4fc008f41f",
    "candidates": [
        {
            "name": "Frans Sanadi",
            "description": "",
            "profilePic": "",
            "title": "Mantan Wakil Bupati Kepulauan Yapen",
            "sites": {},
            "communityID": "1d1fc1f8-fc8c-4328-a2fb-ba4fc008f41f"
        },
        {
            "name": "Marthen Kayoi",
            "description": "",
            "profilePic": "",
            "title": "Mantan Kepala Dinas Kehutanan Provinsi Papua",
            "sites": {},
            "communityID": "1d1fc1f8-fc8c-4328-a2fb-ba4fc008f41f"
        },
        {
            "name": "Constant Karma",
            "description": "drh. Constant Karma (lahir 24 Maret 1954) yang merupakan politikus Partai Golongan Karya[1] dan mantan birokrat Indonesia yang berasal dari Papua. Constant pernah menjabat sebagai penjabat Gubernur Papua pada periode masa transisi 2012\u20132013[2][3] dan menjabat Wakil Gubernur Papua untuk periode 2000\u20132005.[4]\n",
            "profilePic": "https://upload.wikimedia.org/wikipedia/commons/d/d9/Constant_Karma.jpg",
            "title": "Mantan Wakil Gubernur Papua",
            "sites": {
                "name": "Wikipedia",
                "url": "https://id.wikipedia.org/wiki/Constant_Karma"
            },
            "communityID": "1d1fc1f8-fc8c-4328-a2fb-ba4fc008f41f"
        }
    ]
}