{
    "title": "Pemilihan umum Bupati Pesawaran 2024",
    "region": "Pesawaran",
    "level": "KABUPATEN",
    "path": "kabupaten-pesawaran",
    "source": "https://id.wikipedia.org/wiki/Pemilihan_umum_Bupati_Pesawaran_2024",
    "communityID": "d2661621-e446-4069-bb7e-55a29618d9a2",
    "candidates": [
        {
            "name": "Aries Sandi Darma Putra",
            "description": "",
            "profilePic": "",
            "title": "Mantan Bupati Pesawaran 2010\u20132015",
            "sites": {},
            "communityID": "d2661621-e446-4069-bb7e-55a29618d9a2"
        },
        {
            "name": "S. Marzuki",
            "description": "Kolonel Inf. (Purn.) S. Marzuki, S.Sos., M.Si. (lahir 29 Agustus 1960) adalah Wakil Bupati Pesawaran periode 2021\u20142024. Ia adalah wakil dari Bupati Pesawaran, Dendi Ramadhona.[1]\n",
            "profilePic": "https://upload.wikimedia.org/wikipedia/commons/2/27/Wakil_Bupati_Pesawaran_Marzuki.jpg",
            "title": "Wakil Bupati Pesawaran",
            "sites": {
                "name": "Wikipedia",
                "url": "https://id.wikipedia.org/wiki/S._Marzuki"
            },
            "communityID": "d2661621-e446-4069-bb7e-55a29618d9a2"
        },
        {
            "name": "Toto Jumariono",
            "description": "Brigadir Jenderal TNI (Purn.) Toto Jumariono, S.S., M.I.Kom. (lahir 19 Maret 1963) adalah seorang purnawirawan TNI-AD yang terakhir kali menjabat sebagai Komandan Korem 043/Garuda Hitam.[1]\n",
            "profilePic": "https://upload.wikimedia.org/wikipedia/commons/2/2a/KPU_Toto_Jumariono.jpg",
            "title": "Mantan Komandan Korem 043/Garuda Hitam",
            "sites": {
                "name": "Wikipedia",
                "url": "https://id.wikipedia.org/wiki/Toto_Jumariono"
            },
            "communityID": "d2661621-e446-4069-bb7e-55a29618d9a2"
        }
    ]
}