{
    "title": "Pemilihan umum Bupati Purbalingga 2024",
    "region": "Purbalingga",
    "level": "KABUPATEN",
    "path": "kabupaten-purbalingga",
    "source": "https://id.wikipedia.org/wiki/Pemilihan_umum_Bupati_Purbalingga_2024",
    "communityID": "ab4dbcb9-85fe-4691-9d0b-7ff854b5e37d",
    "candidates": [
        {
            "name": "Dyah Hayuning Pratiwi",
            "description": "Hj.  Dyah Hayuning Pratiwi, S.E., B.Econ, M.M.[1] (lahir 11 April 1987) adalah Bupati Purbalingga. Ia naik jabatan sebagai bupati setelah pejabat sebelumnya, Tasdi ditangkap oleh Komisi Pemberantasan Korupsi dalam suatu operasi tangkap tangan (OTT).\n",
            "profilePic": "https://upload.wikimedia.org/wikipedia/commons/3/31/Bupati_Purbalingga_Dyah_Hayuning_Pratiwi.jpg",
            "title": "Bupati Purbalingga",
            "sites": {
                "name": "Wikipedia",
                "url": "https://id.wikipedia.org/wiki/Dyah_Hayuning_Pratiwi"
            },
            "communityID": "ab4dbcb9-85fe-4691-9d0b-7ff854b5e37d"
        },
        {
            "name": "Sudono",
            "description": "H. Sudono, S.T., M.T. (lahir 21 Desember 1957) adalah Wakil Bupati Purbalingga periode 2021\u20132024. Ia menjabat sejak 26 Februari 2021 setelah dilantik Gubernur Jawa Tengah, Ganjar Pranowo secara daring.[1]\n",
            "profilePic": "https://upload.wikimedia.org/wikipedia/commons/e/e9/Wakil_Bupati_Purbalingga_Sudono.jpg",
            "title": "Wakil Bupati Purbalingga",
            "sites": {
                "name": "Wikipedia",
                "url": "https://id.wikipedia.org/wiki/Sudono_(politikus)"
            },
            "communityID": "ab4dbcb9-85fe-4691-9d0b-7ff854b5e37d"
        },
        {
            "name": "Muhammad Sulhan Fauzi",
            "description": "",
            "profilePic": "",
            "title": "Mantan Wakil Ketua Komite Bidang Konstruksi dan Infrastruktur Kadin",
            "sites": {},
            "communityID": "ab4dbcb9-85fe-4691-9d0b-7ff854b5e37d"
        },
        {
            "name": "Erny Widyawati",
            "description": "",
            "profilePic": "",
            "title": "Mantan Ketua Tim Penggerak PKK Purbalingga",
            "sites": {},
            "communityID": "ab4dbcb9-85fe-4691-9d0b-7ff854b5e37d"
        },
        {
            "name": "Bambang Irawan",
            "description": "Bambang Irawan (5 Februari 1933\u00a0\u2013\u00a08 Oktober 1979)[1] adalah seorang aktor dan sutradara berkebangsaan Indonesia.\n",
            "profilePic": "https://upload.wikimedia.org/wikipedia/commons/d/d5/8_Pendjuru_Angin_1_Sewindu_Perfini_p17.jpg",
            "title": "Ketua DPRD Kabupaten Purbalingga",
            "sites": {
                "name": "Wikipedia",
                "url": "https://id.wikipedia.org/wiki/Bambang_Irawan"
            },
            "communityID": "ab4dbcb9-85fe-4691-9d0b-7ff854b5e37d"
        },
        {
            "name": "Tenny Juliawati",
            "description": "",
            "profilePic": "",
            "title": "Wakil Ketua II DPRD Kabupaten Purbalingga",
            "sites": {},
            "communityID": "ab4dbcb9-85fe-4691-9d0b-7ff854b5e37d"
        },
        {
            "name": "Adi Yuwono",
            "description": "",
            "profilePic": "",
            "title": "Wakil Ketua III DPRD Kabupaten Purbalingga",
            "sites": {},
            "communityID": "ab4dbcb9-85fe-4691-9d0b-7ff854b5e37d"
        },
        {
            "name": "Aman Waliyudin",
            "description": "",
            "profilePic": "",
            "title": "Wakil Ketua I DPRD Kabupaten Purbalingga",
            "sites": {},
            "communityID": "ab4dbcb9-85fe-4691-9d0b-7ff854b5e37d"
        },
        {
            "name": "Ken Ragil Turyono",
            "description": "",
            "profilePic": "",
            "title": "Wasekjen DPP Partai Perindo",
            "sites": {},
            "communityID": "ab4dbcb9-85fe-4691-9d0b-7ff854b5e37d"
        },
        {
            "name": "Irjen. Pol. (Purn.) Drs. Umar Septono",
            "description": "Irjen. Pol. (Purn.) Drs. Umar Septono, S.H., M.H. (lahir 13 September 1962) adalah seorang Purnawirawan Polri yang sebelumnya menjabat sebagai Analis Kebijakan Utama Itwasum Polri.\n",
            "profilePic": "",
            "title": "Mantan Wakil Inspektur Pengawasan Umum Polri",
            "sites": {
                "name": "Wikipedia",
                "url": "https://id.wikipedia.org/wiki/Umar_Septono"
            },
            "communityID": "ab4dbcb9-85fe-4691-9d0b-7ff854b5e37d"
        },
        {
            "name": "H. Fahmi Muhammad Hanif",
            "description": "",
            "profilePic": "",
            "title": "Pengusaha Muda",
            "sites": {},
            "communityID": "ab4dbcb9-85fe-4691-9d0b-7ff854b5e37d"
        },
        {
            "name": "Raden Ruli Adi",
            "description": "",
            "profilePic": "",
            "title": "Mantan Direktur Sumber Daya Manusia dan Umum PT Kereta Api Indonesia (PT KAI)",
            "sites": {},
            "communityID": "ab4dbcb9-85fe-4691-9d0b-7ff854b5e37d"
        }
    ]
}