{
    "title": "Pemilihan umum Bupati Aceh Tenggara 2024",
    "region": "Aceh Tenggara",
    "level": "KABUPATEN",
    "path": "kabupaten-aceh-tenggara",
    "source": "https://id.wikipedia.org/wiki/Pemilihan_umum_Bupati_Aceh_Tenggara_2024",
    "communityID": "5fe3e3f4-f832-4b5a-ae68-4c137d309f37",
    "candidates": [
        {
            "name": "Drs. H. Raidin Pinim, M.A.P",
            "description": "Drs. H. Raidin Pinim, M.AP. (lahir 2 Desember 1970) adalah politikus Indonesia yang menjabat sebagai Bupati Aceh Tenggara periode 2017-2022.[1][2]\n",
            "profilePic": "https://upload.wikimedia.org/wikipedia/commons/c/cc/Bupati_Aceh_Tenggara_Raidin_Pinim.jpg",
            "title": "Bupati Aceh Tenggara (2017-2022)",
            "sites": {
                "name": "Wikipedia",
                "url": "https://id.wikipedia.org/wiki/Raidin_Pinim"
            },
            "communityID": "5fe3e3f4-f832-4b5a-ae68-4c137d309f37"
        },
        {
            "name": "H. Bukhari",
            "description": "H. Bukhari (lahir 10 Februari 1964) adalah politikus Aceh Tenggara yang menjabat sebagai Wakil Bupati Aceh Tenggara periode 2017\u20132022.[1] ia juga menjabat sebagai Ketua DPC Partai Hanura Kab. Aceh Tenggara sejak 2011.[2]\n",
            "profilePic": "https://upload.wikimedia.org/wikipedia/commons/e/e8/WAKIL_BUPATI_ACEH_TENGGARA_2017_-_2022_BUKHARI.jpg",
            "title": "Wakil Bupati Aceh Tenggara (2017-2022)",
            "sites": {
                "name": "Wikipedia",
                "url": "https://id.wikipedia.org/wiki/Bukhari_(politikus)"
            },
            "communityID": "5fe3e3f4-f832-4b5a-ae68-4c137d309f37"
        },
        {
            "name": "H. M. Salim Fakhri, S.E., M.M.",
            "description": "H. Muhammad Salim Fakhry, S.E., M.M. (lahir di Aceh Tenggara, 21 Oktober 1968) adalah seorang politikus Indonesia. Ia saat ini menjabat sebagai anggota Dewan Perwakilan Rakyat Republik Indonesia (DPR RI) dari Partai Golongan Karya mewakili daerah pemilihan Aceh I,[1] terpilih sebagai anggota DPR RI Periode 2019-2024 setelah memperoleh 63.267 suara melalui Partai Golkar. Pada masa kerjanya di periode 2019-2024, Salim bertugas di Komisi 4 yang meliputi Pertanian, Lingkungan Hidup dan Kehutanan serta Kelautan.[2]\n",
            "profilePic": "",
            "title": "Bakal Calon Bupati",
            "sites": {
                "name": "Wikipedia",
                "url": "https://id.wikipedia.org/wiki/Muhammad_Salim_Fakhry"
            },
            "communityID": "5fe3e3f4-f832-4b5a-ae68-4c137d309f37"
        },
        {
            "name": "H. Ali Basrah, S.Pd., M.M.",
            "description": "H. Ali Basrah Pasaribu, S.Pd., M.M. (lahir 19 Juni 1966) adalah anggota DPR Aceh dari Partai Golongan Karya Dapil Aceh 8, terpilih sebagai anggota DPR Aceh Periode 2019-2024 setelah memperoleh suara terbanyak dengan jumlah mencapai 25.314 suara dari 81 Anggota DPR Aceh terpilih.[2] Pada masa kerjanya di periode 2019-2024, Ali menjabat sebagai Ketua Fraksi Partai Golkar DPR Aceh, Sementara di Partai Golkar Aceh, Ali mengemban amanah sebagai Sekretaris DPD I Partai Golkar Aceh masa bakti 2020-2025.[3]\n",
            "profilePic": "",
            "title": "Anggota Dewan Perwakilan Rakyat Aceh (2019-2024)",
            "sites": {
                "name": "Wikipedia",
                "url": "https://id.wikipedia.org/wiki/Ali_Basrah"
            },
            "communityID": "5fe3e3f4-f832-4b5a-ae68-4c137d309f37"
        },
        {
            "name": "Yahdi Hasan Ramud, S.I.Kom.",
            "description": "",
            "profilePic": "",
            "title": "Anggota Dewan Perwakilan Rakyat Aceh (2019-2024)",
            "sites": {},
            "communityID": "5fe3e3f4-f832-4b5a-ae68-4c137d309f37"
        },
        {
            "name": "Denny Febrian Roza, S.STP., M.Si.",
            "description": "Denny Febrian Roza, S.STP., M.Si. (lahir 13 Februari 1984) adalah Ketua DPRK Aceh Tenggara periode 2019-2024[2] memperoleh 4.305 suara melalui Partai Golkar dapil Aceh Tenggara 2.\n",
            "profilePic": "https://upload.wikimedia.org/wikipedia/commons/thumb/a/ac/KPU_Denny_Febrian_Roza.jpg/1200px-KPU_Denny_Febrian_Roza.jpg",
            "title": "Ketua DPRK Aceh Tenggara (2019-2024)",
            "sites": {
                "name": "Wikipedia",
                "url": "https://id.wikipedia.org/wiki/Denny_Febrian_Roza"
            },
            "communityID": "5fe3e3f4-f832-4b5a-ae68-4c137d309f37"
        },
        {
            "name": "H. Abi Bahrun, S.S, M.Si.",
            "description": "",
            "profilePic": "",
            "title": "Anggota DPRD Bengkalis (2014-2020)",
            "sites": {},
            "communityID": "5fe3e3f4-f832-4b5a-ae68-4c137d309f37"
        },
        {
            "name": "Jarwansah, S.Pd, M.A.P, M.M.,",
            "description": "Badan Nasional Penanggulangan Bencana (disingkat BNPB) adalah sebuah Lembaga Pemerintah Nonkementerian yang mempunyai tugas membantu Presiden Republik Indonesia dalam melakukan penanggulangan bencana sesuai dengan amanat Undang-Undang Nomor 24 Tahun 2007 tentang Penanggulangan Bencana. BNPB dibentuk berdasarkan Peraturan Presiden Nomor 8 Tahun 2008 yang kemudian diganti dengan Peraturan Presiden Nomor 1 Tahun 2019.\n",
            "profilePic": "https://upload.wikimedia.org/wikipedia/commons/b/b7/Logo_BNPB.png",
            "title": "Bakal Calon Bupati",
            "sites": {
                "name": "Wikipedia",
                "url": "https://id.wikipedia.org/wiki/Badan_Nasional_Penanggulangan_Bencana"
            },
            "communityID": "5fe3e3f4-f832-4b5a-ae68-4c137d309f37"
        },
        {
            "name": "dr. Bukhari Pinim, Sp.OG",
            "description": "",
            "profilePic": "",
            "title": "Direktur Utama RSUD H. Sahudin Kutacane",
            "sites": {},
            "communityID": "5fe3e3f4-f832-4b5a-ae68-4c137d309f37"
        },
        {
            "name": "dr. Heri Al Hilal",
            "description": "",
            "profilePic": "",
            "title": "Putra Bupati Aceh Tenggara (2007-2017) Drs. H. Hasanuddin Beruh",
            "sites": {},
            "communityID": "5fe3e3f4-f832-4b5a-ae68-4c137d309f37"
        },
        {
            "name": "dr. Pandi Sikel",
            "description": "",
            "profilePic": "",
            "title": "Putra Ketua DPRK Aceh Tenggara (1997-2009) H. Umuruddin Desky",
            "sites": {},
            "communityID": "5fe3e3f4-f832-4b5a-ae68-4c137d309f37"
        }
    ]
}