{
    "title": "Pemilihan umum Bupati Tapin 2024",
    "region": "Tapin",
    "level": "KABUPATEN",
    "path": "kabupaten-tapin",
    "source": "https://id.wikipedia.org/wiki/Pemilihan_umum_Bupati_Tapin_2024",
    "communityID": "f18ea021-b642-4134-9cd0-59b052470ad4",
    "candidates": [
        {
            "name": "dr. Milhan",
            "description": "",
            "profilePic": "",
            "title": "Direktur RSUD Datu Sanggul Rantau",
            "sites": {},
            "communityID": "f18ea021-b642-4134-9cd0-59b052470ad4"
        },
        {
            "name": "H Yamani",
            "description": "",
            "profilePic": "",
            "title": "Ketua Dewan Perwakilan Rakyat Daerah (DPRD) Kabupaten Tapin",
            "sites": {},
            "communityID": "f18ea021-b642-4134-9cd0-59b052470ad4"
        },
        {
            "name": "H. Masyraniansyah",
            "description": "",
            "profilePic": "",
            "title": "Sekretaris Daerah (Sekda) Kabupaten Tapin",
            "sites": {},
            "communityID": "f18ea021-b642-4134-9cd0-59b052470ad4"
        },
        {
            "name": "Dedy Arief Budiman",
            "description": "",
            "profilePic": "",
            "title": "Anggota Dewan Perwakilan Rakyat Daerah (DPRD) Kabupaten Tapin",
            "sites": {},
            "communityID": "f18ea021-b642-4134-9cd0-59b052470ad4"
        },
        {
            "name": "H. Syafrudin Noor",
            "description": "",
            "profilePic": "",
            "title": "Wakil Bupati Tapin periode 2018-2023",
            "sites": {},
            "communityID": "f18ea021-b642-4134-9cd0-59b052470ad4"
        },
        {
            "name": "Muhidin",
            "description": "H. Muhidin, S.E., S.H., M.M. (lahir 6 Mei 1958) adalah Wakil Gubernur Kalimantan Selatan periode 2021\u20142024.\n",
            "profilePic": "https://upload.wikimedia.org/wikipedia/commons/thumb/6/69/Muhidin%2CH-vice-goverment-of-south-kalimantan.idn.jpg/1200px-Muhidin%2CH-vice-goverment-of-south-kalimantan.idn.jpg",
            "title": "Wakil Gubernur Kalimantan Selatan",
            "sites": {
                "name": "Wikipedia",
                "url": "https://id.wikipedia.org/wiki/Muhidin"
            },
            "communityID": "f18ea021-b642-4134-9cd0-59b052470ad4"
        }
    ]
}