{
    "title": "Pemilihan umum Bupati Katingan 2024",
    "region": "Katingan",
    "level": "KABUPATEN",
    "path": "kabupaten-katingan",
    "source": "https://id.wikipedia.org/wiki/Pemilihan_umum_Bupati_Katingan_2024",
    "communityID": "c9821ebb-bd89-4ab1-af10-773ac2d83d15",
    "candidates": [
        {
            "name": "Sakariyas",
            "description": "Sakariyas, S.E. (lahir 24 Oktober 1960) adalah bupati Katingan yang menjabat untuk masa bakti 2018\u20132023. Ia terpilih bersama Sunardi Litang sebagai wakil bupati Katingan setelah memenangkan Pilkada Katingan 2018 dengan meraih 19.998 suara.[1] Ia dilantik sebagai bupati Katingan pada 24 September 2018 dan berpasangan dengan wakil bupati Seruyan Sunardi Litang.[2]\n",
            "profilePic": "https://upload.wikimedia.org/wikipedia/commons/d/d0/Bupati_Katingan_Sakariyas.jpg",
            "title": "Bupati Katingan periode sisa masa jabatan 2013-2018 tahun 2017-2018 dan periode 2018-2023",
            "sites": {
                "name": "Wikipedia",
                "url": "https://id.wikipedia.org/wiki/Sakariyas"
            },
            "communityID": "c9821ebb-bd89-4ab1-af10-773ac2d83d15"
        },
        {
            "name": "Sunardi N.T. Litang",
            "description": "",
            "profilePic": "",
            "title": "Wakil Bupati Katingan periode 2018-2023",
            "sites": {},
            "communityID": "c9821ebb-bd89-4ab1-af10-773ac2d83d15"
        },
        {
            "name": "Christantwo T Lajdu",
            "description": "",
            "profilePic": "",
            "title": "Mantan Inspektur Provinsi Kalimantan Tengah dan kader Partai Kebangkitan Bangsa",
            "sites": {},
            "communityID": "c9821ebb-bd89-4ab1-af10-773ac2d83d15"
        },
        {
            "name": "Suhaemi",
            "description": "",
            "profilePic": "",
            "title": "Staf Ahli Gubernur Bidang Kemasyarakatan dan Sumber Daya Manusia (SDM) Provinsi Kalimantan Tengah",
            "sites": {},
            "communityID": "c9821ebb-bd89-4ab1-af10-773ac2d83d15"
        },
        {
            "name": "Kepas Rangkai",
            "description": "",
            "profilePic": "",
            "title": "Pengusaha",
            "sites": {},
            "communityID": "c9821ebb-bd89-4ab1-af10-773ac2d83d15"
        },
        {
            "name": "Yuandrias",
            "description": "",
            "profilePic": "",
            "title": "Purnawirawan TNI dan tokoh masyarakat",
            "sites": {},
            "communityID": "c9821ebb-bd89-4ab1-af10-773ac2d83d15"
        },
        {
            "name": "Marwan Susanto",
            "description": "",
            "profilePic": "",
            "title": "Ketua DPRD Kabupaten Katingan",
            "sites": {},
            "communityID": "c9821ebb-bd89-4ab1-af10-773ac2d83d15"
        },
        {
            "name": "Nanang Suriansyah",
            "description": "",
            "profilePic": "",
            "title": "Wakil Ketua DPRD Kabupaten Katingan",
            "sites": {},
            "communityID": "c9821ebb-bd89-4ab1-af10-773ac2d83d15"
        },
        {
            "name": "Endang Susilawatie",
            "description": "",
            "profilePic": "",
            "title": "Anggota DPRD Kabupaten Katingan",
            "sites": {},
            "communityID": "c9821ebb-bd89-4ab1-af10-773ac2d83d15"
        },
        {
            "name": "Budy Hermanto",
            "description": "",
            "profilePic": "",
            "title": "Anggota DPRD Kabupaten Katingan",
            "sites": {},
            "communityID": "c9821ebb-bd89-4ab1-af10-773ac2d83d15"
        }
    ]
}