{
    "title": "Pemilihan umum Bupati Kolaka Utara 2024",
    "region": "Kolaka Utara",
    "level": "KABUPATEN",
    "path": "kabupaten-kolaka-utara",
    "source": "https://id.wikipedia.org/wiki/Pemilihan_umum_Bupati_Kolaka_Utara_2024",
    "communityID": "81c00889-46fb-4ad6-ba22-45117f512be1",
    "candidates": [
        {
            "name": "Nur Rahman Umar",
            "description": "Drs. H. Nur Rahman Umar, M.H(lahir 04 April 1962), adalah Bupati Kolaka Utara yang menjabat sejak 22 Agustus 2017.[1] Ia berhasil terpilih dalam Pilbup Kolut 2017 bersama H. Abbas, S.E Sebelumnya, Nur Rahman merupakan seorang pegawai negeri sipil dengan jabatan terakhir sebagai Kepala Dinas Pertambangan dan Energi Kabupaten Kolaka Utara.[2]\n",
            "profilePic": "https://upload.wikimedia.org/wikipedia/commons/2/2d/Bupati_Kolaka_Utara_Nur_Rahman_Umar.jpg",
            "title": "Mantan Bupati Kolaka Utara",
            "sites": {
                "name": "Wikipedia",
                "url": "https://id.wikipedia.org/wiki/Nur_Rahman_Umar"
            },
            "communityID": "81c00889-46fb-4ad6-ba22-45117f512be1"
        },
        {
            "name": "Abbas",
            "description": "H. Abbas, S.E., (lahir 05 Januari 1968), adalah politikus Partai Kebangkitan Bangsa yang menjabat Wakil Bupati Kolaka Utara sejak 22 Agustus 2017.[1] Abbas juga menjabat sebagai Ketua DPC Partai Kebangkitan Bangsa Kabupaten Kolaka Utara sejak 2009. Sebelum menjadi wakil bupati, Abbas merupakan anggota DPRD Kabupaten Kolaka Utara yang terpilih dua kali dalam Pemilu 2009 dan Pemilu 2014.[2]\n",
            "profilePic": "https://upload.wikimedia.org/wikipedia/commons/b/b6/Wakil_Bupati_Kolaka_Utara_Abbas.jpg",
            "title": "Mantan Wakil Bupati Kolaka Utara",
            "sites": {
                "name": "Wikipedia",
                "url": "https://id.wikipedia.org/wiki/Abbas_(politikus)"
            },
            "communityID": "81c00889-46fb-4ad6-ba22-45117f512be1"
        },
        {
            "name": "Boby Alimuddin",
            "description": "Boby Alimuddin, S.E., (lahir 05 April 1973), adalah politikus Partai Golongan Karya yang menjabat Wakil Bupati Kolaka Utara periode 2012-2017.[1] Ia sebelumnya merupakan anggota DPRD Kabupaten Bone dua periode yang terpilih dalam Pemilu 2004 dan Pemilu 2009. Pada Pilbup Kolut 2017, ia mencalonkan diri sebagai Bupati Kolaka Utara didampingi oleh Maksum Ramli, tetapi hanya berada diposisi kedua setelah pasangan Nur Rahman Umar-Abbas.[2]\n",
            "profilePic": "https://upload.wikimedia.org/wikipedia/id/3/38/Bobby_Alimuddin.jpg",
            "title": "Mantan Wakil Bupati Kolaka Utara",
            "sites": {
                "name": "Wikipedia",
                "url": "https://id.wikipedia.org/wiki/Boby_Alimuddin"
            },
            "communityID": "81c00889-46fb-4ad6-ba22-45117f512be1"
        },
        {
            "name": "Buhari",
            "description": "",
            "profilePic": "",
            "title": "Ketua DPRD Kolaka Utara",
            "sites": {},
            "communityID": "81c00889-46fb-4ad6-ba22-45117f512be1"
        },
        {
            "name": "Agusdin",
            "description": "",
            "profilePic": "",
            "title": "Wakil Ketua DPRD Kolaka Utara",
            "sites": {},
            "communityID": "81c00889-46fb-4ad6-ba22-45117f512be1"
        },
        {
            "name": "Jumarding",
            "description": "",
            "profilePic": "",
            "title": "Anggota DPRD Sultra",
            "sites": {},
            "communityID": "81c00889-46fb-4ad6-ba22-45117f512be1"
        },
        {
            "name": "H. Anton, Mantan Cabup Kolaka Utara 2017",
            "description": "",
            "profilePic": "",
            "title": "Bakal Calon Bupati",
            "sites": {},
            "communityID": "81c00889-46fb-4ad6-ba22-45117f512be1"
        },
        {
            "name": "Ulfah Haeruddin",
            "description": "",
            "profilePic": "",
            "title": "Wakil Ketua DPRD Kolaka Utara",
            "sites": {},
            "communityID": "81c00889-46fb-4ad6-ba22-45117f512be1"
        },
        {
            "name": "Sumarling Majja",
            "description": "",
            "profilePic": "",
            "title": "Pengusaha",
            "sites": {},
            "communityID": "81c00889-46fb-4ad6-ba22-45117f512be1"
        },
        {
            "name": "Sukanto Toding",
            "description": "Dr. Ir. Sukanto Toding, MSP, MA (lahir 20 Juli 1968) adalah seorang birokrat asal Indonesia. Saat ini ia menjabat sebagai Asisten III Bidang Administrasi Umum Sekretariat Daerah Provinsi Sulawesi Tenggara. Pada tanggal 04 September 2023, ia diangkat menjadi pelaksana jabatan Bupati Kolaka Utara.[1] yang dilantik berdasarkan Keputusan Menteri Dalam Negeri Nomor 100.2.1.3-3217 Tahun 2023.\n",
            "profilePic": "https://upload.wikimedia.org/wikipedia/commons/5/5e/Sukanto_Toding.jpg",
            "title": "Pj. Bupati Kolaka Utara",
            "sites": {
                "name": "Wikipedia",
                "url": "https://id.wikipedia.org/wiki/Sukanto_Toding"
            },
            "communityID": "81c00889-46fb-4ad6-ba22-45117f512be1"
        }
    ]
}