{
    "title": "Pemilihan umum Bupati Simalungun 2024",
    "region": "Simalungun",
    "level": "KABUPATEN",
    "path": "kabupaten-simalungun",
    "source": "https://id.wikipedia.org/wiki/Pemilihan_umum_Bupati_Simalungun_2024",
    "communityID": "833d84cd-1e8f-4b0f-aa8d-bc36e78ad7c1",
    "candidates": [
        {
            "name": "Radiapoh Hasiholan Sinaga",
            "description": "Radiapoh Hasiholan Sinaga, S.H., M.H. (lahir 18 Juni 1968) adalah seorang pengusaha yang saat ini menjabat sebagai Bupati Simalungun bersama wakilnya Zonny Waldi. Ia maju sebagai Cabup didukung 5 partai pendukung yaitu Partai Golongan Karya,Partai Berkarya, Partai Hati Nurani Rakyat, Partai Keadilan Sejahtera, dan Partai Perindo dalam kontestan Pemilihan umum Bupati Simalungun 2020. Pada tanggal 27 April 2021, ia resmi dilantik bersama pasangannya Zonny Waldi sebagai Bupati dan Wakil Bupati Simalungun periode 2021-2024 oleh Gubernur Sumatera Utara Edy Rahmayadi di Medan.[1]\n",
            "profilePic": "https://upload.wikimedia.org/wikipedia/commons/5/5d/Bupati_Simalungun_periode_2021-2024_Radiapoh_Sinaga.png",
            "title": "Bupati Simalungun",
            "sites": {
                "name": "Wikipedia",
                "url": "https://id.wikipedia.org/wiki/Radiapoh_Hasiholan_Sinaga"
            },
            "communityID": "833d84cd-1e8f-4b0f-aa8d-bc36e78ad7c1"
        },
        {
            "name": "Zonny Waldi",
            "description": "H. Zonny Waldi, S.Sos., M.M. (lahir 2 April 1961) adalah Wakil Bupati Simalungun periode 2021\u20132024. Ia menjabat sejak 26 April 2021 setelah dilantik Gubernur Sumatera Utara, Edy Rahmayadi di Aula Raja Inal Siregar Lantai II Kantor Gubernur Sumatera Utara, Medan.[1]\n",
            "profilePic": "https://upload.wikimedia.org/wikipedia/commons/c/c4/Wakil_Bupati_Simalungun_periode_2021-2024_Zonny_Waldi.png",
            "title": "Wakil Bupati Simalungun",
            "sites": {
                "name": "Wikipedia",
                "url": "https://id.wikipedia.org/wiki/Zonny_Waldi"
            },
            "communityID": "833d84cd-1e8f-4b0f-aa8d-bc36e78ad7c1"
        },
        {
            "name": "Pontus Sitorus",
            "description": "Dr. Pontus Sitorus, S.PAK., M.Si. atau yang lebih akrab disapa Pontus (lahir 04 Februari 1963) adalah seorang purnabakti (pensiunan) birokrat Indonesia yang pernah menjabat sebagai Pelaksana tugas (Plt.) Direktur Jenderal Bimbingan Masyarakat Kristen - Kementerian Agama Republik Indonesia sejak Desember 2021[1] sampai tanggal 16 September 2022. Diangkat sesuai dengan Surat Perintah Menteri Agama RI Tahun 2021 yang saat itu sementara menggantikan dari Dirjen Bimas Kristen sebelumnya.[2] Setelah diangkat menjadi Pelaksana Tugas, ia kembali menjabat sebagai Direktur Pendidikan Agama Kristen[3] Direktorat Jenderal Bimbingan Masyarakat Kristen Kementerian Agama Republik Indonesia, karena sudah ada yang mengisi jabatan Dirjen Bimas Kristen yang baru. Pengabdian kepada negara yaitu di Kementerian Agama Republik Indonesia selama 34 tahun.\n",
            "profilePic": "https://upload.wikimedia.org/wikipedia/commons/0/0b/KPU_Pontus_Sitorus.png",
            "title": "Mantan Pelaksana tugas (Plt.) Direktur Jenderal & Direktur Pendidikan Kristen di Direktorat Jenderal Bimbingan Masyarakat Kristen - Kementerian Agama Republik Indonesia",
            "sites": {
                "name": "Wikipedia",
                "url": "https://id.wikipedia.org/wiki/Pontus_Sitorus"
            },
            "communityID": "833d84cd-1e8f-4b0f-aa8d-bc36e78ad7c1"
        },
        {
            "name": "Muhajidin Nur Hasim",
            "description": "Partai Demokrat\n",
            "profilePic": "https://upload.wikimedia.org/wikipedia/commons/thumb/0/0d/Lokasi_Sumatra_Utara_Kabupaten_Simalungun.svg/1200px-Lokasi_Sumatra_Utara_Kabupaten_Simalungun.svg.png",
            "title": "Pengusaha",
            "sites": {
                "name": "Wikipedia",
                "url": "https://id.wikipedia.org/wiki/Muhajidin_Nur_Hasim"
            },
            "communityID": "833d84cd-1e8f-4b0f-aa8d-bc36e78ad7c1"
        },
        {
            "name": "Gideon Purba",
            "description": "Partai Demokrat\n",
            "profilePic": "https://upload.wikimedia.org/wikipedia/commons/thumb/0/0d/Lokasi_Sumatra_Utara_Kabupaten_Simalungun.svg/1200px-Lokasi_Sumatra_Utara_Kabupaten_Simalungun.svg.png",
            "title": "Mantan Sekda Simalungun",
            "sites": {
                "name": "Wikipedia",
                "url": "https://id.wikipedia.org/wiki/Gideon_Purba"
            },
            "communityID": "833d84cd-1e8f-4b0f-aa8d-bc36e78ad7c1"
        },
        {
            "name": "Sastra Joyo Sirait",
            "description": "",
            "profilePic": "",
            "title": "Wakil Ketua III\tDPRD Simalungun",
            "sites": {},
            "communityID": "833d84cd-1e8f-4b0f-aa8d-bc36e78ad7c1"
        },
        {
            "name": "Timbul Jaya Hamonangan Sibarani",
            "description": "",
            "profilePic": "",
            "title": "Ketua DPRD Simalungun",
            "sites": {},
            "communityID": "833d84cd-1e8f-4b0f-aa8d-bc36e78ad7c1"
        },
        {
            "name": "Elias Barus",
            "description": "",
            "profilePic": "",
            "title": "Wakil Ketua II DPRD Simalungun",
            "sites": {},
            "communityID": "833d84cd-1e8f-4b0f-aa8d-bc36e78ad7c1"
        },
        {
            "name": "Mangapul Purba",
            "description": "",
            "profilePic": "",
            "title": "Anggota DPRD Sumut",
            "sites": {},
            "communityID": "833d84cd-1e8f-4b0f-aa8d-bc36e78ad7c1"
        },
        {
            "name": "Iskandar Sinaga",
            "description": "",
            "profilePic": "",
            "title": "Anggota DPRD Sumut",
            "sites": {},
            "communityID": "833d84cd-1e8f-4b0f-aa8d-bc36e78ad7c1"
        },
        {
            "name": "Rony Reynaldo Situmorang",
            "description": "",
            "profilePic": "",
            "title": "Anggota DPRD Sumut",
            "sites": {},
            "communityID": "833d84cd-1e8f-4b0f-aa8d-bc36e78ad7c1"
        },
        {
            "name": "Inge Amelia",
            "description": "Inge Amelia Nasution (lahir 6 Juli 1989)[1] adalah seorang politikus Indonesia. Ia merupakan anak kedua dari tiga bersaudara dari pasangan Erwin Nasution dan Ade Hanifah Siregar serta merupakan kakak kandung dari Walikota Medan Bobby Nasution dan kakak ipar dari Kahiyang Ayu, putri dari Presiden Indonesia Joko Widodo.\n",
            "profilePic": "",
            "title": "Kakak kandung Walikota Medan Bobby Nasution",
            "sites": {
                "name": "Wikipedia",
                "url": "https://id.wikipedia.org/wiki/Inge_Amelia"
            },
            "communityID": "833d84cd-1e8f-4b0f-aa8d-bc36e78ad7c1"
        },
        {
            "name": "Rusdi Lubis",
            "description": "",
            "profilePic": "",
            "title": "Anggota DPRD Sumut",
            "sites": {},
            "communityID": "833d84cd-1e8f-4b0f-aa8d-bc36e78ad7c1"
        },
        {
            "name": "Saut B. Purba",
            "description": "",
            "profilePic": "",
            "title": "Anggota DPRD Sumut",
            "sites": {},
            "communityID": "833d84cd-1e8f-4b0f-aa8d-bc36e78ad7c1"
        },
        {
            "name": "Muhammad Jusuf sirait",
            "description": "",
            "profilePic": "",
            "title": "Pengusaha",
            "sites": {},
            "communityID": "833d84cd-1e8f-4b0f-aa8d-bc36e78ad7c1"
        },
        {
            "name": "dr Sortaman Saragih",
            "description": "",
            "profilePic": "",
            "title": "Ketua Bidang Kesehatan Masyarakat DPP Partai Perindo",
            "sites": {},
            "communityID": "833d84cd-1e8f-4b0f-aa8d-bc36e78ad7c1"
        },
        {
            "name": "Elkananda Shah",
            "description": "",
            "profilePic": "",
            "title": "Ketua HANURA dan Ketua MPC Pemuda Pancasila Kabupaten Simalungun",
            "sites": {},
            "communityID": "833d84cd-1e8f-4b0f-aa8d-bc36e78ad7c1"
        },
        {
            "name": "Hendra Sukmana Sinaga",
            "description": "",
            "profilePic": "",
            "title": "Anggota DPRD Simalungun",
            "sites": {},
            "communityID": "833d84cd-1e8f-4b0f-aa8d-bc36e78ad7c1"
        }
    ]
}