{
    "title": "Pemilihan umum Bupati Indragiri Hilir 2024",
    "region": "Indragiri Hilir",
    "level": "KABUPATEN",
    "path": "kabupaten-indragiri-hilir",
    "source": "https://id.wikipedia.org/wiki/Pemilihan_umum_Bupati_Indragiri_Hilir_2024",
    "communityID": "0154c3aa-ebcd-4a24-be2e-cbd3af5b5f9c",
    "candidates": [
        {
            "name": "H.Herman.SE.MT",
            "description": "",
            "profilePic": "",
            "title": "Bakal Calon Bupati",
            "sites": {},
            "communityID": "0154c3aa-ebcd-4a24-be2e-cbd3af5b5f9c"
        },
        {
            "name": "Mohamad Idris Laena",
            "description": "Ir. H. Mohamad Idris Laena, M.H. (lahir 12 Januari 1965) adalah politikus Indonesia yang menjabat sebagai anggota DPR-RI selama empat periode (2008\u20132009, 2009\u20132014, 2014\u20132019, dan 2019\u20132024). Ia mewakili daerah pemilihan Riau II, yang meliputi Kabupaten Kampar, Kabupaten Indragiri Hulu, Kabupaten Indragiri Hilir, Kabupaten Pelalawan, dan Kabupaten Kuantan Singingi. Idris merupakan kader Partai Golongan Karya, ia duduk di Komisi VI.\n",
            "profilePic": "https://upload.wikimedia.org/wikipedia/commons/5/55/Anggota_DPR_Mohamad_Idris_Laena.jpg",
            "title": "Anggota DPR RI 2008-24",
            "sites": {
                "name": "Wikipedia",
                "url": "https://id.wikipedia.org/wiki/Mohamad_Idris_Laena"
            },
            "communityID": "0154c3aa-ebcd-4a24-be2e-cbd3af5b5f9c"
        },
        {
            "name": "Ardiansyah Julor",
            "description": "",
            "profilePic": "",
            "title": "Sekretaris Umum BPC HIPMI Ibhil",
            "sites": {},
            "communityID": "0154c3aa-ebcd-4a24-be2e-cbd3af5b5f9c"
        },
        {
            "name": "Dani M. Nursalam",
            "description": "",
            "profilePic": "",
            "title": "Anggota DPRD Riau",
            "sites": {},
            "communityID": "0154c3aa-ebcd-4a24-be2e-cbd3af5b5f9c"
        },
        {
            "name": "Syamsuddin Uti",
            "description": "",
            "profilePic": "",
            "title": "Wakil Bupati Indragiri Hilir",
            "sites": {},
            "communityID": "0154c3aa-ebcd-4a24-be2e-cbd3af5b5f9c"
        },
        {
            "name": "HM Yusuf Said",
            "description": "",
            "profilePic": "",
            "title": "Mantan Anggota DPRD Inhil 2004-14",
            "sites": {},
            "communityID": "0154c3aa-ebcd-4a24-be2e-cbd3af5b5f9c"
        },
        {
            "name": "Agustian Rasmanto",
            "description": "",
            "profilePic": "",
            "title": "Mantan Direktur PDAM TI Inhil",
            "sites": {},
            "communityID": "0154c3aa-ebcd-4a24-be2e-cbd3af5b5f9c"
        },
        {
            "name": "Muamar AR",
            "description": "",
            "profilePic": "",
            "title": "Anggota DPRD Inhil",
            "sites": {},
            "communityID": "0154c3aa-ebcd-4a24-be2e-cbd3af5b5f9c"
        },
        {
            "name": "PRj. Haryono Bijawanga",
            "description": "",
            "profilePic": "",
            "title": "Bakal Calon Bupati",
            "sites": {},
            "communityID": "0154c3aa-ebcd-4a24-be2e-cbd3af5b5f9c"
        },
        {
            "name": "Dr H Ferryandi",
            "description": "",
            "profilePic": "",
            "title": "Ketua DPRD Inhil",
            "sites": {},
            "communityID": "0154c3aa-ebcd-4a24-be2e-cbd3af5b5f9c"
        },
        {
            "name": "Andi Rusli",
            "description": "",
            "profilePic": "",
            "title": "Wakil Ketua DPRD Inhil",
            "sites": {},
            "communityID": "0154c3aa-ebcd-4a24-be2e-cbd3af5b5f9c"
        },
        {
            "name": "Muhammad Andry Suganda",
            "description": "",
            "profilePic": "",
            "title": "Anggota DPRD Inhil",
            "sites": {},
            "communityID": "0154c3aa-ebcd-4a24-be2e-cbd3af5b5f9c"
        },
        {
            "name": "Septina Primawati",
            "description": "Dra. Hj. Septina Primawati, M.M. (lahir 21 September 1961) adalah politikus Partai Golongan Karya yang menjabat Anggota Dewan Perwakilan Rakyat Daerah (DPRD) Provinsi Riau Fraksi Golkar 2 periode yakni 2014\u20142019 dan 2019\u20142024.[1][2] Ia juga pernah menjabat sebagai Ketua DPRD Riau periode 2016\u20142019.\n",
            "profilePic": "https://upload.wikimedia.org/wikipedia/commons/thumb/1/10/KPU_Septina_Primawati.jpg/1200px-KPU_Septina_Primawati.jpg",
            "title": "Anggota DPRD Riau",
            "sites": {
                "name": "Wikipedia",
                "url": "https://id.wikipedia.org/wiki/Septina_Primawati"
            },
            "communityID": "0154c3aa-ebcd-4a24-be2e-cbd3af5b5f9c"
        },
        {
            "name": "Ustadz Suhaidi",
            "description": "",
            "profilePic": "",
            "title": "Anggota DPRD Riau",
            "sites": {},
            "communityID": "0154c3aa-ebcd-4a24-be2e-cbd3af5b5f9c"
        },
        {
            "name": "Abdul Wahid",
            "description": "Abdul Wahid, S.Pd.I. (lahir 21 November 1980) adalah politikus Indonesia yang menjabat sebagai anggota DPR-RI periode 2019\u20132024. Ia mewakili daerah pemilihan Riau II, yang meliputi Kabupaten Kampar, Kabupaten Indragiri Hulu, Kabupaten Indragiri Hilir, Kabupaten Pelalawan, dan Kabupaten Kuantan Singingi. Wahid merupakan kader Partai Kebangkitan Bangsa. Saat ini, ia duduk di Komisi VII.[1]\n",
            "profilePic": "https://upload.wikimedia.org/wikipedia/commons/b/b6/DPR_Abdul_Wahid.png",
            "title": "Anggota DPR-RI",
            "sites": {
                "name": "Wikipedia",
                "url": "https://id.wikipedia.org/wiki/Abdul_Wahid_(politikus)"
            },
            "communityID": "0154c3aa-ebcd-4a24-be2e-cbd3af5b5f9c"
        },
        {
            "name": "Ikbal Sayuti",
            "description": "",
            "profilePic": "",
            "title": "Politikus PPP",
            "sites": {},
            "communityID": "0154c3aa-ebcd-4a24-be2e-cbd3af5b5f9c"
        },
        {
            "name": "Edy Safwannur",
            "description": "",
            "profilePic": "",
            "title": "Mantan Cabup Inhil 2013",
            "sites": {},
            "communityID": "0154c3aa-ebcd-4a24-be2e-cbd3af5b5f9c"
        },
        {
            "name": "Said Syarifuddin",
            "description": "",
            "profilePic": "",
            "title": "Mantan Sekda Inhil",
            "sites": {},
            "communityID": "0154c3aa-ebcd-4a24-be2e-cbd3af5b5f9c"
        },
        {
            "name": "Ustadz Muhammad Fazri",
            "description": "",
            "profilePic": "",
            "title": "Bakal Calon Bupati",
            "sites": {},
            "communityID": "0154c3aa-ebcd-4a24-be2e-cbd3af5b5f9c"
        }
    ]
}