{
    "title": "Pemilihan umum Bupati Lahat 2024",
    "region": "Lahat",
    "level": "KABUPATEN",
    "path": "kabupaten-lahat",
    "source": "https://id.wikipedia.org/wiki/Pemilihan_umum_Bupati_Lahat_2024",
    "communityID": "0261a654-ffcb-4c18-b178-c565f0bb575d",
    "candidates": [
        {
            "name": "Cik Ujang",
            "description": "Cik Ujang, S.H. (lahir 2 Mei 1968[1]) adalah Bupati Lahat periode 2018\u20132023.[2]\n",
            "profilePic": "",
            "title": "Bupati Lahat",
            "sites": {
                "name": "Wikipedia",
                "url": "https://id.wikipedia.org/wiki/Cik_Ujang"
            },
            "communityID": "0261a654-ffcb-4c18-b178-c565f0bb575d"
        },
        {
            "name": "Haryanto",
            "description": "H. Haryanto, S.E., M.M. (lahir  24 September 1959) adalah Wakil Bupati Lahat periode 2018\u20132023. Ia adalah wakil dari Bupati Lahat, Cik Ujang.[1]\n",
            "profilePic": "",
            "title": "Wakil Bupati Lahat",
            "sites": {
                "name": "Wikipedia",
                "url": "https://id.wikipedia.org/wiki/Haryanto_(politikus,_lahir_1959)"
            },
            "communityID": "0261a654-ffcb-4c18-b178-c565f0bb575d"
        },
        {
            "name": "Gaharu",
            "description": "",
            "profilePic": "",
            "title": "Ketua DPC Gerindra Lahat",
            "sites": {},
            "communityID": "0261a654-ffcb-4c18-b178-c565f0bb575d"
        },
        {
            "name": "Hensyi Fitriansyah",
            "description": "",
            "profilePic": "",
            "title": "Pengusaha Muda",
            "sites": {},
            "communityID": "0261a654-ffcb-4c18-b178-c565f0bb575d"
        },
        {
            "name": "Sri Marhaeni Wulansih",
            "description": "",
            "profilePic": "",
            "title": "Wakil Ketua DPRD Kab. Lahat",
            "sites": {},
            "communityID": "0261a654-ffcb-4c18-b178-c565f0bb575d"
        },
        {
            "name": "Sri Meliyana",
            "description": "Ir. Sri Meliyana (lahir 11 Mei 1961) adalah politikus Indonesia yang menjabat sebagai anggota DPR-RI selama dua periode (2014\u20132019 dan 2019\u20132024). Ia mewakili daerah pemilihan Sumatera Selatan II yang meliputi Kabupaten Ogan Komering Ulu, Kabupaten Ogan Komering Ilir, Kabupaten Muara Enim, Kabupaten Lahat, Kabupaten Ogan Komering Ulu Timur, Kabupaten Ogan Komering Ulu Selatan, Kabupaten Ogan Ilir, Kabupaten Empat Lawang, Kota Pagar Alam, Kota Prabumulih, dan Kabupaten Penukal Abab Lematang Ilir. Meliyana merupakan kader Partai Gerakan Indonesia Raya. Saat ini, ia duduk di Komisi IX.[1]\n",
            "profilePic": "https://upload.wikimedia.org/wikipedia/commons/8/8d/DPR_Sri_Meliyana.jpg",
            "title": "Anggota DPR-RI",
            "sites": {
                "name": "Wikipedia",
                "url": "https://id.wikipedia.org/wiki/Sri_Meliyana"
            },
            "communityID": "0261a654-ffcb-4c18-b178-c565f0bb575d"
        },
        {
            "name": "Marwan Mansyur",
            "description": "Marwan Mansyur, S.H., M.M. (lahir 18 Maret 1963)[1] adalah Wakil Bupati Lahat periode 2013\u20132018. Ia adalah wakil dari Bupati Lahat, Saifudin Aswari Rivai.\n",
            "profilePic": "",
            "title": "Mantan Wakil Bupati Lahat",
            "sites": {
                "name": "Wikipedia",
                "url": "https://id.wikipedia.org/wiki/Marwan_Mansyur"
            },
            "communityID": "0261a654-ffcb-4c18-b178-c565f0bb575d"
        },
        {
            "name": "Hilman Hadi",
            "description": "Letnan Jenderal TNI (Purn.) H. Hilman Hadi, S.IP., M.B.A., M.Han. (lahir 28 April 1966) adalah seorang purnawirawan TNI-AD yang terakhir kali menjabat sebagai Inspektur Jenderal TNI Angkatan Darat.[1]\n",
            "profilePic": "https://upload.wikimedia.org/wikipedia/commons/3/32/Letjen-tni-hilman-hadi-irjenad.png",
            "title": "Inspektur Jenderal Angkatan Darat",
            "sites": {
                "name": "Wikipedia",
                "url": "https://id.wikipedia.org/wiki/Hilman_Hadi"
            },
            "communityID": "0261a654-ffcb-4c18-b178-c565f0bb575d"
        },
        {
            "name": "Bursah Zarnubi",
            "description": "H. Bursah Zarnubi, S.E (lahir 29 Januari 1959) adalah seorang politikus dan aktivis Indonesia serta Ketua Umum Partai Bintang Reformasi sejak 2006 hingga 2011. Ia juga merupakan pendiri sekaligus sebagai Ketua Umum Perkumpulan Gerakan Kebangsaan (PGK).[1]\n",
            "profilePic": "https://upload.wikimedia.org/wikipedia/commons/thumb/d/da/KPU_Bursah_Zarnubi.jpg/1200px-KPU_Bursah_Zarnubi.jpg",
            "title": "Bakal Calon Bupati",
            "sites": {
                "name": "Wikipedia",
                "url": "https://id.wikipedia.org/wiki/Bursah_Zarnubi"
            },
            "communityID": "0261a654-ffcb-4c18-b178-c565f0bb575d"
        }
    ]
}