{
    "title": "Pemilihan umum Bupati Sidenreng Rappang 2024",
    "region": "Sidenreng Rappang",
    "level": "KABUPATEN",
    "path": "kabupaten-sidenreng-rappang",
    "source": "https://id.wikipedia.org/wiki/Pemilihan_umum_Bupati_Sidenreng_Rappang_2024",
    "communityID": "75cda911-3e48-4d6c-a36b-6b40aab16805",
    "candidates": [
        {
            "name": "Dollah Mando",
            "description": "Ir. H. Dollah Mando (lahir 2 Desember 1950) adalah seorang politisi dan birokrat Indonesia kelahiran Lawawoi yang menjabat selaku Bupati Sidrap periode 2018\u20132023. Ia menempuh pendidikan di Sekolah Rakyat (SR) atau sekarang disebut Sekolah Dasar (SD), Lawawoi pada tahun 1963. Kemudian, Dollah Mando masuk SMP Negeri 1 Pangkajene pada tahun 1966. Tiga tahun kemudian, pada tahun 1969, ia masuk SMA Pangkajene. Ia melanjutkan pendidikan pada bidang Pertanian di Universitas Hasanuddin (Unhas) Makassar.\n",
            "profilePic": "https://upload.wikimedia.org/wikipedia/commons/2/2b/Bupati_Sidrap%2C_Dollah_Mando.png",
            "title": "Bupati Sidrap",
            "sites": {
                "name": "Wikipedia",
                "url": "https://id.wikipedia.org/wiki/Dollah_Mando"
            },
            "communityID": "75cda911-3e48-4d6c-a36b-6b40aab16805"
        },
        {
            "name": "Mahfud Yusuf",
            "description": "Ir. H. Mahfud Yusuf (lahir 21 April 1966) adalah wakil bupati Sidrap periode 2018\u20132023, ia berpasangan dengan bupati Dollah Mando.\n",
            "profilePic": "https://upload.wikimedia.org/wikipedia/commons/6/6b/Wakil_Bupati_Sidrap%2C_Mahmud_Yusuf.png",
            "title": "Wakil Bupati Sidrap",
            "sites": {
                "name": "Wikipedia",
                "url": "https://id.wikipedia.org/wiki/Mahfud_Yusuf"
            },
            "communityID": "75cda911-3e48-4d6c-a36b-6b40aab16805"
        },
        {
            "name": "Ruslan",
            "description": "Irjen. Pol. (Purn.) Drs. Ruslan, S.H., M.H. (lahir 27 Juni 1963) adalah seorang Purnawirawan Polri yang sebelumnya menjabat sebagai Widyaiswara Kepolisian Utama Tingkat I Sespim Lemdiklat Polri.[1]\n",
            "profilePic": "",
            "title": "Ketua DPRD Sidrap",
            "sites": {
                "name": "Wikipedia",
                "url": "https://id.wikipedia.org/wiki/Ruslan"
            },
            "communityID": "75cda911-3e48-4d6c-a36b-6b40aab16805"
        },
        {
            "name": "Ahmad Salihin",
            "description": "",
            "profilePic": "",
            "title": "Anggota DPRD Sidrap",
            "sites": {},
            "communityID": "75cda911-3e48-4d6c-a36b-6b40aab16805"
        },
        {
            "name": "Abdul Rahman Mustafa",
            "description": "",
            "profilePic": "",
            "title": "Anggota DPRD Sidrap",
            "sites": {},
            "communityID": "75cda911-3e48-4d6c-a36b-6b40aab16805"
        },
        {
            "name": "Zulkifli Zain",
            "description": "",
            "profilePic": "",
            "title": "Anggota DPRD Sulsel",
            "sites": {},
            "communityID": "75cda911-3e48-4d6c-a36b-6b40aab16805"
        },
        {
            "name": "Syaharuddin Alrif",
            "description": "",
            "profilePic": "",
            "title": "Wakil Ketua I DPRD Sulsel",
            "sites": {},
            "communityID": "75cda911-3e48-4d6c-a36b-6b40aab16805"
        },
        {
            "name": "Badaruddin Puang Sabang",
            "description": "",
            "profilePic": "",
            "title": "Ketua Umum PPBTPI",
            "sites": {},
            "communityID": "75cda911-3e48-4d6c-a36b-6b40aab16805"
        },
        {
            "name": "Agus Arifin Nu'mang",
            "description": "Ir. H. Agus Arifin Nu'mang, M.S.[1] (lahir 16 Agustus 1963) adalah Wakil Gubernur Sulawesi Selatan yang menjabat sejak 8 April 2008 hingga 8 April 2018.\n",
            "profilePic": "https://upload.wikimedia.org/wikipedia/commons/3/30/Agus_Arifin_Nu%27mang.jpg",
            "title": "Mantan Wakil Gubernur Sulawesi Selatan",
            "sites": {
                "name": "Wikipedia",
                "url": "https://id.wikipedia.org/wiki/Agus_Arifin_Nu%27mang"
            },
            "communityID": "75cda911-3e48-4d6c-a36b-6b40aab16805"
        },
        {
            "name": "A. Sukri Baharman",
            "description": "",
            "profilePic": "",
            "title": "Mantan Ketua DPRD Sidrap",
            "sites": {},
            "communityID": "75cda911-3e48-4d6c-a36b-6b40aab16805"
        },
        {
            "name": "Andi Faisal Ranggong",
            "description": "",
            "profilePic": "",
            "title": "Kepala Dinas Lingkungan Hidup Kabupaten Sidrap",
            "sites": {},
            "communityID": "75cda911-3e48-4d6c-a36b-6b40aab16805"
        },
        {
            "name": "Takyuddin Masse",
            "description": "",
            "profilePic": "",
            "title": "Mantan Anggota DPRD Sidrap",
            "sites": {},
            "communityID": "75cda911-3e48-4d6c-a36b-6b40aab16805"
        },
        {
            "name": "Bahar Yahya",
            "description": "",
            "profilePic": "",
            "title": "Pengusaha",
            "sites": {},
            "communityID": "75cda911-3e48-4d6c-a36b-6b40aab16805"
        },
        {
            "name": "Andi Parenrengi",
            "description": "",
            "profilePic": "",
            "title": "Mantan Kepala Dinas Kehutanan Provinsi Sulsel",
            "sites": {},
            "communityID": "75cda911-3e48-4d6c-a36b-6b40aab16805"
        }
    ]
}