{
    "title": "Pemilihan umum Bupati Simeulue 2024",
    "region": "Simeulue",
    "level": "KABUPATEN",
    "path": "kabupaten-simeulue",
    "source": "https://id.wikipedia.org/wiki/Pemilihan_umum_Bupati_Simeulue_2024",
    "communityID": "9ec1d349-ce15-498c-ae29-06f9f0276bdf",
    "candidates": [
        {
            "name": "Erli Hasim",
            "description": "Erli Hasim, S.H., S.Ag., M.I.Kom. (lahir 10 April 1969) adalah Bupati Simeulue periode 2017\u20142022.\n",
            "profilePic": "https://upload.wikimedia.org/wikipedia/commons/4/4f/Bupati_Simeulue_Erli_Hasim.jpg",
            "title": "Mantan Bupati Simeulue",
            "sites": {
                "name": "Wikipedia",
                "url": "https://id.wikipedia.org/wiki/Erli_Hasim"
            },
            "communityID": "9ec1d349-ce15-498c-ae29-06f9f0276bdf"
        },
        {
            "name": "Afridawati",
            "description": "Hj. Afridawati (lahir 12 Maret 1960) adalah Wakil Bupati Simeulue periode 2017\u20132022. Ia adalah wakil dari Bupati Simeulue, Erli Hasim.[1] Afridawati merupakan istri mantan Bupati Simeulue Darmili.\n",
            "profilePic": "https://upload.wikimedia.org/wikipedia/commons/2/2a/Wakil_Bupati_Simeulue_Afridawati.jpg",
            "title": "Mantan Wakil Bupati Simeulue",
            "sites": {
                "name": "Wikipedia",
                "url": "https://id.wikipedia.org/wiki/Afridawati"
            },
            "communityID": "9ec1d349-ce15-498c-ae29-06f9f0276bdf"
        },
        {
            "name": "Aliasnudin",
            "description": "Teungku Aliasnudin,[1] lebih dikenal dengan nama Din Sinabang (lahir 4 Mei 1969) adalah tokoh pejuang GAM. Dia pernah menjabat sebagai Panglima Gerakan Aceh Merdeka wilayah Simeulue.\n",
            "profilePic": "",
            "title": "Mantan Panglima GAM wilayah Simeulue",
            "sites": {
                "name": "Wikipedia",
                "url": "https://id.wikipedia.org/wiki/Aliasnudin"
            },
            "communityID": "9ec1d349-ce15-498c-ae29-06f9f0276bdf"
        },
        {
            "name": "Abubakar",
            "description": "",
            "profilePic": "",
            "title": "Ketua DPW PNA Simeulue",
            "sites": {},
            "communityID": "9ec1d349-ce15-498c-ae29-06f9f0276bdf"
        }
    ]
}