{
    "title": "Pemilihan umum Bupati Mamuju Tengah 2024",
    "region": "Mamuju Tengah",
    "level": "KABUPATEN",
    "path": "kabupaten-mamuju-tengah",
    "source": "https://id.wikipedia.org/wiki/Pemilihan_umum_Bupati_Mamuju_Tengah_2024",
    "communityID": "ac17b9dd-f40c-4faa-9323-3ade9e9a69c4",
    "candidates": [
        {
            "name": "Muhammad Amin Jasa",
            "description": "",
            "profilePic": "",
            "title": "Wakil Bupati Mamuju Tengah",
            "sites": {},
            "communityID": "ac17b9dd-f40c-4faa-9323-3ade9e9a69c4"
        },
        {
            "name": "Arsal Aras",
            "description": "",
            "profilePic": "",
            "title": "Ketua DPRD Mamuju Tengah",
            "sites": {},
            "communityID": "ac17b9dd-f40c-4faa-9323-3ade9e9a69c4"
        },
        {
            "name": "Yulius Sanusi",
            "description": "",
            "profilePic": "",
            "title": "Wakil Ketua DPRD Mamuju Tengah",
            "sites": {},
            "communityID": "ac17b9dd-f40c-4faa-9323-3ade9e9a69c4"
        },
        {
            "name": "Arwan M. Aras Tammauni",
            "description": "Arwan M. Aras Tammauni (lahir 8 September 1984) adalah seorang politikus Indonesia. Saat ini ia menjabat sebagai Anggota DPR RI mewakili daerah pemilihan Sulawesi Barat dari Partai Demokrasi Indonesia Perjuangan (PDI-P).[1]\n",
            "profilePic": "https://upload.wikimedia.org/wikipedia/commons/thumb/a/a1/Arwan_M._Aras_Tammauni.jpg/1200px-Arwan_M._Aras_Tammauni.jpg",
            "title": "Anggota DPR RI",
            "sites": {
                "name": "Wikipedia",
                "url": "https://id.wikipedia.org/wiki/Arwan_M._Aras_Tammauni"
            },
            "communityID": "ac17b9dd-f40c-4faa-9323-3ade9e9a69c4"
        },
        {
            "name": "Askary Anwar",
            "description": "",
            "profilePic": "",
            "title": "Sekda Kabupaten Mamuju Tengah",
            "sites": {},
            "communityID": "ac17b9dd-f40c-4faa-9323-3ade9e9a69c4"
        },
        {
            "name": "Sahrul Sukardi",
            "description": "",
            "profilePic": "",
            "title": "Anggota DPRD Mamuju Tengah",
            "sites": {},
            "communityID": "ac17b9dd-f40c-4faa-9323-3ade9e9a69c4"
        },
        {
            "name": "Safaruddin Sanusi DM",
            "description": "",
            "profilePic": "",
            "title": "Kepala Dispora Sulbar",
            "sites": {},
            "communityID": "ac17b9dd-f40c-4faa-9323-3ade9e9a69c4"
        },
        {
            "name": "Mansyur",
            "description": "Mayor Jenderal TNI (Purn). Ir. H. Mansyur (11 Juli 1942\u00a0\u2013\u00a023 Juli 2017) adalah seorang Purnawirawan perwira tinggi TNI Angkatan Darat, yang merupakan lulusan Akademi Militer Nasional tahun 1965. Ia pernah menjabat sebagai Aspers Kasum ABRI (1992), setelah pensiun dari dinas kemiliteran, kemudian Mansyur menjadi anggota Dewan Perwakilan Rakyat (DPR) hingga tahun 1999. Pada tahun 2010 Mansyur mendirikan Yayasan dan Panti Sosial Asuhan Anak Daarul Hasanah di daerah kelahirannya Karawang, Jawa Barat. Selain aktif dalam pengelolaan Yayasan dan Panti Daarul Hasanah, ia juga terlibat di Yayasan Pembina Perguruan Tinggi Pangkal Perjuangan (YPPTPP) - Universitas Singaperbangsa (Unsika) Karawang, dan Universitas Buana Perjuangan (UBP) Karawang.\n",
            "profilePic": "https://upload.wikimedia.org/wikipedia/commons/6/63/Ir.H._Mansyur.jpg",
            "title": "Kepala BPKAD Mateng",
            "sites": {
                "name": "Wikipedia",
                "url": "https://id.wikipedia.org/wiki/Mansyur"
            },
            "communityID": "ac17b9dd-f40c-4faa-9323-3ade9e9a69c4"
        },
        {
            "name": "Siti Suraidah Suhardi",
            "description": "Sitti Suraidah Suhardi (lahir 30 Juli 1986) adalah seorang politikus Indonesia. Lahir di Mamuju, ia adalah anak kedua dari tujuh bersaudara dari pasangan Suhardi Duka, dan adik dari Sitti Sutinah Suhardi (Bupati Mamuju). Ia bergabung di Partai Demokrat pada tahun 2006 dan menjadi sebagai Bendahara partai tersebut pada tahun 2007.\n",
            "profilePic": "https://upload.wikimedia.org/wikipedia/commons/thumb/3/3c/Suraidah_Tokoh_Mandar.jpg/1200px-Suraidah_Tokoh_Mandar.jpg",
            "title": "Ketua DPRD Prov. Sulbar",
            "sites": {
                "name": "Wikipedia",
                "url": "https://id.wikipedia.org/wiki/Siti_Suraidah_Suhardi"
            },
            "communityID": "ac17b9dd-f40c-4faa-9323-3ade9e9a69c4"
        },
        {
            "name": "Haris Sindring",
            "description": "",
            "profilePic": "",
            "title": "Mantan Anggota DPRD Prov. Sulbar",
            "sites": {},
            "communityID": "ac17b9dd-f40c-4faa-9323-3ade9e9a69c4"
        },
        {
            "name": "Fathahuddin Al Gafiqhi",
            "description": "",
            "profilePic": "",
            "title": "Anggota DPRD Mamuju Tengah",
            "sites": {},
            "communityID": "ac17b9dd-f40c-4faa-9323-3ade9e9a69c4"
        },
        {
            "name": "Safaruddin Sanusi",
            "description": "",
            "profilePic": "",
            "title": "Mantan Kepala Balitbangda Sulbar",
            "sites": {},
            "communityID": "ac17b9dd-f40c-4faa-9323-3ade9e9a69c4"
        }
    ]
}