{
    "title": "Pemilihan umum Bupati Purworejo 2024",
    "region": "Purworejo",
    "level": "KABUPATEN",
    "path": "kabupaten-purworejo",
    "source": "https://id.wikipedia.org/wiki/Pemilihan_umum_Bupati_Purworejo_2024",
    "communityID": "ed6e317c-6030-4542-a354-d33136df87ad",
    "candidates": [
        {
            "name": "Yuli Hastuti",
            "description": "Hj. Yuli Hastuti, S.H. (lahir 12 Juli 1963) adalah Wakil Bupati Purworejo periode 2016\u20132021 dan 2021\u20132024. Ia menjabat untuk periode kedua sejak 26 Februari 2021 setelah dilantik Gubernur Jawa Tengah, Ganjar Pranowo secara daring.[1] Pada 13 Desember 2023, Ia dilantik menjadi Bupati Purworejo secara definitif (setelah sebelumnya menjadi penjabat bupati).[2]\n",
            "profilePic": "",
            "title": "Wakil Bupati Purworejo",
            "sites": {
                "name": "Wikipedia",
                "url": "https://id.wikipedia.org/wiki/Yuli_Hastuti"
            },
            "communityID": "ed6e317c-6030-4542-a354-d33136df87ad"
        },
        {
            "name": "Agustinus Susanto",
            "description": "",
            "profilePic": "",
            "title": "Mantan perwira Kopassus",
            "sites": {},
            "communityID": "ed6e317c-6030-4542-a354-d33136df87ad"
        },
        {
            "name": "Hamdan Azhari",
            "description": "",
            "profilePic": "",
            "title": "Ketua DPC Gerindra Kabupaten Purworejo",
            "sites": {},
            "communityID": "ed6e317c-6030-4542-a354-d33136df87ad"
        },
        {
            "name": "Imam Teguh Purnomo",
            "description": "",
            "profilePic": "",
            "title": "Anggota DPRD Jateng",
            "sites": {},
            "communityID": "ed6e317c-6030-4542-a354-d33136df87ad"
        },
        {
            "name": "Dion Agasi Setiabudi",
            "description": "Dion Agasi Setiabudi, S.I.Kom., M.Si. (lahir 7 Juli 1989) adalah seorang politisi Indonesia yang merupakan politisi Partai Demokrasi Indonesia Perjuangan yang menjabat sebagai Ketua Dewan Perwakilan Rakyat Daerah Kabupaten Purworejo sejak 26 September 2019.[1] Dion merupakan anggota DPRD Purworejo mewakili daerah pemilihan Purworejo 1 yang meliputi Kecamatan Purworejo dan Kaligesing.\n",
            "profilePic": "",
            "title": "Ketua DPRD Kabupaten Purworejo",
            "sites": {
                "name": "Wikipedia",
                "url": "https://id.wikipedia.org/wiki/Dion_Agasi_Setiabudi"
            },
            "communityID": "ed6e317c-6030-4542-a354-d33136df87ad"
        },
        {
            "name": "Fran Suharmaji",
            "description": "",
            "profilePic": "",
            "title": "Wakil Ketua III DPRD Kabupaten Purworejo",
            "sites": {},
            "communityID": "ed6e317c-6030-4542-a354-d33136df87ad"
        },
        {
            "name": "Eko Januar Susanto",
            "description": "",
            "profilePic": "",
            "title": "Ketua DPD NasDem Kabupaten Purworejo",
            "sites": {},
            "communityID": "ed6e317c-6030-4542-a354-d33136df87ad"
        },
        {
            "name": "Yophi Prabowo",
            "description": "",
            "profilePic": "",
            "title": "Wakil Ketua II DPRD Kabupaten Purworejo",
            "sites": {},
            "communityID": "ed6e317c-6030-4542-a354-d33136df87ad"
        },
        {
            "name": "R. Sigit Widodo Nugrohadi",
            "description": "",
            "profilePic": "",
            "title": "Birokrasi",
            "sites": {},
            "communityID": "ed6e317c-6030-4542-a354-d33136df87ad"
        },
        {
            "name": "Siti Maryam",
            "description": "",
            "profilePic": "",
            "title": "Kepala Desa Wonoroto Kecamatan Purworejo",
            "sites": {},
            "communityID": "ed6e317c-6030-4542-a354-d33136df87ad"
        },
        {
            "name": "Luhur Pambudi Mulyono",
            "description": "",
            "profilePic": "",
            "title": "Anggota DPRD Kabupaten Purworejo",
            "sites": {},
            "communityID": "ed6e317c-6030-4542-a354-d33136df87ad"
        },
        {
            "name": "Rukma Setyabudi",
            "description": "Dr. Rukma Setyabudi, MM (lahir 27 Februari 1958) merupakan politikus dari Partai Demokrasi Indonesia Perjuangan yang menjabat sebagai ketua DPRD Jawa Tengah sejak 2012 sebagai pengganti Murdoko yang dipenjara oleh KPK karena kasus korupsi APBD Kabupaten Kendal hingga terpilih secara aklamasi sebagai Ketua DPRD periode 2014-2019 pada 16 Oktober 2014.[1][2][3][4][5][6][7][8][9] Ia merupakan alumni dari Universitas Sanata Dharma (dahulu IKIP Sanata Dharma) dan mendapatkan gelar Doktor Administrasi Publik dari Fakultas Ilmu Sosial Ilmu Politik (FISIP) Universitas Diponegoro karena meneliti mengenai e-ktp (KTP elektronik).[2] Ia juga ayah dari anggota DPRD Purworejo Dion Agasi.[10] Ia merupakan Ketua DPRD Jawa Tengah pertama yang non-muslim (beragama Katolik).[11] Selain itu, ia juga menjadi Ketua PTMSI (Persatuan Tenis Meja Seluruh Indonesia) Provinsi Jawa Tengah.[12]\n",
            "profilePic": "https://upload.wikimedia.org/wikipedia/commons/5/55/Anggota_DPRD_Jawa_Tengah_Rukma_Setyabudi.jpg",
            "title": "Mantan Ketua DPRD Jateng",
            "sites": {
                "name": "Wikipedia",
                "url": "https://id.wikipedia.org/wiki/Rukma_Setyabudi"
            },
            "communityID": "ed6e317c-6030-4542-a354-d33136df87ad"
        }
    ]
}