{
    "title": "Pemilihan umum Bupati Asahan 2024",
    "region": "Asahan",
    "level": "KABUPATEN",
    "path": "kabupaten-asahan",
    "source": "https://id.wikipedia.org/wiki/Pemilihan_umum_Bupati_Asahan_2024",
    "communityID": "fc44b90f-5310-46dc-8a01-149a24b15ba6",
    "candidates": [
        {
            "name": "Taufik Zainal Abidin",
            "description": "Taufik Zainal Abidin Siregar, S.Sos., M.Si. (lahir 4 September 1968) adalah seorang Birokrat dan Aparatur Sipil Negara yang saat ini menjabat sebagai Wakil Bupati Asahan periode 2021\u20142024.[1] Ia adalah wakil dari Bupati Asahan, Surya.\n",
            "profilePic": "https://upload.wikimedia.org/wikipedia/commons/8/8e/Taufik_Zainal_Abidin.jpg",
            "title": "Wakil Bupati Asahan",
            "sites": {
                "name": "Wikipedia",
                "url": "https://id.wikipedia.org/wiki/Taufik_Zainal_Abidin"
            },
            "communityID": "fc44b90f-5310-46dc-8a01-149a24b15ba6"
        },
        {
            "name": "Baharuddin Harahap",
            "description": "",
            "profilePic": "",
            "title": "Ketua DPRD Kabupaten Asahan",
            "sites": {},
            "communityID": "fc44b90f-5310-46dc-8a01-149a24b15ba6"
        },
        {
            "name": "Muhammad Suib",
            "description": "",
            "profilePic": "",
            "title": "Sekretaris Daerah Kabupaten Labuhan Batu Utara",
            "sites": {},
            "communityID": "fc44b90f-5310-46dc-8a01-149a24b15ba6"
        }
    ]
}