{
    "title": "Pemilihan umum Bupati Barito Selatan 2024",
    "region": "Barito Selatan",
    "level": "KABUPATEN",
    "path": "kabupaten-barito-selatan",
    "source": "https://id.wikipedia.org/wiki/Pemilihan_umum_Bupati_Barito_Selatan_2024",
    "communityID": "2c58d932-026f-4984-a341-1e2173561dc1",
    "candidates": [
        {
            "name": "Eddy Raya Samsuri",
            "description": "H. Eddy Raya Samsuri, S.T. (lahir 29 September 1970) adalah bupati Barito Selatan yang menjabat untuk masa bakti 2017\u20132022. Ia terpilih sebagai bupati Barito Selatan setelah memenangkan Pilkada Barito Selatan 2017 dengan meraih 37.399 suara.[1]\n",
            "profilePic": "https://upload.wikimedia.org/wikipedia/commons/5/51/Bupati_Barito_Selatan_Eddy_Raya_Samsuri.jpg",
            "title": "Bupati Barito Selatan",
            "sites": {
                "name": "Wikipedia",
                "url": "https://id.wikipedia.org/wiki/Eddy_Raya_Samsuri"
            },
            "communityID": "2c58d932-026f-4984-a341-1e2173561dc1"
        },
        {
            "name": "periode 2017-2022",
            "description": "",
            "profilePic": "",
            "title": "Bakal Calon Bupati",
            "sites": {},
            "communityID": "2c58d932-026f-4984-a341-1e2173561dc1"
        },
        {
            "name": "Ami Asmawi Calon Wakil Bupati Barito Selatan Periode 2024-2029",
            "description": "",
            "profilePic": "",
            "title": "Bakal Calon Bupati",
            "sites": {},
            "communityID": "2c58d932-026f-4984-a341-1e2173561dc1"
        },
        {
            "name": "H. Pe'i",
            "description": "",
            "profilePic": "",
            "title": "Mantan Anggota DPRD Kabupaten Barito Selatan",
            "sites": {},
            "communityID": "2c58d932-026f-4984-a341-1e2173561dc1"
        },
        {
            "name": "Farid Yusran",
            "description": "",
            "profilePic": "",
            "title": "Ketua DPRD Kabupaten Barito Selatan",
            "sites": {},
            "communityID": "2c58d932-026f-4984-a341-1e2173561dc1"
        },
        {
            "name": "Setya Titiek Atyani Joedir",
            "description": "",
            "profilePic": "",
            "title": "Wakil Bupati Barito Selatan periode 2017-2022",
            "sites": {},
            "communityID": "2c58d932-026f-4984-a341-1e2173561dc1"
        },
        {
            "name": "Yangsi Hartini",
            "description": "",
            "profilePic": "",
            "title": "Anggota DPRD KabupateBarito Selatan",
            "sites": {},
            "communityID": "2c58d932-026f-4984-a341-1e2173561dc1"
        },
        {
            "name": "Abdul Gani",
            "description": "",
            "profilePic": "",
            "title": "Pengusaha",
            "sites": {},
            "communityID": "2c58d932-026f-4984-a341-1e2173561dc1"
        },
        {
            "name": "Habib Ismail Bin Yahya",
            "description": "Habib Ismail bin Yahya (lahir 4 Desember 1970) adalah Wakil Gubernur Kalimantan Tengah periode 2016\u20142021. Sebelumnya ia menjabat sebagai Anggota DPD RI periode 2014\u20142015.\n",
            "profilePic": "https://upload.wikimedia.org/wikipedia/commons/f/f4/KPU_Ismail_bin_Yahya.jpg",
            "title": "Wakil Gubernur Kalimantan Tengah periode 2016-2021",
            "sites": {
                "name": "Wikipedia",
                "url": "https://id.wikipedia.org/wiki/Ismail_bin_Yahya"
            },
            "communityID": "2c58d932-026f-4984-a341-1e2173561dc1"
        }
    ]
}