{
    "title": "Pemilihan umum Bupati Trenggalek 2024",
    "region": "Trenggalek",
    "level": "KABUPATEN",
    "path": "kabupaten-trenggalek",
    "source": "https://id.wikipedia.org/wiki/Pemilihan_umum_Bupati_Trenggalek_2024",
    "communityID": "d0a43e6d-52ab-4067-974f-709a88e34231",
    "candidates": [
        {
            "name": "Mochamad Nur Arifin",
            "description": "H. Mochamad Nur Arifin, S.M., M.M. (lahir 7 April 1990) adalah Bupati Trenggalek yang menjabat sejak 28 Mei 2019. Sebelumnya, ia menjabat sebagai Wakil Bupati Trenggalek mendampingi Emil Dardak.\n",
            "profilePic": "https://upload.wikimedia.org/wikipedia/commons/1/18/Bupati_Trenggalek_Nur_Arifin_Rakor_Pemilu_Serentak_2024_di_Pendhapa_Manggala_Praja_Nugraha.jpg",
            "title": "Bupati Trenggalek sisa masa jabatan periode 2016\u20132021 pada tahun 2019\u20132021 dan periode 2021\u20132024",
            "sites": {
                "name": "Wikipedia",
                "url": "https://id.wikipedia.org/wiki/Mochamad_Nur_Arifin"
            },
            "communityID": "d0a43e6d-52ab-4067-974f-709a88e34231"
        },
        {
            "name": "Syah Muhammad Natanegara",
            "description": "Syah Muhammad Nata Negara (lahir 18 Maret 1989) adalah seorang politikus Indonesia kelahiran Tulungagung. Ia berkuliah di Universitas Islam Indonesia Yogyakarta, Fakultas Hukum Islam, namun tidak menamatkan pendidikan perguruan tingginya. ia kemudian memilih kembali ke Jawa Timur. Ia melanjutkan pendidikan di IAIN Ponorogo. Ia tercatat pernah menjabat sebagai ketua PMII cabang Ponorogo periode 2015-2016.\n",
            "profilePic": "",
            "title": "Wakil Bupati Trenggalek masa jabatan periode 2021-2024",
            "sites": {
                "name": "Wikipedia",
                "url": "https://id.wikipedia.org/wiki/Syah_Muhammad_Nata_Negara"
            },
            "communityID": "d0a43e6d-52ab-4067-974f-709a88e34231"
        },
        {
            "name": "Didit Sasongko",
            "description": "",
            "profilePic": "",
            "title": "Mantan ketua HIPMI Trenggalek",
            "sites": {},
            "communityID": "d0a43e6d-52ab-4067-974f-709a88e34231"
        },
        {
            "name": "Cahyo Handriadi",
            "description": "",
            "profilePic": "",
            "title": "Bakal Calon Bupati",
            "sites": {},
            "communityID": "d0a43e6d-52ab-4067-974f-709a88e34231"
        },
        {
            "name": "Supriyanto",
            "description": "",
            "profilePic": "",
            "title": "Bakal Calon Bupati",
            "sites": {},
            "communityID": "d0a43e6d-52ab-4067-974f-709a88e34231"
        }
    ]
}