{
    "title": "Pemilihan umum Bupati Hulu Sungai Selatan 2024",
    "region": "Hulu Sungai Selatan",
    "level": "KABUPATEN",
    "path": "kabupaten-hulu-sungai-selatan",
    "source": "https://id.wikipedia.org/wiki/Pemilihan_umum_Bupati_Hulu_Sungai_Selatan_2024",
    "communityID": "11020e81-bcdc-402a-98fb-69df10e89921",
    "candidates": [
        {
            "name": "Ardiansyah",
            "description": "Ardiansyah S. Hut (lahir 9 April 1972) adalah wakil bupati Hulu Sungai Selatan yang menjabat saat ini untuk masa periode 2013\u20132018.[1] Ia menjabat sebagai Wakil Bupati Hulu Sungai Selatan berpasangan dengan bupati Achmad Fikry.\n",
            "profilePic": "https://upload.wikimedia.org/wikipedia/commons/thumb/e/ea/Anggota_DPRD_Kalimantan_Selatan_Ardiansyah.jpg/1200px-Anggota_DPRD_Kalimantan_Selatan_Ardiansyah.jpg",
            "title": "Mantan Wakil Bupati Hulu Sungai Selatan",
            "sites": {
                "name": "Wikipedia",
                "url": "https://id.wikipedia.org/wiki/Ardiansyah_(politikus)"
            },
            "communityID": "11020e81-bcdc-402a-98fb-69df10e89921"
        },
        {
            "name": "Zainal Abidin",
            "description": "Zainal Abidin dapat mengacu pada beberapa hal berikut:\n",
            "profilePic": "",
            "title": "Ketua DPD NasDem Hulu Sungai Selatan",
            "sites": {
                "name": "Wikipedia",
                "url": "https://id.wikipedia.org/wiki/Zainal_Abidin"
            },
            "communityID": "11020e81-bcdc-402a-98fb-69df10e89921"
        },
        {
            "name": "Ir. H. Ramlan MA",
            "description": "",
            "profilePic": "",
            "title": "Kepala Perwakilan BKKBN Prov Kalimantan Selatan",
            "sites": {},
            "communityID": "11020e81-bcdc-402a-98fb-69df10e89921"
        },
        {
            "name": "Hj. Isnaniah Achmad Fikry",
            "description": "",
            "profilePic": "",
            "title": "Mantan Ketua TP PKK Kab. Hulu Sungai Selatan",
            "sites": {},
            "communityID": "11020e81-bcdc-402a-98fb-69df10e89921"
        },
        {
            "name": "Syafrudin Noor",
            "description": "",
            "profilePic": "",
            "title": "Mantan Wakil Bupati Tapin",
            "sites": {},
            "communityID": "11020e81-bcdc-402a-98fb-69df10e89921"
        },
        {
            "name": "Drs. Muhammad Noor M.AP",
            "description": "",
            "profilePic": "",
            "title": "Sekretaris Daerah Hulu Sungai Selatan",
            "sites": {},
            "communityID": "11020e81-bcdc-402a-98fb-69df10e89921"
        }
    ]
}