{
    "title": "Pemilihan umum Bupati Padang Pariaman 2024",
    "region": "Padang Pariaman",
    "level": "KABUPATEN",
    "path": "kabupaten-padang-pariaman",
    "source": "https://id.wikipedia.org/wiki/Pemilihan_umum_Bupati_Padang_Pariaman_2024",
    "communityID": "9ca95360-71d4-4cdd-80d5-7ec4ff15751e",
    "candidates": [
        {
            "name": "Suhatri Bur",
            "description": "",
            "profilePic": "",
            "title": "Bupati Padang Pariaman, Ketua DPD PAN Padang Pariaman",
            "sites": {},
            "communityID": "9ca95360-71d4-4cdd-80d5-7ec4ff15751e"
        },
        {
            "name": "John Kenedi Azis",
            "description": "",
            "profilePic": "",
            "title": "Politisi Golkar, anggota DPR RI 2019-2024 Dapil Sumatera Barat II",
            "sites": {},
            "communityID": "9ca95360-71d4-4cdd-80d5-7ec4ff15751e"
        },
        {
            "name": "Rahmang",
            "description": "",
            "profilePic": "",
            "title": "Wakil Bupati Padang Pariaman, Ketua DPC PDI Perjuangan Padang Pariaman",
            "sites": {},
            "communityID": "9ca95360-71d4-4cdd-80d5-7ec4ff15751e"
        },
        {
            "name": "Jempol",
            "description": "",
            "profilePic": "",
            "title": "Anggota DPRD Sumbar",
            "sites": {},
            "communityID": "9ca95360-71d4-4cdd-80d5-7ec4ff15751e"
        },
        {
            "name": "Kompol. Tosriadi Jamal",
            "description": "",
            "profilePic": "",
            "title": "Politisi Golkar",
            "sites": {},
            "communityID": "9ca95360-71d4-4cdd-80d5-7ec4ff15751e"
        },
        {
            "name": "M. Yusuf Sikumbang",
            "description": "",
            "profilePic": "",
            "title": "Mantan Anggota DPRD Riau",
            "sites": {},
            "communityID": "9ca95360-71d4-4cdd-80d5-7ec4ff15751e"
        },
        {
            "name": "Ir. H. Arwinsyah, MT",
            "description": "",
            "profilePic": "",
            "title": "Ketua Dewan Perwakilan Rakyat Daerah Kabupaten Padang Pariaman 2019-2024",
            "sites": {},
            "communityID": "9ca95360-71d4-4cdd-80d5-7ec4ff15751e"
        },
        {
            "name": "Endarmy",
            "description": "",
            "profilePic": "",
            "title": "Politisi NasDem",
            "sites": {},
            "communityID": "9ca95360-71d4-4cdd-80d5-7ec4ff15751e"
        },
        {
            "name": "Yohanes Wempi",
            "description": "",
            "profilePic": "",
            "title": "Politisi PKS",
            "sites": {},
            "communityID": "9ca95360-71d4-4cdd-80d5-7ec4ff15751e"
        },
        {
            "name": "Andi Maparisa",
            "description": "",
            "profilePic": "",
            "title": "Pengusaha",
            "sites": {},
            "communityID": "9ca95360-71d4-4cdd-80d5-7ec4ff15751e"
        },
        {
            "name": "Keraton (Mak enek)",
            "description": "",
            "profilePic": "",
            "title": "Pengusaha sumber daya alam",
            "sites": {},
            "communityID": "9ca95360-71d4-4cdd-80d5-7ec4ff15751e"
        },
        {
            "name": "Jelita Donald",
            "description": "",
            "profilePic": "",
            "title": "Pendakwah lulusan Mesir",
            "sites": {},
            "communityID": "9ca95360-71d4-4cdd-80d5-7ec4ff15751e"
        }
    ]
}