{
    "title": "Pemilihan umum Bupati Tulang Bawang 2024",
    "region": "Tulang Bawang",
    "level": "KABUPATEN",
    "path": "kabupaten-tulang-bawang",
    "source": "https://id.wikipedia.org/wiki/Pemilihan_umum_Bupati_Tulang_Bawang_2024",
    "communityID": "cdf62742-9ecf-4dde-8866-e95f6ce57f83",
    "candidates": [
        {
            "name": "Winarti",
            "description": "Winarti, S.E., M.H. (lahir 4 April 1975) merupakan Bupati Tulang Bawang periode 2017-2022.[2] Winarti merupakan bupati wanita pertama di Tulang Bawang. Karier politiknya diawali dengan menjadi kader ranting PDI Perjuangan. Ia memiliki suami seorang Anggota DPRD Provinsi Lampung yaitu Kadek Suwartika.[2]\n",
            "profilePic": "https://upload.wikimedia.org/wikipedia/commons/thumb/8/8f/Winarti_Calon_Kepala_Tulang_Bawang_2017.jpg/1200px-Winarti_Calon_Kepala_Tulang_Bawang_2017.jpg",
            "title": "Mantan Bupati Tulang Bawang",
            "sites": {
                "name": "Wikipedia",
                "url": "https://id.wikipedia.org/wiki/Winarti"
            },
            "communityID": "cdf62742-9ecf-4dde-8866-e95f6ce57f83"
        },
        {
            "name": "Hendriwansyah",
            "description": "Hendriwansyah (lahir 4 Maret 1974) adalah seorang politikus Indonesia kelahiran Mengggala. Ia tergabung dalam Partai Amanat Nasional. Ia menikahi Mursidah dan memiliki dua anak yakni Alsana Yuta Rahmandita dan Azahra Nadine Yuta Rahmandita.  Ia sempat menjabat sebagai Wakil Ketua III Dewan Perwakilan Rakyat Daerah (DPRD) Tulang Bawang.[1] Pada 18 Desember 2017, ia menjabat sebagai Wakil Bupati Tulang Bawang mendampingi Winarti selaku Bupati Tulang Bawang.[2]\n",
            "profilePic": "https://upload.wikimedia.org/wikipedia/commons/8/82/KPU_Hendriwansyah.jpg",
            "title": "Mantan Wakil Bupati Tulang Bawang",
            "sites": {
                "name": "Wikipedia",
                "url": "https://id.wikipedia.org/wiki/Hendriwansyah"
            },
            "communityID": "cdf62742-9ecf-4dde-8866-e95f6ce57f83"
        },
        {
            "name": "Hi.SYARNUBI",
            "description": "",
            "profilePic": "",
            "title": "Mantan Wakil DPRD Kabupaten Tulang Bawang",
            "sites": {},
            "communityID": "cdf62742-9ecf-4dde-8866-e95f6ce57f83"
        },
        {
            "name": "ZULDIN  3 Periode",
            "description": "",
            "profilePic": "",
            "title": "Menjabat Anggota DPRD Tulang Bawang",
            "sites": {},
            "communityID": "cdf62742-9ecf-4dde-8866-e95f6ce57f83"
        },
        {
            "name": "Hanan A. Rozak",
            "description": "Ir. Hi. Hanan A. Rozak, M.S. (lahir 25 Desember 1960) adalah Bupati Kabupaten Tulang Bawang periode 2012 - 2017.[1]\n",
            "profilePic": "https://upload.wikimedia.org/wikipedia/commons/e/e2/Anggota_DPR_Hanan_A._Rozak.jpg",
            "title": "Anggota DPR RI & Mantan Bupati Tulang Bawang",
            "sites": {
                "name": "Wikipedia",
                "url": "https://id.wikipedia.org/wiki/Hanan_A._Rozak"
            },
            "communityID": "cdf62742-9ecf-4dde-8866-e95f6ce57f83"
        },
        {
            "name": "Qodratul Ikhwan",
            "description": "Drs. Hi. Qudrotul Ikhwan, M.M. (lahir 7 Januari 1965)[1] adalah Penjabat Bupati Kabupaten Tulang Bawang (18 Desember 2022 - sekarang) dan Penjabat Bupati Kabupaten Pesisir Barat Ke-2 (23 April 2015 - 17 Februari 2016). Nama Qudrotul Ikhwan di dalam berbagai pemberitaan sering tertulis sebagai nama Qodratul Ikhwan.\n",
            "profilePic": "https://upload.wikimedia.org/wikipedia/id/8/81/Qudratul_Ikhwan_Official.jpg",
            "title": "Pj. Bupati Tulang Bawang",
            "sites": {
                "name": "Wikipedia",
                "url": "https://id.wikipedia.org/wiki/Qodratul_Ikhwan"
            },
            "communityID": "cdf62742-9ecf-4dde-8866-e95f6ce57f83"
        },
        {
            "name": "Heri Wardoyo",
            "description": "Winarti\n",
            "profilePic": "",
            "title": "Mantan Wakil Bupati Tulang Bawang",
            "sites": {
                "name": "Wikipedia",
                "url": "https://id.wikipedia.org/wiki/Heri_Wardoyo"
            },
            "communityID": "cdf62742-9ecf-4dde-8866-e95f6ce57f83"
        },
        {
            "name": "Frans Agung Mula Putra",
            "description": "",
            "profilePic": "",
            "title": "Mantan Anggota DPR RI",
            "sites": {},
            "communityID": "cdf62742-9ecf-4dde-8866-e95f6ce57f83"
        },
        {
            "name": "Veri Agusli HTB",
            "description": "",
            "profilePic": "",
            "title": "Anggota DPRD Prov. Lampung",
            "sites": {},
            "communityID": "cdf62742-9ecf-4dde-8866-e95f6ce57f83"
        },
        {
            "name": "Supriyadi Alfian",
            "description": "",
            "profilePic": "",
            "title": "Mantan Ketua PWI Lampung",
            "sites": {},
            "communityID": "cdf62742-9ecf-4dde-8866-e95f6ce57f83"
        },
        {
            "name": "Semin.",
            "description": "",
            "profilePic": "",
            "title": "Anggota DPRD Prov. Lampung",
            "sites": {},
            "communityID": "cdf62742-9ecf-4dde-8866-e95f6ce57f83"
        },
        {
            "name": "Aliasan",
            "description": "",
            "profilePic": "",
            "title": "Wakil Ketua DPRD Tulang Bawang",
            "sites": {},
            "communityID": "cdf62742-9ecf-4dde-8866-e95f6ce57f83"
        },
        {
            "name": "Sopi'i Azhari",
            "description": "",
            "profilePic": "",
            "title": "Ketua DPRD Tulang Bawang",
            "sites": {},
            "communityID": "cdf62742-9ecf-4dde-8866-e95f6ce57f83"
        },
        {
            "name": "Kolonel Ahmad Yani",
            "description": "",
            "profilePic": "",
            "title": "Bakal Calon Bupati",
            "sites": {},
            "communityID": "cdf62742-9ecf-4dde-8866-e95f6ce57f83"
        },
        {
            "name": "Dedi Afrizal",
            "description": "\n",
            "profilePic": "https://upload.wikimedia.org/wikipedia/commons/thumb/d/d5/KPU_Dedi_Afrizal.jpg/1200px-KPU_Dedi_Afrizal.jpg",
            "title": "Mantan Ketua DPRD Prov. Lampung",
            "sites": {
                "name": "Wikipedia",
                "url": "https://id.wikipedia.org/wiki/Dedi_Afrizal"
            },
            "communityID": "cdf62742-9ecf-4dde-8866-e95f6ce57f83"
        }
    ]
}