{
    "title": "Pemilihan umum Bupati Kendal 2024",
    "region": "Kendal",
    "level": "KABUPATEN",
    "path": "kabupaten-kendal",
    "source": "https://id.wikipedia.org/wiki/Pemilihan_umum_Bupati_Kendal_2024",
    "communityID": "51ddc862-7e35-4ac4-a0d9-f93c280a91ab",
    "candidates": [
        {
            "name": "Dico Ganinduto",
            "description": "Dico M. Ganinduto, B.Sc. (lahir 19 Februari 1990) adalah seorang politikus Indonesia dari Partai Golkar yang menjabat sebagai Bupati Kendal sejak 26 Februari 2021. Sebelumnya, ia adalah seorang pengusaha yang mencalonkan diri dalam pemilihan calon legislatif DPR RI Dapil 1 Jawa Tengah pada tahun 2018. Dico juga menjabat sebagai Presiden PERMIAS (Persatuan Mahasiswa Indonesia - AS) University of Tulsa pada tahun 2011-2012.\n",
            "profilePic": "https://upload.wikimedia.org/wikipedia/commons/6/6d/Dico_M_Ganinduto.jpg",
            "title": "Bupati Kendal",
            "sites": {
                "name": "Wikipedia",
                "url": "https://id.wikipedia.org/wiki/Dico_Ganinduto"
            },
            "communityID": "51ddc862-7e35-4ac4-a0d9-f93c280a91ab"
        },
        {
            "name": "Windu Suko Basuki",
            "description": "H. Windu Suko Basuki, S.H. atau  H. Basuki (lahir 3 Juni 1961) merupakan politikus Partai Demokrat yang terpilih sebagai Wakil Bupati Kendal mendampingi Dico Ganinduto untuk periode 2021 - 2024. Ia pernah berkiprah di Akademi Militer akan tetapi memutuskan untuk pensiun dini.\n",
            "profilePic": "https://upload.wikimedia.org/wikipedia/commons/0/0d/Windu_Suko_Basuki.jpg",
            "title": "Wakil Bupati Kendal",
            "sites": {
                "name": "Wikipedia",
                "url": "https://id.wikipedia.org/wiki/Windu_Suko_Basuki"
            },
            "communityID": "51ddc862-7e35-4ac4-a0d9-f93c280a91ab"
        },
        {
            "name": "Ali Nuruddin",
            "description": "",
            "profilePic": "",
            "title": "Ketua Dewan Syuro DPC PKB Kendal",
            "sites": {},
            "communityID": "51ddc862-7e35-4ac4-a0d9-f93c280a91ab"
        },
        {
            "name": "Mirna Anissa",
            "description": "dr. Mirna Annisa, M.Si. (lahir 22 Oktober 1981) adalah dokter, politikus dan bupati Kendal yang menjabat pada periode 2016-2021. Sebelum menjadi bupati, ia menjabat wakil ketua KNPI Jawa Tengah. [1] Pada Pilkada Kendal 2015, ia maju berpasangan dengan wakil Masrur Masykur dengan no urut 2, yang diusung oleh empat parpol pengusung yakni Partai Gerindra, Partai Hanura, PAN dan PKS memperoleh 289.970 suara, mengalahkan petahana Widya Kandi Susanti yang berpasangan dengan Mochammad Hilmi dengan memperoleh 176.087 suara.[2][pranala nonaktif permanen]\n",
            "profilePic": "https://upload.wikimedia.org/wikipedia/id/f/f9/Mirna_Annisa.jpg",
            "title": "Mantan Bupati Kendal 2015-20",
            "sites": {
                "name": "Wikipedia",
                "url": "https://id.wikipedia.org/wiki/Mirna_Anissa"
            },
            "communityID": "51ddc862-7e35-4ac4-a0d9-f93c280a91ab"
        },
        {
            "name": "Widya Kandi Susanti",
            "description": "Dr. Hj. Widya Kandi Susanti, MM (lahir 26 Mei 1964) adalah politikus dan Bupati Kendal yang menjabat pada periode 2010-2015. Ia adalah istri dari Bupati Kendal periode 2000-2007 Hendy Boedoro yang menjabat pada periode 2000-2005 dan 2005-2010 sebelum ditetapkan sebagai tersangka korupsi Dana APBD Kendal. Sebelum menjadi bupati, Ia menjabat Wakil Ketua DPRD Kabupaten Kendal periode 2009-2014.[1] Bersama wakilnya Mustamsikin yang merupakan tokoh Nahdlatul 'Ulama di Kendal, ia berhasil memenangkan pilkada Kendal 2010 dengan perolehan suara sebesar 42 persen.[2] Pada Pilkada Kendal 2015, ia kembali maju dengan wakil Mochammad Hilmi, tetapi kalah dari pasangan calon Mirna Annisa-Masrur Maskur.[3]\n",
            "profilePic": "https://upload.wikimedia.org/wikipedia/commons/thumb/c/c5/KPU_Widya_Kandi_Susanti.jpg/1200px-KPU_Widya_Kandi_Susanti.jpg",
            "title": "Mantan Bupati Kendal 2010-15",
            "sites": {
                "name": "Wikipedia",
                "url": "https://id.wikipedia.org/wiki/Widya_Kandi_Susanti"
            },
            "communityID": "51ddc862-7e35-4ac4-a0d9-f93c280a91ab"
        },
        {
            "name": "Alamuddin Dimyati Rois",
            "description": "H. Alamuddin Dimyati Rois S.Sos (lahir 26 Desember 1980) adalah anggota DPR RI dari fraksi Partai Kebangkitan Bangsa periode 2009-2014 kemudian terpilih lagi 2014-2019 dan 2019-2024 mewakili daerah pemilihan Jawa Tengah I (Kota Semarang, Kabupaten Semarang, Kota Salatiga, dan Kabupaten Kendal).\n",
            "profilePic": "https://upload.wikimedia.org/wikipedia/commons/8/8f/DPR_Alamuddin_Dimyati_Rois.png",
            "title": "Anggota DPR RI",
            "sites": {
                "name": "Wikipedia",
                "url": "https://id.wikipedia.org/wiki/Alamuddin_Dimyati_Rois"
            },
            "communityID": "51ddc862-7e35-4ac4-a0d9-f93c280a91ab"
        },
        {
            "name": "Benny Karnadi",
            "description": "",
            "profilePic": "",
            "title": "Anggota DPRD Jateng",
            "sites": {},
            "communityID": "51ddc862-7e35-4ac4-a0d9-f93c280a91ab"
        },
        {
            "name": "Mifta Reza N.P.",
            "description": "",
            "profilePic": "",
            "title": "Anggota DPRD Jateng",
            "sites": {},
            "communityID": "51ddc862-7e35-4ac4-a0d9-f93c280a91ab"
        },
        {
            "name": "Murdoko",
            "description": "H. Murdoko, S.H. (lahir 6 Maret 1963) adalah politikus Indonesia. Ia adalah Ketua DPRD Jawa Tengah 2 periode yakni 2004\u20142009[1] dan 2009\u20142012. Murdoko merupakan adik kandung mantan Bupati Sumedang Don Murdono. Selain itu juga berasal dari keluarga campuran Kendal, Jawa Tengah dan Wanakerta, Situraja, Sumedang, Jawa Barat.\n",
            "profilePic": "",
            "title": "Mantan Ketua DPRD Jateng",
            "sites": {
                "name": "Wikipedia",
                "url": "https://id.wikipedia.org/wiki/Murdoko"
            },
            "communityID": "51ddc862-7e35-4ac4-a0d9-f93c280a91ab"
        },
        {
            "name": "Muhammad Makmun",
            "description": "H. Muhammad Makmun SHI (lahir 20 Oktober 1979) Merupakan Ketua Dewan Perwakilan Rakyat Daerah Kabupaten Kendal Periode 2019-2024. Pernah Menjabat Sebagai Wakil Ketua Dewan Perwakilan Rakyat Daerah Kabupaten Kendal 2014-2019\n",
            "profilePic": "https://upload.wikimedia.org/wikipedia/commons/3/39/KPU_Muhammad_Makmun.jpg",
            "title": "Ketua DPRD Kabupaten Kendal",
            "sites": {
                "name": "Wikipedia",
                "url": "https://id.wikipedia.org/wiki/Muhammad_Makmun"
            },
            "communityID": "51ddc862-7e35-4ac4-a0d9-f93c280a91ab"
        },
        {
            "name": "Akhmat Suyuti",
            "description": "",
            "profilePic": "",
            "title": "Wakil Ketua I DPRD Kabupaten Kendal",
            "sites": {},
            "communityID": "51ddc862-7e35-4ac4-a0d9-f93c280a91ab"
        },
        {
            "name": "Prapto Utono",
            "description": "",
            "profilePic": "",
            "title": "Mantan Ketua DPRD Kabupaten Kendal",
            "sites": {},
            "communityID": "51ddc862-7e35-4ac4-a0d9-f93c280a91ab"
        },
        {
            "name": "Falah Yoga Pratama",
            "description": "",
            "profilePic": "",
            "title": "Putra Mantan Bupati Kendal Hendy Boedoro",
            "sites": {},
            "communityID": "51ddc862-7e35-4ac4-a0d9-f93c280a91ab"
        }
    ]
}