{
    "title": "Pemilihan umum Bupati Buton Tengah 2024",
    "region": "Buton Tengah",
    "level": "KABUPATEN",
    "path": "kabupaten-buton-tengah",
    "source": "https://id.wikipedia.org/wiki/Pemilihan_umum_Bupati_Buton_Tengah_2024",
    "communityID": "508f04cb-3370-46fb-809e-dbe25f48f12f",
    "candidates": [
        {
            "name": "Samahuddin",
            "description": "",
            "profilePic": "",
            "title": "Bupati Buton Tengah periode 2017-2022",
            "sites": {},
            "communityID": "508f04cb-3370-46fb-809e-dbe25f48f12f"
        },
        {
            "name": "Dr. Azhari",
            "description": "",
            "profilePic": "",
            "title": "Mantan Rektor Universitas Sembilan Belas November (USN) Kolaka",
            "sites": {},
            "communityID": "508f04cb-3370-46fb-809e-dbe25f48f12f"
        },
        {
            "name": "La Andi",
            "description": "",
            "profilePic": "",
            "title": "Ketua Umum KONI Kabupaten Buton Tengah",
            "sites": {},
            "communityID": "508f04cb-3370-46fb-809e-dbe25f48f12f"
        },
        {
            "name": "Suharman",
            "description": "",
            "profilePic": "",
            "title": "Wakil Ketua II DPRD Kabupaten Buton Tengah",
            "sites": {},
            "communityID": "508f04cb-3370-46fb-809e-dbe25f48f12f"
        },
        {
            "name": "Subhan",
            "description": "",
            "profilePic": "",
            "title": "Ketua DPRD Kota Kendari",
            "sites": {},
            "communityID": "508f04cb-3370-46fb-809e-dbe25f48f12f"
        },
        {
            "name": "Ramli",
            "description": "",
            "profilePic": "",
            "title": "Wakil Bupati Kabupaten Taliabu periode 2016\u20132021 dan 2021\u20132024",
            "sites": {},
            "communityID": "508f04cb-3370-46fb-809e-dbe25f48f12f"
        }
    ]
}