{
    "title": "Pemilihan umum Bupati Blitar 2024",
    "region": "Blitar",
    "level": "KABUPATEN",
    "path": "kabupaten-blitar",
    "source": "https://id.wikipedia.org/wiki/Pemilihan_umum_Bupati_Blitar_2024",
    "communityID": "276fe734-974e-4b66-a71a-8edd80a46d54",
    "candidates": [
        {
            "name": "Rini Syarifah",
            "description": "Rini Syarifah (lahir 15 Mei 1977) adalah Bupati wanita pertama yang memimpin Kabupaten Blitar, beliau juga akrab di sapa Mak Rini (ibunya orang Blitar) yang mempunyai semboyan Maju Bersama Sejahtera Bersama. periode 2021\u20132024. Ia menjabat sejak 26 Februari 2021 setelah dilantik Gubernur Jawa Timur, Khofifah Indar Parawansa di Gedung Negara Grahadi, Surabaya.[1]\n",
            "profilePic": "https://upload.wikimedia.org/wikipedia/commons/1/1d/Bupati_Blitar_Rini_Syarifah.jpg",
            "title": "Bupati Blitar",
            "sites": {
                "name": "Wikipedia",
                "url": "https://id.wikipedia.org/wiki/Rini_Syarifah"
            },
            "communityID": "276fe734-974e-4b66-a71a-8edd80a46d54"
        },
        {
            "name": "Rahmat Santoso",
            "description": "H. Rahmat Santoso, S.H., M.H. (lahir 17 Mei 1978) adalah Wakil Bupati Blitar periode 2021\u20132024. Ia menjabat sejak 26 Februari 2021 setelah dilantik Gubernur Jawa Timur, Khofifah Indar Parawansa di Gedung Negara Grahadi, Surabaya.[1]\n",
            "profilePic": "https://upload.wikimedia.org/wikipedia/commons/c/c6/KPU_Rahmat_Santoso.jpg",
            "title": "Wakil Bupati Blitar",
            "sites": {
                "name": "Wikipedia",
                "url": "https://id.wikipedia.org/wiki/Rahmat_Santoso"
            },
            "communityID": "276fe734-974e-4b66-a71a-8edd80a46d54"
        },
        {
            "name": "Marhaenis Urip Widodo",
            "description": "Marhaenis Urip Widodo, S.Sos. adalah Wakil Bupati Kabupaten Blitar, Jawa Timur, Indonesia periode 2014-2019. Selain memiliki kemampuan finansial, ia juga mempunyai basis pendukung yang terkenal militan dan setia.[1] Selain dirinya kedua istri dan anaknya juga terjun ke dunia politik.[2][1] Kedua istrinya yakni Halla Unariyanti dan Fendriana Anitasari terpilih sebagai Kepala Desa di Kabupaten Blitar pada tahun 2019[2], selain itu, putrinya yakni Nasa Barcelona Marhaenis juga terjun di dunia politik dan saat ini menjabat sebagai Wakil Dewan Perwakilan Rakyat Daerah (DPRD) Kabupaten Blitar.[1] Sebelumnya, Marhaenis adalah kader Partai Demokrasi Indonesia Perjuangan (PDIP), saat ini ia bergabung dengan Partai Kebangkitan Bangsa (PKB) Kabupaten Blitar[3] dan telah mendaftarkan diri sebagai Calon Legislatif Kabupaten Blitar pada Pemilihan Legislatif Kabupaten Blitar 2024.[4] \n",
            "profilePic": "https://upload.wikimedia.org/wikipedia/commons/3/3c/KPU_Marhaenis_Urip_Widodo.jpg",
            "title": "Mantan Wakil Bupati Blitar",
            "sites": {
                "name": "Wikipedia",
                "url": "https://id.wikipedia.org/wiki/Marhaenis_Urip_Widodo"
            },
            "communityID": "276fe734-974e-4b66-a71a-8edd80a46d54"
        },
        {
            "name": "Wima Brahmantya",
            "description": "H. Wima Brahmantya, S.Si. (lahir di Malang, 5 September 1981 (umur\u00a042) adalah seniman dan budayawan. Putra pertama pasangan H. Herry Noegroho, S.E., M.H. dan Hj. Era Satlityawati, S.H. ini pernah membentuk grup band Eden yang beraliran progresive rock.\n",
            "profilePic": "",
            "title": "Mantan Ketua Umum HKTI Kabupaten Blitar",
            "sites": {
                "name": "Wikipedia",
                "url": "https://id.wikipedia.org/wiki/Wima_Brahmantya"
            },
            "communityID": "276fe734-974e-4b66-a71a-8edd80a46d54"
        },
        {
            "name": "Suwito Saren Satoto",
            "description": "",
            "profilePic": "",
            "title": "Ketua DPRD Kabupaten Blitar",
            "sites": {},
            "communityID": "276fe734-974e-4b66-a71a-8edd80a46d54"
        },
        {
            "name": "Heri Romadhon",
            "description": "\n",
            "profilePic": "https://upload.wikimedia.org/wikipedia/commons/7/72/KPU_Heri_Romadhon.jpg",
            "title": "Anggota DPRD Jatim",
            "sites": {
                "name": "Wikipedia",
                "url": "https://id.wikipedia.org/wiki/Heri_Romadhon"
            },
            "communityID": "276fe734-974e-4b66-a71a-8edd80a46d54"
        },
        {
            "name": "Anik Wahjuningsih",
            "description": "",
            "profilePic": "",
            "title": "Anggota DPRD Kabupaten Blitar",
            "sites": {},
            "communityID": "276fe734-974e-4b66-a71a-8edd80a46d54"
        },
        {
            "name": "Susi Narulita K. D.",
            "description": "",
            "profilePic": "",
            "title": "Wakil Ketua II DPRD Kabupaten Blitar",
            "sites": {},
            "communityID": "276fe734-974e-4b66-a71a-8edd80a46d54"
        },
        {
            "name": "Bambang Rianto",
            "description": "",
            "profilePic": "",
            "title": "Anggota DPRD Jatim",
            "sites": {},
            "communityID": "276fe734-974e-4b66-a71a-8edd80a46d54"
        },
        {
            "name": "Endro Hermono",
            "description": "Ir. Endro Hermono, M.B.A. (lahir 10 Oktober 1958) adalah politikus Indonesia yang menjabat sebagai anggota DPR-RI selama dua periode (2014\u20132019 dan 2019\u20132024). Ia mewakili daerah pemilihan Jawa Timur VI, yang meliputi Kabupaten Blitar, Kabupaten Kediri, Kabupaten Tulungagung, Kota Blitar, dan Kota Kediri. Endro merupakan kader Partai Gerakan Indonesia Raya, ia bertugas di Komisi III.\n",
            "profilePic": "https://upload.wikimedia.org/wikipedia/commons/thumb/7/74/Anggota_DPR_Endro_Hermono_%28cropped%29.jpg/1200px-Anggota_DPR_Endro_Hermono_%28cropped%29.jpg",
            "title": "Anggota DPR RI",
            "sites": {
                "name": "Wikipedia",
                "url": "https://id.wikipedia.org/wiki/Endro_Hermono"
            },
            "communityID": "276fe734-974e-4b66-a71a-8edd80a46d54"
        },
        {
            "name": "Komjen Pol. (Purn.) Dr. Anang Iskandar",
            "description": "Komisaris Jenderal Polisi (Purn.) Dr. Anang Iskandar, S.H., M.H. (lahir 18 Mei 1958) adalah seorang Purnawirawan perwira tinggi Polri yang sejak 7 September 2015 sampai 5 Maret 2016 menjabat sebagai Kepala Badan Reserse Kriminal Polri menggantikan Komjen Pol. Budi Waseso.\n",
            "profilePic": "https://upload.wikimedia.org/wikipedia/commons/e/ef/KPU_Anang_Iskandar.jpg",
            "title": "Mantan Kepala Badan Reserse Kriminal Polri",
            "sites": {
                "name": "Wikipedia",
                "url": "https://id.wikipedia.org/wiki/Anang_Iskandar"
            },
            "communityID": "276fe734-974e-4b66-a71a-8edd80a46d54"
        },
        {
            "name": "Ferdians Reza Alvisa",
            "description": "",
            "profilePic": "",
            "title": "Anggota DPRD Jatim",
            "sites": {},
            "communityID": "276fe734-974e-4b66-a71a-8edd80a46d54"
        },
        {
            "name": "Erma Susanti",
            "description": "",
            "profilePic": "",
            "title": "Anggota DPRD Jatim",
            "sites": {},
            "communityID": "276fe734-974e-4b66-a71a-8edd80a46d54"
        },
        {
            "name": "Nurhadi",
            "description": "\n",
            "profilePic": "",
            "title": "Anggota DPR RI",
            "sites": {
                "name": "Wikipedia",
                "url": "https://id.wikipedia.org/wiki/Nurhadi"
            },
            "communityID": "276fe734-974e-4b66-a71a-8edd80a46d54"
        },
        {
            "name": "Tugas Naggolo Yudo Dili Prasetiono",
            "description": "",
            "profilePic": "",
            "title": "Ketua Ormas Rakyat Djelata (RaDja) Blitar Raya",
            "sites": {},
            "communityID": "276fe734-974e-4b66-a71a-8edd80a46d54"
        },
        {
            "name": "Tomi Gandhi",
            "description": "",
            "profilePic": "",
            "title": "Pengusaha",
            "sites": {},
            "communityID": "276fe734-974e-4b66-a71a-8edd80a46d54"
        },
        {
            "name": "Adib Zamhari",
            "description": "",
            "profilePic": "",
            "title": "Dewan Perwakilan Rakyat Daerah Kabupaten Blitar",
            "sites": {},
            "communityID": "276fe734-974e-4b66-a71a-8edd80a46d54"
        },
        {
            "name": "Haris Son Haji",
            "description": "",
            "profilePic": "",
            "title": "Wakil Bupati Bondowoso periode 2008-2013",
            "sites": {},
            "communityID": "276fe734-974e-4b66-a71a-8edd80a46d54"
        },
        {
            "name": "slamet Riadi tokoh agama Bakung Blitar",
            "description": "",
            "profilePic": "",
            "title": "Bakal Calon Bupati",
            "sites": {},
            "communityID": "276fe734-974e-4b66-a71a-8edd80a46d54"
        }
    ]
}