{
    "title": "Pemilihan umum Bupati Serang 2024",
    "region": "Serang",
    "level": "KABUPATEN",
    "path": "kabupaten-serang",
    "source": "https://id.wikipedia.org/wiki/Pemilihan_umum_Bupati_Serang_2024",
    "communityID": "10f86fb3-6ada-4ae2-8dfe-205a31bad6c0",
    "candidates": [
        {
            "name": "Andika Hazrumy",
            "description": "Dr. H. Andika Hazrumy, S.Sos., M.A.P. (lahir 16 Desember 1985) adalah seorang politikus Indonesia. Ia menjabat sebagai Wakil Gubernur Banten dari 2017 hingga 2022. Sebelumnya ia menjabat sebagai Anggota DPR-RI dari 2014 hingga 2016 mewakili daerah pemilihan Banten I dan Anggota DPD-RI dari 2009 hingga 2014.\n",
            "profilePic": "https://upload.wikimedia.org/wikipedia/commons/thumb/1/1e/Wakil_Gubernur_Banten_Andika_Hazrumy.jpg/1200px-Wakil_Gubernur_Banten_Andika_Hazrumy.jpg",
            "title": "Mantan Wakil Gubernur Banten",
            "sites": {
                "name": "Wikipedia",
                "url": "https://id.wikipedia.org/wiki/Andika_Hazrumy"
            },
            "communityID": "10f86fb3-6ada-4ae2-8dfe-205a31bad6c0"
        },
        {
            "name": "Ananda Trianh Salichan",
            "description": "Ananda Trianh Salichan, S.H. (lahir 15 September 1997) adalah seorang pengusaha muda Indonesia. Ia terpilih menjadi Ketua Umum BPD HIPMI Banten periode 2021\u20132024.[1]\n",
            "profilePic": "https://upload.wikimedia.org/wikipedia/commons/d/d1/KPU_Ananda_Trianh_Salichan.jpg",
            "title": "Ketua Umum BPD Himpi Banten",
            "sites": {
                "name": "Wikipedia",
                "url": "https://id.wikipedia.org/wiki/Ananda_Trianh_Salichan"
            },
            "communityID": "10f86fb3-6ada-4ae2-8dfe-205a31bad6c0"
        },
        {
            "name": "Wahyu Papat Juni Romadonia",
            "description": "Wahyu Papat Juni Romadonia (lahir 04 Juni 1987) merupakan mantan Anggota DPRD Kota Serang periode 2014-2019.[1] Ia merupakan politikus Partai Kebangkitan Bangsa yang merupakan tokoh asli Banten. Ia terpilih sebagai anggota DPRD Kota Serang dari daerah pemilihan Kota Serang 2 (Kelurahan Serang, Lontar Baru, Kagungan, Kota Baru, Cipare, dan Cimuncang) sekaligus menjadi Ketua DPC PKB Kota Serang.[2][3][4] Ia berasal dari keluarga politisi di mana ayahnya juga pernah menjadi anggota DPRD Provinsi Banten. Tak hanya ayahnya, adiknya juga lebih dulu menjadi anggota parlemen di DPRD Kabupaten Serang. Selain itu, ia juga tercatat sebagai mahasiswa S2 Fakultas Hukum Universitas Sultan Ageng Tirtayasa.[5][6] Ia merupakan pemilik usaha toko perlengkapan bayi Papatku Baby Shop sekaligus pemenang undian emas 5 gram dari Pegadaian.[7][8]\n",
            "profilePic": "https://upload.wikimedia.org/wikipedia/commons/5/5e/KPU_Wahyu_Papat_Juni_Romadonia.jpg",
            "title": "Mantan Anggota DPRD Kota Serang",
            "sites": {
                "name": "Wikipedia",
                "url": "https://id.wikipedia.org/wiki/Wahyu_Papat_Juni_Romadonia"
            },
            "communityID": "10f86fb3-6ada-4ae2-8dfe-205a31bad6c0"
        },
        {
            "name": "Ranta Soeharta",
            "description": "",
            "profilePic": "",
            "title": "Mantan Sekretaris Daerah (Sekda) Banten",
            "sites": {},
            "communityID": "10f86fb3-6ada-4ae2-8dfe-205a31bad6c0"
        },
        {
            "name": "Subarkah Purbo Asmoro",
            "description": "",
            "profilePic": "",
            "title": "Ketua DPW Partai Ummat Prov. Banten",
            "sites": {},
            "communityID": "10f86fb3-6ada-4ae2-8dfe-205a31bad6c0"
        },
        {
            "name": "Najib Hamas",
            "description": "",
            "profilePic": "",
            "title": "Sekretaris MPW PKS Banten",
            "sites": {},
            "communityID": "10f86fb3-6ada-4ae2-8dfe-205a31bad6c0"
        },
        {
            "name": "Nasrul Ulum",
            "description": "",
            "profilePic": "",
            "title": "Mantan Cabup 2020",
            "sites": {},
            "communityID": "10f86fb3-6ada-4ae2-8dfe-205a31bad6c0"
        },
        {
            "name": "Badri Sutyadi",
            "description": "",
            "profilePic": "",
            "title": "Anggota DPRD Kab. Serang",
            "sites": {},
            "communityID": "10f86fb3-6ada-4ae2-8dfe-205a31bad6c0"
        },
        {
            "name": "Agus Wahyudiono",
            "description": "",
            "profilePic": "",
            "title": "Ketua DPD PKS Kab. Serang",
            "sites": {},
            "communityID": "10f86fb3-6ada-4ae2-8dfe-205a31bad6c0"
        },
        {
            "name": "Mansur",
            "description": "",
            "profilePic": "",
            "title": "Anggota DPRD Kab. Serang",
            "sites": {},
            "communityID": "10f86fb3-6ada-4ae2-8dfe-205a31bad6c0"
        },
        {
            "name": "Sopwan",
            "description": "",
            "profilePic": "",
            "title": "Anggota DPRD Banten",
            "sites": {},
            "communityID": "10f86fb3-6ada-4ae2-8dfe-205a31bad6c0"
        },
        {
            "name": "Daddy Hartadi",
            "description": "",
            "profilePic": "",
            "title": "Pemerhati Lingkungan & Praktisi Hukum",
            "sites": {},
            "communityID": "10f86fb3-6ada-4ae2-8dfe-205a31bad6c0"
        }
    ]
}