{
    "title": "Pemilihan umum Wali Kota Mataram 2024",
    "region": "Mataram",
    "level": "KOTA",
    "path": "kota-mataram",
    "source": "https://id.wikipedia.org/wiki/Pemilihan_umum_Wali_Kota_Mataram_2024",
    "communityID": "1d7beb60-c84f-4762-a2a5-b65746badb6b",
    "candidates": [
        {
            "name": "Mohan Roliskana",
            "description": "Dr. H. Mohan Roliskana, S.Sos., M.H. (lahir 16 November 1972) adalah  Wali Kota Mataram periode 2021-Sekarang. Sebelumnya, Mohan menjabat Wakil Walikota Mataram dua periode, yakni periode 2010-2015 dan periode 2016-2020.\n",
            "profilePic": "https://upload.wikimedia.org/wikipedia/commons/thumb/9/98/Walikota_Mataram_Mohan_Roliskana.jpg/1200px-Walikota_Mataram_Mohan_Roliskana.jpg",
            "title": "Wali Kota Mataram",
            "sites": {
                "name": "Wikipedia",
                "url": "https://id.wikipedia.org/wiki/Mohan_Roliskana"
            },
            "communityID": "1d7beb60-c84f-4762-a2a5-b65746badb6b"
        },
        {
            "name": "Mujiburrahman",
            "description": "TGH. Mujiburrahman (lahir 11 Juli 1969) adalah Wakil Wali Kota Mataram periode 2021\u20132024. Ia menjabat sejak 26 Februari 2021 setelah dilantik Gubernur Nusa Tenggara Barat, Zulkieflimansyah di Gedung Graha Bhakti Praja Kompleks Kantor Gubernur Nusa Tenggara Barat, Mataram.[1]\n",
            "profilePic": "https://upload.wikimedia.org/wikipedia/commons/thumb/1/10/Wakil_Wali_Kota_Mataram_Mujibburahman.jpg/1200px-Wakil_Wali_Kota_Mataram_Mujibburahman.jpg",
            "title": "Wakil Wali Kota Mataram",
            "sites": {
                "name": "Wikipedia",
                "url": "https://id.wikipedia.org/wiki/Mujiburrahman"
            },
            "communityID": "1d7beb60-c84f-4762-a2a5-b65746badb6b"
        },
        {
            "name": "TGH Achmad Muchlis",
            "description": "",
            "profilePic": "",
            "title": "Anggota DPRD Provinsi NTB",
            "sites": {},
            "communityID": "1d7beb60-c84f-4762-a2a5-b65746badb6b"
        },
        {
            "name": "Muzihir",
            "description": "",
            "profilePic": "",
            "title": "Anggota DPRD Provinsi NTB",
            "sites": {},
            "communityID": "1d7beb60-c84f-4762-a2a5-b65746badb6b"
        },
        {
            "name": "Didi Sumardi",
            "description": "",
            "profilePic": "",
            "title": "Ketua DPRD Kota Mataram 2019-24",
            "sites": {},
            "communityID": "1d7beb60-c84f-4762-a2a5-b65746badb6b"
        }
    ]
}