{
    "title": "Pemilihan umum Wali Kota Sungai Penuh 2024",
    "region": "Sungai Penuh",
    "level": "KOTA",
    "path": "kota-sungai-penuh",
    "source": "https://id.wikipedia.org/wiki/Pemilihan_umum_Wali_Kota_Sungai_Penuh_2024",
    "communityID": "9654e854-f962-435b-80e2-409ccf8acc8b",
    "candidates": [
        {
            "name": "Ahmadi Zubir",
            "description": "Drs. Ahmadi Zubir, M.M. (lahir 10 Oktober 1964) adalah Wali Kota Sungai Penuh periode 2021\u20132024.[1][2] Bersama wakilnya, Alvia Santoni, mereka berhasil memenangkan Pemilihan umum Wali Kota Sungai Penuh 2020.\n",
            "profilePic": "https://upload.wikimedia.org/wikipedia/commons/f/fb/Wali_Kota_Sungai_Penuh_Ahmadi_Zubir.jpg",
            "title": "Wali Kota Sungai Penuh periode 2021\u20132024",
            "sites": {
                "name": "Wikipedia",
                "url": "https://id.wikipedia.org/wiki/Ahmadi_Zubir"
            },
            "communityID": "9654e854-f962-435b-80e2-409ccf8acc8b"
        },
        {
            "name": "Alvia Santoni",
            "description": "Dr. Alvia Santoni, S.E., M.M. (lahir 30 Mei 1972) adalah Wakil Wali Kota Sungai Penuh periode 2021\u20132024.[1] Ia merupakan wakil dari Wali Kota, Ahmadi Zubir.[2]\n",
            "profilePic": "https://upload.wikimedia.org/wikipedia/commons/f/f6/Wawako_Sungai_Penuh_Alvia_Santoni.jpg",
            "title": "Wakil Wali Kota Sungai Penuh periode 2021\u20132024",
            "sites": {
                "name": "Wikipedia",
                "url": "https://id.wikipedia.org/wiki/Alvia_Santoni"
            },
            "communityID": "9654e854-f962-435b-80e2-409ccf8acc8b"
        },
        {
            "name": "Fikar Azami",
            "description": "Fikar Azami (lahir 2 Januari 1989) adalah ketua DPRD Kota Sungai Penuh fraksi partai Demokrat periode 2017\u20132019.[1] Ia merupakan anak dari mantan Wali Kota Sungai Penuh dua periode 2011 hingga 2021, Asafri Jaya Bakri.\n",
            "profilePic": "",
            "title": "Ketua DPD Partai Golkar Kota Sungai Penuh",
            "sites": {
                "name": "Wikipedia",
                "url": "https://id.wikipedia.org/wiki/Fikar_Azami"
            },
            "communityID": "9654e854-f962-435b-80e2-409ccf8acc8b"
        },
        {
            "name": "Noviar Zen",
            "description": "",
            "profilePic": "",
            "title": "Kepala Dinas Penanaman Modal dan PTSP Kota Sungai Penuh",
            "sites": {},
            "communityID": "9654e854-f962-435b-80e2-409ccf8acc8b"
        },
        {
            "name": "Fajran",
            "description": "",
            "profilePic": "",
            "title": "Ketua DPRD Kota Sungai Penuh",
            "sites": {},
            "communityID": "9654e854-f962-435b-80e2-409ccf8acc8b"
        },
        {
            "name": "Harmen Putra",
            "description": "",
            "profilePic": "",
            "title": "Pengusaha",
            "sites": {},
            "communityID": "9654e854-f962-435b-80e2-409ccf8acc8b"
        },
        {
            "name": "Defitra Eka Jaya",
            "description": "",
            "profilePic": "",
            "title": "Pengusaha",
            "sites": {},
            "communityID": "9654e854-f962-435b-80e2-409ccf8acc8b"
        },
        {
            "name": "Yoshadi",
            "description": "",
            "profilePic": "",
            "title": "Ketua PAN Kota Sungai Penuh",
            "sites": {},
            "communityID": "9654e854-f962-435b-80e2-409ccf8acc8b"
        },
        {
            "name": "Nuzran Joher",
            "description": "",
            "profilePic": "",
            "title": "Tokoh masyarakat",
            "sites": {},
            "communityID": "9654e854-f962-435b-80e2-409ccf8acc8b"
        }
    ]
}