{
    "title": "Pemilihan umum Wali Kota Jayapura 2024",
    "region": "Jayapura",
    "level": "KOTA",
    "path": "kota-jayapura",
    "source": "https://id.wikipedia.org/wiki/Pemilihan_umum_Wali_Kota_Jayapura_2024",
    "communityID": "fb2b278c-d40c-4dae-9e8e-eb6ab51ea54f",
    "candidates": [
        {
            "name": "Kamasan Jack Komboy",
            "description": "Jack Komboy (lahir 18 April 1978) adalah pemain sepak bola Indonesia. Ia berposisi sebagai pemain bertahan untuk klub Persipura Jayapura. Pada Pemilihan Umum Anggota DPR, DPD, dan DPRD Indonesia 2009, Jack Komboy dicalonkan menjadi anggota DPRD dari Partai Hati Nurani Rakyat.[1]\n",
            "profilePic": "https://upload.wikimedia.org/wikipedia/commons/thumb/3/3c/Anggota_DPRD_Papua_Kamasan_Jack_Komboy.jpg/1200px-Anggota_DPRD_Papua_Kamasan_Jack_Komboy.jpg",
            "title": "Mantan pemain Persipura",
            "sites": {
                "name": "Wikipedia",
                "url": "https://id.wikipedia.org/wiki/Jack_Komboy"
            },
            "communityID": "fb2b278c-d40c-4dae-9e8e-eb6ab51ea54f"
        },
        {
            "name": "Abisai Rollo,",
            "description": "",
            "profilePic": "",
            "title": "Bakal Calon Wali Kota",
            "sites": {},
            "communityID": "fb2b278c-d40c-4dae-9e8e-eb6ab51ea54f"
        },
        {
            "name": "Musa Youwe",
            "description": "",
            "profilePic": "",
            "title": "Tokoh Papua",
            "sites": {},
            "communityID": "fb2b278c-d40c-4dae-9e8e-eb6ab51ea54f"
        },
        {
            "name": "Bio Paulin",
            "description": "Bio Paulin Pierre (lahir 15 April 1984)[1] adalah mantan pesepakbola yang terakhir bermain sebagai bek tengah untuk klub Liga 2 PSGC Ciamis, yang saat ini menjabat sebagai asisten pelatih di mantan klubnya Persipura Jayapura. Lahir di Kamerun, ia mewakili Tim nasional Indonesia.\n",
            "profilePic": "https://upload.wikimedia.org/wikipedia/commons/4/4a/KPU_Bio_Paulin_Pierre.jpg",
            "title": "Mantan pemain Persipura",
            "sites": {
                "name": "Wikipedia",
                "url": "https://id.wikipedia.org/wiki/Bio_Paulin"
            },
            "communityID": "fb2b278c-d40c-4dae-9e8e-eb6ab51ea54f"
        }
    ]
}