{
    "title": "Pemilihan umum Wali Kota Kediri 2024",
    "region": "Kediri",
    "level": "KOTA",
    "path": "kota-kediri",
    "source": "https://id.wikipedia.org/wiki/Pemilihan_umum_Wali_Kota_Kediri_2024",
    "communityID": "0cfb6854-4d6b-4d8d-b1ff-8632a147bbd9",
    "candidates": [
        {
            "name": "Arif Wijaya",
            "description": "",
            "profilePic": "",
            "title": "Budayawan dan pendiri Komunitas Kediri Sembodo",
            "sites": {},
            "communityID": "0cfb6854-4d6b-4d8d-b1ff-8632a147bbd9"
        },
        {
            "name": "Ronny Siswanto",
            "description": "",
            "profilePic": "",
            "title": "Ketua DPD PSI Kota Kediri",
            "sites": {},
            "communityID": "0cfb6854-4d6b-4d8d-b1ff-8632a147bbd9"
        },
        {
            "name": "Reza Darmawan",
            "description": "",
            "profilePic": "",
            "title": "Anggota DPRD Kota Kediri",
            "sites": {},
            "communityID": "0cfb6854-4d6b-4d8d-b1ff-8632a147bbd9"
        },
        {
            "name": "Ferry Silviana Feronica",
            "description": "",
            "profilePic": "",
            "title": "Istri mantan Walikota Kediri",
            "sites": {},
            "communityID": "0cfb6854-4d6b-4d8d-b1ff-8632a147bbd9"
        },
        {
            "name": "Abdul Hakim Bafagih",
            "description": "Abdul Hakim Bafagih (lahir 23 September 1992) adalah politikus Indonesia yang menjabat sebagai anggota DPR-RI periode 2019\u20132024. Ia mewakili daerah pemilihan Jawa Timur VIII, yang meliputi Jombang, Madiun, Mojokerto, Nganjuk, Kota Madiun, dan Kota Mojokerto. Hakim merupakan kader Partai Amanat Nasional, ia bertugas di Komisi VI.\n",
            "profilePic": "https://upload.wikimedia.org/wikipedia/commons/b/b2/Anggota_DPR_Abdul_Hakim_Bafagih.jpg",
            "title": "Anggota DPR RI",
            "sites": {
                "name": "Wikipedia",
                "url": "https://id.wikipedia.org/wiki/Abdul_Hakim_Bafagih"
            },
            "communityID": "0cfb6854-4d6b-4d8d-b1ff-8632a147bbd9"
        },
        {
            "name": "Gusseto Ajie Bimo Pramana",
            "description": "",
            "profilePic": "",
            "title": "Putra Ketua DPRD Kota Kediri",
            "sites": {},
            "communityID": "0cfb6854-4d6b-4d8d-b1ff-8632a147bbd9"
        },
        {
            "name": "Abu Bakar Abdul Jalil",
            "description": "",
            "profilePic": "",
            "title": "Ketua Pengurus Cabang Nahdlatul Ulama Kota Kediri",
            "sites": {},
            "communityID": "0cfb6854-4d6b-4d8d-b1ff-8632a147bbd9"
        },
        {
            "name": "Firdaus",
            "description": "",
            "profilePic": "",
            "title": "Wakil Ketua DPRD Kota Kediri",
            "sites": {},
            "communityID": "0cfb6854-4d6b-4d8d-b1ff-8632a147bbd9"
        },
        {
            "name": "Katino",
            "description": "",
            "profilePic": "",
            "title": "Wakil Ketua DPRD Kota Kediri",
            "sites": {},
            "communityID": "0cfb6854-4d6b-4d8d-b1ff-8632a147bbd9"
        },
        {
            "name": "Gus Sunoto",
            "description": "",
            "profilePic": "",
            "title": "Ketua DPRD Kota Kediri",
            "sites": {},
            "communityID": "0cfb6854-4d6b-4d8d-b1ff-8632a147bbd9"
        },
        {
            "name": "Heri Susanto",
            "description": "",
            "profilePic": "",
            "title": "Pengusaha Kediri",
            "sites": {},
            "communityID": "0cfb6854-4d6b-4d8d-b1ff-8632a147bbd9"
        },
        {
            "name": "Adi Suwono",
            "description": "",
            "profilePic": "",
            "title": "Pengusaha Kediri",
            "sites": {},
            "communityID": "0cfb6854-4d6b-4d8d-b1ff-8632a147bbd9"
        }
    ]
}