{
    "title": "Pemilihan umum Wali Kota Kendari 2024",
    "region": "Kendari",
    "level": "KOTA",
    "path": "kota-kendari",
    "source": "https://id.wikipedia.org/wiki/Pemilihan_umum_Wali_Kota_Kendari_2024",
    "communityID": "f8bca46b-a42d-4b6b-a087-042ec2e57781",
    "candidates": [
        {
            "name": "Siska Karina Imran",
            "description": "dr. Hj. Siska Karina Imran, S.K.M. (lahir 22 Desember 1988) adalah seorang politikus Indonesia yang pernah menjabat Wakil Walikota Kendari sisa masa jabatan 2017\u20132022. Ia dilantik oleh Gubernur Sulawesi Tenggara Ali Mazi pada Rabu 6 Mei 2020.[1][2]\n",
            "profilePic": "https://upload.wikimedia.org/wikipedia/commons/d/db/Karina_Siska.jpg",
            "title": "Wakil Wali Kota Kendari (2020\u20132022)",
            "sites": {
                "name": "Wikipedia",
                "url": "https://id.wikipedia.org/wiki/Siska_Karina_Imran"
            },
            "communityID": "f8bca46b-a42d-4b6b-a087-042ec2e57781"
        },
        {
            "name": "Asmawa Tosepu",
            "description": "Asmawa Tosepu, A.P., M.Si , (lahir 15 Oktober 1974) merupakan Birokrat lulusan Institut Pemerintahan Dalam Negeri (IPDN) tahun 1997 yang saat ini menjabat sebagai Kepala Biro Umum Kementerian Dalam Negeri (Kemendagri). Dan Penjabat Bupati Bogor \n",
            "profilePic": "https://upload.wikimedia.org/wikipedia/commons/5/5b/Asmawa_Tosepu.png",
            "title": "Pj Wali Kota Kendari (2022\u20132023)",
            "sites": {
                "name": "Wikipedia",
                "url": "https://id.wikipedia.org/wiki/Asmawa_Tosepu"
            },
            "communityID": "f8bca46b-a42d-4b6b-a087-042ec2e57781"
        },
        {
            "name": "Musadar Mappasomba",
            "description": "Musadar Mappasomba, S.P., M.P. Limbung,Gowa 14 Desember 1970 (umur\u00a053) adalah seorang wakil wali kota Kota Kendari periode 2007-2012 sejak 13 Agustus 2007, berpasangan dengan Asrun. Pada Pilkada Kendari 2012, Ia kembali maju menjadi wakil wali kota bersama Asrun untuk periode 2012-2017. Pasangan ini kembali terpilih dan dilantik oleh Gubernur Sulawesi Tenggara, Nur Alam pada 8 Oktober 2012[1]\n",
            "profilePic": "",
            "title": "Wakil Wali Kota Kendari (2007\u20132017)",
            "sites": {
                "name": "Wikipedia",
                "url": "https://id.wikipedia.org/wiki/Musadar_Mappasomba"
            },
            "communityID": "f8bca46b-a42d-4b6b-a087-042ec2e57781"
        },
        {
            "name": "Asrizal Pratama Putra",
            "description": "",
            "profilePic": "",
            "title": "Anggota DPRD Sultra",
            "sites": {},
            "communityID": "f8bca46b-a42d-4b6b-a087-042ec2e57781"
        },
        {
            "name": "Aksan Jaya Putra",
            "description": "",
            "profilePic": "",
            "title": "Anggota DPRD Sultra",
            "sites": {},
            "communityID": "f8bca46b-a42d-4b6b-a087-042ec2e57781"
        },
        {
            "name": "Sudarmanto",
            "description": "",
            "profilePic": "",
            "title": "Anggota DPRD Sultra",
            "sites": {},
            "communityID": "f8bca46b-a42d-4b6b-a087-042ec2e57781"
        },
        {
            "name": "Sudirman",
            "description": "",
            "profilePic": "",
            "title": "Anggota DPRD Sultra",
            "sites": {},
            "communityID": "f8bca46b-a42d-4b6b-a087-042ec2e57781"
        },
        {
            "name": "Subhan",
            "description": "",
            "profilePic": "",
            "title": "Ketua DPRD Kota Kendari",
            "sites": {},
            "communityID": "f8bca46b-a42d-4b6b-a087-042ec2e57781"
        },
        {
            "name": "Abdul Razak",
            "description": "",
            "profilePic": "",
            "title": "Mantan Anggota DPRD Kota Kendari",
            "sites": {},
            "communityID": "f8bca46b-a42d-4b6b-a087-042ec2e57781"
        },
        {
            "name": "Samsuddin Rahim",
            "description": "",
            "profilePic": "",
            "title": "Wakil Ketua DPRD Kota Kendari",
            "sites": {},
            "communityID": "f8bca46b-a42d-4b6b-a087-042ec2e57781"
        },
        {
            "name": "Sitya Giona Nur Alam",
            "description": "",
            "profilePic": "",
            "title": "Ketua DPW Garnita Malahayati Partai Nasdem Sultra",
            "sites": {},
            "communityID": "f8bca46b-a42d-4b6b-a087-042ec2e57781"
        },
        {
            "name": "Abdul Rahman",
            "description": "",
            "profilePic": "",
            "title": "Ketua Peradi Kota Kendari",
            "sites": {},
            "communityID": "f8bca46b-a42d-4b6b-a087-042ec2e57781"
        },
        {
            "name": "La Ode Muh. Inarto",
            "description": "",
            "profilePic": "",
            "title": "Wakil Ketua DPRD Kota Kendari",
            "sites": {},
            "communityID": "f8bca46b-a42d-4b6b-a087-042ec2e57781"
        }
    ]
}