{
    "title": "Pemilihan umum Wali Kota Serang 2024",
    "region": "Serang",
    "level": "KOTA",
    "path": "kota-serang",
    "source": "https://id.wikipedia.org/wiki/Pemilihan_umum_Wali_Kota_Serang_2024",
    "communityID": "da595a2a-90fa-4bc5-9470-07561fa023b9",
    "candidates": [
        {
            "name": "Ratu Ria Maryana",
            "description": "Hj. Ratu Ria Maryana, S.E. (lahir 26 Desember 1987) adalah Wakil Ketua DPRD Kota Serang periode 2019\u20132024. Ia adalah adik tiri dari mantan Gubernur Banten Ratu Atut Chosiyah.[1]\n",
            "profilePic": "https://upload.wikimedia.org/wikipedia/commons/0/0c/Anggota_DPRD_Kota_Serang_Ratu_Ria_Maryana.jpg",
            "title": "Wakil Ketua DPRD Kota Serang",
            "sites": {
                "name": "Wikipedia",
                "url": "https://id.wikipedia.org/wiki/Ratu_Ria_Maryana"
            },
            "communityID": "da595a2a-90fa-4bc5-9470-07561fa023b9"
        },
        {
            "name": "Syafrudin Syafe'i",
            "description": "Dr. H. Syafrudin, S.Sos., M.Si. (lahir 9 Januari 1963) adalah Wali Kota Serang yang menjabat sejak 5 Desember 2018 hingga 5 Desember 2023. Syafrudin merupakan alumni STIA Maulana Yusuf, Serang. Sebelumnya ia adalah seorang birokrat yang memulai kariernya sebagai seorang guru SD Pulau Ampel sejak 1982. Setelah menitih karier cukup panjang sebagai birokrat, Syafrudin bersama Subadri Ushuludin berhasil memenangkan Pilkada Kota Serang 2017. Selain sebagai Walikota Serang, Syafrudin juga bergiat sebagai pelaku seni budaya. Saat ini dirinya menjabat sebagai Ketua Umum DPP Pencat Silat Bandrong.\n",
            "profilePic": "https://upload.wikimedia.org/wikipedia/commons/8/8d/Wali_Kota_Serang_Syafrudin.jpg",
            "title": "Wali Kota Serang",
            "sites": {
                "name": "Wikipedia",
                "url": "https://id.wikipedia.org/wiki/Syafrudin_Syafe%27i"
            },
            "communityID": "da595a2a-90fa-4bc5-9470-07561fa023b9"
        },
        {
            "name": "Subadri Ushuludin",
            "description": "H. Subadri Ushuludin, S.H. (lahir 5 April 1973) adalah politikus Partai Persatuan Pembangunan yang menjabat Wakil Wali Kota Serang periode 2018\u20142023.[1] Subadri adalah wakil dari Wali Kota Serang, Syafrudin Syafe'i. Subadri juga menjabat sebagai Pelaksana Tugas Ketua DPW PPP Banten periode 2020\u20142021.[2]\n",
            "profilePic": "https://upload.wikimedia.org/wikipedia/commons/4/47/Wakil_Wali_Kota_Serang_Subadri_Ushuludin.jpg",
            "title": "Wakil Wali Kota Serang",
            "sites": {
                "name": "Wikipedia",
                "url": "https://id.wikipedia.org/wiki/Subadri_Ushuludin"
            },
            "communityID": "da595a2a-90fa-4bc5-9470-07561fa023b9"
        },
        {
            "name": "Ari Chaeruddin",
            "description": "",
            "profilePic": "",
            "title": "Adik tiri Ratu Atut Chosiyah",
            "sites": {},
            "communityID": "da595a2a-90fa-4bc5-9470-07561fa023b9"
        },
        {
            "name": "Bambang Chaeruman",
            "description": "",
            "profilePic": "",
            "title": "Adik tiri Ratu Atut Chosiyah",
            "sites": {},
            "communityID": "da595a2a-90fa-4bc5-9470-07561fa023b9"
        },
        {
            "name": "Udrasengsana",
            "description": "",
            "profilePic": "",
            "title": "Putra mantan Wali Kota Serang Haerul Jaman",
            "sites": {},
            "communityID": "da595a2a-90fa-4bc5-9470-07561fa023b9"
        },
        {
            "name": "Furtasan Ali Yusuf",
            "description": "",
            "profilePic": "",
            "title": "Anggota DPRD Banten",
            "sites": {},
            "communityID": "da595a2a-90fa-4bc5-9470-07561fa023b9"
        },
        {
            "name": "Nur'aeni",
            "description": "Nur'aeni (lahir 5 Oktober 1974) adalah seorang politikus Indonesia. Saat ini ia menjabat sebagai Anggota DPR-RI sejak 2019  mewakili daerah pemilihan Banten II. Sebelumnya, pernah menjabat sebagai Ketua DPRD Kota Serang pada periode 2009-2014, dan juga sebagai Wakil Ketua DPRD Provinsi Banten pada periode 2014-2019. Nur'aeni merupakan kader Partai Demokrat dan duduk di Komisi IV.\n",
            "profilePic": "https://upload.wikimedia.org/wikipedia/commons/thumb/c/ce/Nur%27aeni.jpg/1200px-Nur%27aeni.jpg",
            "title": "Anggota DPR-RI",
            "sites": {
                "name": "Wikipedia",
                "url": "https://id.wikipedia.org/wiki/Nur%27aeni"
            },
            "communityID": "da595a2a-90fa-4bc5-9470-07561fa023b9"
        },
        {
            "name": "Budi Rustandi",
            "description": "H. Budi Rustandi, SE. (lahir 28 November 1979) adalah seorang pengusaha yang kini mejadi ketua DPRD Kota Serang Periode 2019-2022 sejak 27 September 2019, Budi Rustandi terpilih di Kota Serang berdasarkan perolehan suara Dapil 3, Kecamatan Kasemen dari Partai Gerindra\n",
            "profilePic": "https://upload.wikimedia.org/wikipedia/commons/c/c1/Anggota_DPRD_Kota_Serang_Budi_Rustandi.jpg",
            "title": "Ketua DPRD Kota Serang",
            "sites": {
                "name": "Wikipedia",
                "url": "https://id.wikipedia.org/wiki/Budi_Rustandi"
            },
            "communityID": "da595a2a-90fa-4bc5-9470-07561fa023b9"
        },
        {
            "name": "Tb.Ridwan Akhmad",
            "description": "",
            "profilePic": "",
            "title": "Anggota DPRD Kota Serang",
            "sites": {},
            "communityID": "da595a2a-90fa-4bc5-9470-07561fa023b9"
        },
        {
            "name": "Roni Alfanto",
            "description": "",
            "profilePic": "",
            "title": "Anggota DPRD Kota Serang",
            "sites": {},
            "communityID": "da595a2a-90fa-4bc5-9470-07561fa023b9"
        },
        {
            "name": "H. Wahyu Nurjamil",
            "description": "",
            "profilePic": "",
            "title": "Kepala Dinas UKM dan Perindag Kota Serang",
            "sites": {},
            "communityID": "da595a2a-90fa-4bc5-9470-07561fa023b9"
        }
    ]
}