{
    "title": "Pemilihan umum Gubernur Papua Tengah 2024",
    "region": "Papua Tengah",
    "level": "PROVINSI",
    "source": "https://id.wikipedia.org/wiki/Pemilihan_umum_Gubernur_Papua_Tengah_2024",
    "communityID": "873097c2-6df1-4233-8c87-67abe4ed870f",
    "path": "provinsi-papua-tengah",
    "candidates": [
        {
            "name": "Eltinus Omaleng",
            "description": "Eltinus Omaleng, S.E., M.H. (lahir 15 Oktober 1972) adalah Bupati Mimika sejak tahun 2014. Ia menjadi Bupati Mimika ke-3 menggantikan Abdul Muis. Sebelum menjadi bupati, Omaleng adalah seorang pengusaha yang memiliki perusahaan penyalur tenaga kerja ke PT. Freeport Indonesia.[1] Pada Pilbup Mimika 2018, ia mencalonkan diri berpasangan dengan Johannes Rettob melalui jalur partai politik dan dinyatakan terpilih sebagai Bupati Mimika periode 2019-2024.[2]\n",
            "profilePic": "https://upload.wikimedia.org/wikipedia/commons/d/de/Bupati_Mimika_Eltinus_Omaleng.jpg",
            "title": "Bupati Mimika",
            "sites": {
                "name": "Wikipedia",
                "url": "https://id.wikipedia.org/wiki/Eltinus_Omaleng"
            },
            "communityID": "873097c2-6df1-4233-8c87-67abe4ed870f"
        },
        {
            "name": "Anselmus Petrus Youw",
            "description": "Drs. Anselmus Petrus Youw, M.M.[1] (lahir 22 November 1948) adalah seorang birokrat dan politikus Indonesia yang menjabat sebagai Bupati Nabire selamat 2 periode yakni 1999\u20132004 dan 2005\u20132010.\n",
            "profilePic": "",
            "title": "Mantan Bupati Nabire",
            "sites": {
                "name": "Wikipedia",
                "url": "https://id.wikipedia.org/wiki/Anselmus_Petrus_Youw"
            },
            "communityID": "873097c2-6df1-4233-8c87-67abe4ed870f"
        },
        {
            "name": "Henok Ibo",
            "description": "Drs. Henok Ibo[1] (lahir 28 Juni 1952) adalah birokrat dan politikus Indonesia yang menjabat Bupati Puncak Jaya periode 2012\u20142017.\n",
            "profilePic": "https://upload.wikimedia.org/wikipedia/commons/5/5e/Bupati_Puncak_Jaya%2C_Henok_Ibo.jpg",
            "title": "Mantan Bupati Puncak Jaya",
            "sites": {
                "name": "Wikipedia",
                "url": "https://id.wikipedia.org/wiki/Henok_Ibo"
            },
            "communityID": "873097c2-6df1-4233-8c87-67abe4ed870f"
        },
        {
            "name": "Blasius Adolf Pakage",
            "description": "",
            "profilePic": "",
            "title": "Mantan Pejabat Bupati Deiyai",
            "sites": {},
            "communityID": "873097c2-6df1-4233-8c87-67abe4ed870f"
        },
        {
            "name": "Pietrus Waine",
            "description": "",
            "profilePic": "",
            "title": "Mantan Wakapolda Papua Barat",
            "sites": {},
            "communityID": "873097c2-6df1-4233-8c87-67abe4ed870f"
        },
        {
            "name": "Ananias Pigai",
            "description": "",
            "profilePic": "",
            "title": "Mantan Anggota Dewan Perwakilan Rakyat Papua",
            "sites": {},
            "communityID": "873097c2-6df1-4233-8c87-67abe4ed870f"
        },
        {
            "name": "Natalis Tabuni",
            "description": "Natalis Tabuni, S.S., M.Si., (lahir 11 Juli 1977), adalah seorang politikus Partai NasDem yang menjabat sebagai Bupati Intan Jaya pertama sejak tahun 2012. Ia berpasangan dengan Yann Kabogoyauw terpilih dalam dua kali pilkada, yaitu Pilbup Intan Jaya 2012[1] dan Pilbup Intan Jaya 2017.[2] Sebelum menjadi bupati, Tabuni adalah pegawai negeri sipil dengan jabatan terakhir sebagai Kepala Dinas Pekerjaan Umum Kabupaten Intan Jaya.[3]\n",
            "profilePic": "https://upload.wikimedia.org/wikipedia/commons/4/4e/KPU_Natalis_Tabuni.jpg",
            "title": "Mantan Bupati Intan Jaya",
            "sites": {
                "name": "Wikipedia",
                "url": "https://id.wikipedia.org/wiki/Natalis_Tabuni"
            },
            "communityID": "873097c2-6df1-4233-8c87-67abe4ed870f"
        },
        {
            "name": "Isaias Douw",
            "description": "Isaias Douw, S.Sos. (lahir 15 Desember 1965) adalah birokrat yang berasal dari Papua Tengah. Dia merupakan Bupati Nabire periode 2010\u20132015 dan Periode 2016\u20132021.[1][2]\n",
            "profilePic": "https://upload.wikimedia.org/wikipedia/commons/c/c2/Isaias_Douw.jpg",
            "title": "Mantan Bupati Nabire",
            "sites": {
                "name": "Wikipedia",
                "url": "https://id.wikipedia.org/wiki/Isaias_Douw"
            },
            "communityID": "873097c2-6df1-4233-8c87-67abe4ed870f"
        },
        {
            "name": "Willem Wandik",
            "description": "Willem Wandik, S.Sos. (lahir 17 Agustus 1975) adalah seorang politikus Indonesia yang berasal dari Papua. Willem adalah kader Partai Demokrat yang saat ini menjabat sebagai anggota Dewan Perwakilan Rakyat Republik Indonesia (DPR RI) dari daerah pemilihan (dapil) Papua sejak tahun 2014. Selama hampir dua periode ini, ia ditempatkan di Komisi V DPR RI. Selain itu, Willem saat ini juga menjadi Ketua Umum Gerakan Angkatan Muda Kristen Indonesia (GAMKI) untuk periode 2019\u20132022[1] dan salah satu Wakil Ketua Umum Partai Demokrat sejak 2020.[2]\n",
            "profilePic": "https://upload.wikimedia.org/wikipedia/commons/thumb/f/fc/KPU_Willem_Wandik.jpg/1200px-KPU_Willem_Wandik.jpg",
            "title": "Bupati Puncak",
            "sites": {
                "name": "Wikipedia",
                "url": "https://id.wikipedia.org/wiki/Willem_Wandik"
            },
            "communityID": "873097c2-6df1-4233-8c87-67abe4ed870f"
        }
    ]
}