{
    "title": "Pemilihan umum Gubernur Aceh 2024",
    "region": "Aceh",
    "level": "PROVINSI",
    "path": "provinsi-aceh",
    "source": "https://id.wikipedia.org/wiki/Pemilihan_umum_Gubernur_Aceh_2024",
    "communityID": "6696c4df-dbb6-454b-bca0-505ef7b3ef40",
    "candidates": [
        {
            "name": "Illiza Sa'aduddin Djamal",
            "description": "Illiza Sa'aduddin Djamal, S.E. (lahir 31 Desember 1973) adalah seorang politikus Indonesia dari Partai Persatuan Pembangunan, mantan Wali ibu kota Provinsi Aceh dan sejak tahun 2019 anggota Dewan Perwakilan Rakyat Republik Indonesia (DPR-RI).\n",
            "profilePic": "https://upload.wikimedia.org/wikipedia/commons/0/03/ILLIZA_SA%27ADUDDIN_DJAMAL.jpg",
            "title": "Mantan Wali Kota Banda Aceh",
            "sites": {
                "name": "Wikipedia",
                "url": "https://id.wikipedia.org/wiki/Illiza_Sa%27aduddin_Djamal"
            },
            "communityID": "6696c4df-dbb6-454b-bca0-505ef7b3ef40"
        },
        {
            "name": "Nova Iriansyah",
            "description": "Ir. H. Nova Iriansyah, M.T. (lahir 22 November 1963) adalah seorang birokrat, politikus dan akademisi Indonesia. Ia pernah menjabat sebagai Gubernur Aceh dari 2020 hingga 2022.[2][3] Nova pernah menjabat sebagai Wakil Gubernur Aceh periode 5 Juli 2017 hingga 5 Juli 2018 dan menjabat sebagai Pelaksana tugas Gubernur Aceh dari 5 Juli 2018 hingga 5 November 2020 menggantikan Irwandi Yusuf[4][5]\n",
            "profilePic": "https://upload.wikimedia.org/wikipedia/commons/thumb/c/c9/Nova_Iriansyah_%283x4%29.jpg/1200px-Nova_Iriansyah_%283x4%29.jpg",
            "title": "Mantan Gubernur Aceh",
            "sites": {
                "name": "Wikipedia",
                "url": "https://id.wikipedia.org/wiki/Nova_Iriansyah"
            },
            "communityID": "6696c4df-dbb6-454b-bca0-505ef7b3ef40"
        },
        {
            "name": "Aminullah Usman",
            "description": "H. Aminullah Usman, S.E.Ak., M.M. [1] (lahir 1 Agustus 1958) adalah Wali kota Banda Aceh ke-12 yang menjabat sejak 7 Juli 2017 hingga 7 Juli 2022. Aminullah Usman pernah menjabat sebagai Direktur Utama PT Bank BPD Aceh (yang sekarang dikenal dengan Bank Aceh) pada tahun 2000 hingga 2010.\n",
            "profilePic": "https://upload.wikimedia.org/wikipedia/commons/thumb/5/5e/Wali_Kota_Banda_Aceh_Aminullah_Usman.jpg/1200px-Wali_Kota_Banda_Aceh_Aminullah_Usman.jpg",
            "title": "Mantan Wali Kota Banda Aceh",
            "sites": {
                "name": "Wikipedia",
                "url": "https://id.wikipedia.org/wiki/Aminullah_Usman"
            },
            "communityID": "6696c4df-dbb6-454b-bca0-505ef7b3ef40"
        },
        {
            "name": "Muhammad Nasir Djamil",
            "description": "H. Muhammad Nasir Djamil, S.Ag., M.Si. (lahir 22 Januari 1971) adalah seorang politikus Indonesia. Saat ini ia menjabat sebagai Anggota DPR-RI mewakili daerah pemilihan Aceh II. Nasir merupakan kader Partai Keadilan Sejahtera dan saat ini bertanggungjawab sebagai anggota Komisi III yang membidangi hukum, HAM, dan keamanan.\n",
            "profilePic": "https://upload.wikimedia.org/wikipedia/commons/8/8b/Muhammad_Nasir_Djamil.jpg",
            "title": "Anggota DPR-RI",
            "sites": {
                "name": "Wikipedia",
                "url": "https://id.wikipedia.org/wiki/Muhammad_Nasir_Djamil"
            },
            "communityID": "6696c4df-dbb6-454b-bca0-505ef7b3ef40"
        },
        {
            "name": "Nezar Patria",
            "description": "Nezar Patria, S.Fil., M.Sc., M.B.A. (lahir 5 Oktober 1970) adalah seorang wartawan, aktivis, dan juga penyair yang merupakan salah satu dari tiga belas korban penculikan aktivis pada masa Orde Baru.[1][2][3] Pada tanggal 17 Juli 2023, ia dilantik Presiden Joko Widodo sebagai Wakil Menteri Komunikasi dan Informatika (Wamenkominfo) dalam Kabinet Indonesia Maju.[4][5]\n",
            "profilePic": "https://upload.wikimedia.org/wikipedia/commons/6/6e/Nezar_Patria%2C_Wakil_Menteri_Komunikasi_dan_Informatika_%282023%29.jpg",
            "title": "Wakil Menteri Komunikasi dan Informatika RI",
            "sites": {
                "name": "Wikipedia",
                "url": "https://id.wikipedia.org/wiki/Nezar_Patria"
            },
            "communityID": "6696c4df-dbb6-454b-bca0-505ef7b3ef40"
        },
        {
            "name": "Ramli M.S.",
            "description": "H. Ramli M.S. (lahir 15 Mei 1964) adalah Bupati Aceh Barat 2 periode yakni 2007\u20142012 dan 2017\u20142022. Ramli M.S. pernah menjabat sebagai Wakil Ketua DPRK Aceh Barat Fraksi Partai Aceh periode 2014\u20142016.\n",
            "profilePic": "https://upload.wikimedia.org/wikipedia/commons/0/00/Bupati_Aceh_Barat_H._Ramli_MS_%28Periode_ke-2%29.png",
            "title": "Mantan Bupati Aceh Barat",
            "sites": {
                "name": "Wikipedia",
                "url": "https://id.wikipedia.org/wiki/Ramli_M.S."
            },
            "communityID": "6696c4df-dbb6-454b-bca0-505ef7b3ef40"
        },
        {
            "name": "Muzakkir Manaf",
            "description": "H. Muzakir Manaf (lahir 3 April 1964) adalah mantan tokoh pejuang GAM.[1] Dia pernah menjabat sebagai Panglima Gerakan Aceh Merdeka dan Wakil Gubernur Aceh periode 2012-2017. Sejak 27 Desember 2022 ia dikukuhkan sebagai Wakil Wali Nanggroe Aceh.[2]\n",
            "profilePic": "https://upload.wikimedia.org/wikipedia/commons/c/ca/Muzakir_Manaf.jpg",
            "title": "Mantan Wakil Gubernur Aceh dan Ketua Umum Partai Aceh",
            "sites": {
                "name": "Wikipedia",
                "url": "https://id.wikipedia.org/wiki/Muzakkir_Manaf"
            },
            "communityID": "6696c4df-dbb6-454b-bca0-505ef7b3ef40"
        },
        {
            "name": "M Fadhil Rahmi, Lc., M.A.",
            "description": "Fadhil Rahmi (lahir 6 September 1978) adalah seorang politikus, dosen dan pelatih sepak bola Indonesia. Fadhil Rahmi dilahirkan di Langsa pada 6 September 1978 dan hidup dalam keluarga sederhana. Ayahnya, Abdul Gani berasal dari Kecamatan Kuala dan Jangka, Kabupaten Bireuen. Sementara ibunya, Khadijah, berasal dari Kecamatan Sawang, Kabupaten Aceh Utara.\n",
            "profilePic": "https://upload.wikimedia.org/wikipedia/commons/thumb/d/db/KPU_Fadhil_Rahmi.jpg/1200px-KPU_Fadhil_Rahmi.jpg",
            "title": "Anggota DPD-RI",
            "sites": {
                "name": "Wikipedia",
                "url": "https://id.wikipedia.org/wiki/Fadhil_Rahmi"
            },
            "communityID": "6696c4df-dbb6-454b-bca0-505ef7b3ef40"
        },
        {
            "name": "Sudirman Haji Uma",
            "description": "H. Sudirman, S.Sos alias Haji Uma (lahir 10 November 1974) adalah seorang Senator / anggota Dewan Perwakilan Daerah Republik Indonesia asal Aceh. Sudirman atau sering dikenal oleh rakyat Aceh dengan sebutan Haji Uma telah terpilih menjadi anggota DPD-RI untuk dua periode, yaitu (2014-2019) dan (2019-2024) dengan raihan suara tertinggi di Aceh.[1][2] Sebelumnya beliau sudah lebih dulu dikenal oleh masyarakat Aceh sebagai seorang seniman Aceh, komedian, dan juga da'i.[3]\n",
            "profilePic": "https://upload.wikimedia.org/wikipedia/commons/thumb/6/6b/KPU_Sudirman_Haji_Uma.png/1200px-KPU_Sudirman_Haji_Uma.png",
            "title": "Anggota DPD-RI",
            "sites": {
                "name": "Wikipedia",
                "url": "https://id.wikipedia.org/wiki/Sudirman_(politikus)"
            },
            "communityID": "6696c4df-dbb6-454b-bca0-505ef7b3ef40"
        },
        {
            "name": "Hasballah M. Thaib",
            "description": "Teungku Hasballah M. Thaib (dikenal dengan julukan Rocky; lahir 1 April 1974) adalah tokoh pejuang GAM. Dia pernah menjabat sebagai Panglima Sagoe GAM Wilayah Idi Kota dan Bupati Aceh Timur 2 periode yakni 2012\u20142017 dan 2017\u20142022.\n",
            "profilePic": "https://upload.wikimedia.org/wikipedia/id/c/c5/Rocky-hasballah-and-the-vice-inauguration.jpg",
            "title": "Mantan Bupati Aceh Timur",
            "sites": {
                "name": "Wikipedia",
                "url": "https://id.wikipedia.org/wiki/Hasballah_M._Thaib"
            },
            "communityID": "6696c4df-dbb6-454b-bca0-505ef7b3ef40"
        },
        {
            "name": "Azhar Abdurrahman",
            "description": "Ir. H. Azhar Abdurrahman (lahir 20 April 1969) adalah tokoh pejuang GAM. Ia pernah menjabat sebagai Sekretaris GAM Wilayah Meureuhom Daya.[1][2] Ia sekarang mejabat sebagai Anggota DPRA Fraksi Partai Aceh.[3]\n",
            "profilePic": "https://upload.wikimedia.org/wikipedia/commons/6/6d/KPU_Azhar_Abdurrahman.jpg",
            "title": "Anggota DPR Aceh",
            "sites": {
                "name": "Wikipedia",
                "url": "https://id.wikipedia.org/wiki/Azhar_Abdurrahman"
            },
            "communityID": "6696c4df-dbb6-454b-bca0-505ef7b3ef40"
        },
        {
            "name": "Zamzami A. Rani",
            "description": "Teungku H. Zamzami A. Rani,[1] lebih dikenal dengan nama Abu Tausi (lahir 12 April 1953) adalah tokoh pejuang GAM. Dia pernah menjabat sebagai Panglima Gerakan Aceh Merdeka wilayah Meureuhom Daya dan Wakil Bupati Aceh Jaya periode 2007\u20142012.\n",
            "profilePic": "",
            "title": "Mantan Wakil Bupati Aceh Jaya",
            "sites": {
                "name": "Wikipedia",
                "url": "https://id.wikipedia.org/wiki/Zamzami_A._Rani"
            },
            "communityID": "6696c4df-dbb6-454b-bca0-505ef7b3ef40"
        },
        {
            "name": "Ruslan M. Daud",
            "description": "Ruslan M. Daud (lahir 11 Mei 1970) adalah Bupati Bireuen yang menjabat pada periode 2012\u20132017. Ruslan pernah menjabat sebagai Ketua Acheh World Trade Centre (AWTC), Kuala Lumpur periode 2004\u20132007.\n",
            "profilePic": "https://upload.wikimedia.org/wikipedia/commons/d/de/Ruslan_M._Daud.png",
            "title": "Anggota DPR RI",
            "sites": {
                "name": "Wikipedia",
                "url": "https://id.wikipedia.org/wiki/Ruslan_M._Daud"
            },
            "communityID": "6696c4df-dbb6-454b-bca0-505ef7b3ef40"
        },
        {
            "name": "Nazaruddin Dek Gam",
            "description": "H. Nazaruddin Dek Gam (lahir 20 Mei 1979) adalah politikus Indonesia yang menjabat sebagai anggota Dewan Perwakilan Rakyat Republik Indonesia (DPR RI) sejak 1 Oktober 2019. Ia mewakili daerah pemilihan Aceh I.[1] Nazaruddin merupakan kader PAN dan duduk di Komisi III.[2]\n",
            "profilePic": "https://upload.wikimedia.org/wikipedia/commons/8/82/Nazaruddin_Dek_Gam.jpg",
            "title": "Anggota DPR RI",
            "sites": {
                "name": "Wikipedia",
                "url": "https://id.wikipedia.org/wiki/Nazaruddin_Dek_Gam"
            },
            "communityID": "6696c4df-dbb6-454b-bca0-505ef7b3ef40"
        },
        {
            "name": "Usman Abdullah",
            "description": "Usman Abdullah, S.E. (lahir 6 Oktober 1969) atau lebih dikenal dengan sebutan Toke Seu'um adalah tokoh pejuang GAM. Dia pernah menjabat sebagai Panglima Daerah GAM III Wilayah Langsa dan Wali Kota Langsa 2 periode yakni 2012\u20142017[1] dan 2017\u20142022.\n",
            "profilePic": "https://upload.wikimedia.org/wikipedia/commons/1/19/Wali_Kota_Langsa_Usman_Abdullah.png",
            "title": "Mantan Wali Kota Langsa",
            "sites": {
                "name": "Wikipedia",
                "url": "https://id.wikipedia.org/wiki/Usman_Abdullah"
            },
            "communityID": "6696c4df-dbb6-454b-bca0-505ef7b3ef40"
        }
    ]
}