{
    "title": "Pemilihan umum Bupati Pinrang 2024",
    "region": "Pinrang",
    "level": "KABUPATEN",
    "candidates": [
        {
            "name": "Ahmad Abdy Baramuli,Ketua DPC Partai Gerindra Pinrang",
            "description": "",
            "profilePic": "",
            "sites": {},
            "communityID": "7f494aad-6d93-457f-94ca-37d9366f6b97"
        },
        {
            "name": "Andi Irwan Hamid",
            "description": "H. Andi Irwan Hamid, S.Sos. (lahir 22 Desember 1965) adalah politikus Indonesia yang menjabat sebagai Bupati Pinrang periode 2019-2024.[1]\n",
            "profilePic": "https://upload.wikimedia.org/wikipedia/commons/thumb/2/21/Andi_Irwan_Hamid%2C_Bupati_Pinrang_%282022%29.jpg/1200px-Andi_Irwan_Hamid%2C_Bupati_Pinrang_%282022%29.jpg",
            "sites": {
                "name": "Wikipedia",
                "url": "https://id.wikipedia.org/wiki/Andi_Irwan_Hamid"
            },
            "communityID": "7f494aad-6d93-457f-94ca-37d9366f6b97"
        },
        {
            "name": "Daftar Wakil Bupati Pinrang",
            "description": "Berikut ini adalah daftar Wakil Bupati Pinrang yang menjabat sejak pembentukannya pada tahun 1999.\n",
            "profilePic": "",
            "sites": {
                "name": "Wikipedia",
                "url": "https://id.wikipedia.org/wiki/Daftar_Wakil_Bupati_Pinrang"
            },
            "communityID": "7f494aad-6d93-457f-94ca-37d9366f6b97"
        },
        {
            "name": "Partai Golongan Karya",
            "description": "Partai Golongan Karya (Golkar) atau secara umum disingkat dengan Partai Golkar adalah sebuah partai politik di Indonesia. Didirikan sebagai Sekretariat Bersama Golongan Karya (Sekber Golkar) pada tahun 1964, dan berpartisipasi untuk pertama kalinya dalam pemilihan umum nasional pada 1971 sebagai Golkar (Golongan Karya). Partai Golongan Karya tidak resmi menjadi partai politik hingga tahun 1999, ketika Golkar diperlukan untuk menjadi sebuah partai untuk mengikuti pemilihan.\n",
            "profilePic": "https://upload.wikimedia.org/wikipedia/commons/thumb/8/86/Logo_Golkar.svg/1200px-Logo_Golkar.svg.png",
            "sites": {
                "name": "Wikipedia",
                "url": "https://id.wikipedia.org/wiki/Partai_Golongan_Karya"
            },
            "communityID": "7f494aad-6d93-457f-94ca-37d9366f6b97"
        },
        {
            "name": "Dewan Perwakilan Rakyat Republik Indonesia",
            "description": "",
            "profilePic": "https://upload.wikimedia.org/wikipedia/commons/thumb/9/96/Coat_of_arms_of_the_People%27s_Representative_Council_of_Indonesia.svg/1200px-Coat_of_arms_of_the_People%27s_Representative_Council_of_Indonesia.svg.png",
            "sites": {
                "name": "Wikipedia",
                "url": "https://id.wikipedia.org/wiki/Dewan_Perwakilan_Rakyat_Republik_Indonesia"
            },
            "communityID": "7f494aad-6d93-457f-94ca-37d9366f6b97"
        },
        {
            "name": "Dewan Perwakilan Rakyat Daerah Kabupaten Pinrang",
            "description": "Dewan Perwakilan Rakyat Daerah Kabupaten Pinrang (disingkat DPRD Pinrang) adalah lembaga perwakilan rakyat daerah tingkat kabupaten yang ada di Kabupaten Pinrang, Provinsi Sulawesi Selatan. DPRD Pinrang memiliki 40 anggota yang tersebar di 11 partai politik, dengan perolehan suara mayoritas diraih oleh Partai Demokrat.\n",
            "profilePic": "https://upload.wikimedia.org/wikipedia/commons/6/6b/Logo_DPRD_Kabupaten_Pinrang.jpg",
            "sites": {
                "name": "Wikipedia",
                "url": "https://id.wikipedia.org/wiki/Dewan_Perwakilan_Rakyat_Daerah_Kabupaten_Pinrang"
            },
            "communityID": "7f494aad-6d93-457f-94ca-37d9366f6b97"
        },
        {
            "name": "Partai Keadilan Sejahtera",
            "description": "Partai Keadilan Sejahtera (PKS) adalah sebuah partai politik di Indonesia yang berbasis Islam.[2][3][5][6][12][13] Partai ini bercikal bakal dari penentangan sejumlah tokoh Islam terhadap kebijakan Presiden RI ke-2, Soeharto yang mengharuskan agar tiap-tiap ormas menjadikan Pancasila sebagai asas tunggal mereka.[14][15] Dari penentangan ini lahirlah Gerakan Tarbiyah. Gerakan Tarbiyah ini lalu membentuk lembaga dakwah kampus yang kemudian menjadi asal usul berdirinya Partai Keadilan pada 20 Juli 1998 pasca lengsernya pemerintahan Suharto.[2] Partai Keadilan kemudian bertransformasi menjadi Partai Keadilan Sejahtera pada tanggal 20 April 2002 akibat gagal memenuhi ambang batas parlemen sebesar 2%.[14][15]\n",
            "profilePic": "https://upload.wikimedia.org/wikipedia/commons/thumb/d/d2/Partai_Keadilan_Sejahtera_2020.svg/1200px-Partai_Keadilan_Sejahtera_2020.svg.png",
            "sites": {
                "name": "Wikipedia",
                "url": "https://id.wikipedia.org/wiki/Partai_Keadilan_Sejahtera"
            },
            "communityID": "7f494aad-6d93-457f-94ca-37d9366f6b97"
        },
        {
            "name": "Andi Patoppoi",
            "description": "",
            "profilePic": "",
            "sites": {},
            "communityID": "7f494aad-6d93-457f-94ca-37d9366f6b97"
        },
        {
            "name": "Mahyuddin Abdullah",
            "description": "",
            "profilePic": "",
            "sites": {},
            "communityID": "7f494aad-6d93-457f-94ca-37d9366f6b97"
        },
        {
            "name": "Dewan Perwakilan Rakyat Daerah Provinsi Sulawesi Selatan",
            "description": "Oposisi (18)\n",
            "profilePic": "https://upload.wikimedia.org/wikipedia/commons/thumb/d/dd/DPRD_Provinsi_Sulawesi_Selatan_2019.svg/1200px-DPRD_Provinsi_Sulawesi_Selatan_2019.svg.png",
            "sites": {
                "name": "Wikipedia",
                "url": "https://id.wikipedia.org/wiki/Dewan_Perwakilan_Rakyat_Daerah_Provinsi_Sulawesi_Selatan"
            },
            "communityID": "7f494aad-6d93-457f-94ca-37d9366f6b97"
        },
        {
            "name": "Dewan Perwakilan Rakyat Daerah Provinsi Sulawesi Selatan",
            "description": "Oposisi (18)\n",
            "profilePic": "https://upload.wikimedia.org/wikipedia/commons/thumb/d/dd/DPRD_Provinsi_Sulawesi_Selatan_2019.svg/1200px-DPRD_Provinsi_Sulawesi_Selatan_2019.svg.png",
            "sites": {
                "name": "Wikipedia",
                "url": "https://id.wikipedia.org/wiki/Dewan_Perwakilan_Rakyat_Daerah_Provinsi_Sulawesi_Selatan"
            },
            "communityID": "7f494aad-6d93-457f-94ca-37d9366f6b97"
        },
        {
            "name": "Abd. Rahim Mas P. Sanjata",
            "description": "",
            "profilePic": "",
            "sites": {},
            "communityID": "7f494aad-6d93-457f-94ca-37d9366f6b97"
        },
        {
            "name": "Abdillah Natsir",
            "description": "",
            "profilePic": "",
            "sites": {},
            "communityID": "7f494aad-6d93-457f-94ca-37d9366f6b97"
        },
        {
            "name": "Dewan Perwakilan Rakyat Republik Indonesia",
            "description": "",
            "profilePic": "https://upload.wikimedia.org/wikipedia/commons/thumb/9/96/Coat_of_arms_of_the_People%27s_Representative_Council_of_Indonesia.svg/1200px-Coat_of_arms_of_the_People%27s_Representative_Council_of_Indonesia.svg.png",
            "sites": {
                "name": "Wikipedia",
                "url": "https://id.wikipedia.org/wiki/Dewan_Perwakilan_Rakyat_Republik_Indonesia"
            },
            "communityID": "7f494aad-6d93-457f-94ca-37d9366f6b97"
        }
    ],
    "source": "https://id.wikipedia.org/wiki/Pemilihan_umum_Bupati_Pinrang_2024",
    "path": "kabupaten-pinrang"
}