{
    "title": "Pemilihan umum Bupati Grobogan 2024",
    "region": "Grobogan",
    "level": "KABUPATEN",
    "candidates": [
        {
            "name": "Bambang Pudjiyanto",
            "description": "",
            "profilePic": "",
            "sites": {},
            "communityID": "4ad61a54-7843-4421-9907-6ec9dc833491"
        },
        {
            "name": "H. A. Sahal Maemun, Calon Bupati Grobogan 2024",
            "description": "",
            "profilePic": "",
            "sites": {},
            "communityID": "4ad61a54-7843-4421-9907-6ec9dc833491"
        },
        {
            "name": "Icek Baskoro",
            "description": "",
            "profilePic": "",
            "sites": {},
            "communityID": "4ad61a54-7843-4421-9907-6ec9dc833491"
        },
        {
            "name": "Edy Wuryanto",
            "description": "Dr. H. Edy Wuryanto, S.KP., M.Kep. (lahir 15 Agustus 1968) adalah politikus Indonesia yang menjabat sebagai anggota DPR-RI periode 2019\u20132024. Ia mewakili daerah pemilihan Jawa Tengah III, yang meliputi Kabupaten Grobogan, Kabupaten Blora, Kabupaten Rembang, dan Kabupaten Pati. Edy merupakan kader Partai Demokrasi Indonesia Perjuangan. Saat ini, ia bertugas di Komisi IX.[1]\n",
            "profilePic": "https://upload.wikimedia.org/wikipedia/commons/4/45/Edy_Wuryanto.jpg",
            "sites": {
                "name": "Wikipedia",
                "url": "https://id.wikipedia.org/wiki/Edy_Wuryanto"
            },
            "communityID": "4ad61a54-7843-4421-9907-6ec9dc833491"
        },
        {
            "name": "A. Baginda Muhammad Mahfuz H.",
            "description": "",
            "profilePic": "",
            "sites": {},
            "communityID": "4ad61a54-7843-4421-9907-6ec9dc833491"
        },
        {
            "name": "Sardjono.",
            "description": "",
            "profilePic": "",
            "sites": {},
            "communityID": "4ad61a54-7843-4421-9907-6ec9dc833491"
        },
        {
            "name": "Mukhlisin",
            "description": "",
            "profilePic": "",
            "sites": {},
            "communityID": "4ad61a54-7843-4421-9907-6ec9dc833491"
        },
        {
            "name": "Agus Siswanto",
            "description": "",
            "profilePic": "",
            "sites": {},
            "communityID": "4ad61a54-7843-4421-9907-6ec9dc833491"
        },
        {
            "name": "Setiawan Djoko Purwanto",
            "description": "",
            "profilePic": "",
            "sites": {},
            "communityID": "4ad61a54-7843-4421-9907-6ec9dc833491"
        },
        {
            "name": "Mochammad Fatah",
            "description": "",
            "profilePic": "",
            "sites": {},
            "communityID": "4ad61a54-7843-4421-9907-6ec9dc833491"
        },
        {
            "name": "Sugeng Prasetyo",
            "description": "",
            "profilePic": "",
            "sites": {},
            "communityID": "4ad61a54-7843-4421-9907-6ec9dc833491"
        }
    ],
    "path": "kabupaten-grobogan",
    "source": "https://id.wikipedia.org/wiki/Pemilihan_umum_Bupati_Grobogan_2024"
}