{
    "title": "Pemilihan umum Bupati Paniai 2024",
    "region": "Paniai",
    "level": "KABUPATEN",
    "candidates": [
        {
            "name": "Meki Fritz Nawipa",
            "description": "Meki Fritz Nawipa (lahir 6 Mei 1978) adalah seorang pilot dan politisi Indonesia kelahiran Enarotali.[1] Ia mulanya adalah seorang pilot dan memiliki pesawat yang diletakkan di Sentani, Kabupaten Jayapura. Ia menempuh pendidikan di Deraya Flying School, Halim, dari tahun 2000, dan memperoleh sertifikat Private Pilot Licence (PPL). Kemudian, ia melanjutkan sekolah penerbangan di Bible College of Victoria (BCV), Melbourne, Australia. Sejak 2008, ia memulai penerbangan di Papua yang melayani daerah-daerah terpencil dengan penduduk yang tersebar di Papua. Ia kemudian menjadi Bupati Paniai.[2]\n",
            "profilePic": "https://upload.wikimedia.org/wikipedia/id/b/be/Meki_Nawipa_Bupati_Paniai.png",
            "sites": {
                "name": "Wikipedia",
                "url": "https://id.wikipedia.org/wiki/Meki_Fritz_Nawipa"
            },
            "communityID": "3f028c74-4eb5-4089-b9e4-089543c642bb"
        }
    ],
    "path": "kabupaten-paniai",
    "source": "https://id.wikipedia.org/wiki/Pemilihan_umum_Bupati_Paniai_2024"
}