{
    "title": "Pemilihan umum Bupati Muara Enim 2024",
    "region": "Muara Enim",
    "level": "KABUPATEN",
    "candidates": [
        {
            "name": "Nurul Aman",
            "description": "",
            "profilePic": "",
            "sites": {},
            "communityID": "da0cce78-161d-4fe4-8c25-0cbad99907d4"
        },
        {
            "name": "Ir H. Mat Kasrun Msi",
            "description": "",
            "profilePic": "",
            "sites": {},
            "communityID": "da0cce78-161d-4fe4-8c25-0cbad99907d4"
        },
        {
            "name": "Shinta Paramita Sari",
            "description": "",
            "profilePic": "",
            "sites": {},
            "communityID": "da0cce78-161d-4fe4-8c25-0cbad99907d4"
        },
        {
            "name": "Ersangkut S.Psi",
            "description": "",
            "profilePic": "",
            "sites": {},
            "communityID": "da0cce78-161d-4fe4-8c25-0cbad99907d4"
        },
        {
            "name": "Izudin SE",
            "description": "",
            "profilePic": "",
            "sites": {},
            "communityID": "da0cce78-161d-4fe4-8c25-0cbad99907d4"
        },
        {
            "name": "Firdaus S.H",
            "description": "",
            "profilePic": "",
            "sites": {},
            "communityID": "da0cce78-161d-4fe4-8c25-0cbad99907d4"
        }
    ],
    "source": "https://id.wikipedia.org/wiki/Pemilihan_umum_Bupati_Muara_Enim_2024",
    "path": "kabupaten-muara-enim"
}