{
    "title": "Pemilihan umum Bupati Magetan 2024",
    "region": "Magetan",
    "level": "KABUPATEN",
    "candidates": [
        {
            "name": "Suprawoto",
            "description": "Dr. Drs. Suprawoto, S.H., M.Si. (lahir 3 Februari 1956) adalah mantan birokrat yang menjabat sebagai Bupati Magetan periode 2018-2023. Suprawoto juga pernah menjabat sebagai Sekretaris Jenderal Kemenkominfo periode 2014-2016.[1]\n",
            "profilePic": "https://upload.wikimedia.org/wikipedia/commons/c/cc/Official_Portrait_of_Suprawoto%2C_Regent_of_Magetan.png",
            "sites": {
                "name": "Wikipedia",
                "url": "https://id.wikipedia.org/wiki/Suprawoto"
            },
            "communityID": "ef331957-759a-4600-af25-d2dcee195074"
        },
        {
            "name": "Nanik Endang Rusminarti",
            "description": "",
            "profilePic": "",
            "sites": {},
            "communityID": "ef331957-759a-4600-af25-d2dcee195074"
        },
        {
            "name": "Suyatni Priasmoro",
            "description": "",
            "profilePic": "",
            "sites": {},
            "communityID": "ef331957-759a-4600-af25-d2dcee195074"
        },
        {
            "name": "Nanik Karsini",
            "description": "",
            "profilePic": "",
            "sites": {},
            "communityID": "ef331957-759a-4600-af25-d2dcee195074"
        },
        {
            "name": "Sujatno",
            "description": "",
            "profilePic": "",
            "sites": {},
            "communityID": "ef331957-759a-4600-af25-d2dcee195074"
        },
        {
            "name": "Nur Wahid",
            "description": "",
            "profilePic": "",
            "sites": {},
            "communityID": "ef331957-759a-4600-af25-d2dcee195074"
        },
        {
            "name": "Suratman",
            "description": "",
            "profilePic": "",
            "sites": {},
            "communityID": "ef331957-759a-4600-af25-d2dcee195074"
        },
        {
            "name": "Mohyar",
            "description": "",
            "profilePic": "",
            "sites": {},
            "communityID": "ef331957-759a-4600-af25-d2dcee195074"
        },
        {
            "name": "Arief Rahman",
            "description": "",
            "profilePic": "",
            "sites": {},
            "communityID": "ef331957-759a-4600-af25-d2dcee195074"
        },
        {
            "name": "Agus Rahardjo",
            "description": "Ir. Agus Rahardjo, M.S.M.[1] (lahir 1 Agustus 1956)[2] adalah Ketua Komisi Pemberantasan Korupsi (KPK) Republik Indonesia periode 2015-2019. Pengangkatan pimpinan KPK didasarkan pada Keputusan Presiden Nomor 133/P/2015 tentang Pengangkatan Pimpinan KPK masa bakti 2015\u20132019.\n",
            "profilePic": "https://upload.wikimedia.org/wikipedia/commons/a/a5/KPU_Agus_Raharjo.png",
            "sites": {
                "name": "Wikipedia",
                "url": "https://id.wikipedia.org/wiki/Agus_Rahardjo"
            },
            "communityID": "ef331957-759a-4600-af25-d2dcee195074"
        }
    ],
    "path": "kabupaten-magetan",
    "source": "https://id.wikipedia.org/wiki/Pemilihan_umum_Bupati_Magetan_2024"
}