{
    "title": "Pemilihan umum Bupati Nias 2024",
    "region": "Nias",
    "level": "KABUPATEN",
    "candidates": [
        {
            "name": "Ya'atulo Gulo",
            "description": "Ya'atul\u00f6 Gul\u00f6, S.E., S.H., M.Si. (lahir 16 Juni 1972) adalah Bupati Nias periode 2021\u20132024. Ia menjabat sejak 10 Juni 2021 setelah dilantik Gubernur Sumatera Utara, Edy Rahmayadi di Aula Tengku Rizal Nurdin Rumah Dinas Gubernur Sumatera Utara, Medan.[1]\n",
            "profilePic": "https://upload.wikimedia.org/wikipedia/commons/0/0a/Ya%27atulo_Gulo.jpg",
            "sites": {
                "name": "Wikipedia",
                "url": "https://id.wikipedia.org/wiki/Ya%27atulo_Gulo"
            },
            "communityID": "7ceaa692-ae96-4e88-bbc1-84cd0be59e21"
        },
        {
            "name": "Arota Lase",
            "description": "Arota Lase, A.Md. (lahir 15 Agustus 1958) adalah Wakil Bupati Nias, periode 2021\u20132024. Ia menjabat sejak 10 Juni 2021 setelah dilantik Gubernur Sumatera Utara, Edy Rahmayadi di Aula Tengku Rizal Nurdin Rumah Dinas Gubernur Sumatera Utara, Medan.[1]\n",
            "profilePic": "https://upload.wikimedia.org/wikipedia/commons/4/4d/Wakil-bupati.png",
            "sites": {
                "name": "Wikipedia",
                "url": "https://id.wikipedia.org/wiki/Arota_Lase"
            },
            "communityID": "7ceaa692-ae96-4e88-bbc1-84cd0be59e21"
        },
        {
            "name": "Pemilihan umum Bupati Nias 2020",
            "description": "Partai Demokrat\n",
            "profilePic": "https://upload.wikimedia.org/wikipedia/commons/thumb/4/48/Lokasi_Sumatra_Utara_Kabupaten_Nias.svg/1200px-Lokasi_Sumatra_Utara_Kabupaten_Nias.svg.png",
            "sites": {
                "name": "Wikipedia",
                "url": "https://id.wikipedia.org/wiki/Aros%C3%B6khi_Waruwu"
            },
            "communityID": "7ceaa692-ae96-4e88-bbc1-84cd0be59e21"
        },
        {
            "name": "Pemilihan umum Bupati Nias 2020",
            "description": "Partai Demokrat\n",
            "profilePic": "https://upload.wikimedia.org/wikipedia/commons/thumb/4/48/Lokasi_Sumatra_Utara_Kabupaten_Nias.svg/1200px-Lokasi_Sumatra_Utara_Kabupaten_Nias.svg.png",
            "sites": {
                "name": "Wikipedia",
                "url": "https://id.wikipedia.org/wiki/Enan%C3%B6i_Dohare"
            },
            "communityID": "7ceaa692-ae96-4e88-bbc1-84cd0be59e21"
        },
        {
            "name": "Ameyunus Zai",
            "description": "",
            "profilePic": "",
            "sites": {},
            "communityID": "7ceaa692-ae96-4e88-bbc1-84cd0be59e21"
        },
        {
            "name": "Alinuru Laoli",
            "description": "",
            "profilePic": "",
            "sites": {},
            "communityID": "7ceaa692-ae96-4e88-bbc1-84cd0be59e21"
        },
        {
            "name": "Fo'arota Gulo",
            "description": "",
            "profilePic": "",
            "sites": {},
            "communityID": "7ceaa692-ae96-4e88-bbc1-84cd0be59e21"
        },
        {
            "name": "Sabayuti Gulo",
            "description": "",
            "profilePic": "",
            "sites": {},
            "communityID": "7ceaa692-ae96-4e88-bbc1-84cd0be59e21"
        },
        {
            "name": "Faigiasa Bawamenewi",
            "description": "",
            "profilePic": "",
            "sites": {},
            "communityID": "7ceaa692-ae96-4e88-bbc1-84cd0be59e21"
        },
        {
            "name": "Firman Yanus Larosa",
            "description": "",
            "profilePic": "",
            "sites": {},
            "communityID": "7ceaa692-ae96-4e88-bbc1-84cd0be59e21"
        }
    ],
    "path": "kabupaten-nias",
    "source": "https://id.wikipedia.org/wiki/Pemilihan_umum_Bupati_Nias_2024"
}