{
    "title": "Pemilihan umum Bupati Bogor 2024",
    "region": "Bogor",
    "level": "KABUPATEN",
    "candidates": [
        {
            "name": "Iwan Setiawan (politikus)",
            "description": "H. Iwan Setiawan, S.E. (lahir 2 Desember 1970) adalah politikus Indonesia yang pernah menjabat sebagai Bupati Bogor. Sebelumnya menjabat sebagai Wakil Bupati Bogor yang berpasangan dengan Ade Yasin ketika memenangkan Pemilihan Bupati Bogor tahun 2018. Pada Operasi Tangkap Tangan (OTT) yang dilakukan oleh Komisi Pemberantasan Korupsi pada 26-27 April 2022, Ade Yasin bersama 11 orang lainnya terjaring dalam kasus suap,[1][2] di mana Ade dengan sejumlah jajarannya menggelontorkan uang sekitar 1,9 Miliar kepada beberapa pejabat BPK agar BPK memberikan predikat Wajar Tanpa Pengecualian (WTP) kepada Pemerintah Kabupaten Bogor.[3]\n",
            "profilePic": "https://upload.wikimedia.org/wikipedia/commons/e/eb/Iwan_Setiawan_Bupati.jpg",
            "sites": {
                "name": "Wikipedia",
                "url": "https://id.wikipedia.org/wiki/Iwan_Setiawan_(politikus)"
            },
            "communityID": "b427e252-58d0-40e5-a65d-77cdbbc21b1a"
        },
        {
            "name": "Elly Rachmat Yasin",
            "description": "Elly Rachmat Yasin (lahir 9 Desember 1966) adalah politikus Indonesia yang menjabat sebagai anggota DPR-RI periode 2019\u20132024. Ia mewakili daerah pemilihan Jawa Barat V, yang meliputi Kabupaten Bogor. Elly merupakan kader Partai Persatuan Pembangunan, ia bertugas di Komisi VI. Eli juga merupakan istri dari Rahmat Yasin yang pernah menjabat sebagai Bupati Bogor 2008-2014.[1]\n",
            "profilePic": "https://upload.wikimedia.org/wikipedia/commons/3/38/KPU_Elly_Rachmat_Yasin.jpg",
            "sites": {
                "name": "Wikipedia",
                "url": "https://id.wikipedia.org/wiki/Elly_Rachmat_Yasin"
            },
            "communityID": "b427e252-58d0-40e5-a65d-77cdbbc21b1a"
        },
        {
            "name": "Ade Ruhandi",
            "description": "Ade Ruhandi atau yang akrab disapa Jaro Ade (lahir 7 Agustus 1973) adalah seorang politikus Indonesia. meniti kariernya sebagai Kepala Desa Cileuksa selama 10 tahun dari 1998-2008. Ia kemudian berhasil menembus parlemen dengan duduk sebagai anggota DPRD Kabupaten Bogor selama dua periode.\n",
            "profilePic": "",
            "sites": {
                "name": "Wikipedia",
                "url": "https://id.wikipedia.org/wiki/Ade_Ruhandi"
            },
            "communityID": "b427e252-58d0-40e5-a65d-77cdbbc21b1a"
        },
        {
            "name": "Rudy Susmanto",
            "description": "",
            "profilePic": "",
            "sites": {},
            "communityID": "b427e252-58d0-40e5-a65d-77cdbbc21b1a"
        },
        {
            "name": "Asep Wahyuwijaya",
            "description": "",
            "profilePic": "",
            "sites": {},
            "communityID": "b427e252-58d0-40e5-a65d-77cdbbc21b1a"
        },
        {
            "name": "Dedi Aroza",
            "description": "",
            "profilePic": "",
            "sites": {},
            "communityID": "b427e252-58d0-40e5-a65d-77cdbbc21b1a"
        },
        {
            "name": "Bayu Syahjohan",
            "description": "",
            "profilePic": "",
            "sites": {},
            "communityID": "b427e252-58d0-40e5-a65d-77cdbbc21b1a"
        },
        {
            "name": "H.Tubagus A. Luthfie Syam",
            "description": "",
            "profilePic": "",
            "sites": {},
            "communityID": "b427e252-58d0-40e5-a65d-77cdbbc21b1a"
        }
    ],
    "path": "kabupaten-bogor",
    "source": "https://id.wikipedia.org/wiki/Pemilihan_umum_Bupati_Bogor_2024"
}