{
    "title": "Pemilihan umum Bupati Minahasa 2024",
    "region": "Minahasa",
    "level": "KABUPATEN",
    "candidates": [
        {
            "name": "Daftar Bupati Minahasa",
            "description": "Berikut ini adalah daftar Bupati Minahasa yang menjabat sejak pembentukannya pada tahun 1948.\n",
            "profilePic": "",
            "sites": {
                "name": "Wikipedia",
                "url": "https://id.wikipedia.org/wiki/Daftar_Bupati_Minahasa"
            },
            "communityID": "1aa7a5e9-0cc6-4027-9f42-04b07110d717"
        },
        {
            "name": "Robby Dondokambey",
            "description": "Dr. (HC.) Robby Dondokambey, S.Si., M.M., M.A.P. (lahir 1 Maret 1958) adalah Wakil Bupati Minahasa periode 2018\u20142023. Ia adalah wakil dari Bupati Minahasa, Royke Octavian Roring.[1]\n",
            "profilePic": "https://upload.wikimedia.org/wikipedia/commons/0/03/KPU_Robby_Dondokambey.jpg",
            "sites": {
                "name": "Wikipedia",
                "url": "https://id.wikipedia.org/wiki/Robby_Dondokambey"
            },
            "communityID": "1aa7a5e9-0cc6-4027-9f42-04b07110d717"
        },
        {
            "name": "Daftar Wakil Bupati Minahasa",
            "description": "Berikut ini adalah daftar Wakil Bupati Minahasa dari masa ke masa.\n",
            "profilePic": "https://upload.wikimedia.org/wikipedia/id/e/ea/Bupati_Minahasa_Dolfie_Tanor.jpg",
            "sites": {
                "name": "Wikipedia",
                "url": "https://id.wikipedia.org/wiki/Daftar_Wakil_Bupati_Minahasa"
            },
            "communityID": "1aa7a5e9-0cc6-4027-9f42-04b07110d717"
        },
        {
            "name": "Pdt HWB Sumakul",
            "description": "",
            "profilePic": "",
            "sites": {},
            "communityID": "1aa7a5e9-0cc6-4027-9f42-04b07110d717"
        },
        {
            "name": "Dewan Perwakilan Rakyat Daerah Provinsi Sulawesi Utara",
            "description": "Oposisi (5)\n",
            "profilePic": "https://upload.wikimedia.org/wikipedia/commons/thumb/b/b8/DPRD_Provinsi_Sulawesi_Utara_2019.svg/1200px-DPRD_Provinsi_Sulawesi_Utara_2019.svg.png",
            "sites": {
                "name": "Wikipedia",
                "url": "https://id.wikipedia.org/wiki/Dewan_Perwakilan_Rakyat_Daerah_Provinsi_Sulawesi_Utara"
            },
            "communityID": "1aa7a5e9-0cc6-4027-9f42-04b07110d717"
        },
        {
            "name": "Rio Dondokambey",
            "description": "",
            "profilePic": "",
            "sites": {},
            "communityID": "1aa7a5e9-0cc6-4027-9f42-04b07110d717"
        },
        {
            "name": "Dewan Perwakilan Rakyat Daerah Kabupaten Minahasa",
            "description": "Dewan Perwakilan Rakyat Daerah Kabupaten Minahasa (disingkat DPRD Kabupaten Minahasa) adalah lembaga legislatif unikameral yang berkedudukan di Kabupaten Minahasa, Sulawesi Utara, Indonesia. Pada Pemilu 2019, DPRD Kabupaten Minahasa menempatkan 35 orang wakil rakyat yang terbagi dalam 7 partai politik, dengan perolehan suara mayoritas diraih oleh Partai Demokrasi Indonesia Perjuangan.\n",
            "profilePic": "https://upload.wikimedia.org/wikipedia/commons/thumb/f/fd/DPRD_Kabupaten_Minahasa_2019.svg/1200px-DPRD_Kabupaten_Minahasa_2019.svg.png",
            "sites": {
                "name": "Wikipedia",
                "url": "https://id.wikipedia.org/wiki/Dewan_Perwakilan_Rakyat_Daerah_Kabupaten_Minahasa"
            },
            "communityID": "1aa7a5e9-0cc6-4027-9f42-04b07110d717"
        },
        {
            "name": "Adrie Kamasi",
            "description": "",
            "profilePic": "",
            "sites": {},
            "communityID": "1aa7a5e9-0cc6-4027-9f42-04b07110d717"
        },
        {
            "name": "Dewan Perwakilan Rakyat Daerah Kabupaten Minahasa",
            "description": "Dewan Perwakilan Rakyat Daerah Kabupaten Minahasa (disingkat DPRD Kabupaten Minahasa) adalah lembaga legislatif unikameral yang berkedudukan di Kabupaten Minahasa, Sulawesi Utara, Indonesia. Pada Pemilu 2019, DPRD Kabupaten Minahasa menempatkan 35 orang wakil rakyat yang terbagi dalam 7 partai politik, dengan perolehan suara mayoritas diraih oleh Partai Demokrasi Indonesia Perjuangan.\n",
            "profilePic": "https://upload.wikimedia.org/wikipedia/commons/thumb/f/fd/DPRD_Kabupaten_Minahasa_2019.svg/1200px-DPRD_Kabupaten_Minahasa_2019.svg.png",
            "sites": {
                "name": "Wikipedia",
                "url": "https://id.wikipedia.org/wiki/Dewan_Perwakilan_Rakyat_Daerah_Kabupaten_Minahasa"
            },
            "communityID": "1aa7a5e9-0cc6-4027-9f42-04b07110d717"
        },
        {
            "name": "Hangky Arther Gerungan",
            "description": "",
            "profilePic": "",
            "sites": {},
            "communityID": "1aa7a5e9-0cc6-4027-9f42-04b07110d717"
        },
        {
            "name": "Steven Kandouw",
            "description": "Drs. Steven Octavianus Estefanus Kandouw (lahir 5 September 1969) adalah Wakil Gubernur Sulawesi Utara sejak 12 Februari 2016. Sebelumnya ia menjabat sebagai Anggota DPRD Sulawesi Utara sejak 2004 sampai 2015.\n",
            "profilePic": "https://upload.wikimedia.org/wikipedia/commons/b/ba/Wagub_Sulawesi_Utara_Steven_Kandouw_%28Periode_II%29.png",
            "sites": {
                "name": "Wikipedia",
                "url": "https://id.wikipedia.org/wiki/Steven_Kandouw"
            },
            "communityID": "1aa7a5e9-0cc6-4027-9f42-04b07110d717"
        },
        {
            "name": "Dewan Perwakilan Rakyat Republik Indonesia",
            "description": "",
            "profilePic": "https://upload.wikimedia.org/wikipedia/commons/thumb/9/96/Coat_of_arms_of_the_People%27s_Representative_Council_of_Indonesia.svg/1200px-Coat_of_arms_of_the_People%27s_Representative_Council_of_Indonesia.svg.png",
            "sites": {
                "name": "Wikipedia",
                "url": "https://id.wikipedia.org/wiki/Dewan_Perwakilan_Rakyat_Republik_Indonesia"
            },
            "communityID": "1aa7a5e9-0cc6-4027-9f42-04b07110d717"
        }
    ],
    "source": "https://id.wikipedia.org/wiki/Pemilihan_umum_Bupati_Minahasa_2024",
    "path": "kabupaten-minahasa"
}