{
    "title": "Pemilihan umum Bupati Jepara 2024",
    "region": "Jepara",
    "level": "KABUPATEN",
    "candidates": [
        {
            "name": "Dian Kristiandi",
            "description": "Dian Kristiandi, S.Sos. (lahir 18 Maret 1973),[3] adalah Bupati Jepara yang menjabat sejak 17 Mei 2019 sebagai pelaksana tugas, kemudian dilantik secara resmi pada 2 Juni 2020, menggantikan mantan Bupati Jepara Ahmad Marzuqi yang ditangkap oleh Komisi Pemberantasan Korupsi (KPK) atas kasus suap hakim Pengadilan Negeri Semarang.[4][5] Sebelumnya, ia adalah Wakil Bupati Jepara yang mendampingi Ahmad Marzuqi yang terpilih kembali menjadi Bupati Jepara dalam pemilihan umum Bupati Jepara 2017 untuk periode jabatan 2017-2022.[6]\n",
            "profilePic": "https://upload.wikimedia.org/wikipedia/commons/6/60/Dian_Kristiandi%2C_2016.jpg",
            "sites": {
                "name": "Wikipedia",
                "url": "https://id.wikipedia.org/wiki/Dian_Kristiandi"
            },
            "communityID": "602009a2-a918-42f1-a59b-d13f7556d180"
        },
        {
            "name": "Abdul Wachid",
            "description": "Abdul Wachid (lahir 12 Mei 1961) adalah anggota DPR RI periode 2009-2014 dari fraksi Gerindra mewakili wilayah Jawa Tengah. Sebelumnya Abdul Wachid dikenal sebagai pengusaha tebu sukses dan ketua Asosiasi Petani Tebu Rakyat Indonesia (APTRI). Abdul Wachid juga menjabat sebagai Ketua DPD Gerindra Jateng dan menangani masalah petani. Ia ditempatkan di Komisi IV DPR RI yang menangani Pertanian, Perkebunan, Kehutanan, Kelautan, Perikanan, dan Pangan.\n",
            "profilePic": "https://upload.wikimedia.org/wikipedia/commons/thumb/8/81/Abdul_Wachid.jpg/1200px-Abdul_Wachid.jpg",
            "sites": {
                "name": "Wikipedia",
                "url": "https://id.wikipedia.org/wiki/Abdul_Wachid"
            },
            "communityID": "602009a2-a918-42f1-a59b-d13f7556d180"
        },
        {
            "name": "Andang Wahyu Triyanto",
            "description": "",
            "profilePic": "",
            "sites": {},
            "communityID": "602009a2-a918-42f1-a59b-d13f7556d180"
        },
        {
            "name": "Hindun Anisah",
            "description": "Hj. Hindun Anisah, M.A. (lahir 2 Mei 1974) adalah seorang politikus berkebangsaan Indonesia. Ia bersama suaminya, Nuruddin Amin, menjadi pimpinan pondok pesantren (ponpes) Hasyim Asy'ari di Bangsri, Jepara.\n",
            "profilePic": "https://upload.wikimedia.org/wikipedia/commons/f/fd/KPU_Hindun_Anisah.png",
            "sites": {
                "name": "Wikipedia",
                "url": "https://id.wikipedia.org/wiki/Hindun_Anisah"
            },
            "communityID": "602009a2-a918-42f1-a59b-d13f7556d180"
        },
        {
            "name": "Luluk Agus Yulianto",
            "description": "",
            "profilePic": "",
            "sites": {},
            "communityID": "602009a2-a918-42f1-a59b-d13f7556d180"
        }
    ],
    "source": "https://id.wikipedia.org/wiki/Pemilihan_umum_Bupati_Jepara_2024",
    "path": "kabupaten-jepara"
}