{
    "title": "Pemilihan umum Bupati Kepulauan Siau Tagulandang Biaro 2024",
    "region": "Kepulauan Siau Tagulandang Biaro",
    "level": "KABUPATEN",
    "candidates": [
        {
            "name": "Evangelian Sasingen",
            "description": "Evangelian Sasingen, S.E. (lahir 20 Oktober 1968) adalah Bupati Kepulauan Siau Tagulandang Biaro periode 2018\u20132023. Ia menjabat sejak 25 September 2018 setelah dilantik Gubernur Sulawesi Utara, Olly Dondokambey di Kantor Dewan Perwakilan Rakyat Daerah Provinsi Sulawesi Utara, Manado.[1] Eva juga merupakan politikus PDI Perjuangan dan sebelumnya menjabat sebagai Ketua Tim Penggerak PKK Kabupaten Kepulauan Siau Tagulandang Biaro periode 2008\u20132013 dan 2013\u20132018.\n",
            "profilePic": "https://upload.wikimedia.org/wikipedia/commons/8/8b/Bupati_Kepulauan_Siau_Tagulandang_Biaro_Evangelian_Sasingen.jpg",
            "sites": {
                "name": "Wikipedia",
                "url": "https://id.wikipedia.org/wiki/Evangelian_Sasingen"
            },
            "communityID": "b17ee4fe-2f1c-4760-8214-9d9ddaa051c4"
        },
        {
            "name": "Liem Hong Eng",
            "description": "",
            "profilePic": "",
            "sites": {},
            "communityID": "b17ee4fe-2f1c-4760-8214-9d9ddaa051c4"
        }
    ],
    "path": "kabupaten-kepulauan-siau-tagulandang-biaro",
    "source": "https://id.wikipedia.org/wiki/Pemilihan_umum_Bupati_Kepulauan_Siau_Tagulandang_Biaro_2024"
}