{
    "title": "Pemilihan umum Bupati Deli Serdang 2024",
    "region": "Deli Serdang",
    "level": "KABUPATEN",
    "candidates": [
        {
            "name": "Ali Yusuf Siregar",
            "description": "H.M. Ali Yusuf Siregar (lahir 9 Maret 1961) adalah Bupati Deli Serdang sisa masa jabatan 2023\u20132024. Sebelumnya, Ia adalah Plt. Bupati Deli Serdang menggantikan Ashari Tambunan  yang mengundurkan diri karna mengikuti pileg 2024, sekaligus wakil dari Bupati Deli Serdang periode 2019\u20132024, Ashari Tambunan.\n",
            "profilePic": "https://upload.wikimedia.org/wikipedia/commons/8/84/Wakil_Bupati_Deli_Serdang_Ali_Yusuf_Siregar.jpg",
            "sites": {
                "name": "Wikipedia",
                "url": "https://id.wikipedia.org/wiki/Ali_Yusuf_Siregar"
            },
            "communityID": "37ae8ac6-e77b-47c8-b827-f822bdb41c8f"
        },
        {
            "name": "Haris Binar Ginting",
            "description": "",
            "profilePic": "",
            "sites": {},
            "communityID": "37ae8ac6-e77b-47c8-b827-f822bdb41c8f"
        },
        {
            "name": "Hariyanto",
            "description": "",
            "profilePic": "",
            "sites": {},
            "communityID": "37ae8ac6-e77b-47c8-b827-f822bdb41c8f"
        },
        {
            "name": "Ricky Prandana Nasution",
            "description": "",
            "profilePic": "",
            "sites": {},
            "communityID": "37ae8ac6-e77b-47c8-b827-f822bdb41c8f"
        },
        {
            "name": "Tengku Akhmad Thala'a",
            "description": "Paduka Sri Sultan Tuanku Akhmad Thala\u2019a Syariful Alamsyah ibni Almarhum Sultan Abu Nawar Syarifullah Alamsyah[1] (lahir 20 Juli 1962) adalah Sultan Serdang ke\u2013IX yang memegang kuasa sejak 13 Januari 2011, menggantikan pamannya Sultan Luckman Sinar Basyarsyah II. Akhmad Thala'a juga merupakan seorang politikus yang saat ini menjabat sebagai Wakil Ketua DPRD Deli Serdang sejak 2019.[2]\n",
            "profilePic": "https://upload.wikimedia.org/wikipedia/commons/thumb/8/82/KPU_Akhmad_Thala%27a.jpg/1200px-KPU_Akhmad_Thala%27a.jpg",
            "sites": {
                "name": "Wikipedia",
                "url": "https://id.wikipedia.org/wiki/Tengku_Akhmad_Thala%27a"
            },
            "communityID": "37ae8ac6-e77b-47c8-b827-f822bdb41c8f"
        },
        {
            "name": "Kamaruzzaman",
            "description": "",
            "profilePic": "",
            "sites": {},
            "communityID": "37ae8ac6-e77b-47c8-b827-f822bdb41c8f"
        },
        {
            "name": "Thomas Darwin Sembiring",
            "description": "",
            "profilePic": "",
            "sites": {},
            "communityID": "37ae8ac6-e77b-47c8-b827-f822bdb41c8f"
        },
        {
            "name": "Nusantara Tarigan Silangit",
            "description": "",
            "profilePic": "",
            "sites": {},
            "communityID": "37ae8ac6-e77b-47c8-b827-f822bdb41c8f"
        },
        {
            "name": "Misnan Al Jawi",
            "description": "",
            "profilePic": "",
            "sites": {},
            "communityID": "37ae8ac6-e77b-47c8-b827-f822bdb41c8f"
        },
        {
            "name": "Suparman",
            "description": "Suparman dapat mengacu pada beberapa hal berikut:\n",
            "profilePic": "",
            "sites": {
                "name": "Wikipedia",
                "url": "https://id.wikipedia.org/wiki/Suparman"
            },
            "communityID": "37ae8ac6-e77b-47c8-b827-f822bdb41c8f"
        },
        {
            "name": "Anita Lubis",
            "description": "",
            "profilePic": "",
            "sites": {},
            "communityID": "37ae8ac6-e77b-47c8-b827-f822bdb41c8f"
        },
        {
            "name": "Sa'adah Lubis",
            "description": "",
            "profilePic": "",
            "sites": {},
            "communityID": "37ae8ac6-e77b-47c8-b827-f822bdb41c8f"
        }
    ],
    "path": "kabupaten-deli-serdang",
    "source": "https://id.wikipedia.org/wiki/Pemilihan_umum_Bupati_Deli_Serdang_2024"
}