{
    "title": "Pemilihan umum Bupati Kuantan Singingi 2024",
    "region": "Kuantan Singingi",
    "level": "KABUPATEN",
    "candidates": [
        {
            "name": "Suhardiman Amby",
            "description": "Dr. H. Suhardiman Amby, Ak, M.M (lahir 16 Juli 1969) adalah seorang Politikus asal Riau yang saat ini menjabat sebagai Bupati Kuantan Singingi definitif sejak tanggal 14 Juli 2023[1] dan sebelumnya ia menjabat sebagai Pelaksana Tugas (Plt) Bupati sejak tanggal 20 Oktober 2021.[2] Sebelumnya, ia menjabat sebagai Wakil Bupati Kuantan Singingi[3] dan pernah duduk sebagai Anggota DPRD Riau 2 periode 2004-2009 dan 2014-2019.\n",
            "profilePic": "https://upload.wikimedia.org/wikipedia/commons/c/cb/Bupati_Kuantan_Singingi_Suhardiman_Amby_2024.png",
            "sites": {
                "name": "Wikipedia",
                "url": "https://id.wikipedia.org/wiki/Suhardiman_Amby"
            },
            "communityID": "8e385506-894a-4272-8d8b-07d257231964"
        },
        {
            "name": "Halim",
            "description": "Halim dapat mengacu pada beberapa hal berikut:\n",
            "profilePic": "",
            "sites": {
                "name": "Wikipedia",
                "url": "https://id.wikipedia.org/wiki/Halim"
            },
            "communityID": "8e385506-894a-4272-8d8b-07d257231964"
        },
        {
            "name": "Mursini",
            "description": "Drs. H. Mursini, M.Si. (lahir 28 Desember 1958) adalah seorang politisi Indonesia dan Mantan Bupati Kuantan Singingi periode 2016-2021.[1]\n",
            "profilePic": "https://upload.wikimedia.org/wikipedia/commons/7/79/Mursini.jpg",
            "sites": {
                "name": "Wikipedia",
                "url": "https://id.wikipedia.org/wiki/Mursini"
            },
            "communityID": "8e385506-894a-4272-8d8b-07d257231964"
        },
        {
            "name": "Komperensi",
            "description": "",
            "profilePic": "",
            "sites": {},
            "communityID": "8e385506-894a-4272-8d8b-07d257231964"
        },
        {
            "name": "Juprizal",
            "description": "",
            "profilePic": "",
            "sites": {},
            "communityID": "8e385506-894a-4272-8d8b-07d257231964"
        },
        {
            "name": "Zulhendri Nazaruddin",
            "description": "",
            "profilePic": "",
            "sites": {},
            "communityID": "8e385506-894a-4272-8d8b-07d257231964"
        },
        {
            "name": "Dr. Adam",
            "description": "",
            "profilePic": "",
            "sites": {},
            "communityID": "8e385506-894a-4272-8d8b-07d257231964"
        },
        {
            "name": "Gumpita",
            "description": "",
            "profilePic": "",
            "sites": {},
            "communityID": "8e385506-894a-4272-8d8b-07d257231964"
        },
        {
            "name": "Fedrios Gusni",
            "description": "",
            "profilePic": "",
            "sites": {},
            "communityID": "8e385506-894a-4272-8d8b-07d257231964"
        }
    ],
    "path": "kabupaten-kuantan-singingi",
    "source": "https://id.wikipedia.org/wiki/Pemilihan_umum_Bupati_Kuantan_Singingi_2024"
}