{
    "title": "Pemilihan umum Bupati Banggai Kepulauan 2024",
    "region": "Banggai Kepulauan",
    "level": "KABUPATEN",
    "candidates": [
        {
            "name": "Rais D. Adam",
            "description": "Kombes Pol (Purn) H. Rais D. Adam (lahir 24 April 1958) adalah Purnawirawan Kepolisian Republik Indonesia yang terakhir menjabat sebagai Kabag Pamsan DIT IPP di Kepolisian Daerah Sulawesi Tengah pada tahun 2001. Rais Adam sebelumnya menjabat sebagai wakil bupati pada periode 2017-2022 mendampingi bupati Zainal Mus. Dia menjabat sebagai \nBupati Banggai Kepulauan periode 2020-2022.[1]\n",
            "profilePic": "https://upload.wikimedia.org/wikipedia/commons/9/9f/Bupati_Banggai_Kepulauan_ke-5.jpg",
            "sites": {
                "name": "Wikipedia",
                "url": "https://id.wikipedia.org/wiki/Rais_D._Adam"
            },
            "communityID": "be6e722f-f2a1-42a7-9f65-7d4e1c6bced4"
        },
        {
            "name": "Sugianto Tamoreka",
            "description": "",
            "profilePic": "",
            "sites": {},
            "communityID": "be6e722f-f2a1-42a7-9f65-7d4e1c6bced4"
        },
        {
            "name": "Irianto Malinggong",
            "description": "",
            "profilePic": "",
            "sites": {},
            "communityID": "be6e722f-f2a1-42a7-9f65-7d4e1c6bced4"
        },
        {
            "name": "Lania Laosa",
            "description": "Lania Laosa, S.E.  adalah politikus asal Indonesia yang pernah menjabat sebagai Bupati Banggai Kepulauan pada masa jabatan 2011\u20132016.\n",
            "profilePic": "",
            "sites": {
                "name": "Wikipedia",
                "url": "https://id.wikipedia.org/wiki/Lania_Laosa"
            },
            "communityID": "be6e722f-f2a1-42a7-9f65-7d4e1c6bced4"
        },
        {
            "name": "Salim J. Tanasa",
            "description": "",
            "profilePic": "",
            "sites": {},
            "communityID": "be6e722f-f2a1-42a7-9f65-7d4e1c6bced4"
        },
        {
            "name": "Eko Wahyudi",
            "description": "",
            "profilePic": "",
            "sites": {},
            "communityID": "be6e722f-f2a1-42a7-9f65-7d4e1c6bced4"
        },
        {
            "name": "Ronald Gulla",
            "description": "",
            "profilePic": "",
            "sites": {},
            "communityID": "be6e722f-f2a1-42a7-9f65-7d4e1c6bced4"
        },
        {
            "name": "Ihsan Basir",
            "description": "",
            "profilePic": "",
            "sites": {},
            "communityID": "be6e722f-f2a1-42a7-9f65-7d4e1c6bced4"
        },
        {
            "name": "Rusli Moidady",
            "description": "",
            "profilePic": "",
            "sites": {},
            "communityID": "be6e722f-f2a1-42a7-9f65-7d4e1c6bced4"
        },
        {
            "name": "Rahmad Labou",
            "description": "",
            "profilePic": "",
            "sites": {},
            "communityID": "be6e722f-f2a1-42a7-9f65-7d4e1c6bced4"
        },
        {
            "name": "Nancy Dunda",
            "description": "",
            "profilePic": "",
            "sites": {},
            "communityID": "be6e722f-f2a1-42a7-9f65-7d4e1c6bced4"
        },
        {
            "name": "Sulaiman Husen",
            "description": "",
            "profilePic": "",
            "sites": {},
            "communityID": "be6e722f-f2a1-42a7-9f65-7d4e1c6bced4"
        }
    ],
    "path": "kabupaten-banggai-kepulauan",
    "source": "https://id.wikipedia.org/wiki/Pemilihan_umum_Bupati_Banggai_Kepulauan_2024"
}