{
    "title": "Pemilihan umum Bupati Labuhanbatu Utara 2024",
    "region": "Labuhanbatu Utara",
    "level": "KABUPATEN",
    "candidates": [
        {
            "name": "Hendri Yanto Sitorus",
            "description": "Hendri Yanto Sitorus, S.E., M.M. (lahir 13 Desember 1988) adalah politikus Indonesia yang menjabat Bupati Labuhanbatu Utara periode 2021\u20142024. HYS pernah menjabat sebagai Anggota DPRD Kabupaten Labuhanbatu Utara 2 periode yakni 2014\u20142019 dan 2019\u20142020.Ia adalah anak kandung dari mantan Bupati Labuhanbatu Utara, Khairuddin Syah Sitorus.\n",
            "profilePic": "https://upload.wikimedia.org/wikipedia/commons/5/58/Hendri_Yanto_2021.jpg",
            "sites": {
                "name": "Wikipedia",
                "url": "https://id.wikipedia.org/wiki/Hendri_Yanto_Sitorus"
            },
            "communityID": "3e93dbb5-9b53-4401-9ded-93c1d8bb6ac9"
        },
        {
            "name": "Samsul Tanjung",
            "description": "H. Samsul Tanjung, S.T., M.H. (lahir 20 Juni 1977) adalah Wakil Bupati Labuhanbatu Utara periode 2021\u20142024. Ia adalah wakil dari Bupati Labuhanbatu Utara, Hendri Yanto Sitorus.\n",
            "profilePic": "https://upload.wikimedia.org/wikipedia/commons/3/33/Samsul_Tanjung_2021.jpg",
            "sites": {
                "name": "Wikipedia",
                "url": "https://id.wikipedia.org/wiki/Samsul_Tanjung"
            },
            "communityID": "3e93dbb5-9b53-4401-9ded-93c1d8bb6ac9"
        },
        {
            "name": "Pemilihan umum Bupati Labuhanbatu Utara 2020",
            "description": "Partai Hati Nurani Rakyat\n",
            "profilePic": "https://upload.wikimedia.org/wikipedia/commons/thumb/c/c5/Lokasi_Sumatra_Utara_Kabupaten_Labuhanbatu_Utara.svg/1200px-Lokasi_Sumatra_Utara_Kabupaten_Labuhanbatu_Utara.svg.png",
            "sites": {
                "name": "Wikipedia",
                "url": "https://id.wikipedia.org/wiki/Ali_Tambunan"
            },
            "communityID": "3e93dbb5-9b53-4401-9ded-93c1d8bb6ac9"
        },
        {
            "name": "Darwin Halomoan Tanjung",
            "description": "",
            "profilePic": "",
            "sites": {},
            "communityID": "3e93dbb5-9b53-4401-9ded-93c1d8bb6ac9"
        },
        {
            "name": "Muhammad Rafiq",
            "description": "",
            "profilePic": "",
            "sites": {},
            "communityID": "3e93dbb5-9b53-4401-9ded-93c1d8bb6ac9"
        },
        {
            "name": "Yusrial Suprianto Pasaribu",
            "description": "",
            "profilePic": "",
            "sites": {},
            "communityID": "3e93dbb5-9b53-4401-9ded-93c1d8bb6ac9"
        },
        {
            "name": "Zeira Salim Ritonga",
            "description": "",
            "profilePic": "",
            "sites": {},
            "communityID": "3e93dbb5-9b53-4401-9ded-93c1d8bb6ac9"
        },
        {
            "name": "Dedi Iskandar",
            "description": "",
            "profilePic": "",
            "sites": {},
            "communityID": "3e93dbb5-9b53-4401-9ded-93c1d8bb6ac9"
        },
        {
            "name": "Poaradda Nababan",
            "description": "",
            "profilePic": "",
            "sites": {},
            "communityID": "3e93dbb5-9b53-4401-9ded-93c1d8bb6ac9"
        },
        {
            "name": "Edi Susanto Ritonga",
            "description": "",
            "profilePic": "",
            "sites": {},
            "communityID": "3e93dbb5-9b53-4401-9ded-93c1d8bb6ac9"
        }
    ],
    "path": "kabupaten-labuhanbatu-utara",
    "source": "https://id.wikipedia.org/wiki/Pemilihan_umum_Bupati_Labuhanbatu_Utara_2024"
}