{
    "title": "Pemilihan umum Bupati Aceh Barat 2024",
    "region": "Aceh Barat",
    "level": "KABUPATEN",
    "candidates": [
        {
            "name": "Bustamam.",
            "description": "",
            "profilePic": "",
            "sites": {},
            "communityID": "7ab9ea69-5ea8-4673-904a-54ded8f3e21b"
        },
        {
            "name": "Syamsi Barmi",
            "description": "",
            "profilePic": "",
            "sites": {},
            "communityID": "7ab9ea69-5ea8-4673-904a-54ded8f3e21b"
        },
        {
            "name": "Ishak Yusuf",
            "description": "",
            "profilePic": "",
            "sites": {},
            "communityID": "7ab9ea69-5ea8-4673-904a-54ded8f3e21b"
        },
        {
            "name": "Hamdan",
            "description": "",
            "profilePic": "",
            "sites": {},
            "communityID": "7ab9ea69-5ea8-4673-904a-54ded8f3e21b"
        },
        {
            "name": "Ramli",
            "description": "Ramli Sarwi Gozali Kartowidjojo (01 November 1950\u00a0\u2013\u00a023 Januari 2013) adalah seorang perancang busana berkebangsaan Indonesia. Profesi ini dijalaninya sejak 1975. Busana rancangannya dikenal berbasis bahan tradisional Indonesia, seperti batik, bordir, kain songket, dan tenun ikat.\n",
            "profilePic": "https://upload.wikimedia.org/wikipedia/commons/thumb/c/c5/Soekarno.jpg/1200px-Soekarno.jpg",
            "sites": {
                "name": "Wikipedia",
                "url": "https://id.wikipedia.org/wiki/Ramli"
            },
            "communityID": "7ab9ea69-5ea8-4673-904a-54ded8f3e21b"
        },
        {
            "name": "Teuku Alaidinsyah",
            "description": "H. Teuku Alaidinsyah (dikenal juga dengan H. Tito; lahir 8 Oktober 1964) adalah Bupati Aceh Barat periode 2012\u20142017.\n",
            "profilePic": "https://upload.wikimedia.org/wikipedia/commons/e/ed/Bupati_Aceh_Barat_Teuku_Alaidinsyah.jpg",
            "sites": {
                "name": "Wikipedia",
                "url": "https://id.wikipedia.org/wiki/Teuku_Alaidinsyah"
            },
            "communityID": "7ab9ea69-5ea8-4673-904a-54ded8f3e21b"
        },
        {
            "name": "Amiruddin",
            "description": "",
            "profilePic": "",
            "sites": {},
            "communityID": "7ab9ea69-5ea8-4673-904a-54ded8f3e21b"
        }
    ],
    "path": "kabupaten-aceh-barat",
    "source": "https://id.wikipedia.org/wiki/Pemilihan_umum_Bupati_Aceh_Barat_2024"
}