{
    "title": "Pemilihan umum Bupati Cirebon 2024",
    "region": "Cirebon",
    "level": "KABUPATEN",
    "candidates": [
        {
            "name": "Teguh Rusiana Merdeka",
            "description": "Teguh Rusiana Merdeka, S.H., (lahir 02 Mei 1986) adalah Politikus Indonesia yang menjabat sebagai Wakil Ketua Dewan Perwakilan Rakyat Daerah Kabupaten Cirebon[1]. Selain menjabat Wakil Ketua ia merangkap sebagai Anggota Dewan Perwakilan Rakyat Daerah Kabupaten Cirebon untuk Daerah Pemilihan V Kabupaten Cirebon meliputi Kecamatan Babakan, Kecamatan Gebang, Kecamatan Losari, Kecamatan Pabedilan dan Kecamatan Pangenan. Ia merupakan Ketua Dewan Pimpinan Daerah Partai Golongan Karya (Golkar).[2][3]\n",
            "profilePic": "https://upload.wikimedia.org/wikipedia/commons/e/ee/KPU_Teguh_Rusiana_Merdeka.jpg",
            "sites": {
                "name": "Wikipedia",
                "url": "https://id.wikipedia.org/wiki/Teguh_Rusiana_Merdeka"
            },
            "communityID": "0368d26c-2c6c-474f-a0e6-db141705dd67"
        },
        {
            "name": "Imron Rosyadi (politikus, lahir Desember 1961)",
            "description": "Drs. H. Imron Rosyadi, Lc., M.Ag., M.M. (lahir 17 Desember 1961) adalah seorang birokrat dan politisi Indonesia yang menjabat sebagai Bupati Cirebon yang menjabat sejak 1 Oktober 2019 hingga 17 Mei 2024. Imron terpilih sebagai Wakil Bupati Cirebon berpasangan dengan Sunjaya Purwadi Sastra dalam Pemilihan umum Bupati Cirebon 2018.\nPada tanggal 1 Oktober 2019, Gubernur Jawa Barat Ridwan Kamil melantik Imron sebagai Bupati Cirebon definitif. Imron dilantik bersamaan dengan pelantikan Wakil Bupati Indramayu.[1]\n",
            "profilePic": "https://upload.wikimedia.org/wikipedia/commons/a/a1/Imron_Rosyadi_Bupati_Cirebon.jpg",
            "sites": {
                "name": "Wikipedia",
                "url": "https://id.wikipedia.org/wiki/Imron_Rosyadi_(politikus,_lahir_Desember_1961)"
            },
            "communityID": "0368d26c-2c6c-474f-a0e6-db141705dd67"
        },
        {
            "name": "Wahyu Tjiptaningsih",
            "description": "Hj. Wahyu Tjiptaningsih, S.E., M.Si. (lahir 15 April 1970) yang akrab dipanggil Ayu adalah Wakil Bupati Cirebon Pengganti antar Waktu (PAW) periode 2019-2024 yang terpilih oleh DPRD Kabupaten Cirebon, setelah terjadi kekosongan jabatan karena Bupati sebelumnya yaitu suaminya sendiri Sunjaya Purwadi Sastra terjerat kasus korupsi jual beli jabatan dan ditetapkan sebagai tersangka dan digantikan oleh Wakil Bupati Imron Rosyadi sehingga posisi Wakil Bupati terjadi kekosongan. Pada pemilihan wakil bupati di DPRD, Ayu bersaing dengan Cunadi yang juga direkomendasikan oleh Dewan Pimpinan Pusat (DPP) Partai Demokrasi Indonesia Perjuangan (PDIP). Hasil pemilihan, seluruh anggota DPRD Kabupaten Cirebon, Wahyu Tjiptaningsih memperoleh suara 36, Cunadi 1 suara, dan 10 suara tidak sah.[1]\n",
            "profilePic": "https://upload.wikimedia.org/wikipedia/commons/a/ae/Wakil_Bupati_Cirebon_Wahyu_Tjiptaningsih.jpg",
            "sites": {
                "name": "Wikipedia",
                "url": "https://id.wikipedia.org/wiki/Wahyu_Tjiptaningsih"
            },
            "communityID": "0368d26c-2c6c-474f-a0e6-db141705dd67"
        },
        {
            "name": "Mohammad Luthfi",
            "description": "H. Mohammad Luthfi, S.T., M.Si. adalah seorang politikus yang menjabat sebagai Ketua DPRD Kabupaten Cirebon periode 2019 - 2024 dari Partai Kebangkitan Bangsa (PKB). Dia adalah tokoh PKB di Kabupaten Cirebon yang pernah menjabat Ketua DPC PKB Kabupaten Cirebon. Dia pernah mencalonkan diri pada Pemilihan Umum Bupati Cirebon 2013, ia mencalonkan diri sebagai calon Bupati Cirebon dari PKB berpasangan dengan Ratu Raja Arimbi Nurtina yang merupakan keturunan Keraton Kanoman yang diusung oleh PKB, PPP dan PBB, namun ia kalah dan hanya mendapat 18,45% suara berada pada urutan ketiga.\n",
            "profilePic": "https://upload.wikimedia.org/wikipedia/commons/thumb/2/21/Anggota_DPRD_Kabupaten_Cirebon_Mohammad_Luthfi.webp/828px-Anggota_DPRD_Kabupaten_Cirebon_Mohammad_Luthfi.webp.png",
            "sites": {
                "name": "Wikipedia",
                "url": "https://id.wikipedia.org/wiki/Mohammad_Luthfi"
            },
            "communityID": "0368d26c-2c6c-474f-a0e6-db141705dd67"
        },
        {
            "name": "Partai NasDem",
            "description": "Partai Nasional Demokrat (Nasdem), atau secara umum disingkat dengan Partai NasDem adalah sebuah partai politik di Indonesia yang didirikan berdasarkan akta notaris pada tanggal 1 Februari 2011 di Jakarta. Partai NasDem dideklarasikan pada tanggal 26 Juli 2011, lalu didaftarkan pada Kementerian Hukum dan Hak Asasi Manusia (Kemenkumham) pada tanggal 27 Juli 2011.[6] Partai NasDem ditetapkan oleh Kementerian Hukum dan Hak Asasi Manusia sebagai badan hukum pada tanggal 11 November 2011 dan ditetapkan sebagai tanggal pendirian Partai NasDem.\n",
            "profilePic": "https://upload.wikimedia.org/wikipedia/commons/thumb/e/e3/Partai_NasDem.svg/1200px-Partai_NasDem.svg.png",
            "sites": {
                "name": "Wikipedia",
                "url": "https://id.wikipedia.org/wiki/Partai_NasDem"
            },
            "communityID": "0368d26c-2c6c-474f-a0e6-db141705dd67"
        },
        {
            "name": "Muali",
            "description": "",
            "profilePic": "",
            "sites": {},
            "communityID": "0368d26c-2c6c-474f-a0e6-db141705dd67"
        },
        {
            "name": "Dewan Perwakilan Rakyat Daerah Kabupaten Cirebon",
            "description": "Dewan Perwakilan Rakyat Daerah Kabupaten Cirebon (disingkat DPRD Kabupaten Cirebon) (bahasa Sunda: \u1b93\u1ba6\u1b9d\u1b94\u1baa \u1b95\u1b80\u1b9d\u1b8a\u1ba4\u1b9c\u1baa \u1b9b\u1ba0\u1b9a\u1b92\u1baa \u1b93\u1b86\u1b9b\u1b82 \u1b8a\u1b98\u1ba5\u1b95\u1b92\u1ba6\u1b94\u1baa \u1b8e\u1ba4\u1b9b\u1ba8\u1b98\u1ba7\u1b94\u1baa, translit.\u00a0D\u00e9wan Pangwakil Rahayat Da\u00e9rah Kabupat\u00e9n Cirebon) adalah lembaga legislatif unikameral di Kabupaten Cirebon, Jawa Barat, Indonesia. Anggota DPRD Kabupaten Cirebon yang terpilih untuk masa bakti 2019-2024 melalui Pemilihan umum legislatif Indonesia 2019 terdiri dari 50 anggota, Berbeda dengan dua periode sebelumnya pada dua periode sebelumnya anggota legislatif di Kabupaten Cirebon didominasi oleh PDIP,[1][2] namun untuk periode 2019 - 2024 anggota legislatif didominasi oleh Partai Kebangkitan Bangsa (PKB).[3]\n",
            "profilePic": "https://upload.wikimedia.org/wikipedia/id/2/2c/Dprdkabcirebon.jpg",
            "sites": {
                "name": "Wikipedia",
                "url": "https://id.wikipedia.org/wiki/DPRD_Kabupaten_Cirebon"
            },
            "communityID": "0368d26c-2c6c-474f-a0e6-db141705dd67"
        },
        {
            "name": "Partai Keadilan Sejahtera",
            "description": "Partai Keadilan Sejahtera (PKS) adalah sebuah partai politik di Indonesia yang berbasis Islam.[2][3][5][6][12][13] Partai ini bercikal bakal dari penentangan sejumlah tokoh Islam terhadap kebijakan Presiden RI ke-2, Soeharto yang mengharuskan agar tiap-tiap ormas menjadikan Pancasila sebagai asas tunggal mereka.[14][15] Dari penentangan ini lahirlah Gerakan Tarbiyah. Gerakan Tarbiyah ini lalu membentuk lembaga dakwah kampus yang kemudian menjadi asal usul berdirinya Partai Keadilan pada 20 Juli 1998 pasca lengsernya pemerintahan Suharto.[2] Partai Keadilan kemudian bertransformasi menjadi Partai Keadilan Sejahtera pada tanggal 20 April 2002 akibat gagal memenuhi ambang batas parlemen sebesar 2%.[14][15]\n",
            "profilePic": "https://upload.wikimedia.org/wikipedia/commons/thumb/d/d2/Partai_Keadilan_Sejahtera_2020.svg/1200px-Partai_Keadilan_Sejahtera_2020.svg.png",
            "sites": {
                "name": "Wikipedia",
                "url": "https://id.wikipedia.org/wiki/Partai_Keadilan_Sejahtera"
            },
            "communityID": "0368d26c-2c6c-474f-a0e6-db141705dd67"
        },
        {
            "name": "Dewan Perwakilan Rakyat Daerah Kabupaten Cirebon",
            "description": "Dewan Perwakilan Rakyat Daerah Kabupaten Cirebon (disingkat DPRD Kabupaten Cirebon) (bahasa Sunda: \u1b93\u1ba6\u1b9d\u1b94\u1baa \u1b95\u1b80\u1b9d\u1b8a\u1ba4\u1b9c\u1baa \u1b9b\u1ba0\u1b9a\u1b92\u1baa \u1b93\u1b86\u1b9b\u1b82 \u1b8a\u1b98\u1ba5\u1b95\u1b92\u1ba6\u1b94\u1baa \u1b8e\u1ba4\u1b9b\u1ba8\u1b98\u1ba7\u1b94\u1baa, translit.\u00a0D\u00e9wan Pangwakil Rahayat Da\u00e9rah Kabupat\u00e9n Cirebon) adalah lembaga legislatif unikameral di Kabupaten Cirebon, Jawa Barat, Indonesia. Anggota DPRD Kabupaten Cirebon yang terpilih untuk masa bakti 2019-2024 melalui Pemilihan umum legislatif Indonesia 2019 terdiri dari 50 anggota, Berbeda dengan dua periode sebelumnya pada dua periode sebelumnya anggota legislatif di Kabupaten Cirebon didominasi oleh PDIP,[1][2] namun untuk periode 2019 - 2024 anggota legislatif didominasi oleh Partai Kebangkitan Bangsa (PKB).[3]\n",
            "profilePic": "https://upload.wikimedia.org/wikipedia/id/2/2c/Dprdkabcirebon.jpg",
            "sites": {
                "name": "Wikipedia",
                "url": "https://id.wikipedia.org/wiki/DPRD_Kabupaten_Cirebon"
            },
            "communityID": "0368d26c-2c6c-474f-a0e6-db141705dd67"
        },
        {
            "name": "Dewan Perwakilan Rakyat Daerah Provinsi Jawa Barat",
            "description": "Oposisi (32)\n",
            "profilePic": "https://upload.wikimedia.org/wikipedia/id/1/18/Logo_DPRD_Jawa_Barat.jpg",
            "sites": {
                "name": "Wikipedia",
                "url": "https://id.wikipedia.org/wiki/DPRD_Provinsi_Jawa_Barat"
            },
            "communityID": "0368d26c-2c6c-474f-a0e6-db141705dd67"
        },
        {
            "name": "M. Nuruzzaman",
            "description": "",
            "profilePic": "",
            "sites": {},
            "communityID": "0368d26c-2c6c-474f-a0e6-db141705dd67"
        },
        {
            "name": "Winadi",
            "description": "",
            "profilePic": "",
            "sites": {},
            "communityID": "0368d26c-2c6c-474f-a0e6-db141705dd67"
        },
        {
            "name": "Suharso",
            "description": "Prof. Dr. Soeharso (13 Mei 1912\u00a0\u2013\u00a027 Februari 1971) adalah dokter ahli bedah, pahlawan nasional Indonesia, dan pendiri Pusat Rehabilitasi Profesor Dokter Suharso yang merupakan tempat merawat penderita cacat jasmani.[1][2][3]\n",
            "profilePic": "https://upload.wikimedia.org/wikipedia/commons/7/73/Suharso_2001_Indonesia_stamp.jpg",
            "sites": {
                "name": "Wikipedia",
                "url": "https://id.wikipedia.org/wiki/Suharso"
            },
            "communityID": "0368d26c-2c6c-474f-a0e6-db141705dd67"
        }
    ],
    "source": "https://id.wikipedia.org/wiki/Pemilihan_umum_Bupati_Cirebon_2024",
    "path": "kabupaten-cirebon"
}