{
    "title": "Pemilihan umum Bupati Merangin 2024",
    "region": "Merangin",
    "level": "KABUPATEN",
    "candidates": [
        {
            "name": "Handayani (politikus)",
            "description": "H. Handayani, S.K.M., M.P.H. (lahir 23 Mei 1965) adalah seorang politikus Indonesia. Saat ini ia menjabat sebagai Anggota DPR-RI sejak 2023 mewakili daerah pemilihan Jambi. Handayani menggantikan Sofyan Ali yang terjerat kasus ketok palu RAPBD Provinsi Jambi 2017-2018.[1] Sebelumnya, ia juga pernah mengemban jabatan yang sama pada periode 2014-2019.[2]\n",
            "profilePic": "https://upload.wikimedia.org/wikipedia/commons/8/87/KPU_Handayani.jpg",
            "sites": {
                "name": "Wikipedia",
                "url": "https://id.wikipedia.org/wiki/Handayani_(politikus)"
            },
            "communityID": "83ee023b-0c38-4a14-a1f8-8b00c58b5062"
        },
        {
            "name": "Mashuri (politikus, lahir 1958)",
            "description": "H. Mashuri, S.Pd. M.M. (lahir 7 September 1958) adalah Bupati Merangin periode 2021\u20132023, menggantikan Al Haris yang dilantik sebagai Gubernur Jambi.[1][2] Sebelumnya, Ia menjabat sebagai Wakil Bupati Merangin periode 2018\u20132021.[3][4]\n",
            "profilePic": "https://upload.wikimedia.org/wikipedia/commons/thumb/4/4b/Bupati_Merangin_Mashuri.jpg/1200px-Bupati_Merangin_Mashuri.jpg",
            "sites": {
                "name": "Wikipedia",
                "url": "https://id.wikipedia.org/wiki/Mashuri_(politikus,_lahir_1958)"
            },
            "communityID": "83ee023b-0c38-4a14-a1f8-8b00c58b5062"
        },
        {
            "name": "M. Syukur",
            "description": "H. Muhammad Syukur, S.H., M.H. (lahir 15 Juli 1981) adalah senator wakil provinsi Jambi. Ia merupakan anggota DPD RI tiga periode melalui daerah pemilihan Jambi. Selain dikenal sebagai politisi, Syukur yang merupakan magister hukum lulusan Universitas Jayabaya ini sebelumnya juga dikenal sebagai aktivis.[1]\n",
            "profilePic": "https://upload.wikimedia.org/wikipedia/commons/1/15/Anggota-20191009_202347-JAMBI_-_SYUKUR.jpg",
            "sites": {
                "name": "Wikipedia",
                "url": "https://id.wikipedia.org/wiki/M._Syukur"
            },
            "communityID": "83ee023b-0c38-4a14-a1f8-8b00c58b5062"
        },
        {
            "name": "Nalim",
            "description": "Kompol (Purn.) Dr. Drs. H. Nalim, S.H., M.M., gelar Datuk Darah Putih[1] (lahir 1 Juni 1960) adalah Bupati Merangin periode 2008\u20142013.[2] Ia merupakan purnawirawan perwira menengah tingkat satu polri yang memiliki jabatan terakhir sebagai Kasat III Tipikor Dit Reskrim Polda Sumbar.[3][4]\n",
            "profilePic": "https://upload.wikimedia.org/wikipedia/commons/1/13/Bupati_Merangin_Nalim.jpg",
            "sites": {
                "name": "Wikipedia",
                "url": "https://id.wikipedia.org/wiki/Nalim"
            },
            "communityID": "83ee023b-0c38-4a14-a1f8-8b00c58b5062"
        },
        {
            "name": "Nilwan Yahya",
            "description": "Nilwan Yahya, S.E. (lahir 16 Maret 1974) adalah Wakil Bupati Merangin sejak 25 Agustus 2022 yang dilantik oleh Gubernur Jambi, Al Haris. Ia menjadi pendamping Mashuri, sampai masa jabatan 22 September 2023.[2]\n",
            "profilePic": "https://upload.wikimedia.org/wikipedia/commons/e/e5/Wabup_Merangin_Nilwan_Yahya.jpg",
            "sites": {
                "name": "Wikipedia",
                "url": "https://id.wikipedia.org/wiki/Nilwan_Yahya"
            },
            "communityID": "83ee023b-0c38-4a14-a1f8-8b00c58b5062"
        },
        {
            "name": "Pinto Jayanegara",
            "description": "Pinto Jayanegara, B.A., S.Psi., M.Si. (lahir 2 Juni 1983) adalah seorang politikus dan pengusaha Indonesia. Ia menjabat sebagai wakil ketua DPRD Provinsi Jambi periode 2019-2024.[1] Pinto adalah anak dari mantan Wakil Gubernur Jambi, Antony Zeidra Abidin.[2]\n",
            "profilePic": "https://upload.wikimedia.org/wikipedia/commons/9/90/KPU_Pinto_Jayanegara.jpg",
            "sites": {
                "name": "Wikipedia",
                "url": "https://id.wikipedia.org/wiki/Pinto_Jayanegara"
            },
            "communityID": "83ee023b-0c38-4a14-a1f8-8b00c58b5062"
        },
        {
            "name": "Tri Herman Efendy",
            "description": "",
            "profilePic": "",
            "sites": {},
            "communityID": "83ee023b-0c38-4a14-a1f8-8b00c58b5062"
        },
        {
            "name": "As'ari El Wakas",
            "description": "",
            "profilePic": "",
            "sites": {},
            "communityID": "83ee023b-0c38-4a14-a1f8-8b00c58b5062"
        }
    ],
    "source": "https://id.wikipedia.org/wiki/Pemilihan_umum_Bupati_Merangin_2024",
    "path": "kabupaten-merangin"
}