{
    "title": "Pemilihan umum Bupati Belitung Timur 2024",
    "region": "Belitung Timur",
    "level": "KABUPATEN",
    "candidates": [
        {
            "name": "Burhanudin",
            "description": "Adelia Dwi Rizki\n",
            "profilePic": "https://upload.wikimedia.org/wikipedia/commons/0/07/Burhanuddin%2C_Bupati_Belitung_Timur.png",
            "sites": {
                "name": "Wikipedia",
                "url": "https://id.wikipedia.org/wiki/Burhanudin"
            },
            "communityID": "7d240884-6158-4c8e-94f4-f46cabdc3c00"
        },
        {
            "name": "Khairil Anwar (birokrat)",
            "description": "",
            "profilePic": "",
            "sites": {},
            "communityID": "7d240884-6158-4c8e-94f4-f46cabdc3c00"
        },
        {
            "name": "Fezzi Uktolseja",
            "description": "",
            "profilePic": "",
            "sites": {},
            "communityID": "7d240884-6158-4c8e-94f4-f46cabdc3c00"
        }
    ],
    "path": "kabupaten-belitung-timur",
    "source": "https://id.wikipedia.org/wiki/Pemilihan_umum_Bupati_Belitung_Timur_2024"
}