{
    "title": "Pemilihan umum Bupati Tulang Bawang Barat 2024",
    "region": "Tulang Bawang Barat",
    "level": "KABUPATEN",
    "candidates": [
        {
            "name": "Fauzi Hasan",
            "description": "",
            "profilePic": "",
            "sites": {},
            "communityID": "9b0c8a4f-fa73-4514-9bb5-78e6f3ebe286"
        },
        {
            "name": "Kherlani",
            "description": "Kherlani (lahir 4 Mei 1962) adalah Pjs Bupati Kabupaten Pesisir Barat yang pertama yang kemudian digantikan oleh Qodratul Ikhwan. Ia juga pernah menjabat sebagai Wakil Wali kota Bandar Lampung periode 2005 - 2010.[1] Kini ia menjabat Pjs. Bupati Lampung Selatan [2] menggantikan Rycko Menoza yang maju dalam Pilkada Serentak 2015.\n",
            "profilePic": "https://upload.wikimedia.org/wikipedia/id/6/6d/Foto_Resmi_Kherlani_sebagai_Pjs._Bupati_Lampung_Selatan.jpg",
            "sites": {
                "name": "Wikipedia",
                "url": "https://id.wikipedia.org/wiki/Kherlani"
            },
            "communityID": "9b0c8a4f-fa73-4514-9bb5-78e6f3ebe286"
        },
        {
            "name": "Berlian Tihang",
            "description": "Berlian Tihang (lahir 19 November 1960) adalah Mantan Sekda Provinsi Lampung untuk masa jabat 2011-2016. Namun pada bulan Juli 2014, Berlian Tihang mencalonkan diri untuk Gubernur Lampung periode 2014 - 2019.\n",
            "profilePic": "https://upload.wikimedia.org/wikipedia/id/9/9c/Berlian_Tihang.jpg",
            "sites": {
                "name": "Wikipedia",
                "url": "https://id.wikipedia.org/wiki/Berlian_Tihang"
            },
            "communityID": "9b0c8a4f-fa73-4514-9bb5-78e6f3ebe286"
        }
    ],
    "path": "kabupaten-tulang-bawang-barat",
    "source": "https://id.wikipedia.org/wiki/Pemilihan_umum_Bupati_Tulang_Bawang_Barat_2024"
}