{
    "title": "Pemilihan umum Bupati Ponorogo 2024",
    "region": "Ponorogo",
    "level": "KABUPATEN",
    "candidates": [
        {
            "name": "Sugiri Sancoko",
            "description": "\n",
            "profilePic": "https://upload.wikimedia.org/wikipedia/commons/d/db/Sugiri_Sancoko_Bupati_Ponorogo.jpg",
            "sites": {
                "name": "Wikipedia",
                "url": "https://id.wikipedia.org/wiki/Sugiri_Sancoko"
            },
            "communityID": "a70c6a11-b9da-4461-bb00-c313ceedca35"
        },
        {
            "name": "Lisdyarita",
            "description": "Hj. Lisdyarita, S.H. (lahir 18 Maret 1978) adalah politikus PDI Perjuangan yang menjabat sebagai Wakil Bupati Ponorogo periode 2021-2024.\n",
            "profilePic": "",
            "sites": {
                "name": "Wikipedia",
                "url": "https://id.wikipedia.org/wiki/Lisdyarita"
            },
            "communityID": "a70c6a11-b9da-4461-bb00-c313ceedca35"
        }
    ],
    "path": "kabupaten-ponorogo",
    "source": "https://id.wikipedia.org/wiki/Pemilihan_umum_Bupati_Ponorogo_2024"
}