{
    "title": "Pemilihan umum Bupati Sumba Barat Daya 2024",
    "region": "Sumba Barat Daya",
    "level": "KABUPATEN",
    "candidates": [
        {
            "name": "Marthen Christian Taka",
            "description": "",
            "profilePic": "",
            "sites": {},
            "communityID": "30df71d6-511a-4904-a3c2-23429681babb"
        },
        {
            "name": "Soleman Lende Dappa",
            "description": "",
            "profilePic": "",
            "sites": {},
            "communityID": "30df71d6-511a-4904-a3c2-23429681babb"
        },
        {
            "name": "Dominggus Dama",
            "description": "",
            "profilePic": "",
            "sites": {},
            "communityID": "30df71d6-511a-4904-a3c2-23429681babb"
        }
    ],
    "path": "kabupaten-sumba-barat-daya",
    "source": "https://id.wikipedia.org/wiki/Pemilihan_umum_Bupati_Sumba_Barat_Daya_2024"
}