{
    "title": "Pemilihan umum Bupati Tabalong 2024",
    "region": "Tabalong",
    "level": "KABUPATEN",
    "candidates": [
        {
            "name": "Mawardi.",
            "description": "",
            "profilePic": "",
            "sites": {},
            "communityID": "c42c213c-b2b1-4c9a-996b-03a4d45b30bb"
        },
        {
            "name": "Zony Alfianoor",
            "description": "H. Zony Alfianoor, SE, Akt, MM (lahir 13 Desember 1968) adalah wakil bupati Tabalong yang menjabat saat ini untuk masa periode 2014\u20132019.[1] Ia menjabat sebagai wakil bupati Tabalong berpasangan dengan bupati Anang Syakhfiani dilantik oleh Gubernur Kalsel Rudy Ariffin pada 17 Maret 2014 di halaman Gedung DPRD Tabalong.[2]\n",
            "profilePic": "",
            "sites": {
                "name": "Wikipedia",
                "url": "https://id.wikipedia.org/wiki/Zony_Alfianoor"
            },
            "communityID": "c42c213c-b2b1-4c9a-996b-03a4d45b30bb"
        },
        {
            "name": "Norhasani",
            "description": "",
            "profilePic": "",
            "sites": {},
            "communityID": "c42c213c-b2b1-4c9a-996b-03a4d45b30bb"
        },
        {
            "name": "Hj Noor Farida",
            "description": "",
            "profilePic": "",
            "sites": {},
            "communityID": "c42c213c-b2b1-4c9a-996b-03a4d45b30bb"
        },
        {
            "name": "Noor Rifani",
            "description": "",
            "profilePic": "",
            "sites": {},
            "communityID": "c42c213c-b2b1-4c9a-996b-03a4d45b30bb"
        },
        {
            "name": "Mustafa.",
            "description": "",
            "profilePic": "",
            "sites": {},
            "communityID": "c42c213c-b2b1-4c9a-996b-03a4d45b30bb"
        },
        {
            "name": "Habib Muhammad Taufani Alkaf",
            "description": "",
            "profilePic": "",
            "sites": {},
            "communityID": "c42c213c-b2b1-4c9a-996b-03a4d45b30bb"
        },
        {
            "name": "Hj. Sumiati",
            "description": "",
            "profilePic": "",
            "sites": {},
            "communityID": "c42c213c-b2b1-4c9a-996b-03a4d45b30bb"
        },
        {
            "name": "Firman Yusi",
            "description": "",
            "profilePic": "",
            "sites": {},
            "communityID": "c42c213c-b2b1-4c9a-996b-03a4d45b30bb"
        },
        {
            "name": "Erwan Mardani",
            "description": "",
            "profilePic": "",
            "sites": {},
            "communityID": "c42c213c-b2b1-4c9a-996b-03a4d45b30bb"
        }
    ],
    "path": "kabupaten-tabalong",
    "source": "https://id.wikipedia.org/wiki/Pemilihan_umum_Bupati_Tabalong_2024"
}