{
    "title": "Pemilihan umum Bupati Lembata 2024",
    "region": "Lembata",
    "level": "KABUPATEN",
    "candidates": [
        {
            "name": "Yohanes Derosari",
            "description": "",
            "profilePic": "",
            "sites": {},
            "communityID": "78fcb639-4c89-4a57-bdcf-a177a61c11f1"
        },
        {
            "name": "Thomas Ola Langoday",
            "description": "",
            "profilePic": "",
            "sites": {},
            "communityID": "78fcb639-4c89-4a57-bdcf-a177a61c11f1"
        },
        {
            "name": "Herman Yosef Loli Wutun",
            "description": "Herman Yosef Loli Wutun (lahir 08 Juli 1954) adalah seorang praktisi Koperasi yang juga pernah aktif sebagai anggota Majelis Permusyawaratan Rakyat (MPR) Utusan Daerah Provinsi Nusa Tenggara Timur tahun 1999-2004, diusulkan melalui Partai Golongan Karya. Ia adalah kakek dari seorang cucu yang bernama Joseph Joya Juan Diego Asa dan ayah empat orang anak yaitu Maria Bernadethe Mawarni Gelu Wutun, Hermawati Rose Liwat Tena Wutun, Pedro Sarmento Aster Pehan Wutun, dan Mathilda Oliander Nogomukang Wutun dari seorang istri Petronela Peni Sanga.\n",
            "profilePic": "https://upload.wikimedia.org/wikipedia/id/9/9f/Herman_wutun.jpg",
            "sites": {
                "name": "Wikipedia",
                "url": "https://id.wikipedia.org/wiki/Herman_Wutun"
            },
            "communityID": "78fcb639-4c89-4a57-bdcf-a177a61c11f1"
        },
        {
            "name": "Petrus Sinun Manuk",
            "description": "",
            "profilePic": "",
            "sites": {},
            "communityID": "78fcb639-4c89-4a57-bdcf-a177a61c11f1"
        },
        {
            "name": "John Batafor",
            "description": "",
            "profilePic": "",
            "sites": {},
            "communityID": "78fcb639-4c89-4a57-bdcf-a177a61c11f1"
        },
        {
            "name": "Fery Koban",
            "description": "",
            "profilePic": "",
            "sites": {},
            "communityID": "78fcb639-4c89-4a57-bdcf-a177a61c11f1"
        },
        {
            "name": "Gewura Fransiskus",
            "description": "",
            "profilePic": "",
            "sites": {},
            "communityID": "78fcb639-4c89-4a57-bdcf-a177a61c11f1"
        }
    ],
    "source": "https://id.wikipedia.org/wiki/Pemilihan_umum_Bupati_Lembata_2024",
    "path": "kabupaten-lembata"
}