{
    "title": "Pemilihan umum Bupati Konawe Selatan 2024",
    "region": "Konawe Selatan",
    "level": "KABUPATEN",
    "candidates": [
        {
            "name": "Rasyid",
            "description": "Rasyid adalah seorang politikus Indonesia. Pada Pemilihan umum Bupati Konawe Selatan 2020, ia terpilih menjadi Wakil Bupati Konawe Selatan mendampingi Surunuddin Dangga selaku Bupati Konawe Selatan. Ia tergabung dalam Partai Keadilan Sejahtera (PKS).[1] Ia merupakan anggota Dewan Perwakilan Rakyat Daerah (DPRD) Provinsi Sulawesi Tenggara dari 2004 sampai 2024 dan berada di Komisi II PKS.[2]\n",
            "profilePic": "https://upload.wikimedia.org/wikipedia/commons/c/c3/Wakil_Bupati_Kabupaten_Konawe_Selatan_Rasyid.png",
            "sites": {
                "name": "Wikipedia",
                "url": "https://id.wikipedia.org/wiki/Rasyid"
            },
            "communityID": "0f68f0d3-22e2-46a9-9f5e-d4e790bcfcf5"
        },
        {
            "name": "Muhammad Endang",
            "description": "",
            "profilePic": "",
            "sites": {},
            "communityID": "0f68f0d3-22e2-46a9-9f5e-d4e790bcfcf5"
        },
        {
            "name": "Nurlin Surunuddin",
            "description": "",
            "profilePic": "",
            "sites": {},
            "communityID": "0f68f0d3-22e2-46a9-9f5e-d4e790bcfcf5"
        },
        {
            "name": "Wahyu Ade Pratama Imran",
            "description": "",
            "profilePic": "",
            "sites": {},
            "communityID": "0f68f0d3-22e2-46a9-9f5e-d4e790bcfcf5"
        },
        {
            "name": "Mahar Buburanda Imran",
            "description": "",
            "profilePic": "",
            "sites": {},
            "communityID": "0f68f0d3-22e2-46a9-9f5e-d4e790bcfcf5"
        },
        {
            "name": "Leni Andriani",
            "description": "",
            "profilePic": "",
            "sites": {},
            "communityID": "0f68f0d3-22e2-46a9-9f5e-d4e790bcfcf5"
        },
        {
            "name": "Irham Kalenggo",
            "description": "",
            "profilePic": "",
            "sites": {},
            "communityID": "0f68f0d3-22e2-46a9-9f5e-d4e790bcfcf5"
        },
        {
            "name": "Nadira",
            "description": "",
            "profilePic": "",
            "sites": {},
            "communityID": "0f68f0d3-22e2-46a9-9f5e-d4e790bcfcf5"
        },
        {
            "name": "Radhan Nur Alam",
            "description": "",
            "profilePic": "",
            "sites": {},
            "communityID": "0f68f0d3-22e2-46a9-9f5e-d4e790bcfcf5"
        },
        {
            "name": "Adi Jaya Putra",
            "description": "",
            "profilePic": "",
            "sites": {},
            "communityID": "0f68f0d3-22e2-46a9-9f5e-d4e790bcfcf5"
        },
        {
            "name": "Armal",
            "description": "",
            "profilePic": "",
            "sites": {},
            "communityID": "0f68f0d3-22e2-46a9-9f5e-d4e790bcfcf5"
        }
    ],
    "path": "kabupaten-konawe-selatan",
    "source": "https://id.wikipedia.org/wiki/Pemilihan_umum_Bupati_Konawe_Selatan_2024"
}