{
    "title": "Pemilihan umum Bupati Maluku Tengah 2024",
    "region": "Maluku Tengah",
    "level": "KABUPATEN",
    "candidates": [
        {
            "name": "Imanuel Seipalla",
            "description": "",
            "profilePic": "",
            "sites": {},
            "communityID": "b80c436b-04a6-49ca-9db5-12613b53702d"
        },
        {
            "name": "Marlatu Laurence Leleury",
            "description": "",
            "profilePic": "",
            "sites": {},
            "communityID": "b80c436b-04a6-49ca-9db5-12613b53702d"
        },
        {
            "name": "Jusuf Latuconsina",
            "description": "",
            "profilePic": "",
            "sites": {},
            "communityID": "b80c436b-04a6-49ca-9db5-12613b53702d"
        },
        {
            "name": "Hamzah Sangadji",
            "description": "",
            "profilePic": "",
            "sites": {},
            "communityID": "b80c436b-04a6-49ca-9db5-12613b53702d"
        },
        {
            "name": "Mozes Rudi Frans Timisela",
            "description": "",
            "profilePic": "",
            "sites": {},
            "communityID": "b80c436b-04a6-49ca-9db5-12613b53702d"
        },
        {
            "name": "Lucky Wattimury",
            "description": "Lucky Wattimury (lahir 21 Juli 1960) adalah politikus PDI Perjuangan yang berasal dari Maluku. Ia menjabat sebagai Ketua DPRD Maluku sejak 25 Oktober 2019.[1] Lucky berhasil menjadi anggota DPRD Maluku pada Pemilu 2019 setelah berhasil mengumpulkan 6.650 suara di Daerah Pemilihan (Dapil) Maluku 1 yang meliputi Kota Ambon.[2]\n",
            "profilePic": "https://upload.wikimedia.org/wikipedia/commons/7/76/KPU_Lucky_Wattimury.jpg",
            "sites": {
                "name": "Wikipedia",
                "url": "https://id.wikipedia.org/wiki/Lucky_Wattimury"
            },
            "communityID": "b80c436b-04a6-49ca-9db5-12613b53702d"
        }
    ],
    "path": "kabupaten-maluku-tengah",
    "source": "https://id.wikipedia.org/wiki/Pemilihan_umum_Bupati_Maluku_Tengah_2024"
}