{
    "title": "Pemilihan umum Bupati Takalar 2024",
    "region": "Takalar",
    "level": "KABUPATEN",
    "candidates": [
        {
            "name": "Makmur Mustakim",
            "description": "",
            "profilePic": "",
            "sites": {},
            "communityID": "0f026bf6-9ece-4f21-ad1a-fbbb54c923e7"
        },
        {
            "name": "Daeng Manye",
            "description": "",
            "profilePic": "",
            "sites": {},
            "communityID": "0f026bf6-9ece-4f21-ad1a-fbbb54c923e7"
        },
        {
            "name": "Hengky Yasin",
            "description": "",
            "profilePic": "",
            "sites": {},
            "communityID": "0f026bf6-9ece-4f21-ad1a-fbbb54c923e7"
        },
        {
            "name": "Ahmad Daeng Tonang",
            "description": "",
            "profilePic": "",
            "sites": {},
            "communityID": "0f026bf6-9ece-4f21-ad1a-fbbb54c923e7"
        },
        {
            "name": "Irwan Iskandar",
            "description": "",
            "profilePic": "",
            "sites": {},
            "communityID": "0f026bf6-9ece-4f21-ad1a-fbbb54c923e7"
        }
    ],
    "path": "kabupaten-takalar",
    "source": "https://id.wikipedia.org/wiki/Pemilihan_umum_Bupati_Takalar_2024"
}