{
    "title": "Pemilihan umum Bupati Gresik 2024",
    "region": "Gresik",
    "level": "KABUPATEN",
    "candidates": [
        {
            "name": "Fandi Akhmad Yani",
            "description": "H. Fandi Akhmad Yani, S.E. (lahir 28 Juni 1985) adalah Bupati Gresik yang menjabat sejak 26 Februari 2021. Ia sebelumnya menjabat sebagai Ketua DPRD Kabupaten Gresik sejak tanggal 23 September 2019 hingga 3 September 2020.[1]\n",
            "profilePic": "https://upload.wikimedia.org/wikipedia/commons/2/27/Fandi_Akhmad_Yani.png",
            "sites": {
                "name": "Wikipedia",
                "url": "https://id.wikipedia.org/wiki/Fandi_Akhmad_Yani"
            },
            "communityID": "3a968bfe-8acc-47de-a24e-640a51cddbea"
        },
        {
            "name": "Aminatun Habibah",
            "description": "Dra. Hj. Aminatun Habibah, M.Pd. (lahir 19 April 1966) adalah politikus PDI Perjuangan yang menjabat sebagai Wakil Bupati Gresik periode 2021-2024. Aminatun juga menjabat sebagai Ketua Bamusi DPC PDI Perjuangan Kabupaten Gresik sejak 14 Februari 2021.[1]\n",
            "profilePic": "https://upload.wikimedia.org/wikipedia/commons/b/b0/Wakil_Bupati_Gresik_Aminatun_Habibah.png",
            "sites": {
                "name": "Wikipedia",
                "url": "https://id.wikipedia.org/wiki/Aminatun_Habibah"
            },
            "communityID": "3a968bfe-8acc-47de-a24e-640a51cddbea"
        },
        {
            "name": "Mohammad Qosim",
            "description": "Dr. H. Mohammad Qosim, M.Si. (lahir 21 Maret 1958) adalah politisi PKB yang menjabat sebagai Wakil Bupati Gresik periode 2010-2015 dan 2016-2021.\n",
            "profilePic": "",
            "sites": {
                "name": "Wikipedia",
                "url": "https://id.wikipedia.org/wiki/Mohammad_Qosim"
            },
            "communityID": "3a968bfe-8acc-47de-a24e-640a51cddbea"
        },
        {
            "name": "Thoriq Majiddanor",
            "description": "",
            "profilePic": "",
            "sites": {},
            "communityID": "3a968bfe-8acc-47de-a24e-640a51cddbea"
        },
        {
            "name": "Khilmi",
            "description": "H. Khilmi (lahir 12 September 1965) adalah politikus Indonesia yang menjabat sebagai anggota DPR-RI selama dua periode (2014\u20132019 dan 2019\u20132024). Ia mewakili daerah pemilihan Jawa Timur X, yang meliputi Kabupaten Lamongan dan Kabupaten Gresik. Khilmi merupakan kader Partai Gerakan Indonesia Raya, ia bertugas di Komisi VI.[1]\n",
            "profilePic": "https://upload.wikimedia.org/wikipedia/commons/d/d4/Anggota_DPR_Khilmi.jpg",
            "sites": {
                "name": "Wikipedia",
                "url": "https://id.wikipedia.org/wiki/Khilmi"
            },
            "communityID": "3a968bfe-8acc-47de-a24e-640a51cddbea"
        },
        {
            "name": "Ufiq Zuroida",
            "description": "",
            "profilePic": "",
            "sites": {},
            "communityID": "3a968bfe-8acc-47de-a24e-640a51cddbea"
        },
        {
            "name": "Ahmad Iwan Zunaih",
            "description": "",
            "profilePic": "",
            "sites": {},
            "communityID": "3a968bfe-8acc-47de-a24e-640a51cddbea"
        },
        {
            "name": "Wongso Negoro",
            "description": "",
            "profilePic": "",
            "sites": {},
            "communityID": "3a968bfe-8acc-47de-a24e-640a51cddbea"
        },
        {
            "name": "Asluchul Alif",
            "description": "",
            "profilePic": "",
            "sites": {},
            "communityID": "3a968bfe-8acc-47de-a24e-640a51cddbea"
        },
        {
            "name": "Ahmad Nurhamim",
            "description": "",
            "profilePic": "",
            "sites": {},
            "communityID": "3a968bfe-8acc-47de-a24e-640a51cddbea"
        },
        {
            "name": "Muhammad Abdul Qodir",
            "description": "",
            "profilePic": "",
            "sites": {},
            "communityID": "3a968bfe-8acc-47de-a24e-640a51cddbea"
        },
        {
            "name": "Mujid Riduan",
            "description": "",
            "profilePic": "",
            "sites": {},
            "communityID": "3a968bfe-8acc-47de-a24e-640a51cddbea"
        },
        {
            "name": "Noto Utomo",
            "description": "",
            "profilePic": "",
            "sites": {},
            "communityID": "3a968bfe-8acc-47de-a24e-640a51cddbea"
        },
        {
            "name": "Elvita Vetty",
            "description": "",
            "profilePic": "",
            "sites": {},
            "communityID": "3a968bfe-8acc-47de-a24e-640a51cddbea"
        },
        {
            "name": "Nasyirul Falah Amru",
            "description": "",
            "profilePic": "",
            "sites": {},
            "communityID": "3a968bfe-8acc-47de-a24e-640a51cddbea"
        },
        {
            "name": "Nila Yani Hardiyanti",
            "description": "",
            "profilePic": "",
            "sites": {},
            "communityID": "3a968bfe-8acc-47de-a24e-640a51cddbea"
        },
        {
            "name": "Nadlir",
            "description": "",
            "profilePic": "",
            "sites": {},
            "communityID": "3a968bfe-8acc-47de-a24e-640a51cddbea"
        },
        {
            "name": "Siti Muafiyah",
            "description": "",
            "profilePic": "",
            "sites": {},
            "communityID": "3a968bfe-8acc-47de-a24e-640a51cddbea"
        },
        {
            "name": "Mega Bagus Saputro",
            "description": "",
            "profilePic": "",
            "sites": {},
            "communityID": "3a968bfe-8acc-47de-a24e-640a51cddbea"
        },
        {
            "name": "Andriana Ika Faroyanto",
            "description": "",
            "profilePic": "",
            "sites": {},
            "communityID": "3a968bfe-8acc-47de-a24e-640a51cddbea"
        },
        {
            "name": "Fatkhur Rizki",
            "description": "",
            "profilePic": "",
            "sites": {},
            "communityID": "3a968bfe-8acc-47de-a24e-640a51cddbea"
        },
        {
            "name": "Surya Pradana Adipati Arga",
            "description": "",
            "profilePic": "",
            "sites": {},
            "communityID": "3a968bfe-8acc-47de-a24e-640a51cddbea"
        }
    ],
    "source": "https://id.wikipedia.org/wiki/Pemilihan_umum_Bupati_Gresik_2024",
    "path": "kabupaten-gresik"
}