{
    "title": "Pemilihan umum Bupati Barito Kuala 2024",
    "region": "Barito Kuala",
    "level": "KABUPATEN",
    "candidates": [
        {
            "name": "Noormiliyani",
            "description": "Hj. Noormiliyani Aberani Sulaiman, S.H. (lahir 21 April 1959) adalah bupati Barito Kuala yang mulai menjabat pada 4 November 2017 hingga 4 November 2022.[2] Ia dilantik oleh Gubernur Kalimantan Selatan Sahbirin Noor di Gedung Mahligai Pancasila Banjarmasin dan menjadi bupati perempuan pertama di Barito Kuala dan juga se-Kalimantan Selatan.[3]\n",
            "profilePic": "https://upload.wikimedia.org/wikipedia/commons/e/e3/Noormiliyani.jpg",
            "sites": {
                "name": "Wikipedia",
                "url": "https://id.wikipedia.org/wiki/Noormiliyani"
            },
            "communityID": "df0a11f6-9810-449b-8d7b-00e3e3b9702d"
        },
        {
            "name": "Rahmadian Noor",
            "description": "",
            "profilePic": "",
            "sites": {},
            "communityID": "df0a11f6-9810-449b-8d7b-00e3e3b9702d"
        },
        {
            "name": "Hasan Ismail",
            "description": "",
            "profilePic": "",
            "sites": {},
            "communityID": "df0a11f6-9810-449b-8d7b-00e3e3b9702d"
        },
        {
            "name": "M. Agung Purnomo",
            "description": "",
            "profilePic": "",
            "sites": {},
            "communityID": "df0a11f6-9810-449b-8d7b-00e3e3b9702d"
        },
        {
            "name": "Fahrin Nizar",
            "description": "",
            "profilePic": "",
            "sites": {},
            "communityID": "df0a11f6-9810-449b-8d7b-00e3e3b9702d"
        },
        {
            "name": "Hj. Dewi Damayanti Said",
            "description": "",
            "profilePic": "",
            "sites": {},
            "communityID": "df0a11f6-9810-449b-8d7b-00e3e3b9702d"
        },
        {
            "name": "Bahrul Ilmi",
            "description": "",
            "profilePic": "",
            "sites": {},
            "communityID": "df0a11f6-9810-449b-8d7b-00e3e3b9702d"
        },
        {
            "name": "Mujiyat",
            "description": "",
            "profilePic": "",
            "sites": {},
            "communityID": "df0a11f6-9810-449b-8d7b-00e3e3b9702d"
        },
        {
            "name": "Dra. Arfah",
            "description": "",
            "profilePic": "",
            "sites": {},
            "communityID": "df0a11f6-9810-449b-8d7b-00e3e3b9702d"
        }
    ],
    "path": "kabupaten-barito-kuala",
    "source": "https://id.wikipedia.org/wiki/Pemilihan_umum_Bupati_Barito_Kuala_2024"
}