{
    "title": "Pemilihan umum Bupati Lima Puluh Kota 2024",
    "region": "Lima Puluh Kota",
    "level": "KABUPATEN",
    "candidates": [
        {
            "name": "Safaruddin Datuak Bandaro Rajo",
            "description": "H. Safaruddin, S.H. gelar Datuak Bandaro Rajo (lahir 28 Agustus 1957) adalah politikus Indonesia. Ia adalah Bupati Lima Puluh Kota periode 2021\u20142024.[2] Bersama wakilnya, Rizki Kurniawan Nakasri, mereka berhasil memenangkan pemilihan umum Bupati Lima Puluh Kota 2020. Ia pernah menjabat sebagai Anggota DPRD Sumatera Barat Fraksi Golkar periode 2019\u20142024.\n",
            "profilePic": "https://upload.wikimedia.org/wikipedia/commons/c/c9/Bupati_Lima_Puluh_Kota_periode_2021_2024_Safaruddin.jpeg",
            "sites": {
                "name": "Wikipedia",
                "url": "https://id.wikipedia.org/wiki/Safaruddin_Datuak_Bandaro_Rajo"
            },
            "communityID": "0ec863ce-b776-40ca-aa69-1337145539f0"
        },
        {
            "name": "Rizki Kurniawan Nakasri",
            "description": "Rizki Kurniawan Nakasri, S.S. (lahir 16 Januari 1987) adalah pengusaha dan politikus Indonesia dari Partai NasDem. Ia menjabat Wakil Bupati Lima Puluh Kota periode 2021\u20142024.[2] Ia adalah wakil dari Bupati Lima Puluh Kota, Safaruddin Datuak Bandaro Rajo.\n",
            "profilePic": "https://upload.wikimedia.org/wikipedia/commons/2/2a/Wakil_Bupati_Lima_Puluh_Kota_periode_2021-2024.jpg",
            "sites": {
                "name": "Wikipedia",
                "url": "https://id.wikipedia.org/wiki/Rizki_Kurniawan_Nakasri"
            },
            "communityID": "0ec863ce-b776-40ca-aa69-1337145539f0"
        },
        {
            "name": "Darman Sahladi",
            "description": "",
            "profilePic": "",
            "sites": {},
            "communityID": "0ec863ce-b776-40ca-aa69-1337145539f0"
        },
        {
            "name": "Deni Asra",
            "description": "",
            "profilePic": "",
            "sites": {},
            "communityID": "0ec863ce-b776-40ca-aa69-1337145539f0"
        },
        {
            "name": "Yos Sariadi",
            "description": "",
            "profilePic": "",
            "sites": {},
            "communityID": "0ec863ce-b776-40ca-aa69-1337145539f0"
        },
        {
            "name": "Ahlul Badrito Resha, SH",
            "description": "",
            "profilePic": "",
            "sites": {},
            "communityID": "0ec863ce-b776-40ca-aa69-1337145539f0"
        },
        {
            "name": "Mulyadi Muslim",
            "description": "\n",
            "profilePic": "https://upload.wikimedia.org/wikipedia/commons/thumb/2/2b/Mulyadi_Muslim_Pakar_Pendidikan.jpg/1200px-Mulyadi_Muslim_Pakar_Pendidikan.jpg",
            "sites": {
                "name": "Wikipedia",
                "url": "https://id.wikipedia.org/wiki/Mulyadi_Muslim"
            },
            "communityID": "0ec863ce-b776-40ca-aa69-1337145539f0"
        },
        {
            "name": "Nurkhalis Dt. Bijo Dirajo",
            "description": "",
            "profilePic": "",
            "sites": {},
            "communityID": "0ec863ce-b776-40ca-aa69-1337145539f0"
        },
        {
            "name": "Ilson Chong",
            "description": "",
            "profilePic": "",
            "sites": {},
            "communityID": "0ec863ce-b776-40ca-aa69-1337145539f0"
        },
        {
            "name": "Ekos Albar",
            "description": "H. Ekos Albar, S.E., M.M. (lahir 26 Agustus 1971) adalah seorang pengusaha dan politikus yang menjabat sebagai Wakil Wali Kota Padang sejak 9 Mei 2023 hingga 13 Mei 2024.[1] Ia merupakan kader Partai Amanat Nasional (PAN), dan menjabat sebagai Bendahara Dewan Pimpinan Pusat (DPP) PAN periode 2020\u20132025.[2] Ia berlatar belakang sebagai pengusaha di Jakarta asal Balaigurah, Ampek Angkek, Agam.[3][4]\n",
            "profilePic": "https://upload.wikimedia.org/wikipedia/commons/b/b1/Wakil_Wali_Kota_Padang_Ekos_Albar_2023.png",
            "sites": {
                "name": "Wikipedia",
                "url": "https://id.wikipedia.org/wiki/Ekos_Albar"
            },
            "communityID": "0ec863ce-b776-40ca-aa69-1337145539f0"
        },
        {
            "name": "Rezka Oktoberia",
            "description": "Rezka Oktoberia (lahir 6 Oktober 1980) adalah pengusaha dan politikus Indonesia dari Partai Demokrat yang menjabat sebagai Anggota Dewan Perwakilan Rakyat Republik Indonesia (DPR-RI) pengganti antar waktu (PAW) periode 2019\u20132024 sejak 7 Desember 2020. Ia duduk di DPR-RI untuk menggantikan Mulyadi yang maju dalam Pilgub Sumbar 2020. Ia juga tercatat sebagai pengurus Bappilu DPP Partai Demokrat dan Wakil Ketua Umum DPP KNPI. Ia menjadi satu dari empat perempuan dari daerah Sumatera Barat yang lolos menjadi Anggota DPR-RI bersama Nevi Zuairina, Lisda Hendrajoni, dan Athari Gauthi Ardi. Ia juga mencetak sejarah baru sebagai Anggota DPR-RI pertama dari Luak Limo Puluah.[1][2]\n",
            "profilePic": "https://upload.wikimedia.org/wikipedia/commons/a/a1/KPU_Rezka_Oktoberia.jpg",
            "sites": {
                "name": "Wikipedia",
                "url": "https://id.wikipedia.org/wiki/Rezka_Oktoberia"
            },
            "communityID": "0ec863ce-b776-40ca-aa69-1337145539f0"
        }
    ],
    "path": "kabupaten-lima-puluh-kota",
    "source": "https://id.wikipedia.org/wiki/Pemilihan_umum_Bupati_Lima_Puluh_Kota_2024"
}