{
    "title": "Pemilihan umum Bupati Garut 2024",
    "region": "Garut",
    "level": "KABUPATEN",
    "candidates": [
        {
            "name": "Helmi Budiman",
            "description": "dr. H. Helmi Budiman, M.M. (lahir 5 Mei 1971) adalah Wakil Bupati Garut periode 2014 - 2019, Ia juga adalah Mantan anggota DPRD Kabupaten Garut periode 2009-2014 dari Fraksi PKS (Partai Keadilan Sejahtera).\nIa dicalonkan oleh Partai Gerindra, PKS dan PBB untuk menjadi Calon Wakil Bupati Garut periode 2014-2019[1] Sebelumnya pada tahun 2008, Ia juga pernah menjadi calon Wakil Bupati Garut namun gagal.\n",
            "profilePic": "https://upload.wikimedia.org/wikipedia/id/e/e7/Wabup_Helmi_Budiman.jpg",
            "sites": {
                "name": "Wikipedia",
                "url": "https://id.wikipedia.org/wiki/Helmi_Budiman"
            },
            "communityID": "2b10fb1f-75b9-460a-9b17-098e12003a1a"
        },
        {
            "name": "Diah Kurniasari",
            "description": "",
            "profilePic": "",
            "sites": {},
            "communityID": "2b10fb1f-75b9-460a-9b17-098e12003a1a"
        },
        {
            "name": "Aceng Fikri",
            "description": "Dr. H. Aceng Hulik Munawar Fikri, S.Ag., M.Ag., M.Pd.I. (lahir 6 September 1972) atau yang lebih dikenal dengan Aceng Fikri adalah bupati Garut yang menjabat dari 2009 sampai 2013 dan Anggota Dewan Perwakilan Daerah Republik Indonesia (DPD-RI) dari 2014 sampai 2019.\n",
            "profilePic": "https://upload.wikimedia.org/wikipedia/commons/thumb/1/13/KPU_Aceng_Hulik_Munawar_Fikri.jpg/1200px-KPU_Aceng_Hulik_Munawar_Fikri.jpg",
            "sites": {
                "name": "Wikipedia",
                "url": "https://id.wikipedia.org/wiki/Aceng_Fikri"
            },
            "communityID": "2b10fb1f-75b9-460a-9b17-098e12003a1a"
        },
        {
            "name": "Partai Persatuan Pembangunan",
            "description": "Partai Persatuan Pembangunan (PPP), atau P3 adalah sebuah partai politik di Indonesia. Pada saat pendeklarasiannya pada tanggal 5 Januari 1973 partai ini merupakan hasil gabungan dari empat partai keagamaan yaitu Partai Nahdlatul Ulama (NU), Partai Islam Persatuan Tarbiyah Islamiyah (PERTI), Partai Syarikat Islam Indonesia (PSII) dan Partai Muslimin Indonesia (PARMUSI). Ketua sementara saat itu adalah Mohammad Syafa'at Mintaredja. Penggabungan keempat partai keagamaan tersebut bertujuan untuk penyederhanaan sistem kepartaian di Indonesia dalam menghadapi Pemilihan Umum pertama pada masa Orde Baru tahun 1973. Karena logo partai yang khas melekat terhadap politik agama Islam, PPP secara populer dikenal sebagai Partai Ka'bah.\n",
            "profilePic": "https://upload.wikimedia.org/wikipedia/id/thumb/7/73/Logo_PPP.svg/1200px-Logo_PPP.svg.png",
            "sites": {
                "name": "Wikipedia",
                "url": "https://id.wikipedia.org/wiki/Partai_Persatuan_Pembangunan"
            },
            "communityID": "2b10fb1f-75b9-460a-9b17-098e12003a1a"
        },
        {
            "name": "Dewan Perwakilan Rakyat Daerah Kabupaten Garut",
            "description": "Dewan Perwakilan Rakyat Daerah Kabupaten Garut (disingkat DPRD Kabupaten Garut) (bahasa Sunda: \u1b93\u1ba6\u1b9d\u1b94\u1baa \u1b95\u1b80\u1b9d\u1b8a\u1ba4\u1b9c\u1baa \u1b9b\u1ba0\u1b9a\u1b92\u1baa \u1b93\u1b86\u1b9b\u1b82 \u1b8a\u1b98\u1ba5\u1b95\u1b92\u1ba6\u1b94\u1baa \u1b8c\u1b9b\u1ba5\u1b92\u1baa, translit.\u00a0D\u00e9wan Pangwakil Rahayat Da\u00e9rah Kabupat\u00e9n Garut) merupakan mitra kerja pemerintah daerah Kabupaten Garut, Provinsi Jawa Barat. DPRD Kabupaten Garut memiliki 50 orang anggota yang tersebar di 9 partai politik, dengan perolehan suara mayoritas diraih oleh Partai Gerakan Indonesia Raya dan Partai Golongan Karya.\n",
            "profilePic": "https://upload.wikimedia.org/wikipedia/commons/thumb/5/51/DPRD_Kabupaten_Garut_2019.svg/1200px-DPRD_Kabupaten_Garut_2019.svg.png",
            "sites": {
                "name": "Wikipedia",
                "url": "https://id.wikipedia.org/wiki/DPRD_Kabupaten_Garut"
            },
            "communityID": "2b10fb1f-75b9-460a-9b17-098e12003a1a"
        },
        {
            "name": "Umar Sanusi",
            "description": "Brigadir Jenderal TNI (Purn.) Umar Sanusi, S.Sos., M.Si. (lahir 17 November 1962) adalah seorang Purnawirawan TNI-AD yang sebelumnya menjabat sebagai Inspektur Pussenarmed Kodiklatad.[2]\n",
            "profilePic": "https://upload.wikimedia.org/wikipedia/commons/b/be/KPU_Umar_Sanusi.jpg",
            "sites": {
                "name": "Wikipedia",
                "url": "https://id.wikipedia.org/wiki/Umar_Sanusi"
            },
            "communityID": "2b10fb1f-75b9-460a-9b17-098e12003a1a"
        },
        {
            "name": "Kabupaten Garut",
            "description": "\nKabupaten Garut (bahasa Sunda: aksara Sunda: \u1b8c\u1b9b\u1ba5\u1b92\u1baa) adalah sebuah wilayah Kabupaten yang terletak di provinsi Jawa Barat, Indonesia. Ibu kota kabupaten ini terletak di kecamatan Tarogong Kidul. Kabupaten Garut berbatasan dengan Kabupaten Sumedang di bagian utara, Kabupaten Tasikmalaya dan Kabupaten Majalengka di bagian timur, Samudra Hindia di selatan, serta Kabupaten Cianjur dan Kabupaten Bandung di bagian barat.\n",
            "profilePic": "https://upload.wikimedia.org/wikipedia/commons/thumb/5/5a/Sungai_Cikangean_Desa_Padahurip_Kecamatan_Banjarwangi_Kabupaten_Garut.jpg/1200px-Sungai_Cikangean_Desa_Padahurip_Kecamatan_Banjarwangi_Kabupaten_Garut.jpg",
            "sites": {
                "name": "Wikipedia",
                "url": "https://id.wikipedia.org/wiki/Kabupaten_Garut"
            },
            "communityID": "2b10fb1f-75b9-460a-9b17-098e12003a1a"
        },
        {
            "name": "Daftar Bupati Garut",
            "description": "Berikut adalah Daftar Bupati Garut dari masa ke masa.\n",
            "profilePic": "https://upload.wikimedia.org/wikipedia/id/d/d2/Barnas_Adjidin.png",
            "sites": {
                "name": "Wikipedia",
                "url": "https://id.wikipedia.org/wiki/Bupati_Garut"
            },
            "communityID": "2b10fb1f-75b9-460a-9b17-098e12003a1a"
        }
    ],
    "path": "kabupaten-garut",
    "source": "https://id.wikipedia.org/wiki/Pemilihan_umum_Bupati_Garut_2024"
}