{
    "title": "Pemilihan umum Bupati Barru 2024",
    "region": "Barru",
    "level": "KABUPATEN",
    "candidates": [
        {
            "name": "Aska Mappe",
            "description": "Komisaris Polisi (Purn.) Aska Mappe (lahir 15 Januari 1965) adalah Wakil Bupati Barru periode 2021\u20132024. Ia menjabat sejak 26 Februari 2021 setelah dilantik Gubernur Sulawesi Selatan, Nurdin Abdullah di Rumah Jabatan Gubernur Sulawesi Selatan, Makassar.[1]\n",
            "profilePic": "",
            "sites": {
                "name": "Wikipedia",
                "url": "https://id.wikipedia.org/wiki/Aska_Mappe"
            },
            "communityID": "297941ce-4c61-47d6-ac73-97ba946620db"
        },
        {
            "name": "Erwin Aksa",
            "description": "Erwin Aksa Mahmud dikenal dengan Erwin Aksa (lahir pada 7 Desember 1975) adalah Seorang politisi Indonesia yang menjabat sebagai Wakil Ketua Umum Bidang Penggalangan Strategis [1] di DPP Partai Golongan Karya (Golkar) dan Komisaris Utama di Bosowa Group[2] yang berada di Ujung Pandang (kini Makassar). Erwin pernah menjabat sebagai Wakil Ketua Umum Kadin Bidang Konstruksi dan Infrastuktur periode 2015-2020[3]. Erwin Aksa pernah menjadi Wakil Bendahara Umum Partai Golkar pada periode 2009-2014[4]. Ketua Bidang Koperasi dan UKM di DPP Partai Golkar (2014 - 2020)[5]. Erwin Aksa (EA) pernah juga menjadi Ketua Umum BPP HIPMI periode 2008-2011[6].\n",
            "profilePic": "https://upload.wikimedia.org/wikipedia/commons/thumb/a/aa/ErwinAksa.png/1200px-ErwinAksa.png",
            "sites": {
                "name": "Wikipedia",
                "url": "https://id.wikipedia.org/wiki/Erwin_Aksa"
            },
            "communityID": "297941ce-4c61-47d6-ac73-97ba946620db"
        },
        {
            "name": "Andi Ina Kartika Sari",
            "description": "Andi Ina Kartika Sari, S.H., M.Si. (lahir 7 Mei 1975) adalah politikus perempuan Sulawesi Selatan yang sejak 21 Oktober 2019 menjabat sebagai Ketua DPRD Provinsi Sulawesi Selatan periode 2019-2024. Ia merupakan perempuan pertama yang menduduki posisi tersebut.[1][2][3] Ia menjadi satu dari tiga perempuan yang menjabat sebagai Ketua DPRD Provinsi di wilayah Sulawesi. Andi Ina telah menjadi anggota DPRD Sulawesi Selatan tiga periode sejak tahun 2009.[4] Ia juga menjabat sebagai Ketua KPPG Sulawesi Selatan dan Bendahara DPD Tingkat I Partai Golkar Sulawesi Selatan.[5]\n",
            "profilePic": "https://upload.wikimedia.org/wikipedia/id/a/ad/Andi_Ina_Kartika_Sari.jpg",
            "sites": {
                "name": "Wikipedia",
                "url": "https://id.wikipedia.org/wiki/Andi_Ina_Kartika_Sari"
            },
            "communityID": "297941ce-4c61-47d6-ac73-97ba946620db"
        }
    ],
    "path": "kabupaten-barru",
    "source": "https://id.wikipedia.org/wiki/Pemilihan_umum_Bupati_Barru_2024"
}