{
    "title": "Pemilihan umum Bupati Buton Tengah 2024",
    "region": "Buton Tengah",
    "level": "KABUPATEN",
    "candidates": [
        {
            "name": "Samahuddin",
            "description": "",
            "profilePic": "",
            "sites": {},
            "communityID": "508f04cb-3370-46fb-809e-dbe25f48f12f"
        },
        {
            "name": "Dr. Azhari",
            "description": "",
            "profilePic": "",
            "sites": {},
            "communityID": "508f04cb-3370-46fb-809e-dbe25f48f12f"
        },
        {
            "name": "La Andi",
            "description": "",
            "profilePic": "",
            "sites": {},
            "communityID": "508f04cb-3370-46fb-809e-dbe25f48f12f"
        },
        {
            "name": "Suharman",
            "description": "",
            "profilePic": "",
            "sites": {},
            "communityID": "508f04cb-3370-46fb-809e-dbe25f48f12f"
        },
        {
            "name": "Subhan",
            "description": "",
            "profilePic": "",
            "sites": {},
            "communityID": "508f04cb-3370-46fb-809e-dbe25f48f12f"
        },
        {
            "name": "Daftar Wakil Bupati Pulau Taliabu",
            "description": "Berikut adalah daftar Wakil Bupati Pulau Taliabu secara definitif sejak tahun 2016.\n",
            "profilePic": "https://upload.wikimedia.org/wikipedia/commons/8/8b/Wabup_Pultab_Ramli.jpg",
            "sites": {
                "name": "Wikipedia",
                "url": "https://id.wikipedia.org/wiki/Daftar_Wakil_Bupati_Pulau_Taliabu"
            },
            "communityID": "508f04cb-3370-46fb-809e-dbe25f48f12f"
        }
    ],
    "path": "kabupaten-buton-tengah",
    "source": "https://id.wikipedia.org/wiki/Pemilihan_umum_Bupati_Buton_Tengah_2024"
}