{
    "title": "Pemilihan umum Bupati Bandung 2024",
    "region": "Bandung",
    "level": "KABUPATEN",
    "candidates": [
        {
            "name": "Dadang Supriatna",
            "description": "Dr. H. M. Dadang Supriatna, S.I.P., M.Si. (lahir 7 Agustus 1971) adalah politikus Indonesia yang kini menjabat sebagai Bupati Bandung. Sekaligus Sebagai Ketua DPC PKB Kab.Bandung Sebelumnya, Dadang adalah anggota DPRD Jawa Barat periode 2019-2024 yang berasal dari Fraksi Partai Golkar dan Anggota DPRD Kabupaten Bandung periode 2009-2014 dan 2014-2019. Ia terpilih sebagai Bupati Bandung pada Pemilihan umum Bupati Bandung 2020 berpasangan dengan Sahrul Gunawan dan didukung oleh PKB, NasDem, Demokrat dan PKS.\n",
            "profilePic": "https://upload.wikimedia.org/wikipedia/commons/8/82/Dadang_Supriatna.jpg",
            "sites": {
                "name": "Wikipedia",
                "url": "https://id.wikipedia.org/wiki/Dadang_Supriatna"
            },
            "communityID": "be040be5-de11-4ed8-babc-d6e93d0bd17e"
        },
        {
            "name": "Sahrul Gunawan",
            "description": "H. Sahrul Gunawan, S.E., M.Ag. (lahir 23 Mei 1976) adalah pemeran, penyanyi, presenter, model, dan politikus Indonesia. Ia dikenal luas berkat perannya dalam serial Jin dan Jun dan Kecil-Kecil Jadi Manten.\n",
            "profilePic": "https://upload.wikimedia.org/wikipedia/id/d/d3/Sahrul_Gunawan_%28Wakil_Bupati_Bandung%29.jpg",
            "sites": {
                "name": "Wikipedia",
                "url": "https://id.wikipedia.org/wiki/Sahrul_Gunawan"
            },
            "communityID": "be040be5-de11-4ed8-babc-d6e93d0bd17e"
        },
        {
            "name": "Gun Gun Gunawan",
            "description": "H. Gun Gun Gunawan, S.Si., M.Si.  (lahir 12 Januari 1977) adalah Wakil Bupati Bandung Periode 2016-2021 mendampingi Dadang M. Nasser. Ia dan Dadang dilantik oleh Gubernur Jawa Barat Ahmad Heryawan setelah memenangkan Pemilihan umum Bupati Bandung 2015.\n",
            "profilePic": "https://upload.wikimedia.org/wikipedia/commons/2/24/Gun_Gun_Gunawan_caleg_PKS.jpg",
            "sites": {
                "name": "Wikipedia",
                "url": "https://id.wikipedia.org/wiki/Gun_Gun_Gunawan"
            },
            "communityID": "be040be5-de11-4ed8-babc-d6e93d0bd17e"
        },
        {
            "name": "Kurnia Agustina Dadang Naser",
            "description": "Hj. Kurnia Agustina Dadang Naser (lahir di Banda Aceh, 7 Agustus 1973) adalah istri Bupati Bandung periode 2010\u20132016, yang kemudian kembali terpilih pada periode 2016\u20132021. Nia adalah lulusan Sastra Francis Sekolah Tinggi Bahasa Asing (STBA) Bandung.\n",
            "profilePic": "https://upload.wikimedia.org/wikipedia/commons/0/01/Hj._Kurnia_Agustina_Dadang_M_Nasser_%28Teh_Nia%29.jpg",
            "sites": {
                "name": "Wikipedia",
                "url": "https://id.wikipedia.org/wiki/Kurnia_Agustina_Dadang_Naser"
            },
            "communityID": "be040be5-de11-4ed8-babc-d6e93d0bd17e"
        },
        {
            "name": "Dr. Barkah Rosadi",
            "description": "",
            "profilePic": "",
            "sites": {},
            "communityID": "be040be5-de11-4ed8-babc-d6e93d0bd17e"
        },
        {
            "name": "Yayat Hidayat",
            "description": "",
            "profilePic": "",
            "sites": {},
            "communityID": "be040be5-de11-4ed8-babc-d6e93d0bd17e"
        },
        {
            "name": "Cucun Ahmad Syamsurijal",
            "description": "Dr. H. Cucun Ahmad Syamsurijal, S.Ag., M.AP. (lahir 8 November 1972) adalah politikus Indonesia yang menjabat sebagai anggota DPR-RI selama dua periode (2014\u20132019 dan 2019\u20132024). Ia mewakili daerah pemilihan Jawa Barat II, yang meliputi Kabupaten Bandung dan Kabupaten Bandung Barat. Cucun merupakan kader Partai Kebangkitan Bangsa. Saat ini, ia duduk di Komisi III dan dipercaya sebagai Ketua Fraksi PKB di DPR-RI.[1]\n",
            "profilePic": "https://upload.wikimedia.org/wikipedia/commons/thumb/d/d9/4R_IMG_6192.jpg/1200px-4R_IMG_6192.jpg",
            "sites": {
                "name": "Wikipedia",
                "url": "https://id.wikipedia.org/wiki/Cucun_Ahmad_Syamsurijal"
            },
            "communityID": "be040be5-de11-4ed8-babc-d6e93d0bd17e"
        },
        {
            "name": "Agung Yansusan",
            "description": "",
            "profilePic": "",
            "sites": {},
            "communityID": "be040be5-de11-4ed8-babc-d6e93d0bd17e"
        },
        {
            "name": "Asep Syamsudin",
            "description": "",
            "profilePic": "",
            "sites": {},
            "communityID": "be040be5-de11-4ed8-babc-d6e93d0bd17e"
        },
        {
            "name": "Dadang Kurniawan",
            "description": "",
            "profilePic": "",
            "sites": {},
            "communityID": "be040be5-de11-4ed8-babc-d6e93d0bd17e"
        }
    ],
    "path": "kabupaten-bandung",
    "source": "https://id.wikipedia.org/wiki/Pemilihan_umum_Bupati_Bandung_2024"
}