{
    "title": "Pemilihan umum Bupati Kotawaringin Timur 2024",
    "region": "Kotawaringin Timur",
    "level": "KABUPATEN",
    "candidates": [
        {
            "name": "Halikinnor",
            "description": "H. Halikinnor, S.H., M.M. (lahir 15 November 1962) adalah Bupati Kotawaringin Timur periode 2021\u20132024. Ia menjabat sejak 26 Februari 2021 setelah dilantik Gubernur Kalimantan Tengah, Sugianto Sabran secara virtual di Gedung Dewan Perwakilan Rakyat Daerah Kabupaten Kotawaringin Timur.[1]\n",
            "profilePic": "https://upload.wikimedia.org/wikipedia/commons/0/0d/Bupati_Kotawaringin_Timur_Halikinnor.jpg",
            "sites": {
                "name": "Wikipedia",
                "url": "https://id.wikipedia.org/wiki/Halikinnor"
            },
            "communityID": "ee2b1133-c290-40ac-9649-65fb466e7312"
        },
        {
            "name": "Sanidin",
            "description": "",
            "profilePic": "",
            "sites": {},
            "communityID": "ee2b1133-c290-40ac-9649-65fb466e7312"
        },
        {
            "name": "Jhon Krisli",
            "description": "",
            "profilePic": "",
            "sites": {},
            "communityID": "ee2b1133-c290-40ac-9649-65fb466e7312"
        },
        {
            "name": "Aswin Nur",
            "description": "",
            "profilePic": "",
            "sites": {},
            "communityID": "ee2b1133-c290-40ac-9649-65fb466e7312"
        },
        {
            "name": "M. Rudini Darwan Ali",
            "description": "",
            "profilePic": "",
            "sites": {},
            "communityID": "ee2b1133-c290-40ac-9649-65fb466e7312"
        }
    ],
    "path": "kabupaten-kotawaringin-timur",
    "source": "https://id.wikipedia.org/wiki/Pemilihan_umum_Bupati_Kotawaringin_Timur_2024"
}