{
    "title": "Pemilihan umum Bupati Lanny Jaya 2024",
    "region": "Lanny Jaya",
    "level": "KABUPATEN",
    "candidates": [
        {
            "name": "Yemis Kogoya",
            "description": "Yemis Kogoya, S.IP. (lahir 10 Juli 1976) adalah Wakil Bupati Lanny Jaya periode 2017\u20132022 [1] dan anggota terpilih Dewan Perwakilan Rakyat Papua Pegunungan periode 2024\u20132029[2].\n",
            "profilePic": "https://upload.wikimedia.org/wikipedia/commons/0/0e/KPU_Yemis_Kogoya.jpg",
            "sites": {
                "name": "Wikipedia",
                "url": "https://id.wikipedia.org/wiki/Yemis_Kogoya"
            },
            "communityID": "a54ab2a6-1d85-4111-b299-5066a7e53710"
        }
    ],
    "path": "kabupaten-lanny-jaya",
    "source": "https://id.wikipedia.org/wiki/Pemilihan_umum_Bupati_Lanny_Jaya_2024"
}