{
    "title": "Pemilihan umum Bupati Rokan Hilir 2024",
    "region": "Rokan Hilir",
    "level": "KABUPATEN",
    "candidates": [
        {
            "name": "Afrizal Sintong",
            "description": "Afrizal Sintong, S.I.P, M.Si (lahir 15 Juni 1976) adalah seorang politisi Indonesia. Ia menjabat sebagai Bupati Rokan Hilir 2021-2024 bersama Sulaiman sebagai wakilnya.[1][2]\n",
            "profilePic": "https://upload.wikimedia.org/wikipedia/commons/5/53/Regent_of_Rokan_Hilir_Afrizal_Sintong.jpg",
            "sites": {
                "name": "Wikipedia",
                "url": "https://id.wikipedia.org/wiki/Afrizal_Sintong"
            },
            "communityID": "b85a97cc-ee4d-491f-b140-4ef1471bd857"
        },
        {
            "name": "Daftar Wakil Bupati Rokan Hilir",
            "description": "Berikut ini adalah daftar Wakil Bupati Rokan Hilir dari masa ke masa.\n",
            "profilePic": "https://upload.wikimedia.org/wikipedia/commons/7/7e/2021-06-08-gubernur-riau-lantik-afrizal-sintong-dan-h-sulaiman-jadi-bupati-dan-wabup-rohil.jpg",
            "sites": {
                "name": "Wikipedia",
                "url": "https://id.wikipedia.org/wiki/Wakil_Bupati_Rokan_Hilir"
            },
            "communityID": "b85a97cc-ee4d-491f-b140-4ef1471bd857"
        },
        {
            "name": "Suyatno",
            "description": "H. Suyatno, AMP (lahir 21 Juni 1957) adalah Mantan Bupati Rokan Hilir sejak 24 Maret 2014 hingga 8 Juni 2021. Ia pernah menjabat sebagai Wakil Bupati Rokan Hilir sejak 8 Juni 2006 hingga 19 Februari 2014 dan Plt. Bupati Rokan Hilir sejak 19 Februari 2014 hingga 24 Maret 2014.\n",
            "profilePic": "https://upload.wikimedia.org/wikipedia/commons/9/99/Bupati_Rokan_Hilir_periode_2016-2021_Suyatno.jpg",
            "sites": {
                "name": "Wikipedia",
                "url": "https://id.wikipedia.org/wiki/Suyatno"
            },
            "communityID": "b85a97cc-ee4d-491f-b140-4ef1471bd857"
        },
        {
            "name": "Jamiluddin",
            "description": "",
            "profilePic": "",
            "sites": {},
            "communityID": "b85a97cc-ee4d-491f-b140-4ef1471bd857"
        },
        {
            "name": "Ahmi Septari",
            "description": "",
            "profilePic": "",
            "sites": {},
            "communityID": "b85a97cc-ee4d-491f-b140-4ef1471bd857"
        },
        {
            "name": "Dr Maharani",
            "description": "",
            "profilePic": "",
            "sites": {},
            "communityID": "b85a97cc-ee4d-491f-b140-4ef1471bd857"
        }
    ],
    "path": "kabupaten-rokan-hilir",
    "source": "https://id.wikipedia.org/wiki/Pemilihan_umum_Bupati_Rokan_Hilir_2024"
}