{
    "title": "Pemilihan umum Bupati Buol 2024",
    "region": "Buol",
    "level": "KABUPATEN",
    "candidates": [
        {
            "name": "Luciana Is Baculu",
            "description": "Luciana Is Baculu (lahir 12 Juli 1967) adalah seorang doktor, politikus dan birokrat kelahiran Leok, Buol. Ia adalah istri dari mantan Bupati Buol Amran A. Batalipu. Ia juga merupakan satu-satunya doktor perempuan di kabupaten Buol. Ia memiliki 4 orang anak, 2 laki-laki dan 2 perempuan.[1]\n",
            "profilePic": "",
            "sites": {
                "name": "Wikipedia",
                "url": "https://id.wikipedia.org/wiki/Luciana_Is_Baculu"
            },
            "communityID": "ca43dd49-47b2-4555-b062-c89618d219a4"
        },
        {
            "name": "Abdullah Batalipu",
            "description": "",
            "profilePic": "",
            "sites": {},
            "communityID": "ca43dd49-47b2-4555-b062-c89618d219a4"
        }
    ],
    "path": "kabupaten-buol",
    "source": "https://id.wikipedia.org/wiki/Pemilihan_umum_Bupati_Buol_2024"
}