{
    "title": "Pemilihan umum Bupati Tangerang 2024",
    "region": "Tangerang",
    "level": "KABUPATEN",
    "candidates": [
        {
            "name": "Irvansyah (politikus)",
            "description": "H. Irvansyah Asmat, S.I.P., M.Si. (lahir 2 Juli 1976) adalah seorang akademikus dan. politikus Indonesia. Ia menjabat sebagai Anggota DPR-RI dari 2009 hingga 2014 mewakili daerah pemilihan Banten III. Irvansyah merupakan kader Partai Demokrasi Indonesia Perjuangan dan semasa di DPR-RI duduk di beberapa komisi.\n",
            "profilePic": "",
            "sites": {
                "name": "Wikipedia",
                "url": "https://id.wikipedia.org/wiki/Irvansyah_(politikus)"
            },
            "communityID": "6462ac53-ad41-4a52-ab71-4b5aa10dab60"
        },
        {
            "name": "Aden Abdul Khaliq",
            "description": "",
            "profilePic": "",
            "sites": {},
            "communityID": "6462ac53-ad41-4a52-ab71-4b5aa10dab60"
        },
        {
            "name": "Mochamad Maesyal Rasyid",
            "description": "",
            "profilePic": "",
            "sites": {},
            "communityID": "6462ac53-ad41-4a52-ab71-4b5aa10dab60"
        },
        {
            "name": "Jazuli Juwaini",
            "description": "Dr. H. Jazuli Juwaini, Lc., M.A. (lahir 2 Maret 1968) adalah seorang politikus Indonesia. Saat ini ia menjabat sebagai Anggota DPR-RI sejak 2004. Jazuli mewakili daerah pemilihan Banten II sejak 2019 dan dari 2004 hingga 2009, dan sempat mewakili daerah pemilihan Banten II dari 2009 hingga 2019. Jazuli merupakan kader Partai Keadilan Sejahtera dan duduk di Komisi VIII.[1]\n",
            "profilePic": "https://upload.wikimedia.org/wikipedia/commons/a/a5/Jazuli_Juwaini%2C_PKS_candidate_for_Banten_II_in_2024.jpg",
            "sites": {
                "name": "Wikipedia",
                "url": "https://id.wikipedia.org/wiki/Jazuli_Juwaini"
            },
            "communityID": "6462ac53-ad41-4a52-ab71-4b5aa10dab60"
        },
        {
            "name": "Intan Nurul Hikmah",
            "description": "",
            "profilePic": "",
            "sites": {},
            "communityID": "6462ac53-ad41-4a52-ab71-4b5aa10dab60"
        },
        {
            "name": "Mad Romli",
            "description": "H. Mad Romli, S.H., M.M. (lahir 05 Mei 1972) adalah seorang pengusaha sekaligus politikus Indonesia yang menjabat sebagai Wakil Bupati Tangerang periode 2018\u20132023.[1]\n",
            "profilePic": "https://upload.wikimedia.org/wikipedia/commons/b/bc/Wakil_Bupati_Tangerang_Mad_Romli.jpg",
            "sites": {
                "name": "Wikipedia",
                "url": "https://id.wikipedia.org/wiki/Mad_Romli"
            },
            "communityID": "6462ac53-ad41-4a52-ab71-4b5aa10dab60"
        },
        {
            "name": "Hilman Wibisana, (Musisi)",
            "description": "",
            "profilePic": "",
            "sites": {},
            "communityID": "6462ac53-ad41-4a52-ab71-4b5aa10dab60"
        },
        {
            "name": "Rangga Wahyu Fattahillah, S. T (Musisi)",
            "description": "",
            "profilePic": "",
            "sites": {},
            "communityID": "6462ac53-ad41-4a52-ab71-4b5aa10dab60"
        },
        {
            "name": "H. Zulkarnain, SE",
            "description": "",
            "profilePic": "",
            "sites": {},
            "communityID": "6462ac53-ad41-4a52-ab71-4b5aa10dab60"
        },
        {
            "name": "Anggi Anggara SH",
            "description": "",
            "profilePic": "",
            "sites": {},
            "communityID": "6462ac53-ad41-4a52-ab71-4b5aa10dab60"
        }
    ],
    "source": "https://id.wikipedia.org/wiki/Pemilihan_umum_Bupati_Tangerang_2024",
    "path": "kabupaten-tangerang"
}