{
    "title": "Pemilihan umum Bupati Muna Barat 2024",
    "region": "Muna Barat",
    "level": "KABUPATEN",
    "candidates": [
        {
            "name": "La Ode Darwin",
            "description": "",
            "profilePic": "",
            "sites": {},
            "communityID": "51da3e59-73e7-4ca7-b3e0-40a78d667258"
        },
        {
            "name": "La Ode Muhammad Amsar",
            "description": "",
            "profilePic": "",
            "sites": {},
            "communityID": "51da3e59-73e7-4ca7-b3e0-40a78d667258"
        },
        {
            "name": "Anrias",
            "description": "",
            "profilePic": "",
            "sites": {},
            "communityID": "51da3e59-73e7-4ca7-b3e0-40a78d667258"
        },
        {
            "name": "Ihsan Taufik Ridwan",
            "description": "",
            "profilePic": "",
            "sites": {},
            "communityID": "51da3e59-73e7-4ca7-b3e0-40a78d667258"
        }
    ],
    "path": "kabupaten-muna-barat",
    "source": "https://id.wikipedia.org/wiki/Pemilihan_umum_Bupati_Muna_Barat_2024"
}