{
    "title": "Pemilihan umum Bupati Bener Meriah 2024",
    "region": "Bener Meriah",
    "level": "KABUPATEN",
    "candidates": [
        {
            "name": "Sarkawi",
            "description": "Teungku H. Sarkawi (lahir 27 Februari 1975) adalah Bupati Bener Meriah periode 2019\u20142022.\n",
            "profilePic": "",
            "sites": {
                "name": "Wikipedia",
                "url": "https://id.wikipedia.org/wiki/Sarkawi"
            },
            "communityID": "fea9b246-5762-48c5-9dd0-7d67eeef3169"
        },
        {
            "name": "Dailami",
            "description": "Dailami, lebih dikenal dengan nama Teungku Aci (lahir 5 Februari 1974) adalah tokoh pejuang GAM. Dia pernah menjabat sebagai Gubernur GAM Wilayah Linge dan Wakil Bupati Bener Meriah periode 2021\u20142022.[1]\n",
            "profilePic": "",
            "sites": {
                "name": "Wikipedia",
                "url": "https://id.wikipedia.org/wiki/Dailami"
            },
            "communityID": "fea9b246-5762-48c5-9dd0-7d67eeef3169"
        },
        {
            "name": "Baharuddin Usman",
            "description": "",
            "profilePic": "",
            "sites": {},
            "communityID": "fea9b246-5762-48c5-9dd0-7d67eeef3169"
        },
        {
            "name": "Edy Zulkifli",
            "description": "",
            "profilePic": "",
            "sites": {},
            "communityID": "fea9b246-5762-48c5-9dd0-7d67eeef3169"
        }
    ],
    "path": "kabupaten-bener-meriah",
    "source": "https://id.wikipedia.org/wiki/Pemilihan_umum_Bupati_Bener_Meriah_2024"
}