{
    "title": "Pemilihan umum Bupati Nagekeo 2024",
    "region": "Nagekeo",
    "level": "KABUPATEN",
    "candidates": [
        {
            "name": "Johanes Don Bosco Do",
            "description": "Johanes Don Bosco Do (lahir 14 April 1957) adalah seorang birokrat Indonesia. Ia lahir di Watu Api, Desa Totomala. Yohanes Don Bosco Do mendaftarkan diri sebagai calon bupati Kabupaten Nagekeo melalui Partai Golkar. Golkar merupakan partai politik keempat yang dilamar Don Bosco Do, setelah sebelumnya sempat mendaftar ke Partai Demokrasi Indonesia Perjuangan (PDIP), Partai Hati Nurani Rakyat (Hanura), dan Partai Kebangkitan Bangsa (PKB).[1]\n",
            "profilePic": "https://upload.wikimedia.org/wikipedia/id/3/36/Johanes_Don_Bosco_Do_Bupati_Nagekeo.png",
            "sites": {
                "name": "Wikipedia",
                "url": "https://id.wikipedia.org/wiki/Johanes_Don_Bosco_Do"
            },
            "communityID": "d15acdd4-db2f-4ecb-8cb0-d55b090fd1ca"
        },
        {
            "name": "Servatius Podhi",
            "description": "",
            "profilePic": "",
            "sites": {},
            "communityID": "d15acdd4-db2f-4ecb-8cb0-d55b090fd1ca"
        },
        {
            "name": "Gonzalo Muga Sada",
            "description": "",
            "profilePic": "",
            "sites": {},
            "communityID": "d15acdd4-db2f-4ecb-8cb0-d55b090fd1ca"
        },
        {
            "name": "Nikolaus Edestut",
            "description": "",
            "profilePic": "",
            "sites": {},
            "communityID": "d15acdd4-db2f-4ecb-8cb0-d55b090fd1ca"
        },
        {
            "name": "Kristianus Du\u2019a Wea",
            "description": "",
            "profilePic": "",
            "sites": {},
            "communityID": "d15acdd4-db2f-4ecb-8cb0-d55b090fd1ca"
        },
        {
            "name": "Marselinus Ado Wawo",
            "description": "",
            "profilePic": "",
            "sites": {},
            "communityID": "d15acdd4-db2f-4ecb-8cb0-d55b090fd1ca"
        },
        {
            "name": "Marsianus Jawa",
            "description": "Drs. Marsianus Jawa, M.Si (lahir 08 Agustus 1965)[1] adalah seorang birokrat dari Provinsi Nusa Tenggara Timur dan sekarang menjabat sebagai Penjabat Bupati Kabupaten Lembata[2] sejak 22 Mei 2022.\n",
            "profilePic": "https://upload.wikimedia.org/wikipedia/commons/thumb/9/98/Marsianus_Jawa_-_Penjabat_Bupati_Lembata_Tahun_2022.png/1200px-Marsianus_Jawa_-_Penjabat_Bupati_Lembata_Tahun_2022.png",
            "sites": {
                "name": "Wikipedia",
                "url": "https://id.wikipedia.org/wiki/Marsianus_Jawa"
            },
            "communityID": "d15acdd4-db2f-4ecb-8cb0-d55b090fd1ca"
        },
        {
            "name": "Shafar Laga Rema",
            "description": "",
            "profilePic": "",
            "sites": {},
            "communityID": "d15acdd4-db2f-4ecb-8cb0-d55b090fd1ca"
        }
    ],
    "path": "kabupaten-nagekeo",
    "source": "https://id.wikipedia.org/wiki/Pemilihan_umum_Bupati_Nagekeo_2024"
}