{
    "title": "Pemilihan umum Bupati Pulau Taliabu 2024",
    "region": "Pulau Taliabu",
    "level": "KABUPATEN",
    "candidates": [
        {
            "name": "Fifian Adeningsih Mus",
            "description": "Hj. Fifian Adeningsi Mus, S.H. (lahir 8 September 1984) adalah seorang politikus berkebangsaan Indonesia. Saat ini, ia memegang jabatan sebagai Bupati Kepulauan Sula untuk masa jabatan 2021\u20132024 dan menjadi bupati perempuan pertama yang menduduki jabatan tersebut.[1][2] Sebelumnya, ia merupakan pegawai negeri sipil dengan jabatan terakhir Kepala Dinas Pendidikan di Pulau Taliabu. Kemudian, ia terjun ke dunia politik sebagai kader Partai Golongan Karya (Golkar). Pada Mei 2022, Fifian memutuskan untuk berpindah partai ke Partai Demokrasi Indonesia Perjuangan (PDI-P).[3]\n",
            "profilePic": "https://upload.wikimedia.org/wikipedia/commons/8/86/Bupati_Kepulauan_Sula_Fifian_Adeningsih_Mus.jpg",
            "sites": {
                "name": "Wikipedia",
                "url": "https://id.wikipedia.org/wiki/Fifian_Adeningsih_Mus"
            },
            "communityID": "7eab9580-afec-492f-bc8b-0f53ab3cd8ee"
        },
        {
            "name": "Alien Mus",
            "description": "Alien Mus (lahir 8 Agustus 1987) adalah seorang politikus Indonesia yang menjabat sebagai anggota DPR-RI sejak 2019 mewakili daerah pemilihan Maluku Utara. Alien merupakan kader Partai Golongan Karya. Saat ini, ia duduk di Komisi IV.[1][2]\n",
            "profilePic": "https://upload.wikimedia.org/wikipedia/commons/7/76/DPR_Alien_Mus.jpg",
            "sites": {
                "name": "Wikipedia",
                "url": "https://id.wikipedia.org/wiki/Alien_Mus"
            },
            "communityID": "7eab9580-afec-492f-bc8b-0f53ab3cd8ee"
        }
    ],
    "path": "kabupaten-pulau-taliabu",
    "source": "https://id.wikipedia.org/wiki/Pemilihan_umum_Bupati_Pulau_Taliabu_2024"
}