{
    "title": "Pemilihan umum Bupati Katingan 2024",
    "region": "Katingan",
    "level": "KABUPATEN",
    "candidates": [
        {
            "name": "Sakariyas",
            "description": "Sakariyas, S.E. (lahir 24 Oktober 1960) adalah bupati Katingan yang menjabat untuk masa bakti 2018\u20132023. Ia terpilih bersama Sunardi Litang sebagai wakil bupati Katingan setelah memenangkan Pilkada Katingan 2018 dengan meraih 19.998 suara.[1] Ia dilantik sebagai bupati Katingan pada 24 September 2018 dan berpasangan dengan wakil bupati Seruyan Sunardi Litang.[2]\n",
            "profilePic": "https://upload.wikimedia.org/wikipedia/commons/d/d0/Bupati_Katingan_Sakariyas.jpg",
            "sites": {
                "name": "Wikipedia",
                "url": "https://id.wikipedia.org/wiki/Sakariyas"
            },
            "communityID": "c9821ebb-bd89-4ab1-af10-773ac2d83d15"
        },
        {
            "name": "Sunardi N.T. Litang",
            "description": "",
            "profilePic": "",
            "sites": {},
            "communityID": "c9821ebb-bd89-4ab1-af10-773ac2d83d15"
        },
        {
            "name": "Christantwo T Lajdu",
            "description": "",
            "profilePic": "",
            "sites": {},
            "communityID": "c9821ebb-bd89-4ab1-af10-773ac2d83d15"
        },
        {
            "name": "Suhaemi",
            "description": "",
            "profilePic": "",
            "sites": {},
            "communityID": "c9821ebb-bd89-4ab1-af10-773ac2d83d15"
        },
        {
            "name": "Kepas Rangkai",
            "description": "",
            "profilePic": "",
            "sites": {},
            "communityID": "c9821ebb-bd89-4ab1-af10-773ac2d83d15"
        },
        {
            "name": "Yuandrias",
            "description": "",
            "profilePic": "",
            "sites": {},
            "communityID": "c9821ebb-bd89-4ab1-af10-773ac2d83d15"
        },
        {
            "name": "Marwan Susanto",
            "description": "",
            "profilePic": "",
            "sites": {},
            "communityID": "c9821ebb-bd89-4ab1-af10-773ac2d83d15"
        },
        {
            "name": "Nanang Suriansyah",
            "description": "",
            "profilePic": "",
            "sites": {},
            "communityID": "c9821ebb-bd89-4ab1-af10-773ac2d83d15"
        },
        {
            "name": "Endang Susilawatie",
            "description": "",
            "profilePic": "",
            "sites": {},
            "communityID": "c9821ebb-bd89-4ab1-af10-773ac2d83d15"
        },
        {
            "name": "Budy Hermanto",
            "description": "",
            "profilePic": "",
            "sites": {},
            "communityID": "c9821ebb-bd89-4ab1-af10-773ac2d83d15"
        }
    ],
    "path": "kabupaten-katingan",
    "source": "https://id.wikipedia.org/wiki/Pemilihan_umum_Bupati_Katingan_2024"
}