{
    "title": "Pemilihan umum Bupati Lamongan 2024",
    "region": "Lamongan",
    "level": "KABUPATEN",
    "candidates": [
        {
            "name": "Yuhronur Efendi",
            "description": "Dr. H. Yuhronur Efendi, MBA (lahir 12 Januari 1968) adalah adalah birokrat dan politikus Indonesia yang menjabat Bupati Lamongan periode 2021\u20132024.[1] Bersama wakilnya, Abdul Rouf, mereka berhasil memenangkan pemilihan umum Bupati Lamongan 2020.[2] Yuhronur Efendi pernah menjabat sebagai Sekretaris Daerah Lamongan.[3]\n",
            "profilePic": "https://upload.wikimedia.org/wikipedia/commons/b/b2/Bupati_Lamongan_Yuhronur_Efendi.png",
            "sites": {
                "name": "Wikipedia",
                "url": "https://id.wikipedia.org/wiki/Yuhronur_Efendi"
            },
            "communityID": "d19d6bba-614d-45bb-9dee-3787271e60f7"
        },
        {
            "name": "Abdul Rouf",
            "description": "Abdul Rouf (lahir 28 Agustus 1961) adalah seorang politikus dan ulama Indonesia kelahiran Bluluk, Lamongan. Ayahnya M Asyikin Gozali merupakan pimpinan Pondok Pesantren Miftahul Qulub. Ia menjadi Wakil Bupati Lamongan mendampingi Yuhronur Efendi dari 2021 sampai 2024. \n",
            "profilePic": "https://upload.wikimedia.org/wikipedia/commons/0/07/Wakil_Bupati_Abdul_Rouf.jpg",
            "sites": {
                "name": "Wikipedia",
                "url": "https://id.wikipedia.org/wiki/Abdul_Rouf"
            },
            "communityID": "d19d6bba-614d-45bb-9dee-3787271e60f7"
        },
        {
            "name": "Abdul Ghofur",
            "description": "Prof. Dr. (H.C). K.H. Abdul Ghofur (lahir 12 Februari 1949 di Paciran, Lamongan) adalah Pimpinan Pondok Pesantren Sunan Drajat, Paciran, Lamongan sekaligus sebagai Mustasyar PWNU Jatim. Beliau merupakan keturunan dari pasangan H. Martokan dan Hj. Kasiyami dan merupakan keturunan ke-14 dari Kanjeng Sunan Drajat. Pondok pesantren yang diasuhnya merupakan satu-satunya pesantren peninggalan Wali Songo yang masih ada dan saat ini menjadi salah satu pesantren dengan jumlah santri terbanyak di Indonesia.\n",
            "profilePic": "https://upload.wikimedia.org/wikipedia/commons/0/0d/YAI_GOFUR.png",
            "sites": {
                "name": "Wikipedia",
                "url": "https://id.wikipedia.org/wiki/Abdul_Ghofur"
            },
            "communityID": "d19d6bba-614d-45bb-9dee-3787271e60f7"
        },
        {
            "name": "H. R. Imam Mukhlishin, M.Pdi,",
            "description": "",
            "profilePic": "",
            "sites": {},
            "communityID": "d19d6bba-614d-45bb-9dee-3787271e60f7"
        },
        {
            "name": "Suhandoyo",
            "description": "",
            "profilePic": "",
            "sites": {},
            "communityID": "d19d6bba-614d-45bb-9dee-3787271e60f7"
        },
        {
            "name": "Kaharudin",
            "description": "",
            "profilePic": "",
            "sites": {},
            "communityID": "d19d6bba-614d-45bb-9dee-3787271e60f7"
        },
        {
            "name": "Nasyirul Falah Amru",
            "description": "H. Nasyirul Falah Amru, S.E. (lahir 27 Januari 1975) adalah politikus Indonesia yang menjabat sebagai anggota DPR-RI selama dua periode (2014\u20132019 dan 2019\u20132024). Ia mewakili daerah pemilihan Jawa Timur X, yang meliputi Lamongan dan Gresik. Gus Falah merupakan kader Partai Demokrasi Indonesia Perjuangan, ia bertugas di Komisi VII.[1] Ia adalah anak dari Amru Al Mu'tasyim, mantan Anggota DPR RI dari Partai Persatuan Pembangunan dan Partai Kebangkitan Bangsa yang pernah aktif di HMI.[2]\n",
            "profilePic": "https://upload.wikimedia.org/wikipedia/commons/thumb/9/9e/Anggota_DPR_Nasyirul_Falah_Amru.jpg/1200px-Anggota_DPR_Nasyirul_Falah_Amru.jpg",
            "sites": {
                "name": "Wikipedia",
                "url": "https://id.wikipedia.org/wiki/Nasyirul_Falah_Amru"
            },
            "communityID": "d19d6bba-614d-45bb-9dee-3787271e60f7"
        },
        {
            "name": "Debby Kurniawan",
            "description": "Deddy Kurniawan (lahir 7 September 1981) adalah anggota DPR-RI pada periode (2019\u20132024). Ia mewakili daerah pemilihan Jawa Timur X.\n",
            "profilePic": "https://upload.wikimedia.org/wikipedia/commons/1/17/Debby_Kurniawan.jpg",
            "sites": {
                "name": "Wikipedia",
                "url": "https://id.wikipedia.org/wiki/Debby_Kurniawan"
            },
            "communityID": "d19d6bba-614d-45bb-9dee-3787271e60f7"
        },
        {
            "name": "Moh. Midchol Afan, S.T., M.T.",
            "description": "",
            "profilePic": "",
            "sites": {},
            "communityID": "d19d6bba-614d-45bb-9dee-3787271e60f7"
        },
        {
            "name": "Okta Rosadinata",
            "description": "",
            "profilePic": "",
            "sites": {},
            "communityID": "d19d6bba-614d-45bb-9dee-3787271e60f7"
        },
        {
            "name": "M.I. Andy Firasadi",
            "description": "",
            "profilePic": "",
            "sites": {},
            "communityID": "d19d6bba-614d-45bb-9dee-3787271e60f7"
        },
        {
            "name": "Edy Wijaya",
            "description": "",
            "profilePic": "",
            "sites": {},
            "communityID": "d19d6bba-614d-45bb-9dee-3787271e60f7"
        },
        {
            "name": "Amar Saifudin",
            "description": "",
            "profilePic": "",
            "sites": {},
            "communityID": "d19d6bba-614d-45bb-9dee-3787271e60f7"
        },
        {
            "name": "Wahid Wahyudi",
            "description": "",
            "profilePic": "",
            "sites": {},
            "communityID": "d19d6bba-614d-45bb-9dee-3787271e60f7"
        },
        {
            "name": "Abdul Ghofur",
            "description": "Prof. Dr. (H.C). K.H. Abdul Ghofur (lahir 12 Februari 1949 di Paciran, Lamongan) adalah Pimpinan Pondok Pesantren Sunan Drajat, Paciran, Lamongan sekaligus sebagai Mustasyar PWNU Jatim. Beliau merupakan keturunan dari pasangan H. Martokan dan Hj. Kasiyami dan merupakan keturunan ke-14 dari Kanjeng Sunan Drajat. Pondok pesantren yang diasuhnya merupakan satu-satunya pesantren peninggalan Wali Songo yang masih ada dan saat ini menjadi salah satu pesantren dengan jumlah santri terbanyak di Indonesia.\n",
            "profilePic": "https://upload.wikimedia.org/wikipedia/commons/0/0d/YAI_GOFUR.png",
            "sites": {
                "name": "Wikipedia",
                "url": "https://id.wikipedia.org/wiki/Abdul_Ghofur"
            },
            "communityID": "d19d6bba-614d-45bb-9dee-3787271e60f7"
        },
        {
            "name": "Moh Nalikan",
            "description": "",
            "profilePic": "",
            "sites": {},
            "communityID": "d19d6bba-614d-45bb-9dee-3787271e60f7"
        },
        {
            "name": "Fujika Senna Oktavia",
            "description": "",
            "profilePic": "",
            "sites": {},
            "communityID": "d19d6bba-614d-45bb-9dee-3787271e60f7"
        },
        {
            "name": "Afif Hasbullah",
            "description": "",
            "profilePic": "",
            "sites": {},
            "communityID": "d19d6bba-614d-45bb-9dee-3787271e60f7"
        },
        {
            "name": "Nurul Hidayatul Ummah",
            "description": "",
            "profilePic": "",
            "sites": {},
            "communityID": "d19d6bba-614d-45bb-9dee-3787271e60f7"
        },
        {
            "name": "K.H. Biin Abdussalam",
            "description": "",
            "profilePic": "",
            "sites": {},
            "communityID": "d19d6bba-614d-45bb-9dee-3787271e60f7"
        },
        {
            "name": "Sholahuddin",
            "description": "",
            "profilePic": "",
            "sites": {},
            "communityID": "d19d6bba-614d-45bb-9dee-3787271e60f7"
        }
    ],
    "path": "kabupaten-lamongan",
    "source": "https://id.wikipedia.org/wiki/Pemilihan_umum_Bupati_Lamongan_2024"
}