{
    "title": "Pemilihan umum Bupati Seram Bagian Barat 2024",
    "region": "Seram Bagian Barat",
    "level": "KABUPATEN",
    "candidates": [
        {
            "name": "Timotius Akerina",
            "description": "",
            "profilePic": "",
            "sites": {},
            "communityID": "f4a78a6d-8ccb-4e3d-aed3-62dbb2a7b6db"
        },
        {
            "name": "La Siteni",
            "description": "",
            "profilePic": "",
            "sites": {},
            "communityID": "f4a78a6d-8ccb-4e3d-aed3-62dbb2a7b6db"
        },
        {
            "name": "Ayu Ningsi",
            "description": "",
            "profilePic": "",
            "sites": {},
            "communityID": "f4a78a6d-8ccb-4e3d-aed3-62dbb2a7b6db"
        }
    ],
    "path": "kabupaten-seram-bagian-barat",
    "source": "https://id.wikipedia.org/wiki/Pemilihan_umum_Bupati_Seram_Bagian_Barat_2024"
}