{
    "title": "Pemilihan umum Bupati Mukomuko 2024",
    "region": "Mukomuko",
    "level": "KABUPATEN",
    "candidates": [
        {
            "name": "Choirul Huda (militer)",
            "description": "Mayor Inf (Purn.) Choirul Huda, S.H. (lahir 1 Mei 1970) adalah Bupati Mukomuko periode 2016\u20132021.[1] Choirul Huda pernah menjabat sebagai Wakil Bupati Mukomuko periode 2010\u20132015.\n",
            "profilePic": "https://upload.wikimedia.org/wikipedia/commons/b/b8/Choirul_Huda_Bupati_Mukomuko.jpg",
            "sites": {
                "name": "Wikipedia",
                "url": "https://id.wikipedia.org/wiki/Choirul_Huda_(militer)"
            },
            "communityID": "94d88a17-83d5-4747-8183-fce74b84d7aa"
        },
        {
            "name": "Dr.Jiwa Zhaqi Adiguna (Dokter/Aktifis)",
            "description": "",
            "profilePic": "",
            "sites": {},
            "communityID": "94d88a17-83d5-4747-8183-fce74b84d7aa"
        },
        {
            "name": "Sapuan (politikus)",
            "description": "H. Sapuan, S.E., MM, Ak, CA, CPA, CPI.(lahir 27 Mei 1974) adalah pengusaha dan politikus Indonesia yang menjabat sebagai Bupati Mukomuko sejak 26 Februari 2021.\n",
            "profilePic": "",
            "sites": {
                "name": "Wikipedia",
                "url": "https://id.wikipedia.org/wiki/Sapuan_(politikus)"
            },
            "communityID": "94d88a17-83d5-4747-8183-fce74b84d7aa"
        },
        {
            "name": "RAHMADI AB",
            "description": "",
            "profilePic": "",
            "sites": {},
            "communityID": "94d88a17-83d5-4747-8183-fce74b84d7aa"
        },
        {
            "name": "Muharamin",
            "description": "",
            "profilePic": "",
            "sites": {},
            "communityID": "94d88a17-83d5-4747-8183-fce74b84d7aa"
        },
        {
            "name": "Edwar Setiawan",
            "description": "",
            "profilePic": "",
            "sites": {},
            "communityID": "94d88a17-83d5-4747-8183-fce74b84d7aa"
        },
        {
            "name": "Edi Kasman",
            "description": "",
            "profilePic": "",
            "sites": {},
            "communityID": "94d88a17-83d5-4747-8183-fce74b84d7aa"
        }
    ],
    "path": "kabupaten-mukomuko",
    "source": "https://id.wikipedia.org/wiki/Pemilihan_umum_Bupati_Mukomuko_2024"
}