{
    "title": "Pemilihan umum Bupati Barito Timur 2024",
    "region": "Barito Timur",
    "level": "KABUPATEN",
    "candidates": [
        {
            "name": "Dr.Ariantho S.Muler, S.T.,M.M",
            "description": "",
            "profilePic": "",
            "sites": {},
            "communityID": "a70e7874-bddc-4cfb-b601-4c1f37704b79"
        },
        {
            "name": "Habib Said Abdul Saleh",
            "description": "",
            "profilePic": "",
            "sites": {},
            "communityID": "a70e7874-bddc-4cfb-b601-4c1f37704b79"
        },
        {
            "name": "Machur Mudel Duhung",
            "description": "",
            "profilePic": "",
            "sites": {},
            "communityID": "a70e7874-bddc-4cfb-b601-4c1f37704b79"
        },
        {
            "name": "Yuren S. Bahat",
            "description": "",
            "profilePic": "",
            "sites": {},
            "communityID": "a70e7874-bddc-4cfb-b601-4c1f37704b79"
        }
    ],
    "path": "kabupaten-barito-timur",
    "source": "https://id.wikipedia.org/wiki/Pemilihan_umum_Bupati_Barito_Timur_2024"
}