{
    "title": "Pemilihan umum Bupati Sintang 2024",
    "region": "Sintang",
    "level": "KABUPATEN",
    "candidates": [
        {
            "name": "Melkianus",
            "description": "",
            "profilePic": "",
            "sites": {},
            "communityID": "52e791ce-c325-457d-aa5c-5b3e7f02287e"
        },
        {
            "name": "Agrianus",
            "description": "",
            "profilePic": "",
            "sites": {},
            "communityID": "52e791ce-c325-457d-aa5c-5b3e7f02287e"
        },
        {
            "name": "Heri Jambri",
            "description": "",
            "profilePic": "",
            "sites": {},
            "communityID": "52e791ce-c325-457d-aa5c-5b3e7f02287e"
        },
        {
            "name": "Supranto Aji",
            "description": "",
            "profilePic": "",
            "sites": {},
            "communityID": "52e791ce-c325-457d-aa5c-5b3e7f02287e"
        },
        {
            "name": "Gregorius Herkulanus Bala",
            "description": "",
            "profilePic": "",
            "sites": {},
            "communityID": "52e791ce-c325-457d-aa5c-5b3e7f02287e"
        }
    ],
    "path": "kabupaten-sintang",
    "source": "https://id.wikipedia.org/wiki/Pemilihan_umum_Bupati_Sintang_2024"
}