{
    "title": "Pemilihan umum Bupati Kolaka 2024",
    "region": "Kolaka",
    "level": "KABUPATEN",
    "candidates": [
        {
            "name": "Muhammad Jayadin",
            "description": "Muhammad Jayadin (lahir 23 Juli 1969) adalah seorang birokrat Indonesia kelahiran Pomalaa. Ia sempat bekerja sebagai karyawan di PT Antam Tbk. Muhammad Jayadin menjadi Wakil Bupati Kolaka yang mendampingi Ahmad Safei selaku Bupati Kolaka selama dua periode. Pada 2023, ia diangkat menjadi pelaksana jabatan Bupati Kolaka. Ia menikahi Ende Jayadin.[1]\n",
            "profilePic": "https://upload.wikimedia.org/wikipedia/commons/3/32/Muhammad_Jayadin.jpg",
            "sites": {
                "name": "Wikipedia",
                "url": "https://id.wikipedia.org/wiki/Muhammad_Jayadin"
            },
            "communityID": "8a30ead3-1b0e-4f82-b54c-abcf0b3fc34d"
        },
        {
            "name": "Asmani Arif",
            "description": "",
            "profilePic": "",
            "sites": {},
            "communityID": "8a30ead3-1b0e-4f82-b54c-abcf0b3fc34d"
        },
        {
            "name": "Amrin Jamaluddin",
            "description": "",
            "profilePic": "",
            "sites": {},
            "communityID": "8a30ead3-1b0e-4f82-b54c-abcf0b3fc34d"
        },
        {
            "name": "Heryanto Suaib",
            "description": "",
            "profilePic": "",
            "sites": {},
            "communityID": "8a30ead3-1b0e-4f82-b54c-abcf0b3fc34d"
        },
        {
            "name": "Husmaluddin",
            "description": "",
            "profilePic": "",
            "sites": {},
            "communityID": "8a30ead3-1b0e-4f82-b54c-abcf0b3fc34d"
        },
        {
            "name": "Nur Endang Abbas",
            "description": "",
            "profilePic": "",
            "sites": {},
            "communityID": "8a30ead3-1b0e-4f82-b54c-abcf0b3fc34d"
        },
        {
            "name": "Samsul Kadar",
            "description": "",
            "profilePic": "",
            "sites": {},
            "communityID": "8a30ead3-1b0e-4f82-b54c-abcf0b3fc34d"
        },
        {
            "name": "Yahya Darise",
            "description": "",
            "profilePic": "",
            "sites": {},
            "communityID": "8a30ead3-1b0e-4f82-b54c-abcf0b3fc34d"
        }
    ],
    "path": "kabupaten-kolaka",
    "source": "https://id.wikipedia.org/wiki/Pemilihan_umum_Bupati_Kolaka_2024"
}