{
    "title": "Pemilihan umum Bupati Balangan 2024",
    "region": "Balangan",
    "level": "KABUPATEN",
    "candidates": [
        {
            "name": "Abdul Hadi (politikus)",
            "description": "H. Abdul Hadi (politikus), S.Ag., M.I.Kom. (lahir 3 Juni 1971) adalah politikus PPP yang menjabat sebagai Bupati Balangan periode 2021-2024.\n",
            "profilePic": "",
            "sites": {
                "name": "Wikipedia",
                "url": "https://id.wikipedia.org/wiki/Abdul_Hadi"
            },
            "communityID": "bab6b404-4247-4e9b-b4d7-3bfacf3fb8f6"
        },
        {
            "name": "Hifziani",
            "description": "",
            "profilePic": "",
            "sites": {},
            "communityID": "bab6b404-4247-4e9b-b4d7-3bfacf3fb8f6"
        }
    ],
    "path": "kabupaten-balangan",
    "source": "https://id.wikipedia.org/wiki/Pemilihan_umum_Bupati_Balangan_2024"
}