{
    "title": "Pemilihan umum Bupati Batu Bara 2024",
    "region": "Batu Bara",
    "level": "KABUPATEN",
    "candidates": [
        {
            "name": "Zahir (politikus)",
            "description": "Ir. H. Zahir, M.AP. (lahir 29 Januari 1969) adalah seorang Politikus Indonesia. Ia pernah menjabat anggota Dewan Perwakilan Rakyat Daerah Provinsi Sumatera Utara periode 2014-2019.[1][2] Pada Pemilihan umum Bupati Batu Bara 2018, Ia terpilih menjadi Bupati Batu Bara[3] Periode 2018 - 2023.\n",
            "profilePic": "https://upload.wikimedia.org/wikipedia/commons/thumb/d/d8/Bupati_Zahir_2022.jpg/1200px-Bupati_Zahir_2022.jpg",
            "sites": {
                "name": "Wikipedia",
                "url": "https://id.wikipedia.org/wiki/Zahir_(bupati)"
            },
            "communityID": "58eba16a-8207-4881-9aac-2be719d0cd73"
        },
        {
            "name": "Akp. Purn Rudi Safrizal (Kepolisian Republik Indonesia) ",
            "description": "",
            "profilePic": "",
            "sites": {},
            "communityID": "58eba16a-8207-4881-9aac-2be719d0cd73"
        },
        {
            "name": "Oky Iqbal Frima",
            "description": "H Oky Iqbal Frima, S.E. (lahir 23 November 1989) adalah Wakil Bupati Batubara periode 2018\u20132023. Ia menjabat sejak 27 Desember 2018 setelah dilantik Gubernur Sumatera Utara, Edy Rahmayadi di Aula Raja Inal Siregar, Kantor Gubernur Sumatera Utara, Medan.[1] Oky juga merupakan politikus Partai Gerindra dan sebelumnya menjabat sebagai Ketua Fraksi Partai Gerindra di Dewan Perwakilan Rakyat Daerah Kabupaten Batubara. Ia resmi mengundurkan diri sebagai Wakil Bupati Batubara per 5 November 2023 dengan alasan untuk maju sebagai calon anggota legislatif pada Pemilihan umum legislatif Indonesia 2024, dengan tujuan mewakili daerahnya di Dewan Perwakilan Rakyat Daerah (DPRD) Batu Bara periode 2024-2029.[2]\n",
            "profilePic": "https://upload.wikimedia.org/wikipedia/commons/9/97/KPU_Oky_Iqbal_Frima.jpg",
            "sites": {
                "name": "Wikipedia",
                "url": "https://id.wikipedia.org/wiki/Oky_Iqbal_Frima"
            },
            "communityID": "58eba16a-8207-4881-9aac-2be719d0cd73"
        },
        {
            "name": "Darwis",
            "description": "Darwis[1] (dari Persia: \u062f\u0631\u0648\u06cc\u0634, Darv\u012bsh[2] melalui Turki,[3] bahasa Somali: Daraawiish, bahasa Arab:  \u062f\u0631\u0648\u064a\u0634, Darw\u012b\u0161) adalah orang yang memandu asketis sufisme ke sebuah susunan atau \"tarekat\", yang dikenal karena austeritas dan kesederhanaan mereka. Fokus mereka[4] adalah pada nilai-nilai universal dari kasih dan jasa, menghiraukan ilusi dari ego untuk mencapai Allah. Dalam kebanyakan ordo Sufi, seorang darwis dikenal karena mempraktikkan zikir melalui praktik keagamaan atau fisik untuk mencapai pencerahan dari Allah.[5] Praktik paling umum mereka adalah Sama yang berkaitan dengan Rumi.\n",
            "profilePic": "https://upload.wikimedia.org/wikipedia/commons/2/20/Indischer_Maler_um_1650_%28II%29_001.jpg",
            "sites": {
                "name": "Wikipedia",
                "url": "https://id.wikipedia.org/wiki/Darwis"
            },
            "communityID": "58eba16a-8207-4881-9aac-2be719d0cd73"
        },
        {
            "name": "M. Safi\u2019i",
            "description": "",
            "profilePic": "",
            "sites": {},
            "communityID": "58eba16a-8207-4881-9aac-2be719d0cd73"
        },
        {
            "name": "Fahri Iswahyudi",
            "description": "",
            "profilePic": "",
            "sites": {},
            "communityID": "58eba16a-8207-4881-9aac-2be719d0cd73"
        },
        {
            "name": "Citra Muliadi Bangun",
            "description": "",
            "profilePic": "",
            "sites": {},
            "communityID": "58eba16a-8207-4881-9aac-2be719d0cd73"
        },
        {
            "name": "Yahdi Khoir Harahap",
            "description": "Ir. H. Yahdi Khoir Harahap, M.B.A. (lahir 25 Mei 1963) adalah Anggota DPRD Sumatera Utara Fraksi PAN periode 2019\u20142024.[1]\n",
            "profilePic": "https://upload.wikimedia.org/wikipedia/commons/1/1e/Anggota_DPRD_Sumatera_Utara_Yahdi_Khoir_Harahap.jpg",
            "sites": {
                "name": "Wikipedia",
                "url": "https://id.wikipedia.org/wiki/Yahdi_Khoir_Harahap"
            },
            "communityID": "58eba16a-8207-4881-9aac-2be719d0cd73"
        },
        {
            "name": "Ahmad Hadian",
            "description": "",
            "profilePic": "",
            "sites": {},
            "communityID": "58eba16a-8207-4881-9aac-2be719d0cd73"
        },
        {
            "name": "Satrio cristovel Sitinjak. laksamana angkatan Laut (TNI Al )",
            "description": "",
            "profilePic": "",
            "sites": {},
            "communityID": "58eba16a-8207-4881-9aac-2be719d0cd73"
        },
        {
            "name": "Kombes (Purn) Ikhwan Lubis",
            "description": "",
            "profilePic": "",
            "sites": {},
            "communityID": "58eba16a-8207-4881-9aac-2be719d0cd73"
        },
        {
            "name": "H.Darwin",
            "description": "",
            "profilePic": "",
            "sites": {},
            "communityID": "58eba16a-8207-4881-9aac-2be719d0cd73"
        }
    ],
    "source": "https://id.wikipedia.org/wiki/Pemilihan_umum_Bupati_Batu_Bara_2024",
    "path": "kabupaten-batu-bara"
}