{
    "title": "Pemilihan umum Bupati Tabanan 2024",
    "region": "Tabanan",
    "level": "KABUPATEN",
    "candidates": [
        {
            "name": "I Komang Gede Sanjaya",
            "description": "Dr. I Komang Gede Sanjaya, S.E., M.M. (lahir 4 Oktober 1966) adalah Bupati Tabanan periode 2021-2024. Ia menjabat sejak 26 Februari 2021 setelah dilantik Gubernur Bali, Wayan Koster di Gedung Wiswa Sabha Kantor Gubernur Bali, Denpasar.[1] Ia juga merupakan politisi PDI Perjuangan dan dipercaya sebagai Ketua DPC PDI Perjuangan Kabupaten Tabanan.[2]\n",
            "profilePic": "https://upload.wikimedia.org/wikipedia/commons/b/b0/I_Koomang_Gede_Sanjaya_PDIP.jpg",
            "sites": {
                "name": "Wikipedia",
                "url": "https://id.wikipedia.org/wiki/I_Komang_Gede_Sanjaya"
            },
            "communityID": "574be2cf-43ff-420f-8837-d99b90524f22"
        },
        {
            "name": "I Nyoman Wirya",
            "description": "",
            "profilePic": "",
            "sites": {},
            "communityID": "574be2cf-43ff-420f-8837-d99b90524f22"
        },
        {
            "name": "I Wayan Gindera",
            "description": "",
            "profilePic": "",
            "sites": {},
            "communityID": "574be2cf-43ff-420f-8837-d99b90524f22"
        },
        {
            "name": "Dewa Made Suamba Negara",
            "description": "",
            "profilePic": "",
            "sites": {},
            "communityID": "574be2cf-43ff-420f-8837-d99b90524f22"
        },
        {
            "name": "I Wayan Sukaja",
            "description": "",
            "profilePic": "",
            "sites": {},
            "communityID": "574be2cf-43ff-420f-8837-d99b90524f22"
        },
        {
            "name": "Ni Made Meliani",
            "description": "",
            "profilePic": "",
            "sites": {},
            "communityID": "574be2cf-43ff-420f-8837-d99b90524f22"
        },
        {
            "name": "I Made Urip",
            "description": "I Made Urip (lahir 31 Desember 1959) adalah seorang politikus Indonesia yang menjabat sebagai anggota DPR-RI selama lima periode (1999\u20132004, 2004\u20132009, 2009\u20132014, 2014\u20132019, dan 2019\u20132024). Pada periode kelima ini, ia mewakili daerah pemilihan Bali. Urip merupakan kader Partai Demokrasi Indonesia Perjuangan. Saat ini, ia duduk di Komisi IV.[1]\n",
            "profilePic": "https://upload.wikimedia.org/wikipedia/commons/4/40/Anggota_DPR_I_Made_Urip.jpg",
            "sites": {
                "name": "Wikipedia",
                "url": "https://id.wikipedia.org/wiki/I_Made_Urip"
            },
            "communityID": "574be2cf-43ff-420f-8837-d99b90524f22"
        }
    ],
    "path": "kabupaten-tabanan",
    "source": "https://id.wikipedia.org/wiki/Pemilihan_umum_Bupati_Tabanan_2024"
}