{
    "title": "Pemilihan umum Bupati Padang Pariaman 2024",
    "region": "Padang Pariaman",
    "level": "KABUPATEN",
    "candidates": [
        {
            "name": ":",
            "description": "",
            "profilePic": "",
            "sites": {},
            "communityID": "9ca95360-71d4-4cdd-80d5-7ec4ff15751e"
        },
        {
            "name": ": Politisi Golkar",
            "description": "",
            "profilePic": "",
            "sites": {},
            "communityID": "9ca95360-71d4-4cdd-80d5-7ec4ff15751e"
        },
        {
            "name": ":",
            "description": "",
            "profilePic": "",
            "sites": {},
            "communityID": "9ca95360-71d4-4cdd-80d5-7ec4ff15751e"
        },
        {
            "name": ":",
            "description": "",
            "profilePic": "",
            "sites": {},
            "communityID": "9ca95360-71d4-4cdd-80d5-7ec4ff15751e"
        },
        {
            "name": ":",
            "description": "",
            "profilePic": "",
            "sites": {},
            "communityID": "9ca95360-71d4-4cdd-80d5-7ec4ff15751e"
        },
        {
            "name": ":",
            "description": "",
            "profilePic": "",
            "sites": {},
            "communityID": "9ca95360-71d4-4cdd-80d5-7ec4ff15751e"
        },
        {
            "name": ": Ketua Dewan Perwakilan Rakyat Daerah Kabupaten Padang Pariaman 2019-2024",
            "description": "",
            "profilePic": "",
            "sites": {},
            "communityID": "9ca95360-71d4-4cdd-80d5-7ec4ff15751e"
        },
        {
            "name": ": Politisi NasDem",
            "description": "",
            "profilePic": "",
            "sites": {},
            "communityID": "9ca95360-71d4-4cdd-80d5-7ec4ff15751e"
        },
        {
            "name": ": Politisi PKS",
            "description": "",
            "profilePic": "",
            "sites": {},
            "communityID": "9ca95360-71d4-4cdd-80d5-7ec4ff15751e"
        },
        {
            "name": ": Pengusaha",
            "description": "",
            "profilePic": "",
            "sites": {},
            "communityID": "9ca95360-71d4-4cdd-80d5-7ec4ff15751e"
        },
        {
            "name": ": Pengusaha sumber daya alam",
            "description": "",
            "profilePic": "",
            "sites": {},
            "communityID": "9ca95360-71d4-4cdd-80d5-7ec4ff15751e"
        },
        {
            "name": ": Pendakwah lulusan Mesir",
            "description": "",
            "profilePic": "",
            "sites": {},
            "communityID": "9ca95360-71d4-4cdd-80d5-7ec4ff15751e"
        }
    ],
    "path": "kabupaten-padang-pariaman",
    "source": "https://id.wikipedia.org/wiki/Pemilihan_umum_Bupati_Padang_Pariaman_2024"
}