{
    "title": "Pemilihan umum Bupati Parigi Moutong 2024",
    "region": "Parigi Moutong",
    "level": "KABUPATEN",
    "candidates": [
        {
            "name": "Badrun Nggai",
            "description": "H. Badrun Nggai, S.E. (lahir 12 Maret 1955) adalah Wakil Bupati Parigi Moutong 2 periode yakni 2013\u20132018 dan 2018\u20132023.[1] Ia adalah wakil dari Bupati Parigi Moutong, Samsurizal Tombolotutu.\n",
            "profilePic": "",
            "sites": {
                "name": "Wikipedia",
                "url": "https://id.wikipedia.org/wiki/Badrun_Nggai"
            },
            "communityID": "5fc7a20a-e826-4a3a-b648-017e60269cbd"
        },
        {
            "name": "Osgar S. Matompo",
            "description": "",
            "profilePic": "",
            "sites": {},
            "communityID": "5fc7a20a-e826-4a3a-b648-017e60269cbd"
        },
        {
            "name": "Noor Wachida Prihartini",
            "description": "",
            "profilePic": "",
            "sites": {},
            "communityID": "5fc7a20a-e826-4a3a-b648-017e60269cbd"
        },
        {
            "name": "Zalzulmida A. Djanggola",
            "description": "",
            "profilePic": "",
            "sites": {},
            "communityID": "5fc7a20a-e826-4a3a-b648-017e60269cbd"
        },
        {
            "name": "Erwin Burase",
            "description": "",
            "profilePic": "",
            "sites": {},
            "communityID": "5fc7a20a-e826-4a3a-b648-017e60269cbd"
        },
        {
            "name": "Ibrahim A. Hafid",
            "description": "",
            "profilePic": "",
            "sites": {},
            "communityID": "5fc7a20a-e826-4a3a-b648-017e60269cbd"
        },
        {
            "name": "Faisan Badja",
            "description": "",
            "profilePic": "",
            "sites": {},
            "communityID": "5fc7a20a-e826-4a3a-b648-017e60269cbd"
        },
        {
            "name": "Muhammad Fadli",
            "description": "Muhammad Fadli, S.E. (17 November 1985\u00a0\u2013\u00a07 Desember 2022) adalah Wakil Wali Kota Pagar Alam periode 2018\u20132023. Ia menjabat sejak 18 September 2018 setelah dilantik Gubernur Sumatera Selatan, di Palembang Sport and Convention Center, Palembang.[1]\n",
            "profilePic": "https://upload.wikimedia.org/wikipedia/commons/f/f2/Wakil_Wali_Kota_Pagar_Alam_Muhammad_Fadli.jpg",
            "sites": {
                "name": "Wikipedia",
                "url": "https://id.wikipedia.org/wiki/Muhammad_Fadli"
            },
            "communityID": "5fc7a20a-e826-4a3a-b648-017e60269cbd"
        },
        {
            "name": "Sayutin Budianto",
            "description": "",
            "profilePic": "",
            "sites": {},
            "communityID": "5fc7a20a-e826-4a3a-b648-017e60269cbd"
        },
        {
            "name": "Arman Maulana,Kadis peternakan dan kesehatan hewan Kab Parigi moutong",
            "description": "",
            "profilePic": "",
            "sites": {},
            "communityID": "5fc7a20a-e826-4a3a-b648-017e60269cbd"
        },
        {
            "name": "Ardi Kadir",
            "description": "",
            "profilePic": "",
            "sites": {},
            "communityID": "5fc7a20a-e826-4a3a-b648-017e60269cbd"
        },
        {
            "name": "Amrullah Almahdali",
            "description": "",
            "profilePic": "",
            "sites": {},
            "communityID": "5fc7a20a-e826-4a3a-b648-017e60269cbd"
        },
        {
            "name": "Moh. Nur Dg. Rahmatu",
            "description": "",
            "profilePic": "",
            "sites": {},
            "communityID": "5fc7a20a-e826-4a3a-b648-017e60269cbd"
        }
    ],
    "source": "https://id.wikipedia.org/wiki/Pemilihan_umum_Bupati_Parigi_Moutong_2024",
    "path": "kabupaten-parigi-moutong"
}