{
    "title": "Pemilihan umum Bupati Tapin 2024",
    "region": "Tapin",
    "level": "KABUPATEN",
    "candidates": [
        {
            "name": "Milhan",
            "description": "",
            "profilePic": "",
            "sites": {},
            "communityID": "f18ea021-b642-4134-9cd0-59b052470ad4"
        },
        {
            "name": "Yamani",
            "description": "",
            "profilePic": "",
            "sites": {},
            "communityID": "f18ea021-b642-4134-9cd0-59b052470ad4"
        },
        {
            "name": "Masyraniansyah",
            "description": "",
            "profilePic": "",
            "sites": {},
            "communityID": "f18ea021-b642-4134-9cd0-59b052470ad4"
        },
        {
            "name": "Dedy Arief Budiman",
            "description": "",
            "profilePic": "",
            "sites": {},
            "communityID": "f18ea021-b642-4134-9cd0-59b052470ad4"
        },
        {
            "name": "Syafrudin Noor",
            "description": "",
            "profilePic": "",
            "sites": {},
            "communityID": "f18ea021-b642-4134-9cd0-59b052470ad4"
        },
        {
            "name": "Muhidin",
            "description": "H. Muhidin, S.E., S.H., M.M. (lahir 6 Mei 1958) adalah Wakil Gubernur Kalimantan Selatan periode 2021\u20142024.\n",
            "profilePic": "https://upload.wikimedia.org/wikipedia/commons/thumb/6/69/Muhidin%2CH-vice-goverment-of-south-kalimantan.idn.jpg/1200px-Muhidin%2CH-vice-goverment-of-south-kalimantan.idn.jpg",
            "sites": {
                "name": "Wikipedia",
                "url": "https://id.wikipedia.org/wiki/Muhidin"
            },
            "communityID": "f18ea021-b642-4134-9cd0-59b052470ad4"
        }
    ],
    "path": "kabupaten-tapin",
    "source": "https://id.wikipedia.org/wiki/Pemilihan_umum_Bupati_Tapin_2024"
}