{
    "title": "Pemilihan umum Bupati Tanah Bumbu 2024",
    "region": "Tanah Bumbu",
    "level": "KABUPATEN",
    "candidates": [
        {
            "name": "Muhammad Rusli",
            "description": "H.  Muhammad Rusli, S.Sos. (lahir 3 Juli 1968) adalah seorang aparatur sipil negara dan politikus Indoonesia la sempat menjabat selaku Kepala Sarana dan Prasarana Dinas Tanaman Pangan dan Holtikultura Provinsi Kalimantan Selatan. Pada Pemilihan umum Bupati Tanah Bumbu 2020, ia terpilih menjadi Wakil Bupati Tanah Bumbu mendampingi Zairullah Azhar selaku Bupati Tanah Bumbu.[1]\n",
            "profilePic": "https://upload.wikimedia.org/wikipedia/commons/thumb/1/1c/H._Rusli_Wabup_Tanbu_Foto_%282%29.png/1200px-H._Rusli_Wabup_Tanbu_Foto_%282%29.png",
            "sites": {
                "name": "Wikipedia",
                "url": "https://id.wikipedia.org/wiki/Muhammad_Rusli"
            },
            "communityID": "eb873b2a-422d-4931-883d-c9402d791cc7"
        },
        {
            "name": "Syafruddin H. Maming",
            "description": "Syafruddin H. Maming, S.Sos. (lahir 6 Januari 1977) adalah seorang politikus Indonesia. Ia pernah menjabat sebagai Anggota DPR-RI dari 2019 hingga pengunduran dirinya pada 2020 unutk maju dalam Pilkada Tanah Bumbu 2020. Ia mewakili daerah pemilihan Kalimantan Selatan II.[1] Syafruddin merupakan kader Partai Demokrasi Indonesia Perjuangan dan semasa menjabat di DPR-RI duduk di Komisi VII.[2][3][4]\n",
            "profilePic": "https://upload.wikimedia.org/wikipedia/commons/1/16/Anggota_DPR_Syafruddin_H._Maming.jpg",
            "sites": {
                "name": "Wikipedia",
                "url": "https://id.wikipedia.org/wiki/Syafruddin_H._Maming"
            },
            "communityID": "eb873b2a-422d-4931-883d-c9402d791cc7"
        },
        {
            "name": "Alpiya Rahman",
            "description": "",
            "profilePic": "",
            "sites": {},
            "communityID": "eb873b2a-422d-4931-883d-c9402d791cc7"
        },
        {
            "name": "Samsani",
            "description": "",
            "profilePic": "",
            "sites": {},
            "communityID": "eb873b2a-422d-4931-883d-c9402d791cc7"
        },
        {
            "name": "Difriadi Darjat",
            "description": "Difriadi Darjat (lahir 19 Oktober 1961) adalah seorang politisi Indonesia. Saat ini ia menjabat sebagai Anggota Dewan Perwakilan Rakyat mewakili daerah pemilihan Kalimantan Selatan II sejak 14 Juni 2022, menggantikan Muhammad Nur yang meninggal dunia.[1] Sebelumnya, ia pernah menjabat sebagai Wakil Bupati Tanah Bumbu untuk masa periode 2010\u20132015[2] berpasangan dengan Mardani H. Maming.\n",
            "profilePic": "https://upload.wikimedia.org/wikipedia/commons/9/9a/KPU_Difriadi_Darjat.jpg",
            "sites": {
                "name": "Wikipedia",
                "url": "https://id.wikipedia.org/wiki/Difriadi_Darjat"
            },
            "communityID": "eb873b2a-422d-4931-883d-c9402d791cc7"
        },
        {
            "name": "M Syarifuddin",
            "description": "",
            "profilePic": "",
            "sites": {},
            "communityID": "eb873b2a-422d-4931-883d-c9402d791cc7"
        },
        {
            "name": "Muhammad Yani Helmi",
            "description": "",
            "profilePic": "",
            "sites": {},
            "communityID": "eb873b2a-422d-4931-883d-c9402d791cc7"
        },
        {
            "name": "Sudian Noor",
            "description": "H. Sudian Noor (lahir 25 Februari 1973) adalah Bupati Tanah Bumbu periode 2018\u20142021.[1] Ia pernah menjabat sebagai Wakil Bupati Tanah Bumbu periode 2016\u20142018.[2]\n",
            "profilePic": "https://upload.wikimedia.org/wikipedia/commons/0/00/KPU_Sudian_Noor.jpg",
            "sites": {
                "name": "Wikipedia",
                "url": "https://id.wikipedia.org/wiki/Sudian_Noor"
            },
            "communityID": "eb873b2a-422d-4931-883d-c9402d791cc7"
        }
    ],
    "path": "kabupaten-tanah-bumbu",
    "source": "https://id.wikipedia.org/wiki/Pemilihan_umum_Bupati_Tanah_Bumbu_2024"
}