{
    "title": "Pemilihan umum Bupati Maluku Tenggara 2024",
    "region": "Maluku Tenggara",
    "level": "KABUPATEN",
    "candidates": [
        {
            "name": "Muhammad Thaher Hanubun",
            "description": "H. Muhammad Thaher Hanubun (lahir 3 Agustus 1958) adalah Bupati Maluku Tenggara periode 2018\u20132023. Ia diusung oleh Partai Kebangkitan Bangsa, Partai Keadilan Sejahtera dan Partai Amanat Nasional yang berhasil memenangkan Pemilihan umum Bupati Maluku Tenggara 2018.[1]\n",
            "profilePic": "https://upload.wikimedia.org/wikipedia/commons/d/d6/Muhammad_Thaher_Hanubun.png",
            "sites": {
                "name": "Wikipedia",
                "url": "https://id.wikipedia.org/wiki/Muhammad_Thaher_Hanubun"
            },
            "communityID": "9216a327-034c-4d7c-9ab4-ca7216d006c2"
        },
        {
            "name": "Xaverius Kameubun",
            "description": "",
            "profilePic": "",
            "sites": {},
            "communityID": "9216a327-034c-4d7c-9ab4-ca7216d006c2"
        },
        {
            "name": "Agustinus Ufie",
            "description": "",
            "profilePic": "",
            "sites": {},
            "communityID": "9216a327-034c-4d7c-9ab4-ca7216d006c2"
        },
        {
            "name": "Minduchri Koedoeboen",
            "description": "",
            "profilePic": "",
            "sites": {},
            "communityID": "9216a327-034c-4d7c-9ab4-ca7216d006c2"
        }
    ],
    "path": "kabupaten-maluku-tenggara",
    "source": "https://id.wikipedia.org/wiki/Pemilihan_umum_Bupati_Maluku_Tenggara_2024"
}