{
    "title": "Pemilihan umum Bupati Pelalawan 2024",
    "region": "Pelalawan",
    "level": "KABUPATEN",
    "candidates": [
        {
            "name": "Zukri Misran",
            "description": "H. Zukri (lahir 3 April 1979)[1] adalah seorang politikus dan mantan Wakil Ketua Dewan Perwakilan Rakyat Daerah Provinsi Riau periode 2019-2020 yang sekarang menjabat sebagai Bupati Pelalawan periode 2021-2024. Ia maju sebagai calon bupati Kabupaten Pelalawan diusung oleh partai PDIP,PKB dan Partai Persatuan Pembangunan. Sebelum menjadi Wakil Ketua DPRD, ia terpilih sebagai anggota DPRD Provinsi Riau selama 3 periode yaitu 2009-2014-2019 melalui Partai Demokrasi Indonesia Perjuangan. Ia juga dipercaya oleh Megawati Soekarnoputri untuk  memimpin DPD Partai Demokrasi Indonesia Perjuangan (PDIP) Provinsi Riau.[2] Pada tanggal 26 April 2021 Gubernur Riau Syamsuar melantik Zukri-Nasar sebagai Bupati & Wakil Bupati Kabupaten Pelalawan periode 2021-2024 di Balai Pelangi Kediaman Gubernur Riau.[3] ia menikahi Sella Pitaloka yang Merupakan Dara Pelalawan Tahun 2012.\n",
            "profilePic": "https://upload.wikimedia.org/wikipedia/commons/thumb/c/cd/H._Zukri%2C_Bupati_Pelalawan.jpg/1200px-H._Zukri%2C_Bupati_Pelalawan.jpg",
            "sites": {
                "name": "Wikipedia",
                "url": "https://id.wikipedia.org/wiki/Zukri_Misran"
            },
            "communityID": "f5f11f68-85bf-47f0-afc9-df4a07edfea8"
        },
        {
            "name": "H. Nasarudin",
            "description": "",
            "profilePic": "",
            "sites": {},
            "communityID": "f5f11f68-85bf-47f0-afc9-df4a07edfea8"
        },
        {
            "name": "Adi Sukemi",
            "description": "Adi Sukemi, S.T., M.M. (lahir 24 Mei 1977) adalah politisi Partai Golkar yang sempat menjabat sebagai Ketua DPRD Kabupaten Pelalawan sejak 23 September 2019 sampai akhirnya mengundurkan diri pada 5 Oktober 2020 dikarenakan maju dalam Pilkada Pelalawan 2020.[1][2]\n",
            "profilePic": "https://upload.wikimedia.org/wikipedia/commons/7/71/KPU_Adi_Sukemi.jpg",
            "sites": {
                "name": "Wikipedia",
                "url": "https://id.wikipedia.org/wiki/Adi_Sukemi"
            },
            "communityID": "f5f11f68-85bf-47f0-afc9-df4a07edfea8"
        },
        {
            "name": "Baharudin",
            "description": "",
            "profilePic": "",
            "sites": {},
            "communityID": "f5f11f68-85bf-47f0-afc9-df4a07edfea8"
        },
        {
            "name": "Indra Kampe",
            "description": "",
            "profilePic": "",
            "sites": {},
            "communityID": "f5f11f68-85bf-47f0-afc9-df4a07edfea8"
        },
        {
            "name": "H. Ramli",
            "description": "",
            "profilePic": "",
            "sites": {},
            "communityID": "f5f11f68-85bf-47f0-afc9-df4a07edfea8"
        }
    ],
    "path": "kabupaten-pelalawan",
    "source": "https://id.wikipedia.org/wiki/Pemilihan_umum_Bupati_Pelalawan_2024"
}