{
    "title": "Pemilihan umum Bupati Maros 2024",
    "region": "Maros",
    "level": "KABUPATEN",
    "candidates": [
        {
            "name": "Dewan Perwakilan Rakyat Daerah Kabupaten Maros 2014\u20132019",
            "description": "Dewan Perwakilan Rakyat Daerah Kabupaten Maros 2014-2019 (disingkat DPRD Kabupaten Maros 2014-2019 atau DPRD Maros 2014-2019) (Lontara Bugis: \u1a09\u1a1b\u1a13  \u1a04\u1a1b\u1a13\u1a00\u1a17\u1a12  \u1a11\u1a10  \u1a09\u1a15\u1a1b\u1a11  \u1a00\u1a05\u1a18\u1a04\u1a08\u1a1b  \u1a06\u1a11\u1a1a 2014-2019, Lontara Makassar: \u1a09\u1a19\u1a13  \u1a04\u1a19\u1a13\u1a00\u1a17\u1a12  \u1a11\u1a10  \u1a09\u1a15\u1a19\u1a11  \u1a00\u1a05\u1a18\u1a04\u1a08\u1a19  \u1a06\u1a11\u1a1a 2014-2019) adalah lembaga perwakilan rakyat daerah yang berkedudukan sebagai unsur penyelenggara Pemerintahan Daerah di Kabupaten Maros, Provinsi Sulawesi Selatan, Indonesia. DPRD Kabupaten Maros sebagai lembaga legislatif unikameral yang menjadi mitra kerja Pemerintah Kabupaten Maros berkedudukan di Kota Turikale. DPRD Kabupaten Maros beranggotakan 35 orang yang dipilih melalui pemilihan umum setiap lima tahun sekali. 35 anggota DPRD Kabupaten Maros tersebut terpilih dari empat daerah pemilihan dan tersebar di beberapa fraksi. Perolehan suara mayoritas diraih oleh Partai Amanat Nasional dengan jumlah 10 kursi di parlemen. Pimpinan DPRD Kabupaten Maros terdiri dari 1 Ketua dan 2 Wakil Ketua yang berasal dari partai politik dengan jumlah kursi terbanyak. Anggota DPRD Kabupaten Maros yang menjabat periode ini adalah hasil Pemilu 2014 yang telah ditetapkan secara resmi oleh KPUD Kabupaten Maros pada 12 Mei 2014. Acara pelantikan dan pengambilsumpahan jabatan dilakukan di hadapan ketua Pengadilan Negeri Maros pada 20 Agustus 2014 di halaman Masjid Al-Markaz Al-lslami Maros.\n",
            "profilePic": "https://upload.wikimedia.org/wikipedia/id/e/ec/DPRD_Maros.jpg",
            "sites": {
                "name": "Wikipedia",
                "url": "https://id.wikipedia.org/wiki/Dewan_Perwakilan_Rakyat_Daerah_Kabupaten_Maros_2014%E2%80%932019"
            },
            "communityID": "951e2daa-52ea-4db3-bb17-b3eaa93493ce"
        },
        {
            "name": "Dewan Perwakilan Rakyat Daerah Kabupaten Maros 2019\u20132024",
            "description": "\n",
            "profilePic": "https://upload.wikimedia.org/wikipedia/id/e/ec/DPRD_Maros.jpg",
            "sites": {
                "name": "Wikipedia",
                "url": "https://id.wikipedia.org/wiki/Dewan_Perwakilan_Rakyat_Daerah_Kabupaten_Maros_2019%E2%80%932024"
            },
            "communityID": "951e2daa-52ea-4db3-bb17-b3eaa93493ce"
        },
        {
            "name": "Andi Harmil Mattotorang",
            "description": "Drs. H. Andi Harmil Mattotorang, M.M. atau lebih dikenal dengan nama Andi Toto atau Puang Toto (lahir 31 Maret 1955)[1] adalah seorang politisi asal Maros yang menjabat sebagai Wakil Bupati Maros ke-2 selama dua periode dari 2010 ke 2021. Pada kedua periode tersebut, dia berpasangan dengan M. Muhammad Hatta Rahman sebagai Bupati Maros. Ia adalah anggota Partai NasDem dan menjabat sebagai Ketua Dewan Pembina Daerah (DPD) Partai NasDem Kabupaten Maros. Sebelumnya ia merupakan seorang Aparatur Sipil Negara sebagai birokrat di Maros.\n",
            "profilePic": "https://upload.wikimedia.org/wikipedia/commons/3/37/Wakil_Bupati_Maros_A._Harmil_Mattotorang_Periode_II_%282%29.jpg",
            "sites": {
                "name": "Wikipedia",
                "url": "https://id.wikipedia.org/wiki/Andi_Harmil_Mattotorang"
            },
            "communityID": "951e2daa-52ea-4db3-bb17-b3eaa93493ce"
        },
        {
            "name": "Dewan Perwakilan Rakyat Daerah Kabupaten Maros 2004\u20132009",
            "description": "Dewan Perwakilan Rakyat Daerah Kabupaten Maros 2004\u20132009 (disingkat DPRD Kabupaten Maros 2004-2009 atau DPRD Maros 2004-2009) (Lontara Bugis: \u1a09\u1a1b\u1a13  \u1a04\u1a1b\u1a13\u1a00\u1a17\u1a12  \u1a11\u1a10  \u1a09\u1a15\u1a1b\u1a11  \u1a00\u1a05\u1a18\u1a04\u1a08\u1a1b  \u1a06\u1a11\u1a1a 2004-2009, Lontara Makassar: \u1a09\u1a19\u1a13  \u1a04\u1a19\u1a13\u1a00\u1a17\u1a12  \u1a11\u1a10  \u1a09\u1a15\u1a19\u1a11  \u1a00\u1a05\u1a18\u1a04\u1a08\u1a19  \u1a06\u1a11\u1a1a 2004-2009) adalah lembaga perwakilan rakyat daerah yang berkedudukan sebagai unsur penyelenggara Pemerintahan Daerah di Kabupaten Maros, Provinsi Sulawesi Selatan, Indonesia. DPRD Kabupaten Maros sebagai lembaga legislatif unikameral yang menjadi mitra kerja Pemerintah Kabupaten Maros berkedudukan di Kota Turikale. DPRD Kabupaten Maros beranggotakan 30 orang yang dipilih melalui pemilihan umum setiap lima tahun sekali. Pimpinan DPRD Kabupaten Maros terdiri dari 1 Ketua dan 2 Wakil Ketua yang berasal dari peraih suara terbanyak pertama, kedua, dan ketiga. Anggota DPRD Kabupaten Maros yang menjabat periode ini adalah hasil Pemilu 2004 yang dilantik pada 12 Agustus 2004.\n",
            "profilePic": "https://upload.wikimedia.org/wikipedia/id/e/ec/DPRD_Maros.jpg",
            "sites": {
                "name": "Wikipedia",
                "url": "https://id.wikipedia.org/wiki/Dewan_Perwakilan_Rakyat_Daerah_Kabupaten_Maros_2004%E2%80%932009"
            },
            "communityID": "951e2daa-52ea-4db3-bb17-b3eaa93493ce"
        },
        {
            "name": "Partai Gerakan Indonesia Raya",
            "description": "Partai Gerakan Indonesia Raya (Gerindra) adalah sebuah partai politik di Indonesia berideologi populisme sayap kanan dan nasionalis. Dibentuk pada tahun 2008, Gerindra berfungsi sebagai kendaraan politik mantan jenderal ABRI Prabowo Subianto. Saat ini, Gerindra adalah partai ketiga terbesar di DPR berdasarkan hasil perolehan suara dalam pemilu legislatif 2019 dengan 78 kursi. Partai Gerakan Indonesia Raya juga berpartisipasi dalam pemilihan kepala daerah di Indonesia.\n",
            "profilePic": "https://upload.wikimedia.org/wikipedia/id/thumb/9/9b/Lambang_Partai_Gerakan_Indonesia_Raya.svg/1200px-Lambang_Partai_Gerakan_Indonesia_Raya.svg.png",
            "sites": {
                "name": "Wikipedia",
                "url": "https://id.wikipedia.org/wiki/Partai_Gerindra"
            },
            "communityID": "951e2daa-52ea-4db3-bb17-b3eaa93493ce"
        },
        {
            "name": "Andi Patarai Amir",
            "description": "H. Andi Patarai Amir, S.E., M.I.Kom. (Lontara Bugis: \u1a15\u1a09\u1a17 \u1a04\u1a08\u1a11\u1a15\u1a17 \u1a15\u1a06\u1a17\u1a11\u1a17) atau lebih dikenal dengan nama Patarai Amir (lahir 21 Agustus 1975) adalah seorang politikus di Kabupaten Maros. Selama karier politiknya, Patarai Amir telah menjadi anggota DPRD Kabupaten Maros selama tiga periode. Saat ini, ia menjabat sebagai Ketua DPRD Kabupaten Maros Periode 2019-2024. Pada Pileg 2024, ia terpilih menjadi anggota DPRD Sulawesi Selatan periode 2024\u20132029 di daerah pemilihan Sulawesi Selatan 6.\n",
            "profilePic": "https://upload.wikimedia.org/wikipedia/id/b/b2/Andi_Patarai_Amir.jpeg",
            "sites": {
                "name": "Wikipedia",
                "url": "https://id.wikipedia.org/wiki/Andi_Patarai_Amir"
            },
            "communityID": "951e2daa-52ea-4db3-bb17-b3eaa93493ce"
        },
        {
            "name": "Andi Tajerimin Nur",
            "description": "H. Andi Tajerimin Nur, S.E., M.Si.[1] atau lebih dikenal dengan nama Tajerimin Nur atau Tajerimin (lahir 12 Mei 1966)[2] adalah seorang pengusaha Indonesia yang berasal dari Kabupaten Maros, Sulawesi Selatan. \n",
            "profilePic": "https://upload.wikimedia.org/wikipedia/commons/5/50/KPU_Andi_Tajerimin_Nur.jpg",
            "sites": {
                "name": "Wikipedia",
                "url": "https://id.wikipedia.org/wiki/Andi_Tajerimin_Nur"
            },
            "communityID": "951e2daa-52ea-4db3-bb17-b3eaa93493ce"
        },
        {
            "name": "Chaidir Syam",
            "description": "Dr. H. Andi Syafril Chaidir Syam, S.I.P., M.H. (Lontara Bugis: \u1a15\u1a09\u1a17 \u1a14\u1a04\u1a1b\u1a11\u1a17\u1a12\u1a17 \u1a16\u1a15\u1a17\u1a09\u1a17\u1a11\u1a17 \u1a14\u1a1b\u1a10\u1a06 , transliterasi: Andi Sap\u00earil Haidir S\u00eayam ) atau lebih dikenal dengan nama Chaidir Syam (lahir 2 Februari 1977)[4] adalah seorang politikus sebagai ketua Dewan Pimpinan Daerah (DPD) dari Partai Amanat Nasional Kabupaten Maros yang saat ini juga sedang menjabat sebagai Bupati Maros. Sebelumnya, ia pernah menduduki jabatan ketua dan wakil ketua di DPRD Kabupaten Maros.\n",
            "profilePic": "https://upload.wikimedia.org/wikipedia/commons/c/c6/Bupati_Maros_Chaidir_Syam.jpg",
            "sites": {
                "name": "Wikipedia",
                "url": "https://id.wikipedia.org/wiki/Chaidir_Syam"
            },
            "communityID": "951e2daa-52ea-4db3-bb17-b3eaa93493ce"
        },
        {
            "name": "Birokrat",
            "description": "\n",
            "profilePic": "https://upload.wikimedia.org/wikipedia/commons/f/f3/Chinese_-_One_of_a_Pair_of_Standing_Officials_-_Walters_492387_-_Three_Quarter.jpg",
            "sites": {
                "name": "Wikipedia",
                "url": "https://id.wikipedia.org/wiki/Birokrat"
            },
            "communityID": "951e2daa-52ea-4db3-bb17-b3eaa93493ce"
        },
        {
            "name": "Dewan Perwakilan Rakyat Daerah Kabupaten Maros 2019\u20132024",
            "description": "\n",
            "profilePic": "https://upload.wikimedia.org/wikipedia/id/e/ec/DPRD_Maros.jpg",
            "sites": {
                "name": "Wikipedia",
                "url": "https://id.wikipedia.org/wiki/Dewan_Perwakilan_Rakyat_Daerah_Kabupaten_Maros_2019%E2%80%932024"
            },
            "communityID": "951e2daa-52ea-4db3-bb17-b3eaa93493ce"
        },
        {
            "name": "Havid Fasha",
            "description": "H. Havid S. Fasha, S.H.[1] (Lontara Bugis & Lontara Makassar: \u1a16\u1a04\u1a17 \u1a14 \u1a04\u1a14, transliterasi: Hapi S. Pasa) atau lebih dikenal dengan nama Havid Fasha (lahir 10 Juli 1970)[1] adalah seorang politikus Indonesia yang berasal dari Kabupaten Maros, Sulawesi Selatan. Havid Fasha pernah menjabat sebagai anggota DPRD Kabupaten Maros sejak 2009 sampai 2020. \n",
            "profilePic": "https://upload.wikimedia.org/wikipedia/id/9/9b/Havid_Fasha.jpg",
            "sites": {
                "name": "Wikipedia",
                "url": "https://id.wikipedia.org/wiki/Havid_Fasha"
            },
            "communityID": "951e2daa-52ea-4db3-bb17-b3eaa93493ce"
        },
        {
            "name": "Irfan AB",
            "description": "Ir. Andi Muhammad Irfan A.B. (Lontara Bugis: \u1a15\u1a09\u1a17 \u1a06\u1a18\u1a16\u1a06\u1a09\u1a1b \u1a13\u1a17\u1a11\u1a1b\u1a04 \u1a15.\u1a05. , transliterasi: Andi Muhammad\u00ea Ir\u00eapan A.B. ) atau lebih dikenal Irfan AB (lahir 8 Oktober 1972)[1] adalah seorang politikus di Sulawesi Selatan. Saat ini, ia menjabat sebagai Ketua Badan Kehormatan merangkap sebagai Anggota Komisi A Bidang Pemerintahan DPRD Provinsi Sulawesi Selatan. Ia terpilih sebagai legislator dari kader fraksi PAN setelah memperoleh 36.212 suara di Dapil Sulsel VI (Maros, Pangkep, Barru & Parepare) pada Pileg 2019 lalu.\n",
            "profilePic": "https://upload.wikimedia.org/wikipedia/id/2/21/Andi_Muhammad_Irfan_AB.JPG",
            "sites": {
                "name": "Wikipedia",
                "url": "https://id.wikipedia.org/wiki/Irfan_AB"
            },
            "communityID": "951e2daa-52ea-4db3-bb17-b3eaa93493ce"
        },
        {
            "name": "Lukman Waris",
            "description": "\n",
            "profilePic": "https://upload.wikimedia.org/wikipedia/id/c/c0/Dr._Lukman_Waris_Marewa.jpg",
            "sites": {
                "name": "Wikipedia",
                "url": "https://id.wikipedia.org/wiki/Lukman_Waris"
            },
            "communityID": "951e2daa-52ea-4db3-bb17-b3eaa93493ce"
        },
        {
            "name": "Mappiasse",
            "description": "",
            "profilePic": "",
            "sites": {},
            "communityID": "951e2daa-52ea-4db3-bb17-b3eaa93493ce"
        },
        {
            "name": "Birokrat",
            "description": "\n",
            "profilePic": "https://upload.wikimedia.org/wikipedia/commons/f/f3/Chinese_-_One_of_a_Pair_of_Standing_Officials_-_Walters_492387_-_Three_Quarter.jpg",
            "sites": {
                "name": "Wikipedia",
                "url": "https://id.wikipedia.org/wiki/Birokrat"
            },
            "communityID": "951e2daa-52ea-4db3-bb17-b3eaa93493ce"
        },
        {
            "name": "Pengacara",
            "description": "Pengacara, advokat atau kuasa hukum adalah kata benda, subjek. Dalam praktik dikenal juga dengan istilah Konsultan Hukum. Dapat berarti seseorang yang melakukan atau memberikan nasihat (advis) dan pembelaan \u201cmewakili\u201d bagi orang lain yang berhubungan (klien) dengan penyelesaian suatu kasus hukum. Advokat dalam menjalankan profesinya tunduk pada etika profesi.\n",
            "profilePic": "",
            "sites": {
                "name": "Wikipedia",
                "url": "https://id.wikipedia.org/wiki/Advokat"
            },
            "communityID": "951e2daa-52ea-4db3-bb17-b3eaa93493ce"
        },
        {
            "name": "Muhammad Iqram",
            "description": "",
            "profilePic": "",
            "sites": {},
            "communityID": "951e2daa-52ea-4db3-bb17-b3eaa93493ce"
        },
        {
            "name": "Komando Pasukan Khusus",
            "description": "Komando Pasukan Khusus atau biasa disingkat menjadi Kopassus merupakan bagian dari Komando Utama Tempur yang dimiliki oleh TNI Angkatan Darat yang dipimpin oleh Jenderal Bintang 2 \u2606\u2606 (Mayjen) yang biasa disebut Danjen Kopassus. Kopassus terdiri dari beberapa Satuan Setingkat Brigade yang disebut Grup diantaranya (Grup 1/Para Komando, Grup 2/Para Komando Grup 3/Sandhi Yudha dimana Grup ini membawahi beberapa Batalyon di bawahnya, dan juga Satuan Pendidikan yaitu Pusat Pendidikan dan Latihan Pasukan Khusus yang di dalamnya terdapat Sekolah Komando untuk mencetak Pasukan Khusus dan Sekolah untuk mengembangkan kemampuan dan Spesialisasi Anggota Kopassus, Kopassus juga memiliki Satuan Penanggulangan Teror yaitu Satuan 81 Kopassus yang sangat Krusial peran dan eksistensinya baik di dalam negeri maupun Dunia Internasional. Satuan-satuan di Kopassus memiliki kemampuan yang berbeda-beda yaitu Para Komando, Sandhi Yudha, dan Anti Teror.\n",
            "profilePic": "https://upload.wikimedia.org/wikipedia/commons/thumb/6/61/Lambang_Kopassus.svg/1200px-Lambang_Kopassus.svg.png",
            "sites": {
                "name": "Wikipedia",
                "url": "https://id.wikipedia.org/wiki/Kopassus"
            },
            "communityID": "951e2daa-52ea-4db3-bb17-b3eaa93493ce"
        },
        {
            "name": "Ikatan Guru Indonesia",
            "description": "Ikatan Guru Indonesia adalah organisasi pendidikan yang beranggotakan guru, dosen, dan pemerhati pendidikan di Indonesia. Lembaga ini didirikan pada tanggal 26 November 2009 dan disahkan oleh Kementerian Hukum dan HAM dengan Surat Keputusan Nomor AHU-125.AH.01.06 Tahun 2009.[1]\n",
            "profilePic": "https://upload.wikimedia.org/wikipedia/id/b/b9/Logo_Ikatan_Guru_Indonesia.jpg",
            "sites": {
                "name": "Wikipedia",
                "url": "https://id.wikipedia.org/wiki/Ikatan_Guru_Indonesia"
            },
            "communityID": "951e2daa-52ea-4db3-bb17-b3eaa93493ce"
        },
        {
            "name": "Dewan Perwakilan Rakyat Daerah Kabupaten Maros 2019\u20132024",
            "description": "\n",
            "profilePic": "https://upload.wikimedia.org/wikipedia/id/e/ec/DPRD_Maros.jpg",
            "sites": {
                "name": "Wikipedia",
                "url": "https://id.wikipedia.org/wiki/Dewan_Perwakilan_Rakyat_Daerah_Kabupaten_Maros_2019%E2%80%932024"
            },
            "communityID": "951e2daa-52ea-4db3-bb17-b3eaa93493ce"
        },
        {
            "name": "Muzayyin Arif",
            "description": "\n",
            "profilePic": "https://upload.wikimedia.org/wikipedia/commons/b/b5/Photo_of_Muzayyin_Arif.jpg",
            "sites": {
                "name": "Wikipedia",
                "url": "https://id.wikipedia.org/wiki/Muzayyin_Arif"
            },
            "communityID": "951e2daa-52ea-4db3-bb17-b3eaa93493ce"
        },
        {
            "name": "Pebisnis",
            "description": "Pebisnis atau Pengusaha adalah sebutan bagi orang-orang yang terlibat dalam usaha yang bertujuan menghasilkan laba, umumnya dalam pengelolaan sebuah Perusahaan.\nSedangkan menurut pakar ilmu manajemen, Robbin & Coulter, definisi pengusaha adalah suatu kelompok atau individu yang dapat membuat sebuah peluang atau kesempatan menjadi sebuah keuntungan bagi semua pihak yang terlibat didalamnya.\n",
            "profilePic": "",
            "sites": {
                "name": "Wikipedia",
                "url": "https://id.wikipedia.org/wiki/Pengusaha"
            },
            "communityID": "951e2daa-52ea-4db3-bb17-b3eaa93493ce"
        },
        {
            "name": "Dewan Perwakilan Rakyat Daerah Kabupaten Maros 2019\u20132024",
            "description": "\n",
            "profilePic": "https://upload.wikimedia.org/wikipedia/id/e/ec/DPRD_Maros.jpg",
            "sites": {
                "name": "Wikipedia",
                "url": "https://id.wikipedia.org/wiki/Dewan_Perwakilan_Rakyat_Daerah_Kabupaten_Maros_2019%E2%80%932024"
            },
            "communityID": "951e2daa-52ea-4db3-bb17-b3eaa93493ce"
        },
        {
            "name": "Pebisnis",
            "description": "Pebisnis atau Pengusaha adalah sebutan bagi orang-orang yang terlibat dalam usaha yang bertujuan menghasilkan laba, umumnya dalam pengelolaan sebuah Perusahaan.\nSedangkan menurut pakar ilmu manajemen, Robbin & Coulter, definisi pengusaha adalah suatu kelompok atau individu yang dapat membuat sebuah peluang atau kesempatan menjadi sebuah keuntungan bagi semua pihak yang terlibat didalamnya.\n",
            "profilePic": "",
            "sites": {
                "name": "Wikipedia",
                "url": "https://id.wikipedia.org/wiki/Pengusaha"
            },
            "communityID": "951e2daa-52ea-4db3-bb17-b3eaa93493ce"
        },
        {
            "name": "Dewan Perwakilan Rakyat Daerah Kabupaten Maros 2019\u20132024",
            "description": "\n",
            "profilePic": "https://upload.wikimedia.org/wikipedia/id/e/ec/DPRD_Maros.jpg",
            "sites": {
                "name": "Wikipedia",
                "url": "https://id.wikipedia.org/wiki/Dewan_Perwakilan_Rakyat_Daerah_Kabupaten_Maros_2019%E2%80%932024"
            },
            "communityID": "951e2daa-52ea-4db3-bb17-b3eaa93493ce"
        },
        {
            "name": "Muhammad Hatta Rahman",
            "description": "Ir. H. Muhammad Hatta Rahman, M.M., lebih dikenal dengan nama M. Hatta Rahman atau Hatta Rahman (lahir 9 September 1966) adalah seorang pengusaha dan politikus Indonesia yang berasal dari Maros. Dia adalah eks Bupati Maros yang ke-12 dengan menjabat selama dua periode, yakni periode 2010\u20132015 (periode I) dan periode 2016\u20132021 (periode II). Pada kedua periode tersebut, dia berpasangan dengan Andi Harmil Mattotorang yang menjadi wakilnya. \n",
            "profilePic": "https://upload.wikimedia.org/wikipedia/commons/e/e3/KPU_Muhammad_Hatta_Rahman.jpg",
            "sites": {
                "name": "Wikipedia",
                "url": "https://id.wikipedia.org/wiki/Hatta_Rahman"
            },
            "communityID": "951e2daa-52ea-4db3-bb17-b3eaa93493ce"
        },
        {
            "name": "Suhartina Bohari",
            "description": "Hj. Suhartina binti H. Bohari, S.E., M.I.Kom. atau lebih dikenal dengan nama Suhartina Bohari atau Tina Bohari (lahir 13 Juli 1981) adalah seorang politikus wanita Indonesia yang saat ini menjabat sebagai Wakil Bupati Maros periode 2021-2024. Dia adalah wakil bupati wanita pertama Kabupaten Maros. Pada kontestasi pemilihan bupati dan wakil bupati Maros, Suhartina Bohari berpasangan dengan Chaidir Syam sebagai Bupati Maros. Selain itu, dia juga terpilih secara aklamasi sebagai Ketua DPD II Partai Golkar Kabupaten Maros periode 2021\u20132026.\n",
            "profilePic": "https://upload.wikimedia.org/wikipedia/commons/7/7b/Wakil_Bupati_Maros_Suhartina_Bohari.jpg",
            "sites": {
                "name": "Wikipedia",
                "url": "https://id.wikipedia.org/wiki/Suhartina_Bohari"
            },
            "communityID": "951e2daa-52ea-4db3-bb17-b3eaa93493ce"
        },
        {
            "name": "Wawan Mattaliu",
            "description": "Wawan Mattaliu, S.Ksi. (Lontara: TBA) atau lebih dikenal Wawan Mattaliu (lahir 16 Desember 1975) adalah seorang politikus di Sulawesi Selatan. Ia pernah menjabat sebagai Anggota DPRD Provinsi Sulawesi Selatan selama dua periode dari tahun 2009 sampai tahun 2019. Dari dua periode tersebut, ia terpilih sebagai legislator dari kader dua partai yang berbeda. Periode pertama sebagai kader Partai Bintang Reformasi dan periode kedua sebagai kader Partai Hati Nurani Rakyat.\n",
            "profilePic": "https://upload.wikimedia.org/wikipedia/commons/1/1b/KPU_Wawan_Mattaliu.png",
            "sites": {
                "name": "Wikipedia",
                "url": "https://id.wikipedia.org/wiki/Wawan_Mattaliu"
            },
            "communityID": "951e2daa-52ea-4db3-bb17-b3eaa93493ce"
        },
        {
            "name": "Yusran Jusuf",
            "description": "Yusran Jusuf (lahir 6 Desember 1969) adalah seorang ilmuwan, peneliti ilmu kehutanan Indonesia. Saat ini, ia bekerja sebagai guru besar di Universitas Hasanuddin, Kota Makassar.\n",
            "profilePic": "https://upload.wikimedia.org/wikipedia/commons/2/2b/Yusran_Jusuf.png",
            "sites": {
                "name": "Wikipedia",
                "url": "https://id.wikipedia.org/wiki/Yusran_Jusuf"
            },
            "communityID": "951e2daa-52ea-4db3-bb17-b3eaa93493ce"
        }
    ],
    "source": "https://id.wikipedia.org/wiki/Pemilihan_umum_Bupati_Maros_2024",
    "path": "kabupaten-maros"
}