{
    "title": "Pemilihan umum Bupati Bungo 2024",
    "region": "Bungo",
    "level": "KABUPATEN",
    "candidates": [
        {
            "name": "Dedy Putra",
            "description": "",
            "profilePic": "",
            "sites": {},
            "communityID": "bba7b89c-13f6-4875-94df-92d872441f70"
        },
        {
            "name": "Sudirman Zaini",
            "description": "H. Sudirman Zaini, S.H., M.H. (lahir 25 Agustus 1952) adalah Bupati Bungo periode 2011-2016.[1] Sebelumnya, Ia pernah menjabat sebagai Wakil Bupati Bungo periode 2006-2011 mendampingi, Zulfikar Achmad.\n",
            "profilePic": "https://upload.wikimedia.org/wikipedia/commons/4/4a/Bupati_Bungo_Sudirman.jpg",
            "sites": {
                "name": "Wikipedia",
                "url": "https://id.wikipedia.org/wiki/Sudirman_Zaini"
            },
            "communityID": "bba7b89c-13f6-4875-94df-92d872441f70"
        },
        {
            "name": "Ria Mayang Sari",
            "description": "Ria Mayang Sari, S.H., M.H. (lahir 29 Maret 1986) adalah senator Indonesia dari provinsi Jambi. Ia terpilih sebagai anggota DPD RI periode 2019\u20132024 dengan perolehan suara terbanyak di provinsi Jambi, yakni sebesar 241.365 suara.[2] Sebelumnya, Ria adalah ketua DPRD Kabupaten Bungo periode 2014-2019.[3] Ia merupakan putri dari mantan Gubernur Jambi, Fachrori Umar.\n",
            "profilePic": "https://upload.wikimedia.org/wikipedia/commons/4/48/Ria_Mayang_Sari.jpg",
            "sites": {
                "name": "Wikipedia",
                "url": "https://id.wikipedia.org/wiki/Ria_Mayang_Sari"
            },
            "communityID": "bba7b89c-13f6-4875-94df-92d872441f70"
        },
        {
            "name": "Sapriadi",
            "description": "Mayor Jenderal TNI (Purn.) Sapriadi, S.I.P., M.Si. (lahir 20 Februari 1965) adalah seorang Purnawirawan TNI-AD yang terakhir menjabat sebagai Pa Sahli Tk. III Kasad Bidang Intekmil dan Siber.[1]\n",
            "profilePic": "",
            "sites": {
                "name": "Wikipedia",
                "url": "https://id.wikipedia.org/wiki/Sapriadi"
            },
            "communityID": "bba7b89c-13f6-4875-94df-92d872441f70"
        },
        {
            "name": "Muhammad Syafi'i (polisi)",
            "description": "Komjen. Pol. (Purn.) H. Muhammad Syafii, S.H.[1] (lahir 15 Mei 1962) adalah seorang Purnawirawan Perwira Tinggi Polri yang terakhir menjabat sebagai Analis Kebijakan Utama Bidang Informasi Kriminal Nasional Badan Reserse Kriminal Kepolisian Negara Republik Indonesia.[2]\n",
            "profilePic": "",
            "sites": {
                "name": "Wikipedia",
                "url": "https://id.wikipedia.org/wiki/Muhammad_Syafi%27i_(polisi)"
            },
            "communityID": "bba7b89c-13f6-4875-94df-92d872441f70"
        },
        {
            "name": "Safrudin Dwi Apriyanto",
            "description": "",
            "profilePic": "",
            "sites": {},
            "communityID": "bba7b89c-13f6-4875-94df-92d872441f70"
        },
        {
            "name": "Mashuri (politikus, lahir 1972)",
            "description": "H. Mashuri, S.P., M.E. (lahir 9 Oktober 1972) adalah Bupati Bungo dua periode 2016\u20132021 dan 2021\u20132024.[1][2] Sebelumnya, Ia pernah menjabat sebagai Wakil Bupati Bungo periode 2011\u20132016 mendampingi Sudirman Zaini.\n",
            "profilePic": "https://upload.wikimedia.org/wikipedia/commons/c/c5/Mashuri_Bungo.jpg",
            "sites": {
                "name": "Wikipedia",
                "url": "https://id.wikipedia.org/wiki/Mashuri_(politikus,_lahir_1972)"
            },
            "communityID": "bba7b89c-13f6-4875-94df-92d872441f70"
        },
        {
            "name": "Prabowo Subianto",
            "description": "",
            "profilePic": "https://upload.wikimedia.org/wikipedia/commons/thumb/d/d8/Prabowo_Subianto%2C_Candidate_for_Indonesia%27s_President_in_2024.jpg/1200px-Prabowo_Subianto%2C_Candidate_for_Indonesia%27s_President_in_2024.jpg",
            "sites": {
                "name": "Wikipedia",
                "url": "https://id.wikipedia.org/wiki/Prabowo_Subianto"
            },
            "communityID": "bba7b89c-13f6-4875-94df-92d872441f70"
        },
        {
            "name": "Hoessin Saad",
            "description": "H. Hoessin Saad (29 November 1924\u00a0\u2013\u00a022 Mei 1997) adalah Bupati Bungo Tebo sejak 1968 hingga 1975.[1]\n",
            "profilePic": "https://upload.wikimedia.org/wikipedia/commons/e/ed/Bupati_Bungo_Tebo_Hoessin_Saad.jpg",
            "sites": {
                "name": "Wikipedia",
                "url": "https://id.wikipedia.org/wiki/Hoessin_Saad"
            },
            "communityID": "bba7b89c-13f6-4875-94df-92d872441f70"
        },
        {
            "name": "Fachrori Umar",
            "description": "Dr. Drs. H. Fachrori Umar, M.Hum. gelar Adipati Setioneraco Agamo[1] (lahir 23 November 1952) adalah Gubernur Jambi sejak 2019 hingga 2021.[2] Sebelumnya, Ia menjabat sebagai Wakil Gubernur Jambi selama dua periode 2010\u20132015 dan 2016\u20132018.[3]\n",
            "profilePic": "https://upload.wikimedia.org/wikipedia/commons/8/87/Gubernur_Jambi_Fachrori_Umar.jpg",
            "sites": {
                "name": "Wikipedia",
                "url": "https://id.wikipedia.org/wiki/Fachrori_Umar"
            },
            "communityID": "bba7b89c-13f6-4875-94df-92d872441f70"
        },
        {
            "name": "Jumiwan Aguza",
            "description": "",
            "profilePic": "",
            "sites": {},
            "communityID": "bba7b89c-13f6-4875-94df-92d872441f70"
        }
    ],
    "source": "https://id.wikipedia.org/wiki/Pemilihan_umum_Bupati_Bungo_2024",
    "path": "kabupaten-bungo"
}