{
    "title": "Pemilihan umum Bupati Pringsewu 2024",
    "region": "Pringsewu",
    "level": "KABUPATEN",
    "candidates": [
        {
            "name": "Ririn Kuswantari",
            "description": "",
            "profilePic": "",
            "sites": {},
            "communityID": "6f08ca4c-a0c8-4f03-8930-6bdfa5f22751"
        },
        {
            "name": "Budiman",
            "description": "Budiman diartikan sebagai \"kualitas pembenaran dan dibenarkan dalam hal moral.\"[1] Ini adalah sebuah konsep yang dapat ditemukan dalam agama-agama India dan tradisi-tradisi Abrahamik sebagai konsep teologi. Contohnya, dari berbagai sudut pandang dalam Hindu, Kristen dan Yudaisme, ini dianggap merupakan atribut yang mengimplikasikan bahwa tindakan seseorang dibenarkan, dan dapat memiliki konotasi bahwa orang tersebut \"dibenarkan\" atau \"diakui\" sesuai dengan kehidupan yang direstui Allah.\n",
            "profilePic": "",
            "sites": {
                "name": "Wikipedia",
                "url": "https://id.wikipedia.org/wiki/Budiman"
            },
            "communityID": "6f08ca4c-a0c8-4f03-8930-6bdfa5f22751"
        },
        {
            "name": "Iwan Nurdin",
            "description": "",
            "profilePic": "",
            "sites": {},
            "communityID": "6f08ca4c-a0c8-4f03-8930-6bdfa5f22751"
        },
        {
            "name": "Febrina Lesisie Tantina",
            "description": "",
            "profilePic": "",
            "sites": {},
            "communityID": "6f08ca4c-a0c8-4f03-8930-6bdfa5f22751"
        },
        {
            "name": "Adi Erlansyah, SE.,MM",
            "description": "",
            "profilePic": "",
            "sites": {},
            "communityID": "6f08ca4c-a0c8-4f03-8930-6bdfa5f22751"
        },
        {
            "name": "DR. Fauzi",
            "description": "",
            "profilePic": "",
            "sites": {},
            "communityID": "6f08ca4c-a0c8-4f03-8930-6bdfa5f22751"
        },
        {
            "name": "Fajar Fakhlevi",
            "description": "",
            "profilePic": "",
            "sites": {},
            "communityID": "6f08ca4c-a0c8-4f03-8930-6bdfa5f22751"
        },
        {
            "name": "Laksma TNI (PURN) Nuryadi",
            "description": "",
            "profilePic": "",
            "sites": {},
            "communityID": "6f08ca4c-a0c8-4f03-8930-6bdfa5f22751"
        },
        {
            "name": "M Basili Abdurrahman S E",
            "description": "",
            "profilePic": "",
            "sites": {},
            "communityID": "6f08ca4c-a0c8-4f03-8930-6bdfa5f22751"
        }
    ],
    "source": "https://id.wikipedia.org/wiki/Pemilihan_umum_Bupati_Pringsewu_2024",
    "path": "kabupaten-pringsewu"
}