{
    "title": "Pemilihan umum Bupati Penukal Abab Lematang Ilir 2024",
    "region": "Penukal Abab Lematang Ilir",
    "level": "KABUPATEN",
    "candidates": [
        {
            "name": "Sri Kustina",
            "description": "Ir. Hj. Sri Kustina (lahir 15 November 1965) adalah politikus Indonesia yang menjabat sebagai anggota DPR-RI periode 2019\u20132024. Ia mewakili daerah pemilihan Sumatera Selatan II, yang meliputi Kabupaten Ogan Komering Ulu, Kabupaten Ogan Komering Ilir, Kabupaten Muara Enim, Kabupaten Lahat, Kabupaten Ogan Komering Ulu Timur, Kabupaten Ogan Komering Ulu Selatan, Kabupaten Ogan Ilir, Kabupaten Empat Lawang, Kota Pagar Alam, Kota Prabumulih, dan Kabupaten Penukal Abab Lematang Ilir. Kustina merupakan kader Partai NasDem, ia duduk di Komisi II.\n",
            "profilePic": "https://upload.wikimedia.org/wikipedia/commons/e/ec/Ir._Hj._SRI_KUSTINA.jpg",
            "sites": {
                "name": "Wikipedia",
                "url": "https://id.wikipedia.org/wiki/Sri_Kustina"
            },
            "communityID": "00bf01d5-1a01-41b8-aad2-6a69e970d3af"
        },
        {
            "name": "Irwan",
            "description": "",
            "profilePic": "",
            "sites": {},
            "communityID": "00bf01d5-1a01-41b8-aad2-6a69e970d3af"
        },
        {
            "name": "Sukarman",
            "description": "",
            "profilePic": "",
            "sites": {},
            "communityID": "00bf01d5-1a01-41b8-aad2-6a69e970d3af"
        },
        {
            "name": "Devi Harianto",
            "description": "",
            "profilePic": "",
            "sites": {},
            "communityID": "00bf01d5-1a01-41b8-aad2-6a69e970d3af"
        },
        {
            "name": "Asri Ag",
            "description": "",
            "profilePic": "",
            "sites": {},
            "communityID": "00bf01d5-1a01-41b8-aad2-6a69e970d3af"
        },
        {
            "name": "Asgianto",
            "description": "",
            "profilePic": "",
            "sites": {},
            "communityID": "00bf01d5-1a01-41b8-aad2-6a69e970d3af"
        }
    ],
    "path": "kabupaten-penukal-abab-lematang-ilir",
    "source": "https://id.wikipedia.org/wiki/Pemilihan_umum_Bupati_Penukal_Abab_Lematang_Ilir_2024"
}