{
    "title": "Pemilihan umum Bupati Buton Selatan 2024",
    "region": "Buton Selatan",
    "level": "KABUPATEN",
    "candidates": [
        {
            "name": "Burhan Zahim",
            "description": "",
            "profilePic": "",
            "sites": {},
            "communityID": "da67aee1-9bbf-469e-b49d-709fd45ff376"
        },
        {
            "name": "Yamin Dabu",
            "description": "",
            "profilePic": "",
            "sites": {},
            "communityID": "da67aee1-9bbf-469e-b49d-709fd45ff376"
        },
        {
            "name": "Aliadi",
            "description": "",
            "profilePic": "",
            "sites": {},
            "communityID": "da67aee1-9bbf-469e-b49d-709fd45ff376"
        },
        {
            "name": "Aris Marwan Saputra",
            "description": "",
            "profilePic": "",
            "sites": {},
            "communityID": "da67aee1-9bbf-469e-b49d-709fd45ff376"
        },
        {
            "name": "La Siambo",
            "description": "",
            "profilePic": "",
            "sites": {},
            "communityID": "da67aee1-9bbf-469e-b49d-709fd45ff376"
        }
    ],
    "path": "kabupaten-buton-selatan",
    "source": "https://id.wikipedia.org/wiki/Pemilihan_umum_Bupati_Buton_Selatan_2024"
}