{
    "title": "Pemilihan umum Bupati Kerinci 2024",
    "region": "Kerinci",
    "level": "KABUPATEN",
    "candidates": [
        {
            "name": "Ami Taher",
            "description": "Ir. H. Ami Taher (lahir 18 Agustus 1963) adalah politikus Partai Keadilan Sejahtera (PKS)[1] yang menjabat Wakil Bupati Kerinci periode 2019\u20132024.[2] Ia adalah wakil dari Bupati Kerinci, Adirozal.[3] Ia pernah menjadi Anggota Dewan Perwakilan Rakyat Republik Indonesia periode 2004-2009 dari Partai Keadilan Sejahtera.\n",
            "profilePic": "https://upload.wikimedia.org/wikipedia/commons/thumb/5/51/Wakil_Bupati_Kerinci_Ami_Taher.jpg/1200px-Wakil_Bupati_Kerinci_Ami_Taher.jpg",
            "sites": {
                "name": "Wikipedia",
                "url": "https://id.wikipedia.org/wiki/Ami_Taher"
            },
            "communityID": "58e4643a-7207-4392-ba1a-5b544851fa05"
        },
        {
            "name": "Syafril Nursal",
            "description": "Irjen. Pol. (Purn.) Drs. H. Syafril Nursal, S.H., M.H.[1] (lahir 3 Oktober 1962) adalah seorang Purnawirawan Polri yang sebelumnya menjabat sebagai Analis Kebijakan Utama Lemdiklat Polri.\n",
            "profilePic": "https://upload.wikimedia.org/wikipedia/commons/c/c2/Syafril_Nursal%2C_Central_Sulawesi_Police_Chief.png",
            "sites": {
                "name": "Wikipedia",
                "url": "https://id.wikipedia.org/wiki/Syafril_Nursal"
            },
            "communityID": "58e4643a-7207-4392-ba1a-5b544851fa05"
        },
        {
            "name": "Nazali Lempo",
            "description": "Laksamana Muda TNI (Purn.) Dr. \nH. Nazali Lempo, S.H., M.H., M.Tr.Opsla., CHRMP.(lahir 14 Oktober 1965) adalah seorang purnawirawan TNI-AL yang terakhir kali menjabat sebagai Oditur Jenderal TNI.[1]\n",
            "profilePic": "https://upload.wikimedia.org/wikipedia/id/2/29/Danpuspomal_Nazali_Lempo.jpg",
            "sites": {
                "name": "Wikipedia",
                "url": "https://id.wikipedia.org/wiki/Nazali_Lempo"
            },
            "communityID": "58e4643a-7207-4392-ba1a-5b544851fa05"
        },
        {
            "name": "Rizal Djalil",
            "description": "Prof. Dr. H. Rizal Djalil, M.M (lahir 20 Februari 1956) adalah Ketua Badan Pemeriksa Keuangan Republik Indonesia yang menjabat dari 28 April 2014 hingga 15 Oktober 2014.\n",
            "profilePic": "https://upload.wikimedia.org/wikipedia/commons/3/38/Rizal_Djalil_BPK_Anggota_IV.jpg",
            "sites": {
                "name": "Wikipedia",
                "url": "https://id.wikipedia.org/wiki/Rizal_Djalil"
            },
            "communityID": "58e4643a-7207-4392-ba1a-5b544851fa05"
        },
        {
            "name": "Edminuddin",
            "description": "",
            "profilePic": "",
            "sites": {},
            "communityID": "58e4643a-7207-4392-ba1a-5b544851fa05"
        },
        {
            "name": "Yuldi Herman",
            "description": "",
            "profilePic": "",
            "sites": {},
            "communityID": "58e4643a-7207-4392-ba1a-5b544851fa05"
        },
        {
            "name": "Murasman",
            "description": "H. Murasman, S.Pd., M.M.[1] (lahir 23 Februari 1942) adalah Bupati Kerinci periode 2009\u20142014. Sebelumnya ia menjabat sebagai Anggota DPRD Kerinci periode 2004\u20142009.\n",
            "profilePic": "https://upload.wikimedia.org/wikipedia/commons/7/73/Bupati_Kerinci_Murasman.jpg",
            "sites": {
                "name": "Wikipedia",
                "url": "https://id.wikipedia.org/wiki/Murasman"
            },
            "communityID": "58e4643a-7207-4392-ba1a-5b544851fa05"
        },
        {
            "name": "Cori Siska",
            "description": "",
            "profilePic": "",
            "sites": {},
            "communityID": "58e4643a-7207-4392-ba1a-5b544851fa05"
        },
        {
            "name": "Fadli Sudria",
            "description": "",
            "profilePic": "",
            "sites": {},
            "communityID": "58e4643a-7207-4392-ba1a-5b544851fa05"
        },
        {
            "name": "Boy Edwar",
            "description": "",
            "profilePic": "",
            "sites": {},
            "communityID": "58e4643a-7207-4392-ba1a-5b544851fa05"
        },
        {
            "name": "M. Al amin",
            "description": "",
            "profilePic": "",
            "sites": {},
            "communityID": "58e4643a-7207-4392-ba1a-5b544851fa05"
        },
        {
            "name": "Oza Arganes",
            "description": "",
            "profilePic": "",
            "sites": {},
            "communityID": "58e4643a-7207-4392-ba1a-5b544851fa05"
        },
        {
            "name": "Tafyani Kasim",
            "description": "",
            "profilePic": "",
            "sites": {},
            "communityID": "58e4643a-7207-4392-ba1a-5b544851fa05"
        },
        {
            "name": "Paizal Kadni",
            "description": "",
            "profilePic": "",
            "sites": {},
            "communityID": "58e4643a-7207-4392-ba1a-5b544851fa05"
        }
    ],
    "source": "https://id.wikipedia.org/wiki/Pemilihan_umum_Bupati_Kerinci_2024",
    "path": "kabupaten-kerinci"
}