{
    "title": "Pemilihan umum Bupati Alor 2024",
    "region": "Alor",
    "level": "KABUPATEN",
    "candidates": [
        {
            "name": "Sulaiman Singh",
            "description": "",
            "profilePic": "",
            "sites": {},
            "communityID": "d9fae599-3580-4c33-9adf-f69464efeb46"
        },
        {
            "name": "Alvons Gorang",
            "description": "",
            "profilePic": "",
            "sites": {},
            "communityID": "d9fae599-3580-4c33-9adf-f69464efeb46"
        },
        {
            "name": "Nurkaltim Laovo",
            "description": "",
            "profilePic": "",
            "sites": {},
            "communityID": "d9fae599-3580-4c33-9adf-f69464efeb46"
        },
        {
            "name": "Simeon Thobias Pally",
            "description": "",
            "profilePic": "",
            "sites": {},
            "communityID": "d9fae599-3580-4c33-9adf-f69464efeb46"
        },
        {
            "name": "Iskandar Lakamau",
            "description": "",
            "profilePic": "",
            "sites": {},
            "communityID": "d9fae599-3580-4c33-9adf-f69464efeb46"
        },
        {
            "name": "Imanuel Ekadianus Blegur",
            "description": "Dr. Imanuel Ekadianus Blegur, M.Si yang juga akrab dipanggil Ima Blegur (lahir 25 Mei 1963) adalah seorang politisi dari Nusa Tenggara Timur.\n",
            "profilePic": "https://upload.wikimedia.org/wikipedia/commons/7/76/KPU_Imanuel_Ekadianus_Blegur.jpg",
            "sites": {
                "name": "Wikipedia",
                "url": "https://id.wikipedia.org/wiki/Imanuel_Ekadianus_Blegur"
            },
            "communityID": "d9fae599-3580-4c33-9adf-f69464efeb46"
        },
        {
            "name": "Abdul Majid Nampira",
            "description": "",
            "profilePic": "",
            "sites": {},
            "communityID": "d9fae599-3580-4c33-9adf-f69464efeb46"
        }
    ],
    "path": "kabupaten-alor",
    "source": "https://id.wikipedia.org/wiki/Pemilihan_umum_Bupati_Alor_2024"
}