{
    "title": "Pemilihan umum Bupati Tapanuli Tengah 2024",
    "region": "Tapanuli Tengah",
    "level": "KABUPATEN",
    "candidates": [
        {
            "name": "Bakhtiar Ahmad Sibarani",
            "description": "Bakhtiar Ahmad Sibarani, S.H. (lahir 2 November 1984) adalah seorang politikus Sumatera Utara yang menjabat sebagai Bupati Tapanuli Tengah Periode 2017\u20132022. Sebelum menjabat sebagai bupati, Bakhtiar merupakan Ketua DPRD Tapanuli Tengah Periode 2014\u20132017.[1][2]\n",
            "profilePic": "https://upload.wikimedia.org/wikipedia/commons/7/7b/KPU_Bakhtiar_Ahmad_Sibarani.jpg",
            "sites": {
                "name": "Wikipedia",
                "url": "https://id.wikipedia.org/wiki/Bakhtiar_Ahmad_Sibarani"
            },
            "communityID": "d75d07b8-2353-40ca-813b-e8a07072e2c4"
        },
        {
            "name": "Dewan Perwakilan Rakyat Daerah Kota Sibolga",
            "description": "Dewan Perwakilan Rakyat Daerah Kota Sibolga (disingkat DPRD Kota Sibolga) adalah lembaga legislatif unikameral yang berkedudukan di Kota Sibolga, provinsi Sumatera Utara. DPRD Kota Sibolga memiliki 20 orang anggota yang tersebar di 8 partai politik, dengan perolehan suara mayoritas diraih oleh Partai NasDem.\n",
            "profilePic": "https://upload.wikimedia.org/wikipedia/commons/thumb/3/32/DPRD_Kota_Sibolga_2019.svg/1200px-DPRD_Kota_Sibolga_2019.svg.png",
            "sites": {
                "name": "Wikipedia",
                "url": "https://id.wikipedia.org/wiki/DPRD_Kota_Sibolga"
            },
            "communityID": "d75d07b8-2353-40ca-813b-e8a07072e2c4"
        },
        {
            "name": "Masinton Pasaribu",
            "description": "Masinton Pasaribu, S.H. (lahir 11 Februari 1971) adalah seorang politikus Indonesia dari Partai Demokrasi Indonesia Perjuangan (PDIP) dan mantan aktivis yang saat ini menjabat sebagai anggota Komisi III Dewan Perwakilan Rakyat Republik Indonesia.\n",
            "profilePic": "https://upload.wikimedia.org/wikipedia/commons/f/fe/MASINTON_PASARIBU%2C_S.H.jpg",
            "sites": {
                "name": "Wikipedia",
                "url": "https://id.wikipedia.org/wiki/Masinton_Pasaribu"
            },
            "communityID": "d75d07b8-2353-40ca-813b-e8a07072e2c4"
        },
        {
            "name": "Dewan Perwakilan Rakyat Daerah Provinsi Daerah Khusus Ibukota Jakarta",
            "description": "Oposisi (16)\n",
            "profilePic": "https://upload.wikimedia.org/wikipedia/id/9/9d/Lambang_DPRD_DKI.jpg",
            "sites": {
                "name": "Wikipedia",
                "url": "https://id.wikipedia.org/wiki/Dewan_Perwakilan_Rakyat_Daerah_Provinsi_Daerah_Khusus_Ibukota_Jakarta"
            },
            "communityID": "d75d07b8-2353-40ca-813b-e8a07072e2c4"
        },
        {
            "name": "Haris Polmian Situmeang",
            "description": "",
            "profilePic": "",
            "sites": {},
            "communityID": "d75d07b8-2353-40ca-813b-e8a07072e2c4"
        }
    ],
    "source": "https://id.wikipedia.org/wiki/Pemilihan_umum_Bupati_Tapanuli_Tengah_2024",
    "path": "kabupaten-tapanuli-tengah"
}