{
    "title": "Pemilihan umum Bupati Ogan Komering Ulu Selatan 2024",
    "region": "Ogan Komering Ulu Selatan",
    "level": "KABUPATEN",
    "candidates": [
        {
            "name": "Sholehien Abuasir",
            "description": "Sholehien Abuasir, S.P., M.Si. (lahir 19 September 1967) adalah Wakil Bupati Ogan Komering Ulu Selatan periode 2016\u20132021 dan 2021\u20132024. Ia menjabat untuk periode kedua sejak 26 Februari 2021 setelah dilantik Gubernur Sumatera Selatan, Herman Deru di Griya Agung, Palembang.[1]\n",
            "profilePic": "",
            "sites": {
                "name": "Wikipedia",
                "url": "https://id.wikipedia.org/wiki/Sholehien_Abuasir"
            },
            "communityID": "3d123a0e-ae47-4aa0-a873-0e0d5848258c"
        },
        {
            "name": "Ahmad Aman Astra",
            "description": "H. Ahmad Aman Astra adalah Wakil Ketua DPD Partai Demokrat Provinsi Sumatera Selatan.[1] Ia merupakan anak kandung dari mantan Gubernur Sumatera Selatan, Ramli Hasan Basri.\n",
            "profilePic": "https://upload.wikimedia.org/wikipedia/commons/e/ea/KPU_Ahmad_Aman_Astra.jpg",
            "sites": {
                "name": "Wikipedia",
                "url": "https://id.wikipedia.org/wiki/Ahmad_Aman_Astra"
            },
            "communityID": "3d123a0e-ae47-4aa0-a873-0e0d5848258c"
        },
        {
            "name": "Wahab Nawawi",
            "description": "",
            "profilePic": "",
            "sites": {},
            "communityID": "3d123a0e-ae47-4aa0-a873-0e0d5848258c"
        },
        {
            "name": "Heru Prayogo",
            "description": "",
            "profilePic": "",
            "sites": {},
            "communityID": "3d123a0e-ae47-4aa0-a873-0e0d5848258c"
        },
        {
            "name": "M Faisal Ranopa",
            "description": "",
            "profilePic": "",
            "sites": {},
            "communityID": "3d123a0e-ae47-4aa0-a873-0e0d5848258c"
        },
        {
            "name": "Iwan Hermawan",
            "description": "",
            "profilePic": "",
            "sites": {},
            "communityID": "3d123a0e-ae47-4aa0-a873-0e0d5848258c"
        },
        {
            "name": "Tofan Maulana",
            "description": "",
            "profilePic": "",
            "sites": {},
            "communityID": "3d123a0e-ae47-4aa0-a873-0e0d5848258c"
        },
        {
            "name": "IPTU Abusama",
            "description": "",
            "profilePic": "",
            "sites": {},
            "communityID": "3d123a0e-ae47-4aa0-a873-0e0d5848258c"
        },
        {
            "name": "Isyana Lolitasari Popo",
            "description": "",
            "profilePic": "",
            "sites": {},
            "communityID": "3d123a0e-ae47-4aa0-a873-0e0d5848258c"
        },
        {
            "name": "Yohana Yuda Yanti",
            "description": "",
            "profilePic": "",
            "sites": {},
            "communityID": "3d123a0e-ae47-4aa0-a873-0e0d5848258c"
        },
        {
            "name": "Heri Martadinata",
            "description": "",
            "profilePic": "",
            "sites": {},
            "communityID": "3d123a0e-ae47-4aa0-a873-0e0d5848258c"
        },
        {
            "name": "Carles Minarko",
            "description": "",
            "profilePic": "",
            "sites": {},
            "communityID": "3d123a0e-ae47-4aa0-a873-0e0d5848258c"
        },
        {
            "name": "Hengki Tispa",
            "description": "",
            "profilePic": "",
            "sites": {},
            "communityID": "3d123a0e-ae47-4aa0-a873-0e0d5848258c"
        }
    ],
    "path": "kabupaten-ogan-komering-ulu-selatan",
    "source": "https://id.wikipedia.org/wiki/Pemilihan_umum_Bupati_Ogan_Komering_Ulu_Selatan_2024"
}