{
    "title": "Pemilihan umum Bupati Kuningan 2024",
    "region": "Kuningan",
    "level": "KABUPATEN",
    "candidates": [
        {
            "name": "Dr. Alfan Syafi'i",
            "description": "",
            "profilePic": "",
            "sites": {},
            "communityID": "01d70edf-5ff0-4f7a-b759-f1674e2e0013"
        },
        {
            "name": "Muhammad Ridho Suganda",
            "description": "Muhammad Ridho Suganda, S.H., M.Si. (lahir 9 Agustus 1982) adalah Wakil Bupati Kuningan sejak 4 Desember 2018 hingga 4 Desember 2023. Ia adalah putra dari mantan Bupati Kuningan Aang Hamid Suganda dan Utje Hamid Suganda. Kedua orang tua Ridho pernah menjabat sebagai Bupati Kuningan.\n",
            "profilePic": "https://upload.wikimedia.org/wikipedia/commons/f/fb/Wakil_Bupati_Kuningan_Muhammad_Ridho_Suganda.jpg",
            "sites": {
                "name": "Wikipedia",
                "url": "https://id.wikipedia.org/wiki/Ridho_Suganda"
            },
            "communityID": "01d70edf-5ff0-4f7a-b759-f1674e2e0013"
        },
        {
            "name": "Deni Wirhana Suryono",
            "description": "",
            "profilePic": "",
            "sites": {},
            "communityID": "01d70edf-5ff0-4f7a-b759-f1674e2e0013"
        },
        {
            "name": "Partai Kebangkitan Bangsa",
            "description": "Partai Kebangkitan Bangsa (PKB), adalah sebuah partai politik di Indonesia berideologi Moderat. Partai ini didirikan oleh Presiden Indonesia ke-4 Dr. K.H.Abdurrahman Wahid, Lc. di Jakarta pada tanggal 23 Juli 1998 (29 Rabi'ul Awal 1419 Hijriah) yang mendapat dukungan kuat dari para kiai-kiai Nahdlatul Ulama, seperti Munasir Ali, Ilyas Ruhiat, Mustofa Bisri, Zuhdi Fatkur dan Muhith Muzadi.[5]\n",
            "profilePic": "https://upload.wikimedia.org/wikipedia/id/thumb/1/11/Logo_PKB.svg/1200px-Logo_PKB.svg.png",
            "sites": {
                "name": "Wikipedia",
                "url": "https://id.wikipedia.org/wiki/PKB"
            },
            "communityID": "01d70edf-5ff0-4f7a-b759-f1674e2e0013"
        },
        {
            "name": "Partai Gerakan Indonesia Raya",
            "description": "Partai Gerakan Indonesia Raya (Gerindra) adalah sebuah partai politik di Indonesia berideologi populisme sayap kanan dan nasionalis. Dibentuk pada tahun 2008, Gerindra berfungsi sebagai kendaraan politik mantan jenderal ABRI Prabowo Subianto. Saat ini, Gerindra adalah partai ketiga terbesar di DPR berdasarkan hasil perolehan suara dalam pemilu legislatif 2019 dengan 78 kursi. Partai Gerakan Indonesia Raya juga berpartisipasi dalam pemilihan kepala daerah di Indonesia.\n",
            "profilePic": "https://upload.wikimedia.org/wikipedia/id/thumb/9/9b/Lambang_Partai_Gerakan_Indonesia_Raya.svg/1200px-Lambang_Partai_Gerakan_Indonesia_Raya.svg.png",
            "sites": {
                "name": "Wikipedia",
                "url": "https://id.wikipedia.org/wiki/Gerindra"
            },
            "communityID": "01d70edf-5ff0-4f7a-b759-f1674e2e0013"
        },
        {
            "name": "Rokhmat Ardiyan",
            "description": "",
            "profilePic": "",
            "sites": {},
            "communityID": "01d70edf-5ff0-4f7a-b759-f1674e2e0013"
        },
        {
            "name": "Partai Demokrat",
            "description": "\n",
            "profilePic": "https://upload.wikimedia.org/wikipedia/commons/thumb/b/b1/Logo_of_the_Democratic_Party_%28Indonesia%29.svg/1200px-Logo_of_the_Democratic_Party_%28Indonesia%29.svg.png",
            "sites": {
                "name": "Wikipedia",
                "url": "https://id.wikipedia.org/wiki/Demokrat"
            },
            "communityID": "01d70edf-5ff0-4f7a-b759-f1674e2e0013"
        },
        {
            "name": "Partai Golongan Karya",
            "description": "Partai Golongan Karya (Golkar) atau secara umum disingkat dengan Partai Golkar adalah sebuah partai politik di Indonesia. Didirikan sebagai Sekretariat Bersama Golongan Karya (Sekber Golkar) pada tahun 1964, dan berpartisipasi untuk pertama kalinya dalam pemilihan umum nasional pada 1971 sebagai Golkar (Golongan Karya). Partai Golongan Karya tidak resmi menjadi partai politik hingga tahun 1999, ketika Golkar diperlukan untuk menjadi sebuah partai untuk mengikuti pemilihan.\n",
            "profilePic": "https://upload.wikimedia.org/wikipedia/commons/thumb/8/86/Logo_Golkar.svg/1200px-Logo_Golkar.svg.png",
            "sites": {
                "name": "Wikipedia",
                "url": "https://id.wikipedia.org/wiki/Golkar"
            },
            "communityID": "01d70edf-5ff0-4f7a-b759-f1674e2e0013"
        }
    ],
    "source": "https://id.wikipedia.org/wiki/Pemilihan_umum_Bupati_Kuningan_2024",
    "path": "kabupaten-kuningan"
}