{
    "title": "Pemilihan umum Bupati Siak 2024",
    "region": "Siak",
    "level": "KABUPATEN",
    "candidates": [
        {
            "name": "Alfedri",
            "description": "Drs. H. Alfedri, M.Si.[1] (lahir 27 Maret 1967) adalah seorang politikus Indonesia yang menjabat sebagai Bupati Siak periode 2019\u20132021 dan kembali terpilih menjadi bupati  kedua kalinya bersama Husni Merza  periode 2021-2024 pada Pilkada 9 Desember 2020 silam.[2] Pada tanggal 21 Juni 2021, ia resmi dilantik menjadi bupati untuk periode kedua ini.[3]\n",
            "profilePic": "https://upload.wikimedia.org/wikipedia/commons/2/20/Bupati_Siak_periode_2021-2024_Alfedri.png",
            "sites": {
                "name": "Wikipedia",
                "url": "https://id.wikipedia.org/wiki/Alfedri"
            },
            "communityID": "3c60ff2c-93cf-42d3-b764-193087830273"
        },
        {
            "name": "Husni Merza",
            "description": "H. Husni Merza, BBA, MM (lahir 30 November 1974)[1] adalah Wakil Bupati Siak periode 2021-2024 yang mencalonkan diri dalam Pemilihan umum Bupati Siak 2020. Husni dan pasangannya, Alfedri, diusung 5 partai pendukung yaitu PAN, PKB, Partai NasDem, Hanura, dan Partai Persatuan Pembangunan.[2] Sebelum ditetapkan sebagai Calon Wakil Bupati Siak oleh KPU setempat, Husni Merza tercatat sebagai Direktur PT Permodalan Siak atau PT Persi pada 2010-2020.[3] Pada tanggal 21 Juni 2021, Ia resmi dilantik sebagai Wakil Bupati Siak bersama pasangannya yaitu Alfedri oleh Gubernur Riau Syamsuar di balai pelangi, kediaman gubernur Riau, Pekanbaru.[4]\n",
            "profilePic": "https://upload.wikimedia.org/wikipedia/commons/6/66/Wakil_Bupati_Siak_Husni_Merza.jpg",
            "sites": {
                "name": "Wikipedia",
                "url": "https://id.wikipedia.org/wiki/Husni_Merza"
            },
            "communityID": "3c60ff2c-93cf-42d3-b764-193087830273"
        },
        {
            "name": "Sayyed Abubakar Assegaf",
            "description": "",
            "profilePic": "",
            "sites": {},
            "communityID": "3c60ff2c-93cf-42d3-b764-193087830273"
        },
        {
            "name": "Tengku Said Hamzah",
            "description": "",
            "profilePic": "",
            "sites": {},
            "communityID": "3c60ff2c-93cf-42d3-b764-193087830273"
        },
        {
            "name": "Indra Gunawan.",
            "description": "",
            "profilePic": "",
            "sites": {},
            "communityID": "3c60ff2c-93cf-42d3-b764-193087830273"
        },
        {
            "name": "Androy Ade Rianda",
            "description": "",
            "profilePic": "",
            "sites": {},
            "communityID": "3c60ff2c-93cf-42d3-b764-193087830273"
        },
        {
            "name": "Syamsurijal",
            "description": "",
            "profilePic": "",
            "sites": {},
            "communityID": "3c60ff2c-93cf-42d3-b764-193087830273"
        },
        {
            "name": "Suhartono.",
            "description": "",
            "profilePic": "",
            "sites": {},
            "communityID": "3c60ff2c-93cf-42d3-b764-193087830273"
        },
        {
            "name": "Muhammad Andri",
            "description": "",
            "profilePic": "",
            "sites": {},
            "communityID": "3c60ff2c-93cf-42d3-b764-193087830273"
        },
        {
            "name": "Markarius Anwar",
            "description": "",
            "profilePic": "",
            "sites": {},
            "communityID": "3c60ff2c-93cf-42d3-b764-193087830273"
        },
        {
            "name": "Tengku Said Arif Fadillah",
            "description": "",
            "profilePic": "",
            "sites": {},
            "communityID": "3c60ff2c-93cf-42d3-b764-193087830273"
        },
        {
            "name": "Afni Z",
            "description": "",
            "profilePic": "",
            "sites": {},
            "communityID": "3c60ff2c-93cf-42d3-b764-193087830273"
        }
    ],
    "path": "kabupaten-siak",
    "source": "https://id.wikipedia.org/wiki/Pemilihan_umum_Bupati_Siak_2024"
}