{
    "title": "Pemilihan umum Bupati Kediri 2024",
    "region": "Kediri",
    "level": "KABUPATEN",
    "candidates": [
        {
            "name": "Hanindhito Himawan Pramana",
            "description": "Hanindhito Himawan Pramana, S.H. (lahir 31 Juli 1992, dikenal sebagai Dhito atau Mas Dhito) adalah seorang politisi yang saat ini menjabat sebagai Bupati Kediri periode 2021-2024.[4][5] Dhito terpilih sebagai bupati melalui pilkada tahun 2020.[6][7] Pada pemilihan tersebut, Ia diusung oleh sembilan partai politik dan menjadi calon tunggal.[8]\n",
            "profilePic": "https://upload.wikimedia.org/wikipedia/commons/a/ad/Hanindhito_Himawan_Pramana.jpg",
            "sites": {
                "name": "Wikipedia",
                "url": "https://id.wikipedia.org/wiki/Hanindhito_Himawan_Pramana"
            },
            "communityID": "11547604-5374-42fd-9aa3-6ea2a820eb87"
        },
        {
            "name": "Dewi Mariya Ulfa",
            "description": "Dewi Mariya Ulfa, S.T. (lahir 1 September 1980) adalah Wakil Bupati Kediri periode 2021\u20132024. Ia menjabat sejak 26 Februari 2021 setelah dilantik Gubernur Jawa Timur, Khofifah Indar Parawansa di Gedung Negara Grahadi, Surabaya.[1]\n",
            "profilePic": "https://upload.wikimedia.org/wikipedia/commons/thumb/3/31/Wakil_Bupati_Kediri_Dewi_Mariya_Ulfa.jpg/1200px-Wakil_Bupati_Kediri_Dewi_Mariya_Ulfa.jpg",
            "sites": {
                "name": "Wikipedia",
                "url": "https://id.wikipedia.org/wiki/Dewi_Mariya_Ulfa"
            },
            "communityID": "11547604-5374-42fd-9aa3-6ea2a820eb87"
        },
        {
            "name": "Subianto",
            "description": "Subianto adalah nama keluarga. Orang-orang terkenal dengan nama keluarga meliputi:\n",
            "profilePic": "",
            "sites": {
                "name": "Wikipedia",
                "url": "https://id.wikipedia.org/wiki/Subianto"
            },
            "communityID": "11547604-5374-42fd-9aa3-6ea2a820eb87"
        },
        {
            "name": "An\u2019im Falachuddin Mahrus",
            "description": "H. An'im Falachuddin Mahrus (lahir 6 Juni 1964) adalah politikus Indonesia yang menjabat sebagai anggota DPR-RI selama dua periode (2014\u20132019 dan 2019\u20132024). Ia mewakili daerah pemilihan Jawa Timur VI, yang meliputi Kabupaten Blitar, Kabupaten Kediri, Kabupaten Tulungagung, Kota Blitar, dan Kota Kediri. An'im merupakan kader Partai Kebangkitan Bangsa, ia bertugas di Komisi X.\n",
            "profilePic": "https://upload.wikimedia.org/wikipedia/commons/9/9a/Anggota_DPR_An%E2%80%99im_Falachuddin_Mahrus.jpg",
            "sites": {
                "name": "Wikipedia",
                "url": "https://id.wikipedia.org/wiki/An%E2%80%99im_Falachuddin_Mahrus"
            },
            "communityID": "11547604-5374-42fd-9aa3-6ea2a820eb87"
        },
        {
            "name": "Erjik Bintoro",
            "description": "",
            "profilePic": "",
            "sites": {},
            "communityID": "11547604-5374-42fd-9aa3-6ea2a820eb87"
        },
        {
            "name": "Sentot Djamaludin",
            "description": "",
            "profilePic": "",
            "sites": {},
            "communityID": "11547604-5374-42fd-9aa3-6ea2a820eb87"
        },
        {
            "name": "Agus Ferry Chusnul Ma'ab",
            "description": "",
            "profilePic": "",
            "sites": {},
            "communityID": "11547604-5374-42fd-9aa3-6ea2a820eb87"
        },
        {
            "name": "Adi Suwono",
            "description": "",
            "profilePic": "",
            "sites": {},
            "communityID": "11547604-5374-42fd-9aa3-6ea2a820eb87"
        },
        {
            "name": "Yekti Murih Wiyati",
            "description": "",
            "profilePic": "",
            "sites": {},
            "communityID": "11547604-5374-42fd-9aa3-6ea2a820eb87"
        },
        {
            "name": "Rahmadi Yogianto",
            "description": "",
            "profilePic": "",
            "sites": {},
            "communityID": "11547604-5374-42fd-9aa3-6ea2a820eb87"
        },
        {
            "name": "Dede Sujana",
            "description": "",
            "profilePic": "",
            "sites": {},
            "communityID": "11547604-5374-42fd-9aa3-6ea2a820eb87"
        },
        {
            "name": "Sudjono Teguh Widjaja",
            "description": "",
            "profilePic": "",
            "sites": {},
            "communityID": "11547604-5374-42fd-9aa3-6ea2a820eb87"
        },
        {
            "name": "Ari Purnomo Adi",
            "description": "",
            "profilePic": "",
            "sites": {},
            "communityID": "11547604-5374-42fd-9aa3-6ea2a820eb87"
        },
        {
            "name": "A. Basuki Babussalam",
            "description": "",
            "profilePic": "",
            "sites": {},
            "communityID": "11547604-5374-42fd-9aa3-6ea2a820eb87"
        },
        {
            "name": "Sulkani",
            "description": "",
            "profilePic": "",
            "sites": {},
            "communityID": "11547604-5374-42fd-9aa3-6ea2a820eb87"
        }
    ],
    "path": "kabupaten-kediri",
    "source": "https://id.wikipedia.org/wiki/Pemilihan_umum_Bupati_Kediri_2024"
}