{
    "title": "Pemilihan umum Bupati Banyumas 2024",
    "region": "Banyumas",
    "level": "KABUPATEN",
    "candidates": [
        {
            "name": "Sadewo Tri Lastiono",
            "description": "Drs. H. Sadewo Tri Lastiono, MM (lahir 21 April 1966) adalah politikus PDI Perjuangan yang menjabat sebagai Wakil Bupati Banyumas periode 2018-2023.\n",
            "profilePic": "https://upload.wikimedia.org/wikipedia/commons/f/f9/Sadewo_Tri_Lastiono_Wakil_Bupati_Banyumas.png",
            "sites": {
                "name": "Wikipedia",
                "url": "https://id.wikipedia.org/wiki/Sadewo_Tri_Lastiono"
            },
            "communityID": "41dc1c7c-411b-4446-ae51-ef7f50b88bed"
        },
        {
            "name": "Wuryanto",
            "description": "Mayor Jenderal TNI (Purn.) Wuryanto (lahir 4 Juli 1961) adalah seorang Purnawirawan TNI-AD.\n",
            "profilePic": "https://upload.wikimedia.org/wikipedia/commons/1/1c/KPU_Wuryanto.jpg",
            "sites": {
                "name": "Wikipedia",
                "url": "https://id.wikipedia.org/wiki/Wuryanto"
            },
            "communityID": "41dc1c7c-411b-4446-ae51-ef7f50b88bed"
        },
        {
            "name": "Budhi Setiawan",
            "description": "dr. Budhi Setiawan, S.E. (lahir 29 Juli 1953) adalah seorang politisi Indonesia yang merupakan politisi senior Partai Demokrasi Indonesia Perjuangan yang menjabat sebagai Ketua Dewan Perwakilan Rakyat Daerah Kabupaten Banyumas sejak 24 September 2019.[1] Budhi merupakan anggota DPRD Banyumas mewakili daerah pemilihan Banjarnegara 2 yang meliputi Kecamatan Baturaden, Sumbang, Kembaran, dan Sokaraja.\n",
            "profilePic": "",
            "sites": {
                "name": "Wikipedia",
                "url": "https://id.wikipedia.org/wiki/Budhi_Setiawan"
            },
            "communityID": "41dc1c7c-411b-4446-ae51-ef7f50b88bed"
        }
    ],
    "path": "kabupaten-banyumas",
    "source": "https://id.wikipedia.org/wiki/Pemilihan_umum_Bupati_Banyumas_2024"
}