{
    "title": "Pemilihan umum Bupati Lumajang 2024",
    "region": "Lumajang",
    "level": "KABUPATEN",
    "candidates": [
        {
            "name": "Thoriqul Haq",
            "description": "Dr. H. Thoriqul Haq, S.Ag, M.ML (lahir 14 Desember 1977) adalah bupati Lumajang yang menjabat pada periode 2018-2023. Ia dilantik pada 24 September 2018. Ia pernah menjabat Anggota DPRD Jawa Timur periode 2009-2014, pada masa kepemimpinan Gubernur Jawa Timur Pakde Karwo. Ia bersama pasangannya Indah Amperawati Masdar berhasil memenangi pilkada.\n",
            "profilePic": "",
            "sites": {
                "name": "Wikipedia",
                "url": "https://id.wikipedia.org/wiki/Thoriqul_Haq"
            },
            "communityID": "c2317486-03a3-4d94-9bb8-f4fab0fa437e"
        },
        {
            "name": "Indah Amperawati Masdar",
            "description": "Ir. Hj. Indah Amperawati Masdar, M.Si. (lahir 6 Mei 1966) atau yang lebih akrab  dikenal dengan sapaan Bunda Indah adalah politikus Partai Gerindra yang menjabat Wakil Bupati Lumajang periode 2018\u20142023. Ia adalah wakil dari Bupati Lumajang, Thoriqul Haq.[1]\n",
            "profilePic": "",
            "sites": {
                "name": "Wikipedia",
                "url": "https://id.wikipedia.org/wiki/Indah_Amperawati_Masdar"
            },
            "communityID": "c2317486-03a3-4d94-9bb8-f4fab0fa437e"
        },
        {
            "name": "As'at Malik",
            "description": "Drs. H. As\u2019at, M.Ag. (lahir 2 Januari 1964) adalah Bupati Lumajang yang menjabat di sisa periode 2013\u20132018, menggantikan bupati sebelumnya, Sjahrazad Masdar yang meninggal dunia. Sebelumnya ia menjabat sebagai wakil bupati. Bersama Sjahrazad Masdar, ia berhasil memenangi Pilkada Lumajang tahun 2013. Kemenangan ini ditetapkan oleh KPUD Lumajang dalam rapat pleno yang diadakan di Kantor KPUD Lumajang di Jalan Veteran. Rapat ini memutuskan bahwa pasangan Masdar-As'at unggul dengan perolehan suara 199.342 suara di 21 kecamatan mengalahkan pasangan DR H Ali Mudhori, Mag dan H Samsul Hadi, SH. MH.[1]\n",
            "profilePic": "",
            "sites": {
                "name": "Wikipedia",
                "url": "https://id.wikipedia.org/wiki/As%27at_Malik"
            },
            "communityID": "c2317486-03a3-4d94-9bb8-f4fab0fa437e"
        },
        {
            "name": "Umar Bashor",
            "description": "Umar Bashor, S.E. (lahir 10 Juli 1966) adalah politikus Indonesia yang menjabat sebagai anggota DPR-RI periode 2019\u20132024. Ia mewakili daerah pemilihan Jawa Timur IV, yang meliputi Lumajang dan Jember. Umar merupakan kader Partai Demokrasi Indonesia Perjuangan, ia bertugas di Komisi VIII.[1]\n",
            "profilePic": "https://upload.wikimedia.org/wikipedia/commons/b/bd/Umar_Bashor.jpg",
            "sites": {
                "name": "Wikipedia",
                "url": "https://id.wikipedia.org/wiki/Umar_Bashor"
            },
            "communityID": "c2317486-03a3-4d94-9bb8-f4fab0fa437e"
        },
        {
            "name": "Agus Wicaksono",
            "description": "",
            "profilePic": "",
            "sites": {},
            "communityID": "c2317486-03a3-4d94-9bb8-f4fab0fa437e"
        },
        {
            "name": "Rofik",
            "description": "",
            "profilePic": "",
            "sites": {},
            "communityID": "c2317486-03a3-4d94-9bb8-f4fab0fa437e"
        },
        {
            "name": "Eko Adis Prayoga",
            "description": "",
            "profilePic": "",
            "sites": {},
            "communityID": "c2317486-03a3-4d94-9bb8-f4fab0fa437e"
        },
        {
            "name": "Bukasan",
            "description": "",
            "profilePic": "",
            "sites": {},
            "communityID": "c2317486-03a3-4d94-9bb8-f4fab0fa437e"
        },
        {
            "name": "Akhmat",
            "description": "",
            "profilePic": "",
            "sites": {},
            "communityID": "c2317486-03a3-4d94-9bb8-f4fab0fa437e"
        },
        {
            "name": "Agus Triyono.",
            "description": "",
            "profilePic": "",
            "sites": {},
            "communityID": "c2317486-03a3-4d94-9bb8-f4fab0fa437e"
        }
    ],
    "path": "kabupaten-lumajang",
    "source": "https://id.wikipedia.org/wiki/Pemilihan_umum_Bupati_Lumajang_2024"
}