{
    "title": "Pemilihan umum Bupati Klungkung 2024",
    "region": "Klungkung",
    "level": "KABUPATEN",
    "candidates": [
        {
            "name": "I Ketut Juliarta",
            "description": "",
            "profilePic": "",
            "sites": {},
            "communityID": "78393a55-6abd-4c20-b702-ce2ebe2e90f9"
        },
        {
            "name": "I Made Wijaya",
            "description": "",
            "profilePic": "",
            "sites": {},
            "communityID": "78393a55-6abd-4c20-b702-ce2ebe2e90f9"
        },
        {
            "name": "Ngakan Made Nata",
            "description": "",
            "profilePic": "",
            "sites": {},
            "communityID": "78393a55-6abd-4c20-b702-ce2ebe2e90f9"
        },
        {
            "name": "I Wayan Sumardika",
            "description": "",
            "profilePic": "",
            "sites": {},
            "communityID": "78393a55-6abd-4c20-b702-ce2ebe2e90f9"
        },
        {
            "name": "Dewa Made Widiasa Nida",
            "description": "",
            "profilePic": "",
            "sites": {},
            "communityID": "78393a55-6abd-4c20-b702-ce2ebe2e90f9"
        },
        {
            "name": "Luh Komang Ari Ayu Ningrum",
            "description": "",
            "profilePic": "",
            "sites": {},
            "communityID": "78393a55-6abd-4c20-b702-ce2ebe2e90f9"
        },
        {
            "name": "I Nyoman Sukasta",
            "description": "",
            "profilePic": "",
            "sites": {},
            "communityID": "78393a55-6abd-4c20-b702-ce2ebe2e90f9"
        },
        {
            "name": "Gede Risky Pramana",
            "description": "",
            "profilePic": "",
            "sites": {},
            "communityID": "78393a55-6abd-4c20-b702-ce2ebe2e90f9"
        },
        {
            "name": "Dharmayasa",
            "description": "",
            "profilePic": "",
            "sites": {},
            "communityID": "78393a55-6abd-4c20-b702-ce2ebe2e90f9"
        }
    ],
    "source": "https://id.wikipedia.org/wiki/Pemilihan_umum_Bupati_Klungkung_2024",
    "path": "kabupaten-klungkung"
}