{
    "title": "Pemilihan umum Bupati Sumbawa Barat 2024",
    "region": "Sumbawa Barat",
    "level": "KABUPATEN",
    "candidates": [
        {
            "name": "Fud Syaifuddin",
            "description": "Fud Syaifuddin, S.T. (lahir 11 Maret 1975) adalah Wakil Bupati Sumbawa Barat periode 2016\u20132021 dan 2021\u20132024. Ia menjabat untuk periode kedua sejak 26 Februari 2021 setelah dilantik Gubernur Nusa Tenggara Barat, Zulkieflimansyah di Gedung Graha Bhakti Praja Kompleks Kantor Gubernur Nusa Tenggara Barat, Kota Mataram.[1]\n",
            "profilePic": "https://upload.wikimedia.org/wikipedia/commons/6/61/Fud_Syaifuddin.jpg",
            "sites": {
                "name": "Wikipedia",
                "url": "https://id.wikipedia.org/wiki/Fud_Syaifuddin"
            },
            "communityID": "d28db968-4dfa-4c77-bd00-02b507cbc22a"
        },
        {
            "name": "Kaharuddin Umar",
            "description": "",
            "profilePic": "",
            "sites": {},
            "communityID": "d28db968-4dfa-4c77-bd00-02b507cbc22a"
        },
        {
            "name": "Muhammad Nasir",
            "description": "",
            "profilePic": "",
            "sites": {},
            "communityID": "d28db968-4dfa-4c77-bd00-02b507cbc22a"
        },
        {
            "name": "Andi Laweng",
            "description": "",
            "profilePic": "",
            "sites": {},
            "communityID": "d28db968-4dfa-4c77-bd00-02b507cbc22a"
        },
        {
            "name": "Aheruddin Sidik",
            "description": "",
            "profilePic": "",
            "sites": {},
            "communityID": "d28db968-4dfa-4c77-bd00-02b507cbc22a"
        },
        {
            "name": "H.M. Thamzil",
            "description": "",
            "profilePic": "",
            "sites": {},
            "communityID": "d28db968-4dfa-4c77-bd00-02b507cbc22a"
        },
        {
            "name": "H. Amar Nurmansyah",
            "description": "",
            "profilePic": "",
            "sites": {},
            "communityID": "d28db968-4dfa-4c77-bd00-02b507cbc22a"
        },
        {
            "name": "Hj. Hanipah Musyafirin",
            "description": "",
            "profilePic": "",
            "sites": {},
            "communityID": "d28db968-4dfa-4c77-bd00-02b507cbc22a"
        },
        {
            "name": "Taufik Hikmawan",
            "description": "",
            "profilePic": "",
            "sites": {},
            "communityID": "d28db968-4dfa-4c77-bd00-02b507cbc22a"
        },
        {
            "name": "H.M Nur Yasin",
            "description": "",
            "profilePic": "",
            "sites": {},
            "communityID": "d28db968-4dfa-4c77-bd00-02b507cbc22a"
        },
        {
            "name": "KH. Samsul Ismain",
            "description": "",
            "profilePic": "",
            "sites": {},
            "communityID": "d28db968-4dfa-4c77-bd00-02b507cbc22a"
        },
        {
            "name": "H. Sumardan",
            "description": "",
            "profilePic": "",
            "sites": {},
            "communityID": "d28db968-4dfa-4c77-bd00-02b507cbc22a"
        },
        {
            "name": "M. Sahril Amin",
            "description": "",
            "profilePic": "",
            "sites": {},
            "communityID": "d28db968-4dfa-4c77-bd00-02b507cbc22a"
        },
        {
            "name": "Ustad Nasrum",
            "description": "",
            "profilePic": "",
            "sites": {},
            "communityID": "d28db968-4dfa-4c77-bd00-02b507cbc22a"
        },
        {
            "name": "Dr. Najamuddin Amy",
            "description": "",
            "profilePic": "",
            "sites": {},
            "communityID": "d28db968-4dfa-4c77-bd00-02b507cbc22a"
        }
    ],
    "path": "kabupaten-sumbawa-barat",
    "source": "https://id.wikipedia.org/wiki/Pemilihan_umum_Bupati_Sumbawa_Barat_2024"
}