{
    "title": "Pemilihan umum Bupati Gunungkidul 2024",
    "region": "Gunungkidul",
    "level": "KABUPATEN",
    "candidates": [
        {
            "name": "Sunaryanta",
            "description": "Mayor Chb. (Purn.) H. Sunaryanta (aksara Jawa: \ua9af\ua9b8\ua9a4\ua982\ua9aa\ua9a4\ua9c0\ua9a0; lahir 09 November 1970) adalah bupati Gunungkidul periode 2021-2024. Pria asal Kwarasan Wetan, Kedungkeris, Nglipar ini memenangkan pemilihan bupati Gunungkidul 2020 berpasangan dengan Heri Susanto, S.Kom., M.Si. Dalam pesta demokrasi tersebut, pasangan Sunaryanta-Heri berhasil mengumpulkan 155.878 suara,[1] mengungguli 3 calon lainnya. Ia resmi dilantik menjadi bupati Gunungkidul ke-28 pada 26 Februari 2021.[2]\n",
            "profilePic": "https://upload.wikimedia.org/wikipedia/commons/2/2b/Sunaryanta.jpg",
            "sites": {
                "name": "Wikipedia",
                "url": "https://id.wikipedia.org/wiki/Sunaryanta"
            },
            "communityID": "638eb3ed-3ab6-446a-ab03-84b85d560746"
        },
        {
            "name": "Eckwan Mulyana",
            "description": "",
            "profilePic": "",
            "sites": {},
            "communityID": "638eb3ed-3ab6-446a-ab03-84b85d560746"
        },
        {
            "name": "Sumanto",
            "description": "",
            "profilePic": "",
            "sites": {},
            "communityID": "638eb3ed-3ab6-446a-ab03-84b85d560746"
        },
        {
            "name": "Benyamin Sudarmadi",
            "description": "",
            "profilePic": "",
            "sites": {},
            "communityID": "638eb3ed-3ab6-446a-ab03-84b85d560746"
        },
        {
            "name": "Endah Subekti Kuntariningsih",
            "description": "",
            "profilePic": "",
            "sites": {},
            "communityID": "638eb3ed-3ab6-446a-ab03-84b85d560746"
        },
        {
            "name": "Sutrisna Wibawa",
            "description": "Prof. Dr. Sutrisna Wibawa, M.Pd. (lahir 1 September 1959) adalah guru besar filsafat Jawa Universitas Negeri Yogyakarta. Selain dikenal sebagai guru besar, Sutrisna Wibawa juga dikenal sebagai teknokrat yang pernah menjabat sebagai Sekretaris Direktur Jenderal Pembelajaran dan Kemahasiswaan Kementerian Riset, Teknologi, dan Pendidikan Tinggi Republik Indonesia. Sejak 22 Maret 2017 hingga 23 September 2020 Ia menjabat sebagai Rektor Universitas Negeri Yogyakarta kemudian mengundurkan diri dikarenakan maju dalam Pemilihan umum Bupati Gunungkidul 2020.[1][2]\n",
            "profilePic": "https://upload.wikimedia.org/wikipedia/commons/9/95/Sutrisna_Wibawa.jpg",
            "sites": {
                "name": "Wikipedia",
                "url": "https://id.wikipedia.org/wiki/Sutrisna_Wibawa"
            },
            "communityID": "638eb3ed-3ab6-446a-ab03-84b85d560746"
        },
        {
            "name": "Heri Susanto",
            "description": "",
            "profilePic": "",
            "sites": {},
            "communityID": "638eb3ed-3ab6-446a-ab03-84b85d560746"
        }
    ],
    "path": "kabupaten-gunungkidul",
    "source": "https://id.wikipedia.org/wiki/Pemilihan_umum_Bupati_Gunungkidul_2024"
}