{
    "title": "Pemilihan umum Bupati Bangkalan 2024",
    "region": "Bangkalan",
    "level": "KABUPATEN",
    "candidates": [
        {
            "name": "Mohni",
            "description": "Drs. H. Mohni, M.M. (lahir 22 Oktober 1959) adalah Pelaksana Tugas Bupati Bangkalan sejak 9 Desember 2022. Sebelumnya, ia merupakan Wakil Bupati Bangkalan periode 2018\u20132023 setelah dilantik Gubernur Jawa Timur, Soekarwo di Gedung Negara Grahadi, Surabaya.[1]\n",
            "profilePic": "https://upload.wikimedia.org/wikipedia/commons/thumb/5/57/Official_Portrait_of_Mohni%2C_Vice_Regent_of_Bangkalan.png/1200px-Official_Portrait_of_Mohni%2C_Vice_Regent_of_Bangkalan.png",
            "sites": {
                "name": "Wikipedia",
                "url": "https://id.wikipedia.org/wiki/Mohni"
            },
            "communityID": "5a980361-fab3-47b6-8d20-e10c32cb18dc"
        },
        {
            "name": "Farid Al Fauzi",
            "description": "",
            "profilePic": "",
            "sites": {},
            "communityID": "5a980361-fab3-47b6-8d20-e10c32cb18dc"
        },
        {
            "name": "Imam Buchori Cholil",
            "description": "",
            "profilePic": "",
            "sites": {},
            "communityID": "5a980361-fab3-47b6-8d20-e10c32cb18dc"
        },
        {
            "name": "Syafiuddin",
            "description": "H. Syafiuddin, S.Sos. (lahir 5 November 1973) adalah politikus Indonesia yang menjabat sebagai anggota DPR-RI periode 2019\u20132024. Ia mewakili daerah pemilihan Jawa Timur XI, yang meliputi Kabupaten Bangkalan, Kabupaten Pamekasan, Kabupaten Sampang, dan Kabupaten Sumenep. Syafiuddin merupakan kader Partai Kebangkitan Bangsa, ia bertugas di Komisi V.[1]\n",
            "profilePic": "https://upload.wikimedia.org/wikipedia/commons/e/e1/Anggota_DPR_Syafiuddin.jpg",
            "sites": {
                "name": "Wikipedia",
                "url": "https://id.wikipedia.org/wiki/Syafiuddin"
            },
            "communityID": "5a980361-fab3-47b6-8d20-e10c32cb18dc"
        },
        {
            "name": "Imron Amin",
            "description": "R. Imron Amin, S.H., M.H. (lahir 15 Agustus 1987) adalah politikus Indonesia yang menjabat sebagai anggota DPR-RI periode 2019\u20132024. Ia mewakili daerah pemilihan Jawa Timur XI, yang meliputi Kabupaten Bangkalan, Kabupaten Pamekasan, Kabupaten Sampang, dan Kabupaten Sumenep. Imron merupakan kader Partai Gerakan Indonesia Raya, ia bertugas di Komisi I.\n",
            "profilePic": "https://upload.wikimedia.org/wikipedia/commons/e/e6/Imron_Amin.jpg",
            "sites": {
                "name": "Wikipedia",
                "url": "https://id.wikipedia.org/wiki/Imron_Amin"
            },
            "communityID": "5a980361-fab3-47b6-8d20-e10c32cb18dc"
        },
        {
            "name": "Hasani Bin Zuber",
            "description": "H. Hasani Bin Zuber, S.IP., M.KP (lahir 11 Agustus 1985) adalah anggota Komisi VIII DPR-RI dari Fraksi Partai Demokrat (F-PD). Hasani berhasil lolos ke Senayan mewakili daerah pemilihan Jawa Timur XI meliputi Kabupaten Bangkalan, Sampang, Pamekasan dan Sumenep (Madura) dengan perolehan 170.859 suara. Capaian ini mengantarkan Hasani menjadi peraih suara tertinggi kedua nasional di internal Partai Demokrat setelah Edhie Baskoro Yudhoyono. Selain bertugas di komisi yang membidangi agama, sosial dan bencana, pada tahun 2021 Hasani juga dipercaya Fraksi Partai Demokrat menjadi sekpok dan Badan Kerjasama Antar Parlemen (BKSAP) DPR-RI  (Salah satu badan yang tugasnya adalah meningkatkan hubungan persahabatan dan kerja sama antara DPR dan parlemen negara lain, baik secara bilateral maupun multilateral).\n",
            "profilePic": "https://upload.wikimedia.org/wikipedia/commons/5/52/Anggota_DPR_Hasani_Zuber.jpg",
            "sites": {
                "name": "Wikipedia",
                "url": "https://id.wikipedia.org/wiki/Hasani_Bin_Zuber"
            },
            "communityID": "5a980361-fab3-47b6-8d20-e10c32cb18dc"
        },
        {
            "name": "Mahhud",
            "description": "",
            "profilePic": "",
            "sites": {},
            "communityID": "5a980361-fab3-47b6-8d20-e10c32cb18dc"
        },
        {
            "name": "Mohammad Nasih Aschal",
            "description": "",
            "profilePic": "",
            "sites": {},
            "communityID": "5a980361-fab3-47b6-8d20-e10c32cb18dc"
        },
        {
            "name": "Mondir Rofi'i",
            "description": "Ir. H. Mondir A. Rofi'i (lahir 2 Maret 1962) adalah politikus PKB yang pernah menjabat sebagai Wakil Bupati Bangkalan periode 2013-2018. Mondir juga menjabat sebagai Ketua Dewan Syuro DPC PKB Kabupaten Bangkalan periode 2021-2026.[1]\n",
            "profilePic": "",
            "sites": {
                "name": "Wikipedia",
                "url": "https://id.wikipedia.org/wiki/Mondir_Rofi%27i"
            },
            "communityID": "5a980361-fab3-47b6-8d20-e10c32cb18dc"
        },
        {
            "name": "Muhammad Fahad",
            "description": "",
            "profilePic": "",
            "sites": {},
            "communityID": "5a980361-fab3-47b6-8d20-e10c32cb18dc"
        },
        {
            "name": "Fatkhurrahman",
            "description": "",
            "profilePic": "",
            "sites": {},
            "communityID": "5a980361-fab3-47b6-8d20-e10c32cb18dc"
        },
        {
            "name": "Nur Hasan",
            "description": "",
            "profilePic": "",
            "sites": {},
            "communityID": "5a980361-fab3-47b6-8d20-e10c32cb18dc"
        },
        {
            "name": "Zhavira Ayu Ratri Aldania",
            "description": "",
            "profilePic": "",
            "sites": {},
            "communityID": "5a980361-fab3-47b6-8d20-e10c32cb18dc"
        },
        {
            "name": "RKH Muhammad Makki Nasir",
            "description": "",
            "profilePic": "",
            "sites": {},
            "communityID": "5a980361-fab3-47b6-8d20-e10c32cb18dc"
        }
    ],
    "path": "kabupaten-bangkalan",
    "source": "https://id.wikipedia.org/wiki/Pemilihan_umum_Bupati_Bangkalan_2024"
}