{
    "title": "Pemilihan umum Bupati Gowa 2024",
    "region": "Gowa",
    "level": "KABUPATEN",
    "candidates": [
        {
            "name": "Abdul Rauf Malaganni",
            "description": "H. Abdul Rauf Malaganni, S.Sos., M.Si. (lahir 29 Desember 1958) adalah Wakil Bupati Gowa periode 2016\u20132021 dan 2021\u20132024. Ia menjabat untuk periode kedua sejak 26 Februari 2021 setelah dilantik Gubernur Sulawesi Selatan, Nurdin Abdullah di Rumah Jabatan Gubernur Sulawesi Selatan, Makassar.[1]\n",
            "profilePic": "https://upload.wikimedia.org/wikipedia/commons/b/b1/Wakil_Bupati_Gowa_Abd._Rauf_Malaganni.jpg",
            "sites": {
                "name": "Wikipedia",
                "url": "https://id.wikipedia.org/wiki/Abdul_Rauf_Malaganni"
            },
            "communityID": "98e5d129-2f94-4b64-8a79-979326f22dbf"
        },
        {
            "name": "Amir Uskara",
            "description": "Dr. H. Muhammad Amir Uskara, M.Kes. (lahir 9 Desember 1965) adalah seorang politikus Indonesia yang saat ini menjabat sebagai Anggota DPR-RI sejak 2014. Ia mewakili daerah pemilihan Sulawesi Selatan I. Amir merupakan kader Partai Persatuan Pembangunan, dan duduk di Komisi XI sebagai Wakil Ketua Komisi.[1][2]\n",
            "profilePic": "https://upload.wikimedia.org/wikipedia/commons/3/38/KPU_Amir_Uskara.jpg",
            "sites": {
                "name": "Wikipedia",
                "url": "https://id.wikipedia.org/wiki/Amir_Uskara"
            },
            "communityID": "98e5d129-2f94-4b64-8a79-979326f22dbf"
        },
        {
            "name": "Darmawangsyah Muin",
            "description": "Darmawangsyah Muin yang bernama lengkap Ir. Darmawangsyah Muin, ST. M.Si Daeng Sijaya (lahir 27 Desember 1975) adalah seorang politikus dan Anrong Guru Taeng sejak 2018 yang lalu. Ia dilahirkan dari pasangan Abdul Muin Karaeng Muntu dan Siti Rukiyah di dusun Dusun Lambengi, Bontoala, Pallangga, Gowa.\n",
            "profilePic": "",
            "sites": {
                "name": "Wikipedia",
                "url": "https://id.wikipedia.org/wiki/Darmawangsyah_Muin"
            },
            "communityID": "98e5d129-2f94-4b64-8a79-979326f22dbf"
        },
        {
            "name": "Rafiuddin Raping",
            "description": "\n",
            "profilePic": "https://upload.wikimedia.org/wikipedia/commons/thumb/4/4e/KPU_Rafiuddin_Raping.jpg/1200px-KPU_Rafiuddin_Raping.jpg",
            "sites": {
                "name": "Wikipedia",
                "url": "https://id.wikipedia.org/wiki/Rafiuddin_Raping"
            },
            "communityID": "98e5d129-2f94-4b64-8a79-979326f22dbf"
        },
        {
            "name": "Musadar Mappasomba",
            "description": "Musadar Mappasomba, S.P., M.P. Limbung,Gowa 14 Desember 1970 (umur\u00a053) adalah seorang wakil wali kota Kota Kendari periode 2007-2012 sejak 13 Agustus 2007, berpasangan dengan Asrun. Pada Pilkada Kendari 2012, Ia kembali maju menjadi wakil wali kota bersama Asrun untuk periode 2012-2017. Pasangan ini kembali terpilih dan dilantik oleh Gubernur Sulawesi Tenggara, Nur Alam pada 8 Oktober 2012[1]\n",
            "profilePic": "",
            "sites": {
                "name": "Wikipedia",
                "url": "https://id.wikipedia.org/wiki/Musadar_Mappasomba"
            },
            "communityID": "98e5d129-2f94-4b64-8a79-979326f22dbf"
        },
        {
            "name": "Tenri Olle Yasin Limpo",
            "description": "",
            "profilePic": "",
            "sites": {},
            "communityID": "98e5d129-2f94-4b64-8a79-979326f22dbf"
        },
        {
            "name": "Husniah Talenrang",
            "description": "",
            "profilePic": "",
            "sites": {},
            "communityID": "98e5d129-2f94-4b64-8a79-979326f22dbf"
        },
        {
            "name": "Partai Golongan Karya",
            "description": "Partai Golongan Karya (Golkar) atau secara umum disingkat dengan Partai Golkar adalah sebuah partai politik di Indonesia. Didirikan sebagai Sekretariat Bersama Golongan Karya (Sekber Golkar) pada tahun 1964, dan berpartisipasi untuk pertama kalinya dalam pemilihan umum nasional pada 1971 sebagai Golkar (Golongan Karya). Partai Golongan Karya tidak resmi menjadi partai politik hingga tahun 1999, ketika Golkar diperlukan untuk menjadi sebuah partai untuk mengikuti pemilihan.\n",
            "profilePic": "https://upload.wikimedia.org/wikipedia/commons/thumb/8/86/Logo_Golkar.svg/1200px-Logo_Golkar.svg.png",
            "sites": {
                "name": "Wikipedia",
                "url": "https://id.wikipedia.org/wiki/Partai_Golongan_Karya"
            },
            "communityID": "98e5d129-2f94-4b64-8a79-979326f22dbf"
        },
        {
            "name": "Irman Yasin Limpo",
            "description": "H. Irman Yasin Limpo, S.H. (lahir 24 Agustus 1968) adalah birokrat berkebangsaan Indonesia. Ia pernah menjadi sebagai Pejabat Bupati Luwu Timur periode 2015\u20132016.[1] Irman merupakan adik kandung dari mantan Gubernur Sulawesi Selatan, Syahrul Yasin Limpo.\n",
            "profilePic": "https://upload.wikimedia.org/wikipedia/commons/f/f5/East_Luwu_Regent%2C_Irman_Yasin_Limpo.jpg",
            "sites": {
                "name": "Wikipedia",
                "url": "https://id.wikipedia.org/wiki/Irman_Yasin_Limpo"
            },
            "communityID": "98e5d129-2f94-4b64-8a79-979326f22dbf"
        },
        {
            "name": "Muhammad Fitriady",
            "description": "",
            "profilePic": "",
            "sites": {},
            "communityID": "98e5d129-2f94-4b64-8a79-979326f22dbf"
        },
        {
            "name": "Imam Fauzan",
            "description": "",
            "profilePic": "",
            "sites": {},
            "communityID": "98e5d129-2f94-4b64-8a79-979326f22dbf"
        },
        {
            "name": "Nasran Mone",
            "description": "",
            "profilePic": "",
            "sites": {},
            "communityID": "98e5d129-2f94-4b64-8a79-979326f22dbf"
        }
    ],
    "path": "kabupaten-gowa",
    "source": "https://id.wikipedia.org/wiki/Pemilihan_umum_Bupati_Gowa_2024"
}