{
    "title": "Pemilihan umum Bupati Musi Rawas Utara 2024",
    "region": "Musi Rawas Utara",
    "level": "KABUPATEN",
    "candidates": [
        {
            "name": "Devi Suhartoni",
            "description": "H. Devi Suhartoni (lahir 1 Juni 1969) adalah Bupati Musi Rawas Utara periode 2021\u20132024. Ia menjabat sejak 26 Februari 2021 setelah dilantik Gubernur Sumatera Selatan, Herman Deru di Griya Agung, Palembang.[1]\n",
            "profilePic": "",
            "sites": {
                "name": "Wikipedia",
                "url": "https://id.wikipedia.org/wiki/Devi_Suhartoni"
            },
            "communityID": "bb8d5220-2e39-407a-aa97-f7bae2c2454b"
        },
        {
            "name": "Innayatullah",
            "description": "H. Innayatullah (lahir 31 Januari 1976) adalah Wakil Bupati Musi Rawas Utara periode 2021\u20132024. Ia menjabat sejak 26 Februari 2021 setelah dilantik Gubernur Sumatera Selatan, Herman Deru di Griya Agung, Palembang.[1]\n",
            "profilePic": "",
            "sites": {
                "name": "Wikipedia",
                "url": "https://id.wikipedia.org/wiki/Innayatullah"
            },
            "communityID": "bb8d5220-2e39-407a-aa97-f7bae2c2454b"
        },
        {
            "name": "Efriansyah",
            "description": "",
            "profilePic": "",
            "sites": {},
            "communityID": "bb8d5220-2e39-407a-aa97-f7bae2c2454b"
        },
        {
            "name": "Suryadi",
            "description": "",
            "profilePic": "",
            "sites": {},
            "communityID": "bb8d5220-2e39-407a-aa97-f7bae2c2454b"
        },
        {
            "name": "Gani Subit",
            "description": "",
            "profilePic": "",
            "sites": {},
            "communityID": "bb8d5220-2e39-407a-aa97-f7bae2c2454b"
        }
    ],
    "path": "kabupaten-musi-rawas-utara",
    "source": "https://id.wikipedia.org/wiki/Pemilihan_umum_Bupati_Musi_Rawas_Utara_2024"
}