{
    "title": "Pemilihan umum Bupati Flores Timur 2024",
    "region": "Flores Timur",
    "level": "KABUPATEN",
    "candidates": [
        {
            "name": "Antonius Hubertus Gege Hadjon",
            "description": "Antonius Hubertus Gege Hadjon, ST (lahir 13 Juni 1971) adalah Bupati Flores Timur[1] ke-11. Pria berdarah Waibalun dari pasangan Lambertus Tulen Hadjon dan Maria Getrudis Letor ini terpilih menjadi Bupati Flores Timur berpasangan dengan Agustinus Payong Boli, SH dalam Pemilihan Kepala Daerah serentak 15 Februari 2017.\n",
            "profilePic": "https://upload.wikimedia.org/wikipedia/commons/thumb/7/72/Antonius_Hubertus_Gege_Hadjon.png/1200px-Antonius_Hubertus_Gege_Hadjon.png",
            "sites": {
                "name": "Wikipedia",
                "url": "https://id.wikipedia.org/wiki/Antonius_Hubertus_Gege_Hadjon"
            },
            "communityID": "8fe81b22-6e29-4588-9443-19b6999be389"
        },
        {
            "name": "Agustinus Payong Boli",
            "description": "Agustinus Payong Boli, SH (lahir 15 Desember 1978) adalah Wakil Bupati Flores Timur[1] ke-4. Pria berdarah Adonara Barat, Flores Timur ini terpilih sebagai Wakil Bupati Flores Timur berpasangan dengan Antonius Hubertus Gege Hadjon, ST dalam Pemilihan Kepala Daerah serentak 15 Februari 2017.[2]\n",
            "profilePic": "https://upload.wikimedia.org/wikipedia/id/e/ee/A._Payong_Boli_Wabup_Flotim.png",
            "sites": {
                "name": "Wikipedia",
                "url": "https://id.wikipedia.org/wiki/Agustinus_Payong_Boli"
            },
            "communityID": "8fe81b22-6e29-4588-9443-19b6999be389"
        },
        {
            "name": "Lukman Riberu",
            "description": "",
            "profilePic": "",
            "sites": {},
            "communityID": "8fe81b22-6e29-4588-9443-19b6999be389"
        },
        {
            "name": "Antonius Doni Dihen",
            "description": "",
            "profilePic": "",
            "sites": {},
            "communityID": "8fe81b22-6e29-4588-9443-19b6999be389"
        },
        {
            "name": "Petrus Ama Keron",
            "description": "",
            "profilePic": "",
            "sites": {},
            "communityID": "8fe81b22-6e29-4588-9443-19b6999be389"
        },
        {
            "name": "Yoseph Sani Bethan",
            "description": "",
            "profilePic": "",
            "sites": {},
            "communityID": "8fe81b22-6e29-4588-9443-19b6999be389"
        },
        {
            "name": "Rofinus Baga Kabelen",
            "description": "",
            "profilePic": "",
            "sites": {},
            "communityID": "8fe81b22-6e29-4588-9443-19b6999be389"
        },
        {
            "name": "Stefanus Ola Demon",
            "description": "",
            "profilePic": "",
            "sites": {},
            "communityID": "8fe81b22-6e29-4588-9443-19b6999be389"
        }
    ],
    "path": "kabupaten-flores-timur",
    "source": "https://id.wikipedia.org/wiki/Pemilihan_umum_Bupati_Flores_Timur_2024"
}