{
    "title": "Pemilihan umum Bupati Indragiri Hulu 2024",
    "region": "Indragiri Hulu",
    "level": "KABUPATEN",
    "candidates": [
        {
            "name": "Rezita Meylani",
            "description": "Rezita Meylani Yopi, S.E[1] (lahir 7 Mei 1994) adalah seorang Politisi yang saat ini menjabat sebagai Bupati Indragiri Hulu periode 2021-2024 dan Bupati kedua di Provinsi Riau setelah Bupati Bengkalis dan menjadi Kepala Daerah  yang memecahkan rekor MURI sebagai bupati perempuan termuda sepanjang sejarah di Indonesia. Ia juga merupakan istri dari mantan bupati kabupaten Indragiri Hulu dua periode, Yopi Arianto yang juga pernah memecahkan rekor MURI sebagai bupati termuda, dengan usia menjabat yakni 30 tahun pada 2010 silam.\n",
            "profilePic": "https://upload.wikimedia.org/wikipedia/commons/0/00/Bupati_Indragiri_Hulu_Rezita_Meylani_Yopi.png",
            "sites": {
                "name": "Wikipedia",
                "url": "https://id.wikipedia.org/wiki/Rezita_Meylani"
            },
            "communityID": "b4fbd0ea-ab3f-4ca9-b173-2972d940823f"
        },
        {
            "name": "Junaidi Rachmat",
            "description": "Junaidi Rachmat (lahir 8 Juli 1964) adalah seorang politikus dan birokrat Indonesia kelahiran Rengat. Ia merupakan lulusan S1 Institut Ilmu Pemerintahan Jakarta (1995) dan S2 Universitas Riau. Ia sempat diangkat menjadi Sekwilcam Tempuling di Pemkab Indragiri Hilir (1995), Camat Rengat Barat (2001), Camat Pasir Penyu (2002), Kabag Kepegawaian Pemkab Indragiri Hulu (2003), Kepala Bapemas Pemdes Pemkab Indragiri Hulu (2006), Kepala Dispenda Pemkab Indragiri Hulu (2007), Kepala Bappeda Pemkab Indragiri Hulu (2009), Kepala Bapemas Pemdes Pemkab Indragiri Hulu (2010), Asisten Perekonomian dan Pembangunan Pemkab Indragiri Hulu (2011), Asisten Pemerintahan dan Kesejahteraan Rakyat Pemkab Indragiri Hulu (2012) dan Kepala Bappeda Pemkab Indragiri Hulu (2014).[1]\n",
            "profilePic": "https://upload.wikimedia.org/wikipedia/commons/c/cf/Wakil_Bupati_Indragiri_Hulu_Junaidi_Rachmat.png",
            "sites": {
                "name": "Wikipedia",
                "url": "https://id.wikipedia.org/wiki/Junaidi_Rachmat"
            },
            "communityID": "b4fbd0ea-ab3f-4ca9-b173-2972d940823f"
        },
        {
            "name": "Siti Aisyah",
            "description": "\n",
            "profilePic": "",
            "sites": {
                "name": "Wikipedia",
                "url": "https://id.wikipedia.org/wiki/Siti_Aisyah"
            },
            "communityID": "b4fbd0ea-ab3f-4ca9-b173-2972d940823f"
        },
        {
            "name": "Agus Rianto.",
            "description": "",
            "profilePic": "",
            "sites": {},
            "communityID": "b4fbd0ea-ab3f-4ca9-b173-2972d940823f"
        },
        {
            "name": "Ade Agus Hartanto",
            "description": "",
            "profilePic": "",
            "sites": {},
            "communityID": "b4fbd0ea-ab3f-4ca9-b173-2972d940823f"
        },
        {
            "name": "Raja Haryono",
            "description": "Brigjen. Pol. (Purn.) Drs. Raja Haryono, S.H., M.Hum. (lahir 12 November 1962) adalah seorang Purnawirawan Polri yang sebelumnya menjabat sebagai Analis Kebijakan Utama bidang Pidnarkoba Bareskrim Polri.[1]\n",
            "profilePic": "https://upload.wikimedia.org/wikipedia/commons/d/d4/Kepala_Badan_Narkotika_Nasional_Kalimantan_Timur_Raja_Haryono.jpg",
            "sites": {
                "name": "Wikipedia",
                "url": "https://id.wikipedia.org/wiki/Raja_Haryono"
            },
            "communityID": "b4fbd0ea-ab3f-4ca9-b173-2972d940823f"
        },
        {
            "name": "Andina Gustiani",
            "description": "",
            "profilePic": "",
            "sites": {},
            "communityID": "b4fbd0ea-ab3f-4ca9-b173-2972d940823f"
        },
        {
            "name": "Zulfahmi Adrian",
            "description": "",
            "profilePic": "",
            "sites": {},
            "communityID": "b4fbd0ea-ab3f-4ca9-b173-2972d940823f"
        },
        {
            "name": "Johny Setiawan Mundung",
            "description": "",
            "profilePic": "",
            "sites": {},
            "communityID": "b4fbd0ea-ab3f-4ca9-b173-2972d940823f"
        },
        {
            "name": "Rizal Zamzami",
            "description": "",
            "profilePic": "",
            "sites": {},
            "communityID": "b4fbd0ea-ab3f-4ca9-b173-2972d940823f"
        },
        {
            "name": "Suradi",
            "description": "",
            "profilePic": "",
            "sites": {},
            "communityID": "b4fbd0ea-ab3f-4ca9-b173-2972d940823f"
        },
        {
            "name": "Khairizal",
            "description": "",
            "profilePic": "",
            "sites": {},
            "communityID": "b4fbd0ea-ab3f-4ca9-b173-2972d940823f"
        },
        {
            "name": "Dewan Perwakilan Rakyat Daerah Provinsi Riau",
            "description": "Oposisi (16)\n",
            "profilePic": "https://upload.wikimedia.org/wikipedia/commons/f/fb/Logo_DPRD_Riau.png",
            "sites": {
                "name": "Wikipedia",
                "url": "https://id.wikipedia.org/wiki/Yulisman"
            },
            "communityID": "b4fbd0ea-ab3f-4ca9-b173-2972d940823f"
        }
    ],
    "path": "kabupaten-indragiri-hulu",
    "source": "https://id.wikipedia.org/wiki/Pemilihan_umum_Bupati_Indragiri_Hulu_2024"
}