{
    "title": "Pemilihan umum Bupati Puncak Jaya 2024",
    "region": "Puncak Jaya",
    "level": "KABUPATEN",
    "candidates": [
        {
            "name": "Yuni Wonda",
            "description": "Dr. Yuni Wonda, S.Sos., S.IP., M.M., (lahir 22 Juni 1975), adalah Bupati Puncak Jaya yang menjabat sejak 7 Desember 2017 hingga 7 Desember 2022. Ia terpilih sebagai Bupati Puncak Jaya didampingi oleh Deinas Gelei dalam Pilbup Puncak Jaya 2017. Sebelum menjadi bupati, Yuni merupakan pegawai negeri sipil di Pemerintah Kabupaten Puncak Jaya dengan jabatan terakhir sebagai Sekretaris Daerah.[1]\n",
            "profilePic": "https://upload.wikimedia.org/wikipedia/commons/0/00/Yuni_Wonda_Bupati_Puncak_Jaya.png",
            "sites": {
                "name": "Wikipedia",
                "url": "https://id.wikipedia.org/wiki/Yuni_Wonda"
            },
            "communityID": "5c88519b-90f1-46c4-9341-13311255e06e"
        },
        {
            "name": "Henok Ibo",
            "description": "Drs. Henok Ibo[1] (lahir 28 Juni 1952) adalah birokrat dan politikus Indonesia yang menjabat Bupati Puncak Jaya periode 2012\u20142017.\n",
            "profilePic": "https://upload.wikimedia.org/wikipedia/commons/5/5e/Bupati_Puncak_Jaya%2C_Henok_Ibo.jpg",
            "sites": {
                "name": "Wikipedia",
                "url": "https://id.wikipedia.org/wiki/Henok_Ibo"
            },
            "communityID": "5c88519b-90f1-46c4-9341-13311255e06e"
        }
    ],
    "path": "kabupaten-puncak-jaya",
    "source": "https://id.wikipedia.org/wiki/Pemilihan_umum_Bupati_Puncak_Jaya_2024"
}