{
    "title": "Pemilihan umum Bupati Kepulauan Meranti 2024",
    "region": "Kepulauan Meranti",
    "level": "KABUPATEN",
    "candidates": [
        {
            "name": "Asmar",
            "description": "AKBP (Purn.) H. Asmar (lahir 5 Mei 1962) adalah seorang purnawirawan Polri yang sekarang menjabat sebagai Plt Bupati Kabupaten Kepulauan Meranti, Riau sisa masa jabatan 2023-2024. Sebelumnya, ia adalah Wakil Bupati Kepulauan Meranti periode 2021-2023. Per 7 April 2023 Asmar adalah PLT Bupati Kepulauan Meranti mengganti kan Muhammad Adil yang terjaring OTT KPK pada 6 April 2023.[1]\n",
            "profilePic": "https://upload.wikimedia.org/wikipedia/commons/thumb/1/1d/WAKIL_BUPATI.jpg/1200px-WAKIL_BUPATI.jpg",
            "sites": {
                "name": "Wikipedia",
                "url": "https://id.wikipedia.org/wiki/Asmar"
            },
            "communityID": "734c633a-fca1-45bf-b07f-23644c7ac38c"
        },
        {
            "name": "Mahmuzin Taher",
            "description": "",
            "profilePic": "",
            "sites": {},
            "communityID": "734c633a-fca1-45bf-b07f-23644c7ac38c"
        },
        {
            "name": "Hery Saputra",
            "description": "",
            "profilePic": "",
            "sites": {},
            "communityID": "734c633a-fca1-45bf-b07f-23644c7ac38c"
        },
        {
            "name": "Said Hasyim",
            "description": "",
            "profilePic": "",
            "sites": {},
            "communityID": "734c633a-fca1-45bf-b07f-23644c7ac38c"
        },
        {
            "name": "Masrul Kasmy",
            "description": "\n",
            "profilePic": "https://upload.wikimedia.org/wikipedia/commons/1/19/Pjs_Bupati_Rohul_Masrul_Kasmy.jpg",
            "sites": {
                "name": "Wikipedia",
                "url": "https://id.wikipedia.org/wiki/Masrul_Kasmy"
            },
            "communityID": "734c633a-fca1-45bf-b07f-23644c7ac38c"
        },
        {
            "name": "Falzan Surahman",
            "description": "",
            "profilePic": "",
            "sites": {},
            "communityID": "734c633a-fca1-45bf-b07f-23644c7ac38c"
        },
        {
            "name": "Yulian Norwis",
            "description": "",
            "profilePic": "",
            "sites": {},
            "communityID": "734c633a-fca1-45bf-b07f-23644c7ac38c"
        },
        {
            "name": "Tengku Mustafa",
            "description": "",
            "profilePic": "",
            "sites": {},
            "communityID": "734c633a-fca1-45bf-b07f-23644c7ac38c"
        },
        {
            "name": "Nirwana Sari",
            "description": "",
            "profilePic": "",
            "sites": {},
            "communityID": "734c633a-fca1-45bf-b07f-23644c7ac38c"
        },
        {
            "name": "Iskandar Budiman",
            "description": "",
            "profilePic": "",
            "sites": {},
            "communityID": "734c633a-fca1-45bf-b07f-23644c7ac38c"
        },
        {
            "name": "Fauzi Hasan",
            "description": "",
            "profilePic": "",
            "sites": {},
            "communityID": "734c633a-fca1-45bf-b07f-23644c7ac38c"
        },
        {
            "name": "Roni Samudra",
            "description": "",
            "profilePic": "",
            "sites": {},
            "communityID": "734c633a-fca1-45bf-b07f-23644c7ac38c"
        },
        {
            "name": "Muzamil Baharuddin",
            "description": "",
            "profilePic": "",
            "sites": {},
            "communityID": "734c633a-fca1-45bf-b07f-23644c7ac38c"
        },
        {
            "name": "Muhammad Fadhly Putra",
            "description": "",
            "profilePic": "",
            "sites": {},
            "communityID": "734c633a-fca1-45bf-b07f-23644c7ac38c"
        },
        {
            "name": "Hafizan Abas",
            "description": "",
            "profilePic": "",
            "sites": {},
            "communityID": "734c633a-fca1-45bf-b07f-23644c7ac38c"
        },
        {
            "name": "Nurzahedi",
            "description": "Muhammad Aulia\n",
            "profilePic": "https://upload.wikimedia.org/wikipedia/commons/4/4c/Anggota_DPR_Nurzahedi.jpg",
            "sites": {
                "name": "Wikipedia",
                "url": "https://id.wikipedia.org/wiki/Nurzahedi"
            },
            "communityID": "734c633a-fca1-45bf-b07f-23644c7ac38c"
        }
    ],
    "path": "kabupaten-kepulauan-meranti",
    "source": "https://id.wikipedia.org/wiki/Pemilihan_umum_Bupati_Kepulauan_Meranti_2024"
}