{
    "title": "Pemilihan umum Bupati Lebak 2024",
    "region": "Lebak",
    "level": "KABUPATEN",
    "candidates": [
        {
            "name": "Adde Rosi Khoerunnisa",
            "description": "Dr. Hj. Adde Rosi Khoerunnisa, S.Sos., M.Si. (lahir 30 Oktober 1983) adalah seorang politikus Indonesia. Saat ia menjadi Anggota DPR-RI sejak 2019 mewakili daerah pemilihan Banten I. Sebelumnya, ia menjabat sebagai Wakil Ketua DPRD Banten periode 2016\u20132019.[1] Ia adalah istri dari mantan Wakil Gubernur Banten Andika Hazrumy.\n",
            "profilePic": "https://upload.wikimedia.org/wikipedia/commons/thumb/d/df/Dr._Adde_Rosi_Khoerunnisa%2C_S%2CSos._M.si.png/1200px-Dr._Adde_Rosi_Khoerunnisa%2C_S%2CSos._M.si.png",
            "sites": {
                "name": "Wikipedia",
                "url": "https://id.wikipedia.org/wiki/Adde_Rosi_Khoerunnisa"
            },
            "communityID": "a3d1dbe8-c879-48ba-a716-8befa73b50c0"
        },
        {
            "name": "Mochamad Hasbi Asyidiki Jayabaya",
            "description": "Mochamad Hasbi Asyidiki Jayabaya (lahir 10 Oktober 1984) adalah seorang politikus Indonesia yang menjabat Anggota DPR-RI periode 2014-2019 dengan Nomor Anggota A-205 dari Partai Demokrasi Indonesia Perjuangan (PDIP) mewakili Dapil Banten I (Lebak & Pandeglang) setelah memperoleh 51,059 suara. Hasbi Merupakan anggota DPR RI Komisi VIII yang menangani bidang Agama, Sosial, Pemberdayaan Perempuan.[5][6]\n",
            "profilePic": "https://upload.wikimedia.org/wikipedia/commons/3/31/Mochamad_Hasbi_Asyidiki_Jayabaya.jpg",
            "sites": {
                "name": "Wikipedia",
                "url": "https://id.wikipedia.org/wiki/Mochamad_Hasbi_Asyidiki_Jayabaya"
            },
            "communityID": "a3d1dbe8-c879-48ba-a716-8befa73b50c0"
        },
        {
            "name": "Ucuy Masyhuri Sajim",
            "description": "",
            "profilePic": "",
            "sites": {},
            "communityID": "a3d1dbe8-c879-48ba-a716-8befa73b50c0"
        },
        {
            "name": "Mochammad Farid Darmawan",
            "description": "",
            "profilePic": "",
            "sites": {},
            "communityID": "a3d1dbe8-c879-48ba-a716-8befa73b50c0"
        },
        {
            "name": "Ade Sumardi",
            "description": "H. Ade Sumardi, S.E., M.Si. (lahir 27 Juli 1972) adalah seorang wirausahawan dan politikus berkebangsaan Indonesia.[1] Saat ini, ia menjabat Wakil Bupati Lebak mendampingi Iti Octavia Jayabaya selama dua periode berturut-turut: 2014\u20132019 dan 2019\u20132024.[2] Sebelumnya, Ade menjadi legislator di Dewan Perwakilan Rakyat Daerah Kabupaten Lebak sejak 1999 dan pernah menjabat ketua di tahun 2009 sampai 2013.\n",
            "profilePic": "https://upload.wikimedia.org/wikipedia/commons/b/bf/Wakil_Bupati_Lebak_Ade_Sumardi.jpg",
            "sites": {
                "name": "Wikipedia",
                "url": "https://id.wikipedia.org/wiki/Ade_Sumardi"
            },
            "communityID": "a3d1dbe8-c879-48ba-a716-8befa73b50c0"
        },
        {
            "name": "Vivi Sumantri Jayabaya",
            "description": "",
            "profilePic": "",
            "sites": {},
            "communityID": "a3d1dbe8-c879-48ba-a716-8befa73b50c0"
        },
        {
            "name": "Junaedi Ibnu Jarta",
            "description": "",
            "profilePic": "",
            "sites": {},
            "communityID": "a3d1dbe8-c879-48ba-a716-8befa73b50c0"
        },
        {
            "name": "Ade Hidayat",
            "description": "",
            "profilePic": "",
            "sites": {},
            "communityID": "a3d1dbe8-c879-48ba-a716-8befa73b50c0"
        },
        {
            "name": "Iip Makmur",
            "description": "",
            "profilePic": "",
            "sites": {},
            "communityID": "a3d1dbe8-c879-48ba-a716-8befa73b50c0"
        },
        {
            "name": "Suparman",
            "description": "Suparman dapat mengacu pada beberapa hal berikut:\n",
            "profilePic": "",
            "sites": {
                "name": "Wikipedia",
                "url": "https://id.wikipedia.org/wiki/Suparman"
            },
            "communityID": "a3d1dbe8-c879-48ba-a716-8befa73b50c0"
        },
        {
            "name": "Oong Syahroni",
            "description": "",
            "profilePic": "",
            "sites": {},
            "communityID": "a3d1dbe8-c879-48ba-a716-8befa73b50c0"
        },
        {
            "name": "Mochamad Nabil Jayabaya",
            "description": "",
            "profilePic": "",
            "sites": {},
            "communityID": "a3d1dbe8-c879-48ba-a716-8befa73b50c0"
        },
        {
            "name": "Imam Septiana, S.Ip",
            "description": "",
            "profilePic": "",
            "sites": {},
            "communityID": "a3d1dbe8-c879-48ba-a716-8befa73b50c0"
        },
        {
            "name": "Dede Supriyadi Arief",
            "description": "",
            "profilePic": "",
            "sites": {},
            "communityID": "a3d1dbe8-c879-48ba-a716-8befa73b50c0"
        },
        {
            "name": "Sanuji Pentamarta",
            "description": "",
            "profilePic": "",
            "sites": {},
            "communityID": "a3d1dbe8-c879-48ba-a716-8befa73b50c0"
        },
        {
            "name": "Ahmad Jajuli",
            "description": "",
            "profilePic": "",
            "sites": {},
            "communityID": "a3d1dbe8-c879-48ba-a716-8befa73b50c0"
        }
    ],
    "path": "kabupaten-lebak",
    "source": "https://id.wikipedia.org/wiki/Pemilihan_umum_Bupati_Lebak_2024"
}