{
    "title": "Pemilihan umum Bupati Minahasa Tenggara 2024",
    "region": "Minahasa Tenggara",
    "level": "KABUPATEN",
    "candidates": [
        {
            "name": "Ronald Kandoli",
            "description": "",
            "profilePic": "",
            "sites": {},
            "communityID": "10b6f66a-0bcc-41be-b007-b3ee59bbe071"
        },
        {
            "name": "Djein Rende",
            "description": "",
            "profilePic": "",
            "sites": {},
            "communityID": "10b6f66a-0bcc-41be-b007-b3ee59bbe071"
        },
        {
            "name": "Maxi Rondonuwu",
            "description": "",
            "profilePic": "",
            "sites": {},
            "communityID": "10b6f66a-0bcc-41be-b007-b3ee59bbe071"
        },
        {
            "name": "Toni Hendrik Lasut",
            "description": "",
            "profilePic": "",
            "sites": {},
            "communityID": "10b6f66a-0bcc-41be-b007-b3ee59bbe071"
        },
        {
            "name": "Pricylia Elviera Rondo",
            "description": "",
            "profilePic": "",
            "sites": {},
            "communityID": "10b6f66a-0bcc-41be-b007-b3ee59bbe071"
        },
        {
            "name": "Semuel Montolalu",
            "description": "",
            "profilePic": "",
            "sites": {},
            "communityID": "10b6f66a-0bcc-41be-b007-b3ee59bbe071"
        }
    ],
    "path": "kabupaten-minahasa-tenggara",
    "source": "https://id.wikipedia.org/wiki/Pemilihan_umum_Bupati_Minahasa_Tenggara_2024"
}