{
    "title": "Pemilihan umum Bupati Rokan Hulu 2024",
    "region": "Rokan Hulu",
    "level": "KABUPATEN",
    "candidates": [
        {
            "name": "Assoc. Prof. Dr. Desmelati, S.Pi., M.Sc",
            "description": "",
            "profilePic": "",
            "sites": {},
            "communityID": "05abb0f1-7c5c-4336-8026-8368042c673c"
        },
        {
            "name": "Indra Gunawan (politikus)",
            "description": "H. Indra Gunawan atau yang akrab disapa ''Ujang Lurah'' ini (lahir 21 Desember 1969) adalah Politisi asal Riau yang saat ini menjabat sebagai Wakil Bupati Rokan Hulu periode 2021\u20142024.[1] Ia adalah wakil dari Bupati Rokan Hulu, Sukiman. Sebelumnya ia berprofesi sebagai Wiraswasta sebelum memutuskan untuk terjun ke dunia politik.\n",
            "profilePic": "https://upload.wikimedia.org/wikipedia/commons/thumb/e/ef/Wakil_Bupati_Rokan_Hulu_periode_2021-2024%2C_Indra_Gunawan.jpg/1200px-Wakil_Bupati_Rokan_Hulu_periode_2021-2024%2C_Indra_Gunawan.jpg",
            "sites": {
                "name": "Wikipedia",
                "url": "https://id.wikipedia.org/wiki/Indra_Gunawan_(politikus)"
            },
            "communityID": "05abb0f1-7c5c-4336-8026-8368042c673c"
        },
        {
            "name": "Hafith Syukri",
            "description": "",
            "profilePic": "",
            "sites": {},
            "communityID": "05abb0f1-7c5c-4336-8026-8368042c673c"
        },
        {
            "name": "Gustian Riau",
            "description": "",
            "profilePic": "",
            "sites": {},
            "communityID": "05abb0f1-7c5c-4336-8026-8368042c673c"
        },
        {
            "name": "Sari Antoni",
            "description": "",
            "profilePic": "",
            "sites": {},
            "communityID": "05abb0f1-7c5c-4336-8026-8368042c673c"
        },
        {
            "name": "Kelmi Amri",
            "description": "",
            "profilePic": "",
            "sites": {},
            "communityID": "05abb0f1-7c5c-4336-8026-8368042c673c"
        },
        {
            "name": "Adam Syafaat",
            "description": "",
            "profilePic": "",
            "sites": {},
            "communityID": "05abb0f1-7c5c-4336-8026-8368042c673c"
        },
        {
            "name": "Syamsurizal.",
            "description": "",
            "profilePic": "",
            "sites": {},
            "communityID": "05abb0f1-7c5c-4336-8026-8368042c673c"
        },
        {
            "name": "Novli Wanda Ade Putra",
            "description": "Novli Wanda Ade Putra[1][2], ST,. M.Si gelar Datuk Setia Mufakat Panglimo Mudo[3] (lahir 22 November 1989), dikenal dengan sapaan Bung Wanda adalah seorang kader/politisi Partai Gerakan Indonesia Raya (Gerindra) asal Rokan Hulu, Riau. Saat ini, ia menjabat sebagai Ketua DPRD Kabupaten Rokan Hulu periode 2019-2024. Sebelumnya, ia menjabat sebagai Anggota DPRD Kabupaten Rokan Hulu periode 2014-2019.\n",
            "profilePic": "https://upload.wikimedia.org/wikipedia/commons/thumb/6/67/Ketua_DPRD_Rokan_Hulu_ke-6_Novli_Wanda_Ade_Putra.jpg/1200px-Ketua_DPRD_Rokan_Hulu_ke-6_Novli_Wanda_Ade_Putra.jpg",
            "sites": {
                "name": "Wikipedia",
                "url": "https://id.wikipedia.org/wiki/Novli_Wanda_Ade_Putra"
            },
            "communityID": "05abb0f1-7c5c-4336-8026-8368042c673c"
        },
        {
            "name": "Budiman Lubis",
            "description": "",
            "profilePic": "",
            "sites": {},
            "communityID": "05abb0f1-7c5c-4336-8026-8368042c673c"
        },
        {
            "name": "Syafaruddin Poti",
            "description": "",
            "profilePic": "",
            "sites": {},
            "communityID": "05abb0f1-7c5c-4336-8026-8368042c673c"
        },
        {
            "name": "Septina Primawati",
            "description": "Dra. Hj. Septina Primawati, M.M. (lahir 21 September 1961) adalah politikus Partai Golongan Karya yang menjabat Anggota Dewan Perwakilan Rakyat Daerah (DPRD) Provinsi Riau Fraksi Golkar 2 periode yakni 2014\u20142019 dan 2019\u20142024.[1][2] Ia juga pernah menjabat sebagai Ketua DPRD Riau periode 2016\u20142019.\n",
            "profilePic": "https://upload.wikimedia.org/wikipedia/commons/thumb/1/10/KPU_Septina_Primawati.jpg/1200px-KPU_Septina_Primawati.jpg",
            "sites": {
                "name": "Wikipedia",
                "url": "https://id.wikipedia.org/wiki/Septina_Primawati"
            },
            "communityID": "05abb0f1-7c5c-4336-8026-8368042c673c"
        }
    ],
    "path": "kabupaten-rokan-hulu",
    "source": "https://id.wikipedia.org/wiki/Pemilihan_umum_Bupati_Rokan_Hulu_2024"
}