{
    "title": "Pemilihan umum Bupati Tegal 2024",
    "region": "Tegal",
    "level": "KABUPATEN",
    "candidates": [
        {
            "name": "Umi Azizah",
            "description": "Hj. Umi Azizah (lahir di Bojong, Tegal, 1960; umur 64 tahun) adalah bupati Kabupaten Tegal yang menjabat sejak 8 Januari 2019.\n",
            "profilePic": "https://upload.wikimedia.org/wikipedia/commons/thumb/6/6e/Umi_Azizah.jpg/1200px-Umi_Azizah.jpg",
            "sites": {
                "name": "Wikipedia",
                "url": "https://id.wikipedia.org/wiki/Umi_Azizah"
            },
            "communityID": "915eddd6-4744-4c58-8338-ef635552ece5"
        },
        {
            "name": "Sabilillah Ardie",
            "description": "H. Sabilillah Ardie, B.Sc., (lahir 28 Oktober 1983) adalah Wakil Bupati Tegal periode 2019 \u2013 2024. Pria yang akrab disapa Ardie ini adalah putra pertama dari pasangan H. Bachrudin Nasori, S.Si dan Hj. Deny Mardiany. Ardie berhasil menjadi wakil Bupati Tegal pada Pemilihan Kepala Daerah (Pilkada) serentak pada tahun 2018 berpasangan dengan Dra. Hj. Umi Azizah dengan memperoleh sebanyak 518.017 suara atau 70,94 persen mengalahkan kompetitornya Haron Bagas Prakosa \u2013 Drajat yang memperoleh 148.000 atau 20,27 persen dan Rusbandi \u2013 Fatkhudin dengan 64.155 suara atau 8,79 persen.[1]\n",
            "profilePic": "",
            "sites": {
                "name": "Wikipedia",
                "url": "https://id.wikipedia.org/wiki/Sabilillah_Ardie"
            },
            "communityID": "915eddd6-4744-4c58-8338-ef635552ece5"
        },
        {
            "name": "Ninik Budiarti",
            "description": "",
            "profilePic": "",
            "sites": {},
            "communityID": "915eddd6-4744-4c58-8338-ef635552ece5"
        },
        {
            "name": "Muhammad Khuzaeni",
            "description": "",
            "profilePic": "",
            "sites": {},
            "communityID": "915eddd6-4744-4c58-8338-ef635552ece5"
        },
        {
            "name": "Agus Solichin",
            "description": "",
            "profilePic": "",
            "sites": {},
            "communityID": "915eddd6-4744-4c58-8338-ef635552ece5"
        },
        {
            "name": "Moh Edi Utomo",
            "description": "",
            "profilePic": "",
            "sites": {},
            "communityID": "915eddd6-4744-4c58-8338-ef635552ece5"
        },
        {
            "name": "Rojikin",
            "description": "",
            "profilePic": "",
            "sites": {},
            "communityID": "915eddd6-4744-4c58-8338-ef635552ece5"
        },
        {
            "name": "M.G. Marhaenis Manto",
            "description": "",
            "profilePic": "",
            "sites": {},
            "communityID": "915eddd6-4744-4c58-8338-ef635552ece5"
        },
        {
            "name": "Abdul Fikri Faqih",
            "description": "H. Abdul Fikri Faqih, MM (lahir 17 Juli 1963) adalah politisi Indonesia dari Partai Keadilan Sejahtera (PKS). Ia saat ini menjabat sebagai anggota DPR mewakili daerah pemilihan Tegal dan Brebes. Sebelumnya, ia merupakan anggota DPRD Jawa Tengah dua periode sejak 2004 hingga 2014.\n",
            "profilePic": "https://upload.wikimedia.org/wikipedia/commons/e/e2/DPR_Abdul_Fikri_Faqih.jpg",
            "sites": {
                "name": "Wikipedia",
                "url": "https://id.wikipedia.org/wiki/Abdul_Fikri_Faqih"
            },
            "communityID": "915eddd6-4744-4c58-8338-ef635552ece5"
        },
        {
            "name": "Khurotul Jannah",
            "description": "",
            "profilePic": "",
            "sites": {},
            "communityID": "915eddd6-4744-4c58-8338-ef635552ece5"
        },
        {
            "name": "H. Mu\u2019min",
            "description": "",
            "profilePic": "",
            "sites": {},
            "communityID": "915eddd6-4744-4c58-8338-ef635552ece5"
        },
        {
            "name": "KRT Rosa Mulya Aji Hadipuro",
            "description": "",
            "profilePic": "",
            "sites": {},
            "communityID": "915eddd6-4744-4c58-8338-ef635552ece5"
        },
        {
            "name": "Warsidin",
            "description": "",
            "profilePic": "",
            "sites": {},
            "communityID": "915eddd6-4744-4c58-8338-ef635552ece5"
        }
    ],
    "path": "kabupaten-tegal",
    "source": "https://id.wikipedia.org/wiki/Pemilihan_umum_Bupati_Tegal_2024"
}