{
    "title": "Pemilihan umum Bupati Lampung Timur 2024",
    "region": "Lampung Timur",
    "level": "KABUPATEN",
    "candidates": [
        {
            "name": "M. Dawam Rahardjo",
            "description": "\n",
            "profilePic": "https://upload.wikimedia.org/wikipedia/commons/1/17/M._Dawam_Rahardjo.jpg",
            "sites": {
                "name": "Wikipedia",
                "url": "https://id.wikipedia.org/wiki/M._Dawam_Rahardjo"
            },
            "communityID": "5415b86a-cc86-4d6d-b52b-0af2f5fe23c0"
        },
        {
            "name": "Azwar Hadi",
            "description": "Hi. Azwar Hadi, S.E., M.Si. (lahir 11 Oktober 1966) adalah politikus Partai Golongan Karya yang saat ini menjabat sebagai Wakil Bupati Lampung Timur periode 2021\u20132024.  Azwar Hadi merupakan salah satu tokoh pemuda yang dulu turut andil dalam menggerakan upaya pemekaran wilayah Kabupaten Lampung Timur yang dulu nya masih Kabupaten Lampung Tengah pada tahun 1999.\n",
            "profilePic": "https://upload.wikimedia.org/wikipedia/commons/8/8b/Azwar_Hadi.jpg",
            "sites": {
                "name": "Wikipedia",
                "url": "https://id.wikipedia.org/wiki/Azwar_Hadi"
            },
            "communityID": "5415b86a-cc86-4d6d-b52b-0af2f5fe23c0"
        },
        {
            "name": "Zaiful Bokhari",
            "description": "H. Zaiful Bokhari, S.T., M.M.[1] (lahir 4 Juli 1969) adalah Bupati Lampung Timur periode 2019\u20132021.[2] Ia pernah menjabat sebagai Wakil Bupati Lampung Timur periode 2016\u20132019.[3]\n",
            "profilePic": "https://upload.wikimedia.org/wikipedia/commons/8/88/Zaiful_Bokhari_Offc.jpg",
            "sites": {
                "name": "Wikipedia",
                "url": "https://id.wikipedia.org/wiki/Zaiful_Bokhari"
            },
            "communityID": "5415b86a-cc86-4d6d-b52b-0af2f5fe23c0"
        },
        {
            "name": "Jihan Nurlela",
            "description": "dr. Jihan Nurlela Chalim, M.M. (lahir 22 April 1994) adalah dokter dan politikus Indonesia yang menjabat sebagai Anggota Anggota DPD-RI Dapil Lampung periode 2019\u20132024 yang menjabat sejak 1 Oktober 2019. Ia memperoleh suara sebanyak 810.373 suara.[2]\n",
            "profilePic": "https://upload.wikimedia.org/wikipedia/commons/8/85/Senator_Jihan_Nurlela.jpg",
            "sites": {
                "name": "Wikipedia",
                "url": "https://id.wikipedia.org/wiki/Jihan_Nurlela"
            },
            "communityID": "5415b86a-cc86-4d6d-b52b-0af2f5fe23c0"
        },
        {
            "name": "Hi. Ali Johan Arif",
            "description": "",
            "profilePic": "",
            "sites": {},
            "communityID": "5415b86a-cc86-4d6d-b52b-0af2f5fe23c0"
        },
        {
            "name": "Muhammad Khadafi Azwar",
            "description": "",
            "profilePic": "",
            "sites": {},
            "communityID": "5415b86a-cc86-4d6d-b52b-0af2f5fe23c0"
        },
        {
            "name": "Garinca Reza Pahlevi",
            "description": "",
            "profilePic": "",
            "sites": {},
            "communityID": "5415b86a-cc86-4d6d-b52b-0af2f5fe23c0"
        },
        {
            "name": "Ahmad Giri Akbar",
            "description": "",
            "profilePic": "",
            "sites": {},
            "communityID": "5415b86a-cc86-4d6d-b52b-0af2f5fe23c0"
        },
        {
            "name": "Noverisman Subing",
            "description": "",
            "profilePic": "",
            "sites": {},
            "communityID": "5415b86a-cc86-4d6d-b52b-0af2f5fe23c0"
        },
        {
            "name": "Irfan Nuranda Djafar",
            "description": "",
            "profilePic": "",
            "sites": {},
            "communityID": "5415b86a-cc86-4d6d-b52b-0af2f5fe23c0"
        },
        {
            "name": "Fatikhatul Khoiriyah",
            "description": "",
            "profilePic": "",
            "sites": {},
            "communityID": "5415b86a-cc86-4d6d-b52b-0af2f5fe23c0"
        },
        {
            "name": "Yusran Amirullah",
            "description": "",
            "profilePic": "",
            "sites": {},
            "communityID": "5415b86a-cc86-4d6d-b52b-0af2f5fe23c0"
        },
        {
            "name": "Muslih",
            "description": "",
            "profilePic": "",
            "sites": {},
            "communityID": "5415b86a-cc86-4d6d-b52b-0af2f5fe23c0"
        },
        {
            "name": "KH. Dardari Ahmad",
            "description": "",
            "profilePic": "",
            "sites": {},
            "communityID": "5415b86a-cc86-4d6d-b52b-0af2f5fe23c0"
        }
    ],
    "source": "https://id.wikipedia.org/wiki/Pemilihan_umum_Bupati_Lampung_Timur_2024",
    "path": "kabupaten-lampung-timur"
}