{
    "title": "Pemilihan umum Bupati Pulau Morotai 2024",
    "region": "Pulau Morotai",
    "level": "KABUPATEN",
    "candidates": [
        {
            "name": "Benny Laos",
            "description": "Benny Laos (lahir 8 Agustus 1972) adalah seorang politikus Indonesia yang menjabat sebagai Bupati Pulau Morotai periode 2017\u20132022.[1]\n",
            "profilePic": "https://upload.wikimedia.org/wikipedia/commons/a/ae/Benny_Laos%2C_2017.jpg",
            "sites": {
                "name": "Wikipedia",
                "url": "https://id.wikipedia.org/wiki/Benny_Laos"
            },
            "communityID": "033e1d0e-cfc6-4f7b-9c5b-50c37a26f78f"
        },
        {
            "name": "Rusli Sibua",
            "description": "",
            "profilePic": "",
            "sites": {},
            "communityID": "033e1d0e-cfc6-4f7b-9c5b-50c37a26f78f"
        },
        {
            "name": "Sahril Thahir",
            "description": "",
            "profilePic": "",
            "sites": {},
            "communityID": "033e1d0e-cfc6-4f7b-9c5b-50c37a26f78f"
        },
        {
            "name": "Asrun Padoma",
            "description": "Asrun Padoma (lahir 2 April 1975) adalah seorang politikus kelahiran Sakita. Dari 1992 sampai 1994, Ia bergabung dalam Ikatan Pelajar Muhammadiyah. Dari 1994 sampai 1998, ia bergabung dalam Ikatan Mahasiswa Muhammadiyah. Dari 1998 sampai 2010, ia bergabung dalam Pemuda Muhammadiyah. Pada 2016, ia diangkat menjadi Ketua Pimpinan Daerah Muhammadiyah.\n",
            "profilePic": "https://upload.wikimedia.org/wikipedia/commons/0/0f/Asrun_Podoma%2C_2017.jpg",
            "sites": {
                "name": "Wikipedia",
                "url": "https://id.wikipedia.org/wiki/Asrun_Padoma"
            },
            "communityID": "033e1d0e-cfc6-4f7b-9c5b-50c37a26f78f"
        },
        {
            "name": "Ali Sangaji",
            "description": "",
            "profilePic": "",
            "sites": {},
            "communityID": "033e1d0e-cfc6-4f7b-9c5b-50c37a26f78f"
        },
        {
            "name": "Fahri Haeruddi",
            "description": "",
            "profilePic": "",
            "sites": {},
            "communityID": "033e1d0e-cfc6-4f7b-9c5b-50c37a26f78f"
        },
        {
            "name": "Zainal Karim",
            "description": "",
            "profilePic": "",
            "sites": {},
            "communityID": "033e1d0e-cfc6-4f7b-9c5b-50c37a26f78f"
        },
        {
            "name": "Deny Garuda",
            "description": "",
            "profilePic": "",
            "sites": {},
            "communityID": "033e1d0e-cfc6-4f7b-9c5b-50c37a26f78f"
        },
        {
            "name": "MicBill Abdul Aziz",
            "description": "",
            "profilePic": "",
            "sites": {},
            "communityID": "033e1d0e-cfc6-4f7b-9c5b-50c37a26f78f"
        },
        {
            "name": "Richard Samatara",
            "description": "",
            "profilePic": "",
            "sites": {},
            "communityID": "033e1d0e-cfc6-4f7b-9c5b-50c37a26f78f"
        },
        {
            "name": "Feri Lewasiwal",
            "description": "",
            "profilePic": "",
            "sites": {},
            "communityID": "033e1d0e-cfc6-4f7b-9c5b-50c37a26f78f"
        },
        {
            "name": "F Revi Dara",
            "description": "",
            "profilePic": "",
            "sites": {},
            "communityID": "033e1d0e-cfc6-4f7b-9c5b-50c37a26f78f"
        },
        {
            "name": "Tony Laos",
            "description": "",
            "profilePic": "",
            "sites": {},
            "communityID": "033e1d0e-cfc6-4f7b-9c5b-50c37a26f78f"
        }
    ],
    "path": "kabupaten-pulau-morotai",
    "source": "https://id.wikipedia.org/wiki/Pemilihan_umum_Bupati_Pulau_Morotai_2024"
}