{
    "title": "Pemilihan umum Bupati Mesuji 2024",
    "region": "Mesuji",
    "level": "KABUPATEN",
    "candidates": [
        {
            "name": "Sulpakar",
            "description": "Sulpakar (lahir 5 Februari 1969) adalah seorang birokrat Indonesia kelahiran Bandar Dalam. Ia sempat menjabat sebagai Kepala Dinas Pendidikan dan Kebudayaan Provinsi Lampung. Pada 2022, ia diangkat menjadi pelaksana jabatan Bupati Mesuji.[1]\n",
            "profilePic": "https://upload.wikimedia.org/wikipedia/commons/2/21/Sulpakar.jpg",
            "sites": {
                "name": "Wikipedia",
                "url": "https://id.wikipedia.org/wiki/Sulpakar"
            },
            "communityID": "49725ba0-901a-4c22-a968-933a21c0e247"
        },
        {
            "name": "Syamsudin (pengusaha)",
            "description": "H. Syamsudin (1954-2012) adalah seorang pengusaha Indonesia yang banyak membangun hotel dan plaza di Sumatera Barat. Syamsudin yang merupakan orang Minang asal Pariaman ini, adalah pemilik PT. Sam Indo Perkasa. Melalui perusahaan tersebut, Syamsudin mengelola Rocky Plaza Hotel, Padang dan Hotel Grand Rocky, Bukittinggi.[1] Selain itu ia juga merupakan pemilik beberapa pusat perbelanjaan, seperti Plaza Andalas, dan Plaza Payakumbuh.[2]\n",
            "profilePic": "",
            "sites": {
                "name": "Wikipedia",
                "url": "https://id.wikipedia.org/wiki/Syamsudin"
            },
            "communityID": "49725ba0-901a-4c22-a968-933a21c0e247"
        },
        {
            "name": "Saply TH",
            "description": "",
            "profilePic": "",
            "sites": {},
            "communityID": "49725ba0-901a-4c22-a968-933a21c0e247"
        },
        {
            "name": "Haryati Cendralela",
            "description": "Haryati Cendralela (lahir 11 Oktober 1965) adalah seorang politikus Indonesia. Ia tergabung dalam Partai Golongan Karya (Golkar).[1] Ia menjabat sebagai Wakil Bupati Mesuji dari 5 Januari 2021 sampai 22 Mei 2022 mendampingi Saply TH selaku Bupati Mesuji.[2]\n",
            "profilePic": "https://upload.wikimedia.org/wikipedia/commons/4/41/KPU_Haryati_Cendralela.jpg",
            "sites": {
                "name": "Wikipedia",
                "url": "https://id.wikipedia.org/wiki/Haryati_Cendralela"
            },
            "communityID": "49725ba0-901a-4c22-a968-933a21c0e247"
        },
        {
            "name": "Elfianah Khamami",
            "description": "",
            "profilePic": "",
            "sites": {},
            "communityID": "49725ba0-901a-4c22-a968-933a21c0e247"
        },
        {
            "name": "Febrina Lesisie Tantina",
            "description": "",
            "profilePic": "",
            "sites": {},
            "communityID": "49725ba0-901a-4c22-a968-933a21c0e247"
        },
        {
            "name": "Yuliani Rahmi Safitri",
            "description": "",
            "profilePic": "",
            "sites": {},
            "communityID": "49725ba0-901a-4c22-a968-933a21c0e247"
        },
        {
            "name": "Ali Yasir",
            "description": "",
            "profilePic": "",
            "sites": {},
            "communityID": "49725ba0-901a-4c22-a968-933a21c0e247"
        },
        {
            "name": "Fuad Amrullah",
            "description": "",
            "profilePic": "",
            "sites": {},
            "communityID": "49725ba0-901a-4c22-a968-933a21c0e247"
        },
        {
            "name": "Tatak Rianto",
            "description": "",
            "profilePic": "",
            "sites": {},
            "communityID": "49725ba0-901a-4c22-a968-933a21c0e247"
        },
        {
            "name": "Budi Yuhanda",
            "description": "",
            "profilePic": "",
            "sites": {},
            "communityID": "49725ba0-901a-4c22-a968-933a21c0e247"
        },
        {
            "name": "Suprapto.",
            "description": "",
            "profilePic": "",
            "sites": {},
            "communityID": "49725ba0-901a-4c22-a968-933a21c0e247"
        },
        {
            "name": "KH Abdul Karim Mahfudz",
            "description": "",
            "profilePic": "",
            "sites": {},
            "communityID": "49725ba0-901a-4c22-a968-933a21c0e247"
        }
    ],
    "path": "kabupaten-mesuji",
    "source": "https://id.wikipedia.org/wiki/Pemilihan_umum_Bupati_Mesuji_2024"
}