{
    "title": "Pemilihan umum Bupati Tanah Laut 2024",
    "region": "Tanah Laut",
    "level": "KABUPATEN",
    "candidates": [
        {
            "name": "Sukamta",
            "description": "Drs. H. Sukamta (lahir di Kulon Progo 30 Juli 1963) adalah Bupati Tanah Laut yang menjabat saat ini untuk masa periode 2018\u20132023. Ia menjabat sebagai bupati Tanah Laut berpasangan dengan wakil bupati H Abdi Rahman .S.Pd. Sukamta adalah wakil bupati Tanah Laut yang menjabat pada periode sebelumnya yaitu pada 2013 - 2018 dengan bupati H. Bambang Alamsyah, S.T.\n",
            "profilePic": "https://upload.wikimedia.org/wikipedia/commons/thumb/a/a1/Sukamta_KPU.jpg/1200px-Sukamta_KPU.jpg",
            "sites": {
                "name": "Wikipedia",
                "url": "https://id.wikipedia.org/wiki/Sukamta"
            },
            "communityID": "42c6ef09-4a9c-4526-ba81-1d9bc9552a69"
        },
        {
            "name": "Abdi Rahman",
            "description": "Abdi Rahman (lahir 12 Agustus 1974) adalah seorang politikus Indonesia. Ia bekerja sebagai Quality Control PT. Jorong Barutama Grestone (JBG) sekaligus anggota DPRD dari 2004 sampai 2018.[1] Dari 19 September 2018, ia menjabat sebagai Wakil Bupati Tanah Laut mendampingi Sukamta selaku Bupati Tanah Laut.[2]\n",
            "profilePic": "https://upload.wikimedia.org/wikipedia/commons/8/83/KPU_Abdi_Rahman.jpg",
            "sites": {
                "name": "Wikipedia",
                "url": "https://id.wikipedia.org/wiki/Abdi_Rahman"
            },
            "communityID": "42c6ef09-4a9c-4526-ba81-1d9bc9552a69"
        },
        {
            "name": "Bambang Alamsyah",
            "description": "",
            "profilePic": "",
            "sites": {},
            "communityID": "42c6ef09-4a9c-4526-ba81-1d9bc9552a69"
        },
        {
            "name": "Mariana",
            "description": "Mariana dapat mengacu pada beberapa hal berikut:\n",
            "profilePic": "",
            "sites": {
                "name": "Wikipedia",
                "url": "https://id.wikipedia.org/wiki/Mariana"
            },
            "communityID": "42c6ef09-4a9c-4526-ba81-1d9bc9552a69"
        },
        {
            "name": "Imam Kanapi",
            "description": "",
            "profilePic": "",
            "sites": {},
            "communityID": "42c6ef09-4a9c-4526-ba81-1d9bc9552a69"
        },
        {
            "name": "Muslimin.",
            "description": "",
            "profilePic": "",
            "sites": {},
            "communityID": "42c6ef09-4a9c-4526-ba81-1d9bc9552a69"
        },
        {
            "name": "Rahimullah",
            "description": "",
            "profilePic": "",
            "sites": {},
            "communityID": "42c6ef09-4a9c-4526-ba81-1d9bc9552a69"
        },
        {
            "name": "Khairil Anwar.",
            "description": "",
            "profilePic": "",
            "sites": {},
            "communityID": "42c6ef09-4a9c-4526-ba81-1d9bc9552a69"
        },
        {
            "name": "Dahnial Kifli MAP",
            "description": "",
            "profilePic": "",
            "sites": {},
            "communityID": "42c6ef09-4a9c-4526-ba81-1d9bc9552a69"
        },
        {
            "name": "H Muhammad Noor/H. Nurdin",
            "description": "",
            "profilePic": "",
            "sites": {},
            "communityID": "42c6ef09-4a9c-4526-ba81-1d9bc9552a69"
        },
        {
            "name": "Endang Isnawangsih",
            "description": "",
            "profilePic": "",
            "sites": {},
            "communityID": "42c6ef09-4a9c-4526-ba81-1d9bc9552a69"
        },
        {
            "name": "Syahrian Nurdin",
            "description": "",
            "profilePic": "",
            "sites": {},
            "communityID": "42c6ef09-4a9c-4526-ba81-1d9bc9552a69"
        }
    ],
    "path": "kabupaten-tanah-laut",
    "source": "https://id.wikipedia.org/wiki/Pemilihan_umum_Bupati_Tanah_Laut_2024"
}