{
    "title": "Pemilihan umum Bupati Lombok Tengah 2024",
    "region": "Lombok Tengah",
    "level": "KABUPATEN",
    "candidates": [
        {
            "name": "Lalu Pathul Bahri",
            "description": "H. Lalu Pathul Bahri, S.I.P. (lahir 31 Desember 1969) adalah Bupati Lombok Tengah periode 2021\u20132024. Ia menjabat sejak 26 Februari 2021 setelah dilantik Gubernur Nusa Tenggara Barat, Zulkieflimansyah di Gedung Graha Bhakti Praja Kompleks Kantor Gubernur Nusa Tenggara Barat, Kota Mataram. Lalu Pathul Bahri sempat dilaporkan ke Polda NTB terkait penggunaan ijazah palsu Strata-1 perpindahan dari Universitas Nahdlatul Wathan ke Universitas 45 Matatam   [1]\n",
            "profilePic": "https://upload.wikimedia.org/wikipedia/commons/c/c5/Bupati_Lombok_Tengah_Lalu_Pathul_Bari.png",
            "sites": {
                "name": "Wikipedia",
                "url": "https://id.wikipedia.org/wiki/Lalu_Pathul_Bahri"
            },
            "communityID": "2f87fc08-07d4-4c50-af9d-a3fe47ae6144"
        },
        {
            "name": "Nursiah",
            "description": "Dr. H. Nursiah, S.Sos., M.Si. (lahir 31 Desember 1963) adalah Wakil Bupati Lombok Tengah periode 2021\u20132024. Ia menjabat sejak 26 Februari 2021 setelah dilantik Gubernur Nusa Tenggara Barat, Zulkieflimansyah di Gedung Graha Bhakti Praja Kompleks Kantor Gubernur Nusa Tenggara Barat, Kota Mataram.[1]\n",
            "profilePic": "https://upload.wikimedia.org/wikipedia/commons/1/13/Wakil_Bupati_Lombok_Tengah_M._Nursiah.png",
            "sites": {
                "name": "Wikipedia",
                "url": "https://id.wikipedia.org/wiki/Nursiah"
            },
            "communityID": "2f87fc08-07d4-4c50-af9d-a3fe47ae6144"
        },
        {
            "name": "Masrun",
            "description": "",
            "profilePic": "",
            "sites": {},
            "communityID": "2f87fc08-07d4-4c50-af9d-a3fe47ae6144"
        },
        {
            "name": "Ahmad Ziadi",
            "description": "",
            "profilePic": "",
            "sites": {},
            "communityID": "2f87fc08-07d4-4c50-af9d-a3fe47ae6144"
        },
        {
            "name": "M. Tauhid",
            "description": "",
            "profilePic": "",
            "sites": {},
            "communityID": "2f87fc08-07d4-4c50-af9d-a3fe47ae6144"
        },
        {
            "name": "M. Mayuki",
            "description": "",
            "profilePic": "",
            "sites": {},
            "communityID": "2f87fc08-07d4-4c50-af9d-a3fe47ae6144"
        },
        {
            "name": "Lalu Abdul Kadir",
            "description": "",
            "profilePic": "",
            "sites": {},
            "communityID": "2f87fc08-07d4-4c50-af9d-a3fe47ae6144"
        },
        {
            "name": "Lalu Satriawandi",
            "description": "",
            "profilePic": "",
            "sites": {},
            "communityID": "2f87fc08-07d4-4c50-af9d-a3fe47ae6144"
        },
        {
            "name": "M. Adung",
            "description": "",
            "profilePic": "",
            "sites": {},
            "communityID": "2f87fc08-07d4-4c50-af9d-a3fe47ae6144"
        },
        {
            "name": "Yek Agil",
            "description": "",
            "profilePic": "",
            "sites": {},
            "communityID": "2f87fc08-07d4-4c50-af9d-a3fe47ae6144"
        },
        {
            "name": "Muazzim Akbar",
            "description": "",
            "profilePic": "",
            "sites": {},
            "communityID": "2f87fc08-07d4-4c50-af9d-a3fe47ae6144"
        },
        {
            "name": "Humaidi",
            "description": "",
            "profilePic": "",
            "sites": {},
            "communityID": "2f87fc08-07d4-4c50-af9d-a3fe47ae6144"
        },
        {
            "name": "Lalu Suryade",
            "description": "Dr. Ir. Lalu Suryade, M.Si (lahir 21 April 1971) adalah seorang peneliti dan politikus Indonesia. Ia menjabat sebagai Anggota DPRD Jawa Barat periode (2009-2014) dari Fraksi Partai Keadilan Sejahtera.[1]\n",
            "profilePic": "",
            "sites": {
                "name": "Wikipedia",
                "url": "https://id.wikipedia.org/wiki/Lalu_Suryade"
            },
            "communityID": "2f87fc08-07d4-4c50-af9d-a3fe47ae6144"
        },
        {
            "name": "Ruslan Turmuzi",
            "description": "",
            "profilePic": "",
            "sites": {},
            "communityID": "2f87fc08-07d4-4c50-af9d-a3fe47ae6144"
        },
        {
            "name": "Lalu Pelita Putra",
            "description": "",
            "profilePic": "",
            "sites": {},
            "communityID": "2f87fc08-07d4-4c50-af9d-a3fe47ae6144"
        },
        {
            "name": "Lalu Rudy Irham Srigede",
            "description": "Brigadir Jenderal TNI (Purn.) Lalu Rudy Irham Srigede, S.T., M.Si. (lahir 29 Juni 1964) adalah seorang Purnawirawan TNI-AD yang terakhir menjabat sebagai Komandan Korem 162/Wira Bhakti.\n",
            "profilePic": "https://upload.wikimedia.org/wikipedia/commons/thumb/2/2f/KPU_Lalu_Rudy_Irham_Srigede.jpg/1200px-KPU_Lalu_Rudy_Irham_Srigede.jpg",
            "sites": {
                "name": "Wikipedia",
                "url": "https://id.wikipedia.org/wiki/Lalu_Rudy_Irham_Srigede"
            },
            "communityID": "2f87fc08-07d4-4c50-af9d-a3fe47ae6144"
        },
        {
            "name": "Muhammad Khairul Rizal",
            "description": "",
            "profilePic": "",
            "sites": {},
            "communityID": "2f87fc08-07d4-4c50-af9d-a3fe47ae6144"
        },
        {
            "name": "H. Ahmad Mustanir,MH",
            "description": "",
            "profilePic": "",
            "sites": {},
            "communityID": "2f87fc08-07d4-4c50-af9d-a3fe47ae6144"
        }
    ],
    "path": "kabupaten-lombok-tengah",
    "source": "https://id.wikipedia.org/wiki/Pemilihan_umum_Bupati_Lombok_Tengah_2024"
}