{
    "title": "Pemilihan umum Bupati Pangandaran 2024",
    "region": "Pangandaran",
    "level": "KABUPATEN",
    "candidates": [
        {
            "name": "Ida Nurlaela Wiradinata",
            "description": "",
            "profilePic": "",
            "sites": {},
            "communityID": "de4fafd8-c1d4-41ed-ac56-d5648ab404e0"
        },
        {
            "name": "Asep Noordin",
            "description": "",
            "profilePic": "",
            "sites": {},
            "communityID": "de4fafd8-c1d4-41ed-ac56-d5648ab404e0"
        },
        {
            "name": "Ujang Endin Indrawan",
            "description": "Ujang Endin Indrawan (lahir 24 Juni 1963) adalah seorang politikus Indonesia kelahiran Bandung. Ia tergabung dalam Partai Demokrasi Indonesia Perjuangan (PDIP). Ia sempat bertugas di Kabupaten Ciamis dan kemudian pindah ke Kota Banjar sebelum memasuki masa pensiun dari jabatan eselon II di Kabupaten Pangandaran. Ia menjabat sebagai Wakil Bupati Pangandaran dari 2021 sampai 2024 mendampingi Jeje Wiradinata selaku Bupati Pangandaran.[1]\n",
            "profilePic": "https://upload.wikimedia.org/wikipedia/id/c/cc/Pangandaran_-_Ujang_Ending_Indrawan.jpeg",
            "sites": {
                "name": "Wikipedia",
                "url": "https://id.wikipedia.org/wiki/Ujang_Endin_Indrawan"
            },
            "communityID": "de4fafd8-c1d4-41ed-ac56-d5648ab404e0"
        },
        {
            "name": "Ade Ruminah",
            "description": "",
            "profilePic": "",
            "sites": {},
            "communityID": "de4fafd8-c1d4-41ed-ac56-d5648ab404e0"
        },
        {
            "name": "Otang Tarlian",
            "description": "",
            "profilePic": "",
            "sites": {},
            "communityID": "de4fafd8-c1d4-41ed-ac56-d5648ab404e0"
        },
        {
            "name": "Ino Darsono",
            "description": "",
            "profilePic": "",
            "sites": {},
            "communityID": "de4fafd8-c1d4-41ed-ac56-d5648ab404e0"
        },
        {
            "name": "Wowo Kustiwa",
            "description": "",
            "profilePic": "",
            "sites": {},
            "communityID": "de4fafd8-c1d4-41ed-ac56-d5648ab404e0"
        },
        {
            "name": "Supratman",
            "description": "",
            "profilePic": "",
            "sites": {},
            "communityID": "de4fafd8-c1d4-41ed-ac56-d5648ab404e0"
        },
        {
            "name": "Kusdiana",
            "description": "",
            "profilePic": "",
            "sites": {},
            "communityID": "de4fafd8-c1d4-41ed-ac56-d5648ab404e0"
        },
        {
            "name": "Dadang Solihat",
            "description": "",
            "profilePic": "",
            "sites": {},
            "communityID": "de4fafd8-c1d4-41ed-ac56-d5648ab404e0"
        },
        {
            "name": "Arief Hikmawan",
            "description": "",
            "profilePic": "",
            "sites": {},
            "communityID": "de4fafd8-c1d4-41ed-ac56-d5648ab404e0"
        },
        {
            "name": "Endjang Naffandy",
            "description": "",
            "profilePic": "",
            "sites": {},
            "communityID": "de4fafd8-c1d4-41ed-ac56-d5648ab404e0"
        },
        {
            "name": "Shena Rizkantya",
            "description": "",
            "profilePic": "",
            "sites": {},
            "communityID": "de4fafd8-c1d4-41ed-ac56-d5648ab404e0"
        },
        {
            "name": "I",
            "description": "",
            "profilePic": "",
            "sites": {},
            "communityID": "de4fafd8-c1d4-41ed-ac56-d5648ab404e0"
        }
    ],
    "path": "kabupaten-pangandaran",
    "source": "https://id.wikipedia.org/wiki/Pemilihan_umum_Bupati_Pangandaran_2024"
}