{
    "title": "Pemilihan umum Bupati Sarolangun 2024",
    "region": "Sarolangun",
    "level": "KABUPATEN",
    "candidates": [
        {
            "name": "Hilallatil Badri",
            "description": "H. Hillalatil Badri (lahir 4 Desember 1969) adalah Wakil Bupati Sarolangun periode 2017\u20142022. Ia merupakan wakil dari Bupati, Cek Endra.[1][2][3]\n",
            "profilePic": "https://upload.wikimedia.org/wikipedia/commons/9/93/Wabup_Sarolangun_Hillalatil_Badri.jpg",
            "sites": {
                "name": "Wikipedia",
                "url": "https://id.wikipedia.org/wiki/Hilallatil_Badri"
            },
            "communityID": "e9922210-a330-481c-82a3-9c8aa725ea22"
        },
        {
            "name": "Edi Purwanto",
            "description": "Edi Purwanto, S.H.I., M.Si. (lahir 4 Juli 1980) adalah seorang politikus Indonesia. Ia merupakan ketua DPRD Provinsi Jambi periode 2019-2024.[1][2][3]\n",
            "profilePic": "https://upload.wikimedia.org/wikipedia/commons/0/0b/KPU_Edi_Purwanto.jpg",
            "sites": {
                "name": "Wikipedia",
                "url": "https://id.wikipedia.org/wiki/Edi_Purwanto"
            },
            "communityID": "e9922210-a330-481c-82a3-9c8aa725ea22"
        },
        {
            "name": "Tontawi Jauhari",
            "description": "",
            "profilePic": "",
            "sites": {},
            "communityID": "e9922210-a330-481c-82a3-9c8aa725ea22"
        },
        {
            "name": "Pahrul Rozi",
            "description": "",
            "profilePic": "",
            "sites": {},
            "communityID": "e9922210-a330-481c-82a3-9c8aa725ea22"
        },
        {
            "name": "M Fauzi",
            "description": "",
            "profilePic": "",
            "sites": {},
            "communityID": "e9922210-a330-481c-82a3-9c8aa725ea22"
        },
        {
            "name": "Cek Endra",
            "description": "Drs. H. Cek Endra (lahir 17 Maret 1958) adalah Bupati Sarolangun dua periode yang menjabat sejak 2010 hingga 2022. Sebelumnya, Ia pernah menjabat sebagai Wakil Bupati Sarolangun periode 2006\u20132010 mendampingi, Hasan Basri Agus.\n",
            "profilePic": "https://upload.wikimedia.org/wikipedia/commons/8/82/Cek_Endra.jpg",
            "sites": {
                "name": "Wikipedia",
                "url": "https://id.wikipedia.org/wiki/Cek_Endra"
            },
            "communityID": "e9922210-a330-481c-82a3-9c8aa725ea22"
        },
        {
            "name": "Hasan Basri Agus",
            "description": "Drs. H. Hasan Basri Agus, M.M. gelar Temenggung Putro Jayodiningrat[1] (lahir 30 Agustus 1953) adalah seorang birokrat dan politikus Indonesia.[2] Ia merupakan anggota DPR RI dari fraksi Partai Golkar periode 2019\u20132024 dapil Jambi.[3][4] Sebelumnya, pria yang akrab dipanggil HBA ini pernah menjabat sebagai Gubernur Jambi periode 2010\u20132015[5] dan Bupati Sarolangun periode 2006\u20132010.\n",
            "profilePic": "https://upload.wikimedia.org/wikipedia/commons/b/ba/Anggota_DPR_Hasan_Basri_Agus.jpg",
            "sites": {
                "name": "Wikipedia",
                "url": "https://id.wikipedia.org/wiki/Hasan_Basri_Agus"
            },
            "communityID": "e9922210-a330-481c-82a3-9c8aa725ea22"
        },
        {
            "name": "Hapis Hasbiallah",
            "description": "",
            "profilePic": "",
            "sites": {},
            "communityID": "e9922210-a330-481c-82a3-9c8aa725ea22"
        },
        {
            "name": "Aang Purnama",
            "description": "",
            "profilePic": "",
            "sites": {},
            "communityID": "e9922210-a330-481c-82a3-9c8aa725ea22"
        },
        {
            "name": "Muhammad Syaihu",
            "description": "",
            "profilePic": "",
            "sites": {},
            "communityID": "e9922210-a330-481c-82a3-9c8aa725ea22"
        },
        {
            "name": "Hurmin",
            "description": "",
            "profilePic": "",
            "sites": {},
            "communityID": "e9922210-a330-481c-82a3-9c8aa725ea22"
        },
        {
            "name": "Endang Abdul Naser",
            "description": "",
            "profilePic": "",
            "sites": {},
            "communityID": "e9922210-a330-481c-82a3-9c8aa725ea22"
        }
    ],
    "source": "https://id.wikipedia.org/wiki/Pemilihan_umum_Bupati_Sarolangun_2024",
    "path": "kabupaten-sarolangun"
}