{
    "title": "Pemilihan umum Bupati Ogan Komering Ulu 2024",
    "region": "Ogan Komering Ulu",
    "level": "KABUPATEN",
    "candidates": [
        {
            "name": "Marjito Bachri",
            "description": "",
            "profilePic": "",
            "sites": {},
            "communityID": "7b3eee86-c39e-4f1f-846a-b9b38d323e5f"
        },
        {
            "name": "Yoni Risdianto",
            "description": "",
            "profilePic": "",
            "sites": {},
            "communityID": "7b3eee86-c39e-4f1f-846a-b9b38d323e5f"
        },
        {
            "name": "Yudi Purna Nugraha",
            "description": "",
            "profilePic": "",
            "sites": {},
            "communityID": "7b3eee86-c39e-4f1f-846a-b9b38d323e5f"
        },
        {
            "name": "Yoelandre Pratama Putra",
            "description": "",
            "profilePic": "",
            "sites": {},
            "communityID": "7b3eee86-c39e-4f1f-846a-b9b38d323e5f"
        },
        {
            "name": "Achmad Tarmizi",
            "description": "Dr. (H.C.) Drs. Ir. H. Achmad Tarmizi, S.E., S.H., S.T., M.T., M.Si., M.H., M.Pd., Ph.D. (lahir di Palembang Sumatera Selatan) anak dari pasangan Bapak H. Ahluddin dan Ibu Hj. Siti Hijir Asia, adalah Sekretaris Daerah Ogan Komering Ulu sejak 27 Desember 2017 dan sekaligus pernah menjabat pelaksana harian Bupati Ogan Komering Ulu. Achmad Tarmizi juga Pecahkan Rekor MURI Pemilik Gelar Terbanyak, Sekda OKU Achmad Tarmizi Miliki 83 Gelar.[1] [butuh rujukan]\n",
            "profilePic": "https://upload.wikimedia.org/wikipedia/commons/e/eb/Pak_Achmad_Tarmizi_menjabat_PLH.jpg",
            "sites": {
                "name": "Wikipedia",
                "url": "https://id.wikipedia.org/wiki/Achmad_Tarmizi"
            },
            "communityID": "7b3eee86-c39e-4f1f-846a-b9b38d323e5f"
        },
        {
            "name": "Fathan Qoribi",
            "description": "",
            "profilePic": "",
            "sites": {},
            "communityID": "7b3eee86-c39e-4f1f-846a-b9b38d323e5f"
        },
        {
            "name": "Yenny Elita",
            "description": "",
            "profilePic": "",
            "sites": {},
            "communityID": "7b3eee86-c39e-4f1f-846a-b9b38d323e5f"
        },
        {
            "name": "Abusama",
            "description": "",
            "profilePic": "",
            "sites": {},
            "communityID": "7b3eee86-c39e-4f1f-846a-b9b38d323e5f"
        },
        {
            "name": "Tina Malinda",
            "description": "",
            "profilePic": "",
            "sites": {},
            "communityID": "7b3eee86-c39e-4f1f-846a-b9b38d323e5f"
        },
        {
            "name": "Samantha Tivani",
            "description": "",
            "profilePic": "",
            "sites": {},
            "communityID": "7b3eee86-c39e-4f1f-846a-b9b38d323e5f"
        },
        {
            "name": "Teddy Meilwansyah",
            "description": "H. Teddy Meilwansyah, S.STP, M.M, M.Pd (lahir 02 Mei 1977) adalah seorang birokrat Indonesia lulusan Institut Pemerintahan Dalam Negeri (IPDN) tahun 1999, yang sejak 09 Maret 2022 dipercayakan menjadi Pelaksana Harian Bupati Ogan Komering Ulu, dan kemudian resmi menjadi Penjabat Bupati Ogan Komering Ulu pada 23 Juni 2022.[1]\n",
            "profilePic": "https://upload.wikimedia.org/wikipedia/commons/9/9e/Pj_Bupati_OKU_Teddy_Meilwansyah.png",
            "sites": {
                "name": "Wikipedia",
                "url": "https://id.wikipedia.org/wiki/Teddy_Meilwansyah"
            },
            "communityID": "7b3eee86-c39e-4f1f-846a-b9b38d323e5f"
        }
    ],
    "path": "kabupaten-ogan-komering-ulu",
    "source": "https://id.wikipedia.org/wiki/Pemilihan_umum_Bupati_Ogan_Komering_Ulu_2024"
}