{
    "title": "Pemilihan umum Bupati Pesisir Selatan 2024",
    "region": "Pesisir Selatan",
    "level": "KABUPATEN",
    "candidates": [
        {
            "name": "Rudi Hariyansyah",
            "description": "apt. Rudi Hariyansyah, A.Md., S.Si. (lahir 2 Juli 1982) adalah politikus Partai Amanat Nasional dan apoteker yang menjabat sebagai Wakil Bupati Pesisir Selatan sejak 26 Februari 2021 hingga 3 November 2023.[1][2] Ia adalah wakil dari Bupati Rusma Yul Anwar, yang juga pendahulunya sebagai Wakil Bupati.\n",
            "profilePic": "https://upload.wikimedia.org/wikipedia/commons/thumb/9/93/Wakil_Bupati_Pesisir_Selatan_Rudi_Hariyansyah.jpg/1200px-Wakil_Bupati_Pesisir_Selatan_Rudi_Hariyansyah.jpg",
            "sites": {
                "name": "Wikipedia",
                "url": "https://id.wikipedia.org/wiki/Rudi_Hariyansyah"
            },
            "communityID": "47936af6-3d61-44b1-bfc2-600ef12bec3d"
        },
        {
            "name": "Hendrajoni",
            "description": "AKBP (Purn.) H. Hendrajoni, S.H., M.H., gelar Datuak Bando Basau[1] (lahir 8 November 1961)[2] adalah Bupati Pesisir Selatan periode 2016\u20142021. Ia merupakan purnawirawan Polri yang memiliki jabatan terakhir sebagai Kanit II Subdit V Bareskrim Narkoba Mabes Polri.\n",
            "profilePic": "https://upload.wikimedia.org/wikipedia/commons/f/ff/Hendrajoni.jpg",
            "sites": {
                "name": "Wikipedia",
                "url": "https://id.wikipedia.org/wiki/Hendrajoni"
            },
            "communityID": "47936af6-3d61-44b1-bfc2-600ef12bec3d"
        },
        {
            "name": "Hamdanus",
            "description": "Hamdanus, S.Fil.I., M.Si. (lahir 1 April 1980) adalah politikus Partai Keadilan Sejahtera (PKS) yang pernah menjabat Anggota DPRD Sumatera Barat (Sumbar) sejak 2019 hingga 2020 dari daerah pemilihan Sumbar VIII Pesisir Selatan\u2013Kepulauan Mentawai.[3] Ia pernah maju sebagai calon wakil bupati pada pemilihan umum Bupati Pesisir Selatan 2020 mendampingi bupati petahana Hendrajoni, tetapi tidak berhasil terpilih.\n",
            "profilePic": "https://upload.wikimedia.org/wikipedia/commons/3/3e/Anggota_DPRD_Sumatera_Barat_Hamdanus.jpg",
            "sites": {
                "name": "Wikipedia",
                "url": "https://id.wikipedia.org/wiki/Hamdanus"
            },
            "communityID": "47936af6-3d61-44b1-bfc2-600ef12bec3d"
        },
        {
            "name": "Muchlis Yusuf Abit",
            "description": "",
            "profilePic": "",
            "sites": {},
            "communityID": "47936af6-3d61-44b1-bfc2-600ef12bec3d"
        },
        {
            "name": "Ali Tanjung",
            "description": "",
            "profilePic": "",
            "sites": {},
            "communityID": "47936af6-3d61-44b1-bfc2-600ef12bec3d"
        },
        {
            "name": "Muhayatul",
            "description": "",
            "profilePic": "",
            "sites": {},
            "communityID": "47936af6-3d61-44b1-bfc2-600ef12bec3d"
        },
        {
            "name": "Risnaldi Ibrahim",
            "description": "",
            "profilePic": "",
            "sites": {},
            "communityID": "47936af6-3d61-44b1-bfc2-600ef12bec3d"
        },
        {
            "name": "Syaiful Ardi",
            "description": "",
            "profilePic": "",
            "sites": {},
            "communityID": "47936af6-3d61-44b1-bfc2-600ef12bec3d"
        },
        {
            "name": "Editiawarman",
            "description": "Drs. H. Editiawarman, M.Si (lahir 14 Maret 1967) adalah Wakil Bupati Pesisir Selatan periode 2010-2015. Ia adalah wakil dari Bupati Pesisir Selatan, Nasrul Abit.[1]\n",
            "profilePic": "https://upload.wikimedia.org/wikipedia/commons/5/54/Editiawarman_Pesisir_Selatan.jpg",
            "sites": {
                "name": "Wikipedia",
                "url": "https://id.wikipedia.org/wiki/Editiawarman"
            },
            "communityID": "47936af6-3d61-44b1-bfc2-600ef12bec3d"
        },
        {
            "name": "Afrizon Nazar Uncu",
            "description": "",
            "profilePic": "",
            "sites": {},
            "communityID": "47936af6-3d61-44b1-bfc2-600ef12bec3d"
        },
        {
            "name": "Saidal Masfiyuddin",
            "description": "",
            "profilePic": "",
            "sites": {},
            "communityID": "47936af6-3d61-44b1-bfc2-600ef12bec3d"
        },
        {
            "name": "Alirman Sori",
            "description": "Dr. H. Alirman Sori, S.H., M.Hum., M.M. (lahir 14 Mei 1969) adalah seorang politikus dan senator yang menjabat sebagai Anggota Dewan Perwakilan Daerah Republik Indonesia (DPD-RI) dari daerah pemilihan (dapil) Sumatera Barat untuk periode 2009-2014 dan 2019\u20132024.[1][2] Ia juga pernah menjabat sebagai Ketua Dewan Perwakilan Rakyat Daerah (DPRD) Kabupaten Pesisir Selatan, Sumatera Barat pada periode 2004-2009.\n",
            "profilePic": "https://upload.wikimedia.org/wikipedia/commons/5/59/Senator_Alirman_Sori.jpg",
            "sites": {
                "name": "Wikipedia",
                "url": "https://id.wikipedia.org/wiki/Alirman_Sori"
            },
            "communityID": "47936af6-3d61-44b1-bfc2-600ef12bec3d"
        },
        {
            "name": "Zulhendri Chaniago",
            "description": "Drs. Zulhendri Chaniago, MM (lahir 21 Januari 1965) adalah seorang politisi Indonesia dari Partai Hanura.[1] Ia menjabat sebagai Wakil Sekretaris Jenderal DPP Hanura. Sebelumnya, ia pernah duduk sebagai anggota dewan di DPR-RI periode 2004 - 2009, mewakili pemilihnya dari Sumatera Barat melalui Partai Bintang Reformasi (PBR). Oleh fraksinya, ia ditempatkan di Komisi II.[2]\n",
            "profilePic": "https://upload.wikimedia.org/wikipedia/commons/b/b1/KPU_Zulhendri_Chaniago.jpg",
            "sites": {
                "name": "Wikipedia",
                "url": "https://id.wikipedia.org/wiki/Zulhendri_Chaniago"
            },
            "communityID": "47936af6-3d61-44b1-bfc2-600ef12bec3d"
        },
        {
            "name": "Denis Saputra",
            "description": "",
            "profilePic": "",
            "sites": {},
            "communityID": "47936af6-3d61-44b1-bfc2-600ef12bec3d"
        },
        {
            "name": "Syafrizal Ucok",
            "description": "Drs. H. Syafrizal \"Ucok\", M.M. gelar Datuak Nan Batuah (lahir 22 Desember 1962) adalah politikus Partai Golongan Karya dan mantan birokrat Indonesia yang menjabat Staf Ahli Gubernur Sumatera Barat Bidang Ekonomi dan Keuangan sejak 2021 hingga pensiun pada 1 Januari 2023. Ia pernah menjabat Wakil Bupati Kabupaten Pesisir Selatan, Sumatera Barat periode 2005-2010. Ia adalah wakil Bupati Pesisir Selatan yang berpasangan dengan Bupati Nasrul Abit.[1]\n",
            "profilePic": "https://upload.wikimedia.org/wikipedia/commons/4/40/KPU_Syafrizal_Ucok_Datuak_Nan_Batuah.jpg",
            "sites": {
                "name": "Wikipedia",
                "url": "https://id.wikipedia.org/wiki/Syafrizal_Ucok"
            },
            "communityID": "47936af6-3d61-44b1-bfc2-600ef12bec3d"
        },
        {
            "name": "Bakri Bakar",
            "description": "",
            "profilePic": "",
            "sites": {},
            "communityID": "47936af6-3d61-44b1-bfc2-600ef12bec3d"
        },
        {
            "name": "Rudi Putra",
            "description": "Rudi Putra ialah ahli biologi berkebangsaan Indonesia yang pada tahun 2014, mendapatkan penghargaan dari Goldman Environmental Prize dalam usahanya memerangi pembalakan liar, perambahan hutan untuk produksi minyak sawit, dan kebijakan yang akan membuka petak-petak ekosistem yang terancam punah untuk pertambangan dan industri perkebunan.[1]\n",
            "profilePic": "https://upload.wikimedia.org/wikipedia/commons/thumb/0/0b/Location_map_Indonesia_Aceh.png/1200px-Location_map_Indonesia_Aceh.png",
            "sites": {
                "name": "Wikipedia",
                "url": "https://id.wikipedia.org/wiki/Rudi_Putra"
            },
            "communityID": "47936af6-3d61-44b1-bfc2-600ef12bec3d"
        }
    ],
    "path": "kabupaten-pesisir-selatan",
    "source": "https://id.wikipedia.org/wiki/Pemilihan_umum_Bupati_Pesisir_Selatan_2024"
}