{
    "title": "Pemilihan umum Bupati Aceh Jaya 2024",
    "region": "Aceh Jaya",
    "level": "KABUPATEN",
    "candidates": [
        {
            "name": "T Irfan TB",
            "description": "Drs. H. Teuku Irfan TB[1] (lahir 26 Juni 1968) adalah seorang politikus Indonesia yang pernah menjabat sebagai Bupati Aceh Jaya periode 2017\u20142022.\n",
            "profilePic": "https://upload.wikimedia.org/wikipedia/commons/3/35/Bupati_Aceh_Jaya_Teuku_Irfan_TB.jpg",
            "sites": {
                "name": "Wikipedia",
                "url": "https://id.wikipedia.org/wiki/T_Irfan_TB"
            },
            "communityID": "d7e69e13-cf00-4f10-98a1-b46b6e850e97"
        },
        {
            "name": "Zamzami A. Rani",
            "description": "Teungku H. Zamzami A. Rani,[1] lebih dikenal dengan nama Abu Tausi (lahir 12 April 1953) adalah tokoh pejuang GAM. Dia pernah menjabat sebagai Panglima Gerakan Aceh Merdeka wilayah Meureuhom Daya dan Wakil Bupati Aceh Jaya periode 2007\u20142012.\n",
            "profilePic": "",
            "sites": {
                "name": "Wikipedia",
                "url": "https://id.wikipedia.org/wiki/Zamzami_A._Rani"
            },
            "communityID": "d7e69e13-cf00-4f10-98a1-b46b6e850e97"
        },
        {
            "name": "Yusri Sofyan",
            "description": "Teungku Yusri Sofyan, lebih dikenal dengan nama Abu Yus (lahir 1 Juli 1961) adalah tokoh pejuang GAM. Dia pernah menjabat sebagai Wakil Gubernur GAM Wilayah Meureuhom Daya dan Wakil Bupati Aceh Jaya periode 2017\u20142022.[1]\n",
            "profilePic": "https://upload.wikimedia.org/wikipedia/commons/6/67/Wakil_Bupati_Aceh_Jaya_Teungku_Yusri_Sofyan.jpg",
            "sites": {
                "name": "Wikipedia",
                "url": "https://id.wikipedia.org/wiki/Yusri_Sofyan"
            },
            "communityID": "d7e69e13-cf00-4f10-98a1-b46b6e850e97"
        },
        {
            "name": "Asy'ari,S.E.M.Si",
            "description": "",
            "profilePic": "",
            "sites": {},
            "communityID": "d7e69e13-cf00-4f10-98a1-b46b6e850e97"
        },
        {
            "name": "Bachtiar Syarbaini",
            "description": "",
            "profilePic": "",
            "sites": {},
            "communityID": "d7e69e13-cf00-4f10-98a1-b46b6e850e97"
        }
    ],
    "path": "kabupaten-aceh-jaya",
    "source": "https://id.wikipedia.org/wiki/Pemilihan_umum_Bupati_Aceh_Jaya_2024"
}