{
    "title": "Pemilihan umum Bupati Karo 2024",
    "region": "Karo",
    "level": "KABUPATEN",
    "candidates": [
        {
            "name": "Kantor Staf Presiden Republik Indonesia",
            "description": "Kantor Staf Presiden Republik Indonesia adalah lembaga nonstruktural yang berada di bawah dan bertanggung jawab kepada Presiden, dan dipimpin oleh Kepala Staf Kepresidenan yang sejak 18 Januari 2018 resmi dijabat oleh Moeldoko. Kantor Staf Presiden sebelumnya bernama Unit Staf Kepresidenan yang dibentuk berdasarkan Peraturan Presiden Nomor 190 Tahun 2014 tentang Unit Kerja Kepresidenan namun dengan adanya perluasan fungsi Kepala Staf Kepresidenan, Unit Staf Kepresidenan berganti nama menjadi Kantor Staf Presiden. Dasar hukum pergantian nama tersebut tertuang dalam Peraturan Presiden Nomor 26 tahun 2015 tentang Kantor Staf Presiden yang disahkan Presiden pada tanggal 23 Februari 2015.[1][2]\n",
            "profilePic": "https://upload.wikimedia.org/wikipedia/commons/thumb/6/66/Kantor_Staf_Presiden.png/1200px-Kantor_Staf_Presiden.png",
            "sites": {
                "name": "Wikipedia",
                "url": "https://id.wikipedia.org/wiki/Kantor_Staf_Presiden_Republik_Indonesia"
            },
            "communityID": "daa07be5-f157-453b-bb4e-b165e4b28d02"
        },
        {
            "name": "Cory Sriwaty Sebayang",
            "description": "Cory Sriwaty Sebayang[1] (lahir 21 Maret 1952) adalah politikus yang menjabat Bupati Karo periode 2021\u20142026. Bersama wakilnya, Theopilus Ginting, mereka berhasil memenangkan pemilihan umum Bupati Karo 2020. Sebelumnya ia menjabat Wakil Bupati Karo periode 2016\u20142021.[2] Ia adalah wakil dari Bupati Karo, Terkelin Brahmana.\n",
            "profilePic": "https://upload.wikimedia.org/wikipedia/commons/3/33/Cory_Sriwaty_Sebayang_2021.png",
            "sites": {
                "name": "Wikipedia",
                "url": "https://id.wikipedia.org/wiki/Cory_Sriwaty_Sebayang"
            },
            "communityID": "daa07be5-f157-453b-bb4e-b165e4b28d02"
        },
        {
            "name": "Theopilus Ginting",
            "description": "Theopilus Ginting (lahir 26 Juni 1978) adalah Wakil Bupati Karo periode 2021\u20142024. Ia adalah wakil dari Bupati Karo, Cory Sriwaty Sebayang.[1]\n",
            "profilePic": "https://upload.wikimedia.org/wikipedia/commons/2/29/Theopilus_Ginting_2021.png",
            "sites": {
                "name": "Wikipedia",
                "url": "https://id.wikipedia.org/wiki/Theopilus_Ginting"
            },
            "communityID": "daa07be5-f157-453b-bb4e-b165e4b28d02"
        },
        {
            "name": "Pemilihan umum Bupati Karo 2020",
            "description": "Partai Gerakan Indonesia Raya\n",
            "profilePic": "https://upload.wikimedia.org/wikipedia/commons/thumb/5/59/Lokasi_Sumatra_Utara_Kabupaten_Karo.svg/1200px-Lokasi_Sumatra_Utara_Kabupaten_Karo.svg.png",
            "sites": {
                "name": "Wikipedia",
                "url": "https://id.wikipedia.org/wiki/Iwan_Sembiring_Depari"
            },
            "communityID": "daa07be5-f157-453b-bb4e-b165e4b28d02"
        },
        {
            "name": "Iriani Br. Tarigan",
            "description": "",
            "profilePic": "",
            "sites": {},
            "communityID": "daa07be5-f157-453b-bb4e-b165e4b28d02"
        },
        {
            "name": "Imanuel Sembiring",
            "description": "",
            "profilePic": "",
            "sites": {},
            "communityID": "daa07be5-f157-453b-bb4e-b165e4b28d02"
        },
        {
            "name": "Ingan Amin Barus",
            "description": "",
            "profilePic": "",
            "sites": {},
            "communityID": "daa07be5-f157-453b-bb4e-b165e4b28d02"
        },
        {
            "name": "Siti Aminah Perangin-angin",
            "description": "",
            "profilePic": "",
            "sites": {},
            "communityID": "daa07be5-f157-453b-bb4e-b165e4b28d02"
        },
        {
            "name": "Han Fernandes Sinulingga",
            "description": "",
            "profilePic": "",
            "sites": {},
            "communityID": "daa07be5-f157-453b-bb4e-b165e4b28d02"
        }
    ],
    "path": "kabupaten-karo",
    "source": "https://id.wikipedia.org/wiki/Pemilihan_umum_Bupati_Karo_2024"
}