{
    "title": "Pemilihan umum Bupati Tanah Datar 2024",
    "region": "Tanah Datar",
    "level": "KABUPATEN",
    "candidates": [
        {
            "name": "Eka Putra",
            "description": "Eka Putra, S.E., M.M. (lahir 11 Juli 1975) adalah pengusaha dan politikus Partai Demokrat yang menjabat Bupati Tanah Datar periode 2021-2024 sejak 26 Februari 2021 dan berasal dari Jorong Tanjuang Tangah, Nagari Tanjuang Bonai.[1] Didampingi oleh Richi Aprian sebagai wakil, mereka berhasil memenangkan Pemilihan umum Bupati Tanah Datar 2020. Sebelumnya, pada Pemilu 2019 Eka mencalonkan diri sebagai calon Anggota DPR RI untuk daerah pemilihan Sumatera Barat I, tetapi tidak berhasil terpilih. Ia adalah komisaris perusahaan di Makassar, Sulawesi Selatan.\n",
            "profilePic": "https://upload.wikimedia.org/wikipedia/commons/thumb/1/12/Eka_Putra_Bupati_Tanah_Datar.png/1200px-Eka_Putra_Bupati_Tanah_Datar.png",
            "sites": {
                "name": "Wikipedia",
                "url": "https://id.wikipedia.org/wiki/Eka_Putra"
            },
            "communityID": "18a2ab30-8882-48ae-bd48-11bd0df681cd"
        },
        {
            "name": "Richi Aprian",
            "description": "Richi Aprian, S.H., M.H. (lahir 7 April 1984) adalah pengusaha, pengacara, dan politikus Partai NasDem yang menjabat sebagai Wakil Bupati Tanah Datar periode 2021\u20132024. Ia menjabat sejak 26 Februari 2021 setelah dilantik Gubernur Sumatera Barat, Mahyeldi di Auditorium Gubernuran Sumatera Barat, Padang.[2]\n",
            "profilePic": "https://upload.wikimedia.org/wikipedia/commons/e/e6/Wakil_Bupati_Tanah_Datar_Richi_Aprian.jpg",
            "sites": {
                "name": "Wikipedia",
                "url": "https://id.wikipedia.org/wiki/Richi_Aprian"
            },
            "communityID": "18a2ab30-8882-48ae-bd48-11bd0df681cd"
        },
        {
            "name": "Hasan Basri Durin",
            "description": "Drs. Hasan Basri Durin gelar Datuak Rangkayo Mulia Nan Kuniang (15 Januari 1935\u00a0\u2013\u00a09 Juli 2016) adalah mantan politikus Indonesia. Ia pernah menjabat sebagai Wali Kota Jambi (1966 - 1968), Wali Kota Padang (1972 - 1983), Pembantu Gubernur wilayah II (1983 - 1987), Gubernur Sumatera Barat dua periode (1987 -1997), Ketua Fraksi MPR Utusan Daerah (FUD, MPR) tahun 1998 dan Menteri Negara Urusan Agraria/Kepala Badan Pertanahan Nasional (1998 - 1999).[1]\n",
            "profilePic": "https://upload.wikimedia.org/wikipedia/commons/b/b3/Hasan_Basri_Durin%2C_Kabinet_Reformasi_Pembangunan.jpg",
            "sites": {
                "name": "Wikipedia",
                "url": "https://id.wikipedia.org/wiki/Hasan_Basri_Durin"
            },
            "communityID": "18a2ab30-8882-48ae-bd48-11bd0df681cd"
        },
        {
            "name": "Zuldafri Darma",
            "description": "H. Zuldafri Darma, S.H. (lahir 4 September 1963) adalah Bupati Tanah Datar sisa masa jabatan 2020\u20142021 menggantikan Irdinansyah Tarmizi yang meninggal dunia pada 19 September 2020.[2][3][4]\n",
            "profilePic": "https://upload.wikimedia.org/wikipedia/commons/thumb/e/e1/KPU_Zuldafri_Darma.jpg/1200px-KPU_Zuldafri_Darma.jpg",
            "sites": {
                "name": "Wikipedia",
                "url": "https://id.wikipedia.org/wiki/Zuldafri_Darma"
            },
            "communityID": "18a2ab30-8882-48ae-bd48-11bd0df681cd"
        },
        {
            "name": "Betti Shadiq Pasadigoe",
            "description": "Betti Shadiq Pasadigoe, S.E., Ak., M.M. yang bernama asli Betti Zulfina (lahir 22 April 1961) adalah seorang politikus Indonesia yang pernah menjadi anggota DPR RI periode 2014\u20132019 dari Partai Golongan Karya (Golkar) melalui daerah pemilihan (dapil) Sumatera Barat I.[2][3] Ia adalah istri dari mantan Bupati Tanah Datar, M. Shadiq Pasadigoe. Ia pernah mencalonkan sebagai calon bupati Tanah Datar dalam pemilihan umum bupati 2020.\n",
            "profilePic": "https://upload.wikimedia.org/wikipedia/commons/7/79/Betti_Shadiq_Pasadigoe_2014.jpg",
            "sites": {
                "name": "Wikipedia",
                "url": "https://id.wikipedia.org/wiki/Betti_Shadiq_Pasadigoe"
            },
            "communityID": "18a2ab30-8882-48ae-bd48-11bd0df681cd"
        },
        {
            "name": "Hendra Irwan Rahim",
            "description": "Ir. H. Hendra Irwan Rahim, M.M[1] (lahir 9 Januari 1960) adalah politikus Partai Golongan Karya yang menjabat Anggota Dewan Perwakilan Rakyat Daerah (DPRD) Provinsi Sumatera Barat lima periode sejak 1997 hingga 2009 dan 2014 hingga sekarang. Ia pernah menjabat sebagai Ketua DPRD Sumatera Barat periode 2014\u20142019 dan juga sebagai Ketua DPD Partai Golkar Sumatera Barat (Sumbar).[2][3]\n",
            "profilePic": "https://upload.wikimedia.org/wikipedia/commons/thumb/4/45/Hendra_Irwan_Rahim.png/1200px-Hendra_Irwan_Rahim.png",
            "sites": {
                "name": "Wikipedia",
                "url": "https://id.wikipedia.org/wiki/Hendra_Irwan_Rahim"
            },
            "communityID": "18a2ab30-8882-48ae-bd48-11bd0df681cd"
        },
        {
            "name": "Arkadius. Dt. Intan Bano",
            "description": "",
            "profilePic": "",
            "sites": {},
            "communityID": "18a2ab30-8882-48ae-bd48-11bd0df681cd"
        },
        {
            "name": "Budiman Dt. Malano Garang",
            "description": "",
            "profilePic": "",
            "sites": {},
            "communityID": "18a2ab30-8882-48ae-bd48-11bd0df681cd"
        },
        {
            "name": "Bukhari Dt. Tuo",
            "description": "",
            "profilePic": "",
            "sites": {},
            "communityID": "18a2ab30-8882-48ae-bd48-11bd0df681cd"
        },
        {
            "name": "Suherman",
            "description": "",
            "profilePic": "",
            "sites": {},
            "communityID": "18a2ab30-8882-48ae-bd48-11bd0df681cd"
        },
        {
            "name": "Jefri Masrul",
            "description": "",
            "profilePic": "",
            "sites": {},
            "communityID": "18a2ab30-8882-48ae-bd48-11bd0df681cd"
        },
        {
            "name": "Cinta",
            "description": "\n\nJenis hubungan\nDuda\u00a0\u00b7 Istri\u00a0\u00b7 Janda\u00a0\u00b7 Keluarga\u00a0\u00b7 Kumpul kebo\u00a0\u00b7  Monogami\u00a0\u00b7 Nikah siri\u00a0\u00b7 Pacar lelaki\u00a0\u00b7 Pacar perempuan\u00a0\u00b7 Perkawinan\u00a0\u00b7 Poligami\u00a0\u00b7 Saudara\u00a0\u00b7 Sahabat\u00a0\u00b7 Selir\u00a0\u00b7 Suami\u00a0\u00b7 Wanita simpanan\n",
            "profilePic": "",
            "sites": {
                "name": "Wikipedia",
                "url": "https://id.wikipedia.org/wiki/Mesra"
            },
            "communityID": "18a2ab30-8882-48ae-bd48-11bd0df681cd"
        },
        {
            "name": "Yuherman",
            "description": "",
            "profilePic": "",
            "sites": {},
            "communityID": "18a2ab30-8882-48ae-bd48-11bd0df681cd"
        },
        {
            "name": "Aulizul Syuib",
            "description": "Drs. H. Aulizul Syuib, M.Si (lahir 23 Juli 1950) adalah birokrat dan politikus Indonesia yang pernah menjabat Wakil Bupati Tanah Datar periode 2005\u20132010 mendampingi M. Shadiq Pasadigoe.[1] Sebelum menjabat wakil bupati, ia menjabat Sekretaris Daerah Kota Padang Panjang.[2][3]\n",
            "profilePic": "https://upload.wikimedia.org/wikipedia/commons/b/b4/Camat_Padang_Panjang_Barat_Aulizul_Syuib.jpg",
            "sites": {
                "name": "Wikipedia",
                "url": "https://id.wikipedia.org/wiki/Aulizul_Syuib"
            },
            "communityID": "18a2ab30-8882-48ae-bd48-11bd0df681cd"
        },
        {
            "name": "Musliar Kasim",
            "description": "Prof. Dr. Ir. H. Musliar Kasim, M.S. (lahir 15 Mei 1959) adalah ahli pertanian, akademikus, dan birokrat Indonesia. Saat ini, ia menjabat Rektor Universitas Baiturrahmah dua periode sejak 2016. Ia pernah menjabat Wakil Menteri Pendidikan dan Kebudayaan Republik Indonesia bidang Pendidikan (2011\u20132014), Komisaris Utama PT Perkebunan Nusantara XII (PTPN XII) mulai 2014, Komisaris PT Perkebunan Nusantara VIII (PTPN VIII) (2012\u20132014), Inspektur Jenderal Kementerian Pendidikan dan Kebudayaan Republik Indonesia (2011), dan Rektor Universitas Andalas dua periode (2006\u20132011).\n",
            "profilePic": "https://upload.wikimedia.org/wikipedia/commons/thumb/d/da/Musliar_Kasim_2023_-_Denas.jpg/1200px-Musliar_Kasim_2023_-_Denas.jpg",
            "sites": {
                "name": "Wikipedia",
                "url": "https://id.wikipedia.org/wiki/Musliar_Kasim"
            },
            "communityID": "18a2ab30-8882-48ae-bd48-11bd0df681cd"
        }
    ],
    "path": "kabupaten-tanah-datar",
    "source": "https://id.wikipedia.org/wiki/Pemilihan_umum_Bupati_Tanah_Datar_2024"
}