{
    "title": "Pemilihan umum Bupati Ogan Komering Ulu Timur 2024",
    "region": "Ogan Komering Ulu Timur",
    "level": "KABUPATEN",
    "candidates": [
        {
            "name": "Lanosin Hamzah",
            "description": "Ir. H. Lanosin, S.T. (lahir 31 Mei 1978) adalah Bupati Ogan Komering Ulu Timur periode 2021\u20132024. Ia menjabat sejak 26 Februari 2021 setelah dilantik Gubernur Sumatera Selatan, Herman Deru yang juga kakak kandung Lanosin sendiri di Griya Agung, Palembang.[1]\n",
            "profilePic": "https://upload.wikimedia.org/wikipedia/commons/thumb/9/92/Ir._H._Lanosin%2C_S.T.jpg/1200px-Ir._H._Lanosin%2C_S.T.jpg",
            "sites": {
                "name": "Wikipedia",
                "url": "https://id.wikipedia.org/wiki/Lanosin_Hamzah"
            },
            "communityID": "ff5cbd8e-8ffd-4866-b104-965133af9ab9"
        },
        {
            "name": "Adi Nugraha Purna Yudha",
            "description": "",
            "profilePic": "",
            "sites": {},
            "communityID": "ff5cbd8e-8ffd-4866-b104-965133af9ab9"
        },
        {
            "name": "Fery Antoni",
            "description": "",
            "profilePic": "",
            "sites": {},
            "communityID": "ff5cbd8e-8ffd-4866-b104-965133af9ab9"
        },
        {
            "name": "Masrin Diana",
            "description": "",
            "profilePic": "",
            "sites": {},
            "communityID": "ff5cbd8e-8ffd-4866-b104-965133af9ab9"
        },
        {
            "name": "Hj. Juniah",
            "description": "",
            "profilePic": "",
            "sites": {},
            "communityID": "ff5cbd8e-8ffd-4866-b104-965133af9ab9"
        },
        {
            "name": "Hermanto.",
            "description": "",
            "profilePic": "",
            "sites": {},
            "communityID": "ff5cbd8e-8ffd-4866-b104-965133af9ab9"
        },
        {
            "name": "Beni Defitson",
            "description": "",
            "profilePic": "",
            "sites": {},
            "communityID": "ff5cbd8e-8ffd-4866-b104-965133af9ab9"
        },
        {
            "name": "Linda Wati Syaropi",
            "description": "",
            "profilePic": "",
            "sites": {},
            "communityID": "ff5cbd8e-8ffd-4866-b104-965133af9ab9"
        },
        {
            "name": "Azmi Shofix S.R.",
            "description": "",
            "profilePic": "",
            "sites": {},
            "communityID": "ff5cbd8e-8ffd-4866-b104-965133af9ab9"
        },
        {
            "name": "Syahruddin",
            "description": "",
            "profilePic": "",
            "sites": {},
            "communityID": "ff5cbd8e-8ffd-4866-b104-965133af9ab9"
        },
        {
            "name": "Nilawati",
            "description": "",
            "profilePic": "",
            "sites": {},
            "communityID": "ff5cbd8e-8ffd-4866-b104-965133af9ab9"
        },
        {
            "name": "Leo Budi Rachmadi",
            "description": "",
            "profilePic": "",
            "sites": {},
            "communityID": "ff5cbd8e-8ffd-4866-b104-965133af9ab9"
        },
        {
            "name": "Mirzan Iqbal",
            "description": "",
            "profilePic": "",
            "sites": {},
            "communityID": "ff5cbd8e-8ffd-4866-b104-965133af9ab9"
        }
    ],
    "path": "kabupaten-ogan-komering-ulu-timur",
    "source": "https://id.wikipedia.org/wiki/Pemilihan_umum_Bupati_Ogan_Komering_Ulu_Timur_2024"
}