{
    "title": "Pemilihan umum Bupati Pemalang 2024",
    "region": "Pemalang",
    "level": "KABUPATEN",
    "candidates": [
        {
            "name": "RM Nurhidayat Hanyokrokusumo",
            "description": "",
            "profilePic": "",
            "sites": {},
            "communityID": "03111a3e-1841-4cfc-975e-d0d6a51a6ec6"
        },
        {
            "name": "Mansur Hidayat",
            "description": "Mansur Hidayat, S.T. (lahir 30 Desember 1975) adalah Bupati Pemalang periode 2021-2024 yang terpilih berdasarkan Pemilihan Umum Bupati Pemalang 2020 bersama dengan Mukti Agung Wibowo yang diusung oleh PPP dan Gerindra. Saat ini beliau ditunjuk Gubernur Jawa Tengah, Ganjar Pranowo menjadi Plt. Bupati Pemalang menggantikan Mukti Agung Wibowo sebagai Bupati Pemalang yang terjaring dalam Operasi Tangkap Tangan (OTT) oleh KPK RI dengan dugaan penerimaan barang dan jasa tidak sah serta jual beli lelang jabatan di struktur lingkungan Pemerintahan Kabupaten Pemalang. Pada 9 Oktober 2023, Pj Gubernur Jawa Tengah Nana Sudjana melantik Pelaksana Tugas (Plt) Bupati Pemalang, untuk menjadi Bupati Pemalang menggantikan Mukti Agung Wibowo\n",
            "profilePic": "https://upload.wikimedia.org/wikipedia/commons/6/67/Mansur2.jpg",
            "sites": {
                "name": "Wikipedia",
                "url": "https://id.wikipedia.org/wiki/Mansur_Hidayat"
            },
            "communityID": "03111a3e-1841-4cfc-975e-d0d6a51a6ec6"
        },
        {
            "name": "Agus Sukoco",
            "description": "H. Agus Sukoco, S.I.P., M.Si. (lahir 20 Agustus 1959) adalah seorang politisi Indonesia yang merupakan politisi senior Partai Demokrasi Indonesia Perjuangan yang menjabat sebagai Ketua Dewan Perwakilan Rakyat Daerah Kabupaten Pemalang 3 periode yakni 2013\u20142014, 2014\u20142019 dan 2019\u20142020.[1] Agus merupakan anggota DPRD Pemalang mewakili daerah pemilihan Pemalang 1 yang meliputi Kecamatan Pemalang.\n",
            "profilePic": "https://upload.wikimedia.org/wikipedia/commons/thumb/3/37/KPU_Agus_Sukoco.jpg/1200px-KPU_Agus_Sukoco.jpg",
            "sites": {
                "name": "Wikipedia",
                "url": "https://id.wikipedia.org/wiki/Agus_Sukoco"
            },
            "communityID": "03111a3e-1841-4cfc-975e-d0d6a51a6ec6"
        },
        {
            "name": "Iskandar Ali Syahbana",
            "description": "",
            "profilePic": "",
            "sites": {},
            "communityID": "03111a3e-1841-4cfc-975e-d0d6a51a6ec6"
        },
        {
            "name": "Eko Priyono",
            "description": "",
            "profilePic": "",
            "sites": {},
            "communityID": "03111a3e-1841-4cfc-975e-d0d6a51a6ec6"
        },
        {
            "name": "Lukman Khakim",
            "description": "",
            "profilePic": "",
            "sites": {},
            "communityID": "03111a3e-1841-4cfc-975e-d0d6a51a6ec6"
        },
        {
            "name": "Sikma Rejik Martino",
            "description": "",
            "profilePic": "",
            "sites": {},
            "communityID": "03111a3e-1841-4cfc-975e-d0d6a51a6ec6"
        },
        {
            "name": "Syamsalis",
            "description": "",
            "profilePic": "",
            "sites": {},
            "communityID": "03111a3e-1841-4cfc-975e-d0d6a51a6ec6"
        },
        {
            "name": "Irna Setiawati",
            "description": "",
            "profilePic": "",
            "sites": {},
            "communityID": "03111a3e-1841-4cfc-975e-d0d6a51a6ec6"
        },
        {
            "name": "Ajeng Triyani",
            "description": "",
            "profilePic": "",
            "sites": {},
            "communityID": "03111a3e-1841-4cfc-975e-d0d6a51a6ec6"
        },
        {
            "name": "M. Rois Faisal M.S",
            "description": "",
            "profilePic": "",
            "sites": {},
            "communityID": "03111a3e-1841-4cfc-975e-d0d6a51a6ec6"
        },
        {
            "name": "Herry Setiawan",
            "description": "",
            "profilePic": "",
            "sites": {},
            "communityID": "03111a3e-1841-4cfc-975e-d0d6a51a6ec6"
        },
        {
            "name": "Fahmi Hakim",
            "description": "",
            "profilePic": "",
            "sites": {},
            "communityID": "03111a3e-1841-4cfc-975e-d0d6a51a6ec6"
        },
        {
            "name": "Khalawi Abdul Hamid",
            "description": "Dr. Ir. H. Khalawi Abdul Hamid, MSC. MM.(lahir 22 Desember 1963) Adalah menjabat Kepala Badan Pengembangan Sumber Daya Manusia , Kementerian Pekerjaan Umum Dan Perumahan Rakyat dari akhir Tahun 2021 hingga sekarang, sebelumnya beliau merupakan Direktur Jenderal Penyediaan Perumahan yang mempunyai masa jabatan dari tahun 2017 hingga tahun 2021.\n",
            "profilePic": "",
            "sites": {
                "name": "Wikipedia",
                "url": "https://id.wikipedia.org/wiki/Khalawi_Abdul_Hamid"
            },
            "communityID": "03111a3e-1841-4cfc-975e-d0d6a51a6ec6"
        }
    ],
    "source": "https://id.wikipedia.org/wiki/Pemilihan_umum_Bupati_Pemalang_2024",
    "path": "kabupaten-pemalang"
}