{
    "title": "Pemilihan umum Bupati Blora 2024",
    "region": "Blora",
    "level": "KABUPATEN",
    "candidates": [
        {
            "name": "Arief Rohman",
            "description": "H. Arief Rohman, S.IP., M.Si. (lahir 8 Maret 1980) adalah seorang politikus yang saat ini menjabat sebagai Bupati Blora pada periode 2021-2026, dan mengusung visi \"Sesarengan mBangun Blora Berkelanjutan\". Sebelumnya, ia adalah Wakil Bupati Blora periode 2016-2021.\n",
            "profilePic": "https://upload.wikimedia.org/wikipedia/commons/b/bb/Bupati_Blora_Arief_Rohman.jpg",
            "sites": {
                "name": "Wikipedia",
                "url": "https://id.wikipedia.org/wiki/Arief_Rohman"
            },
            "communityID": "1e999b6d-24d9-4191-beb6-d769cdba06e3"
        },
        {
            "name": "Tri Yuli Setyowati",
            "description": "Tri Yuli Setyowati, S.T., M.M. (lahir 19 Juli 1976) adalah Wakil Bupati Blora. Ia terpilih sebagai Wakil Bupati Blora mendampingi  Bupati Arief Rohman pada Pilkada Blora tahun 2020 dimana pasangan ini memperoleh 318.380 suara atau 59,71 persen suara.\n",
            "profilePic": "https://upload.wikimedia.org/wikipedia/commons/f/f9/Wakil_Bupati_Blora_Tri_Yuli_Setyowati.jpg",
            "sites": {
                "name": "Wikipedia",
                "url": "https://id.wikipedia.org/wiki/Tri_Yuli_Setyowati"
            },
            "communityID": "1e999b6d-24d9-4191-beb6-d769cdba06e3"
        },
        {
            "name": "Prayogo Nugroho",
            "description": "Prayogo Nugroho (lahir 27 Juli 1992)[1] adalah seorang politikus Indonesia kelahiran Balikpapan.[2] Ia adalah putra dari Djoko Nugroho, Bupati Blora periode 2010-2015 dan 2016-2021.[3] Ia merupakan anggota legislatif dari Partai Nasdem dapil V, yang meliputi Blora dan Grobogan.[1]\n",
            "profilePic": "https://upload.wikimedia.org/wikipedia/commons/6/69/Anggota_DPRD_Jawa_Tengah_Prayogo_Nugroho.jpg",
            "sites": {
                "name": "Wikipedia",
                "url": "https://id.wikipedia.org/wiki/Prayogo_Nugroho"
            },
            "communityID": "1e999b6d-24d9-4191-beb6-d769cdba06e3"
        },
        {
            "name": "Mustopa",
            "description": "",
            "profilePic": "",
            "sites": {},
            "communityID": "1e999b6d-24d9-4191-beb6-d769cdba06e3"
        },
        {
            "name": "Siswanto",
            "description": "\n",
            "profilePic": "",
            "sites": {
                "name": "Wikipedia",
                "url": "https://id.wikipedia.org/wiki/Siswanto"
            },
            "communityID": "1e999b6d-24d9-4191-beb6-d769cdba06e3"
        },
        {
            "name": "Oegroseno",
            "description": "Komjen. Pol. (Purn.) Drs. Oegroseno, S.H. (lahir 17 Februari 1956) adalah seorang Purnawirawan perwira tinggi Polri yang terakhir menjabat sebagai Wakil Kepala Kepolisian Republik Indonesia.[1]\n",
            "profilePic": "https://upload.wikimedia.org/wikipedia/commons/5/5e/KPU_Oegroseno.jpg",
            "sites": {
                "name": "Wikipedia",
                "url": "https://id.wikipedia.org/wiki/Oegroseno"
            },
            "communityID": "1e999b6d-24d9-4191-beb6-d769cdba06e3"
        },
        {
            "name": "Santoso Budi Susetyo",
            "description": "",
            "profilePic": "",
            "sites": {},
            "communityID": "1e999b6d-24d9-4191-beb6-d769cdba06e3"
        },
        {
            "name": "Ir. Ihwan Sudrajat",
            "description": "",
            "profilePic": "",
            "sites": {},
            "communityID": "1e999b6d-24d9-4191-beb6-d769cdba06e3"
        },
        {
            "name": "Bambang Sadono",
            "description": "Dr.H. Bambang Sadono, S.H., M.H. (lahir 30 Januari 1957) adalah mantan politisi Partai Golongan Karya yang menjadi Ketua Kelompok DPD di MPR periode 2014 - 2019. Sebelumnya, Bambang adalah wakil ketua DPRD provinsi Jawa Tengah untuk periode 2009-2014. Bambang juga dikenal sebagai jurnalis yang pernah memimpin harian umum Suara Merdeka (Semarang) dan Suara Karya (Jakarta). Di kancah kesenian, dia adalah penulis aktif yang melahirkan banyak karya sastra, dan pernah mengemban sebagai ketua Dewan Kesenian Jawa Tengah.[1][2][3][4][5]\n",
            "profilePic": "https://upload.wikimedia.org/wikipedia/commons/thumb/d/d6/KPU_Bambang_Sadono.jpg/1200px-KPU_Bambang_Sadono.jpg",
            "sites": {
                "name": "Wikipedia",
                "url": "https://id.wikipedia.org/wiki/Bambang_Sadono"
            },
            "communityID": "1e999b6d-24d9-4191-beb6-d769cdba06e3"
        },
        {
            "name": "H.Santoso",
            "description": "",
            "profilePic": "",
            "sites": {},
            "communityID": "1e999b6d-24d9-4191-beb6-d769cdba06e3"
        }
    ],
    "source": "https://id.wikipedia.org/wiki/Pemilihan_umum_Bupati_Blora_2024",
    "path": "kabupaten-blora"
}