{
    "title": "Pemilihan umum Bupati Kampar 2024",
    "region": "Kampar",
    "level": "KABUPATEN",
    "candidates": [
        {
            "name": "Edwin Pratama Putra",
            "description": "Edwin Pratama Putra, S.H., (lahir 9 Juni 1989) adalah anggota DPD/MPR RI terpilih dari Provinsi Riau periode 2019-2024 dengan perolehan 263.603 suara. Ketika resmi dilantik, ia berusia 30 tahun, sehingga menjadikannya sebagai salah satu senator termuda[1] di Indonesia. Edwin Pratama Putra merupakan cucu dari Datuk Tabano,[2] pahlawan kemerdekaan Indonesia dari Kampar, Riau.\n",
            "profilePic": "https://upload.wikimedia.org/wikipedia/commons/thumb/6/6e/KPU_Edwin_Pratama_Putra.jpg/1200px-KPU_Edwin_Pratama_Putra.jpg",
            "sites": {
                "name": "Wikipedia",
                "url": "https://id.wikipedia.org/wiki/Edwin_Pratama_Putra"
            },
            "communityID": "0ee72536-4da7-49bf-908c-08dde6c0f827"
        },
        {
            "name": "Repol",
            "description": "",
            "profilePic": "",
            "sites": {},
            "communityID": "0ee72536-4da7-49bf-908c-08dde6c0f827"
        },
        {
            "name": "Muhammad Firdaus",
            "description": "",
            "profilePic": "",
            "sites": {},
            "communityID": "0ee72536-4da7-49bf-908c-08dde6c0f827"
        },
        {
            "name": "Dasril Affandi",
            "description": "",
            "profilePic": "",
            "sites": {},
            "communityID": "0ee72536-4da7-49bf-908c-08dde6c0f827"
        },
        {
            "name": "Catur Sugeng Susanto",
            "description": "Catur Sugeng Susanto, S.H.,M.H merupakan Bupati Kampar periode 2019-2022. Sebelumnya, ia sempat menjabat sebagai Wakil Bupati Kampar periode 2017-2019 mendampingi Azis Zaenal. Berbagai prestasi berhasil diraih catur dalam pembangunan Kampar meskipun di tengah pandemi Covid-19. Pria kelahiran 5 September 1971 tersebut, kini menjabat sebagai Ketua DPC Partai Gerindra Kabupaten Kampar, Riau.\n",
            "profilePic": "https://upload.wikimedia.org/wikipedia/commons/d/d8/KPU_Catur_Sugeng_Susanto.jpg",
            "sites": {
                "name": "Wikipedia",
                "url": "https://id.wikipedia.org/wiki/Catur_Sugeng_Susanto"
            },
            "communityID": "0ee72536-4da7-49bf-908c-08dde6c0f827"
        },
        {
            "name": "Afrizal Hidayat",
            "description": "",
            "profilePic": "",
            "sites": {},
            "communityID": "0ee72536-4da7-49bf-908c-08dde6c0f827"
        },
        {
            "name": "Yuyun Hidayat",
            "description": "",
            "profilePic": "",
            "sites": {},
            "communityID": "0ee72536-4da7-49bf-908c-08dde6c0f827"
        },
        {
            "name": "Muhammad Faisal.",
            "description": "",
            "profilePic": "",
            "sites": {},
            "communityID": "0ee72536-4da7-49bf-908c-08dde6c0f827"
        },
        {
            "name": "Fahmil",
            "description": "",
            "profilePic": "",
            "sites": {},
            "communityID": "0ee72536-4da7-49bf-908c-08dde6c0f827"
        },
        {
            "name": "Rahmat Jevary Juniardo",
            "description": "",
            "profilePic": "",
            "sites": {},
            "communityID": "0ee72536-4da7-49bf-908c-08dde6c0f827"
        },
        {
            "name": "Nurzafri",
            "description": "",
            "profilePic": "",
            "sites": {},
            "communityID": "0ee72536-4da7-49bf-908c-08dde6c0f827"
        },
        {
            "name": "Ardiansyah",
            "description": "",
            "profilePic": "",
            "sites": {},
            "communityID": "0ee72536-4da7-49bf-908c-08dde6c0f827"
        },
        {
            "name": "Zulher",
            "description": "",
            "profilePic": "",
            "sites": {},
            "communityID": "0ee72536-4da7-49bf-908c-08dde6c0f827"
        },
        {
            "name": "Syahrul Aidi Maazat",
            "description": "Syahrul Aidi Maazat (lahir 21 September 1977) adalah politisi Partai Keadilan Sejahtera (PKS), yang juga Anggota Dewan Perwakilan Rakyat Republik Indonesia periode 2019\u20142024 dari daerah pemilihan Riau II yang meliputi Indragiri Hulu, Indragiri Hilir, Kampar, Kuantan Singingi, dan Pelalawan. Sebelumnya Ia merupakan anggota Dewan Perwakilan Rakyat Daerah Kabupaten Kampar periode 2009-2019.\n",
            "profilePic": "https://upload.wikimedia.org/wikipedia/commons/9/92/Anggota_DPR_RI_Syahrul_Aidi_Maazat.jpg",
            "sites": {
                "name": "Wikipedia",
                "url": "https://id.wikipedia.org/wiki/Syahrul_Aidi_Maazat"
            },
            "communityID": "0ee72536-4da7-49bf-908c-08dde6c0f827"
        },
        {
            "name": "Masnur",
            "description": "",
            "profilePic": "",
            "sites": {},
            "communityID": "0ee72536-4da7-49bf-908c-08dde6c0f827"
        },
        {
            "name": "Hasrul",
            "description": "",
            "profilePic": "",
            "sites": {},
            "communityID": "0ee72536-4da7-49bf-908c-08dde6c0f827"
        },
        {
            "name": "Tamaruddin",
            "description": "",
            "profilePic": "",
            "sites": {},
            "communityID": "0ee72536-4da7-49bf-908c-08dde6c0f827"
        },
        {
            "name": "Teguh Sahono",
            "description": "",
            "profilePic": "",
            "sites": {},
            "communityID": "0ee72536-4da7-49bf-908c-08dde6c0f827"
        }
    ],
    "path": "kabupaten-kampar",
    "source": "https://id.wikipedia.org/wiki/Pemilihan_umum_Bupati_Kampar_2024"
}