{
    "title": "Pemilihan umum Wali Kota Solok 2024",
    "region": "Solok",
    "level": "KOTA",
    "candidates": [
        {
            "name": "Audy Joinaldy",
            "description": "Dr. Ir. Audy Joinaldy, S.Pt., M.Sc., M.M., IPM, ASEAN.Eng. gelar Datuak Rajo Pasisia Alam (lahir 16 Mei 1983) adalah  pengusaha dan politikus Indonesia yang menjabat Wakil Gubernur Sumatera Barat periode 2021\u20132024 bersama Gubernur Mahyeldi Ansharullah. Semasa pemilihan umum 2020, ia dicalonkan oleh Partai Persatuan Pembangunan.[1] Selain itu, ia merupakan pimpinan dua perusahaan di Sulawesi yakni Perkasa Group yang bergerak di bidang peternakan dan Lintas Agro Group yang bergerak di bidang pertanian.[2]\n",
            "profilePic": "https://upload.wikimedia.org/wikipedia/commons/thumb/6/62/Wakil_Gubernur_Sumatera_Barat_Audy_Joinaldy.jpg/1200px-Wakil_Gubernur_Sumatera_Barat_Audy_Joinaldy.jpg",
            "sites": {
                "name": "Wikipedia",
                "url": "https://id.wikipedia.org/wiki/Audy_Joinaldy"
            },
            "communityID": "059b2138-75be-4dcc-ad19-74f99245f224"
        },
        {
            "name": "Ramadhani Kirana Putra",
            "description": "Dr. H. Ramadhani Kirana Putra, S.E., M.M. gelar Datuak Nan Batungkek Ameh (lahir 8 Juli 1987) adalah politikus dan pengusaha Indonesia. Ia menjabat sebagai Wakil Wali Kota Solok periode 2021\u20142024.[2] Ia adalah wakil dari Wali Kota Solok, Zul Elfian yang dilantik oleh Gubernur Sumbar Mahyeldi Ansharullah di Auditorium Gubernuran, Jumat (26/2/2021). Ramadhani itu diusung oleh tiga partai yaitu PAN, PKS, dan NasDem. \n",
            "profilePic": "https://upload.wikimedia.org/wikipedia/commons/thumb/2/28/Ramadhani_Kirana_Putra_Wakil_Wali_Kota_Solok.jpg/1200px-Ramadhani_Kirana_Putra_Wakil_Wali_Kota_Solok.jpg",
            "sites": {
                "name": "Wikipedia",
                "url": "https://id.wikipedia.org/wiki/Ramadhani_Kirana_Putra"
            },
            "communityID": "059b2138-75be-4dcc-ad19-74f99245f224"
        },
        {
            "name": "Irzal Ilyas",
            "description": "H. Irzal Ilyas, M.M. gelar Datuak Lawik Basa (lahir 4 Januari 1959) adalah politikus Indonesia yang menjabat Anggota DPRD Sumatera Barat Fraksi Demokrat periode 2019\u20142024 dan Wali Kota Solok periode 2010\u20142015.[1] Berpasangan dengan H. Zul Elfian sebagai wakil wali kota, mereka berhasil memenangkan pilkada Kota Solok tahun 2010.[2]\n",
            "profilePic": "https://upload.wikimedia.org/wikipedia/commons/d/d3/Anggota_DPRD_Sumatera_Barat_Irzal_Ilyas_Dt._Lawik_Basa.jpg",
            "sites": {
                "name": "Wikipedia",
                "url": "https://id.wikipedia.org/wiki/Irzal_Ilyas"
            },
            "communityID": "059b2138-75be-4dcc-ad19-74f99245f224"
        },
        {
            "name": "Reinier",
            "description": "Reinier Dt. Intan Batuah, S.T., M.M. (lahir 24 Juni 1964) adalah Wakil Wali Kota Solok periode 2016\u20132021.[1] Ia adalah wakil dari Wali Kota Solok, Zul Elfian. Reinier juga merupakan paman/om dari aktris Zaskia Sungkar dan Shireen Sungkar\n",
            "profilePic": "https://upload.wikimedia.org/wikipedia/commons/3/31/KPU_Reinier_Dt._Intan_Batuah.jpg",
            "sites": {
                "name": "Wikipedia",
                "url": "https://id.wikipedia.org/wiki/Reinier"
            },
            "communityID": "059b2138-75be-4dcc-ad19-74f99245f224"
        },
        {
            "name": "Yutris Can",
            "description": "",
            "profilePic": "",
            "sites": {},
            "communityID": "059b2138-75be-4dcc-ad19-74f99245f224"
        },
        {
            "name": "Ilzan Sumarta",
            "description": "",
            "profilePic": "",
            "sites": {},
            "communityID": "059b2138-75be-4dcc-ad19-74f99245f224"
        },
        {
            "name": "Alfauzi Bote",
            "description": "",
            "profilePic": "",
            "sites": {},
            "communityID": "059b2138-75be-4dcc-ad19-74f99245f224"
        },
        {
            "name": "Risman Siranggi",
            "description": "",
            "profilePic": "",
            "sites": {},
            "communityID": "059b2138-75be-4dcc-ad19-74f99245f224"
        }
    ],
    "path": "kota-solok",
    "source": "https://id.wikipedia.org/wiki/Pemilihan_umum_Wali_Kota_Solok_2024"
}