{
    "title": "Pemilihan umum Wali Kota Tangjungbalai 2024",
    "region": "Tangjungbalai",
    "level": "KOTA",
    "candidates": [
        {
            "name": "Waris Thalib",
            "description": "Dr. H. Waris Thalib, S.Ag., M.M. (lahir 5 Juni 1971) adalah Wali Kota Tanjungbalai yang menjabat sejak 22 Agustus 2022. Sebelumnya, Ia menjabat sebagai Wakil Wali Kota Tanjungbalai selama 3 bulan, kemudian menjabat sebagai Pelaksana Tugas (Plt.) Wali Kota Tanjungbalai untuk menggantikan M Syahrial yang ditahan KPK.[1] Dan sampai saat ini, belum ada yang mengisi kekosongan kursi Wakil Wali Kota  Tanjungbalai tersebut.\n",
            "profilePic": "https://upload.wikimedia.org/wikipedia/id/a/a5/Walkotwaris2024.jpeg",
            "sites": {
                "name": "Wikipedia",
                "url": "https://id.wikipedia.org/wiki/Waris_Thalib"
            },
            "communityID": "dc952aac-e753-48ef-bc68-50af73237a86"
        },
        {
            "name": "Mahyaruddin Salim",
            "description": "",
            "profilePic": "",
            "sites": {},
            "communityID": "dc952aac-e753-48ef-bc68-50af73237a86"
        },
        {
            "name": "Pemilihan Umum Wali Kota Tanjungbalai 2020",
            "description": "Ismail\nIndependen\n",
            "profilePic": "https://upload.wikimedia.org/wikipedia/commons/2/24/Wakil_Wali_Kota_Tanjungbalai_Ismail.png",
            "sites": {
                "name": "Wikipedia",
                "url": "https://id.wikipedia.org/wiki/Pemilihan_Umum_Wali_Kota_Tanjungbalai_2020"
            },
            "communityID": "dc952aac-e753-48ef-bc68-50af73237a86"
        },
        {
            "name": "Rolel Harahap",
            "description": "Rolel Harahap (lahir 7 Mei 1966) adalah Wakil Wali Kota Tanjungbalai yang menjabat pada periode 2011-2016. Ia dilantik pada 7 Februari 2011 bersama dengan Drs. H. Thamrin Munthe, M.Hum setelah berhasil memenangi Pemilu Tanjungbalai 2010 yang diulang di 17 kelurahan[1] setelah Mahkamah Konstitusi memutuskan pasangan nomor enam yakni Eka Hadi Sucipto-Afrizal Zukarnain terbukti melakukan kecurangan dengan melakukan politik uang.[2]\n",
            "profilePic": "https://upload.wikimedia.org/wikipedia/commons/4/41/RolelHarahap.jpg",
            "sites": {
                "name": "Wikipedia",
                "url": "https://id.wikipedia.org/wiki/Rolel_Harahap"
            },
            "communityID": "dc952aac-e753-48ef-bc68-50af73237a86"
        }
    ],
    "path": "kota-tanjungbalai",
    "source": "https://id.wikipedia.org/wiki/Pemilihan_umum_Wali_Kota_Tangjungbalai_2024"
}