{
    "title": "Pemilihan umum Wali Kota Tasikmalaya 2024",
    "region": "Tasikmalaya",
    "level": "KOTA",
    "candidates": [
        {
            "name": "Dede Muharam",
            "description": "",
            "profilePic": "",
            "sites": {},
            "communityID": "b32fd8b8-d1f7-4b39-be65-e5bfe4aebf4d"
        },
        {
            "name": "Muhammad Yusuf (politikus)",
            "description": "Drs. H. Muhammad Yusuf (lahir 6 Juni 1955) adalah Wali Kota Tasikmalaya sisa masa jabatan 2021\u20132022. Yusuf sebelumnya adalah Wakil Wali Kota Tasikmalaya periode 2017-2022. Pada 26 April 2019 Wali Kota saat itu Budi Budiman ditetapkan sebagai tersangka  terkait kasus suap pengurusan Dana Alokasi Khusus (DAK) Tasikmalaya, Jawa Barat, Tahun Anggaran 2018 oleh Komisi Pemberantasan Korupsi (KPK).[1] Sejak saat itu roda pemerintahan Kota Tasikmalaya dijalankan oleh Yusuf sebagai pelaksana tugas (Plt.)[2]. Pada 10 September 2021, Yusuf dilantik oleh Gubernur Jawa Barat Ridwan Kamil sebagai Wali Kota Tasikmalaya definitif sisa masa jabatan 2021-2022.[3]\n",
            "profilePic": "https://upload.wikimedia.org/wikipedia/id/a/ab/M._Yusuf_Wali_Kota_Tasikmalaya.jpg",
            "sites": {
                "name": "Wikipedia",
                "url": "https://id.wikipedia.org/wiki/Muhammad_Yusuf_(politikus)"
            },
            "communityID": "b32fd8b8-d1f7-4b39-be65-e5bfe4aebf4d"
        },
        {
            "name": "Partai Gerakan Indonesia Raya",
            "description": "Partai Gerakan Indonesia Raya (Gerindra) adalah sebuah partai politik di Indonesia berideologi populisme sayap kanan dan nasionalis. Dibentuk pada tahun 2008, Gerindra berfungsi sebagai kendaraan politik mantan jenderal ABRI Prabowo Subianto. Saat ini, Gerindra adalah partai ketiga terbesar di DPR berdasarkan hasil perolehan suara dalam pemilu legislatif 2019 dengan 78 kursi. Partai Gerakan Indonesia Raya juga berpartisipasi dalam pemilihan kepala daerah di Indonesia.\n",
            "profilePic": "https://upload.wikimedia.org/wikipedia/id/thumb/9/9b/Lambang_Partai_Gerakan_Indonesia_Raya.svg/1200px-Lambang_Partai_Gerakan_Indonesia_Raya.svg.png",
            "sites": {
                "name": "Wikipedia",
                "url": "https://id.wikipedia.org/wiki/Gerindra"
            },
            "communityID": "b32fd8b8-d1f7-4b39-be65-e5bfe4aebf4d"
        },
        {
            "name": "Partai Persatuan Pembangunan",
            "description": "Partai Persatuan Pembangunan (PPP), atau P3 adalah sebuah partai politik di Indonesia. Pada saat pendeklarasiannya pada tanggal 5 Januari 1973 partai ini merupakan hasil gabungan dari empat partai keagamaan yaitu Partai Nahdlatul Ulama (NU), Partai Islam Persatuan Tarbiyah Islamiyah (PERTI), Partai Syarikat Islam Indonesia (PSII) dan Partai Muslimin Indonesia (PARMUSI). Ketua sementara saat itu adalah Mohammad Syafa'at Mintaredja. Penggabungan keempat partai keagamaan tersebut bertujuan untuk penyederhanaan sistem kepartaian di Indonesia dalam menghadapi Pemilihan Umum pertama pada masa Orde Baru tahun 1973. Karena logo partai yang khas melekat terhadap politik agama Islam, PPP secara populer dikenal sebagai Partai Ka'bah.\n",
            "profilePic": "https://upload.wikimedia.org/wikipedia/id/thumb/7/73/Logo_PPP.svg/1200px-Logo_PPP.svg.png",
            "sites": {
                "name": "Wikipedia",
                "url": "https://id.wikipedia.org/wiki/Partai_Persatuan_Pembangunan"
            },
            "communityID": "b32fd8b8-d1f7-4b39-be65-e5bfe4aebf4d"
        },
        {
            "name": "Gumilar Rusliwa Somantri",
            "description": "Prof. Dr. der Soz. Gumilar Rusliwa Somantri, D.Pol., D.Sc.[1] (lahir 11 Maret 1963) dikenal sebagai seorang akademisi, sosiolog dan dosen di Universitas Indonesia. Ia menjabat sebagai Rektor Universitas Indonesia untuk masa jabatan 2007-2012.\n",
            "profilePic": "https://upload.wikimedia.org/wikipedia/commons/5/53/Gumilar_Antam_Terbaru.jpg",
            "sites": {
                "name": "Wikipedia",
                "url": "https://id.wikipedia.org/wiki/Gumilar_Rusliwa_Somantri"
            },
            "communityID": "b32fd8b8-d1f7-4b39-be65-e5bfe4aebf4d"
        }
    ],
    "source": "https://id.wikipedia.org/wiki/Pemilihan_umum_Wali_Kota_Tasikmalaya_2024",
    "path": "kota-tasikmalaya"
}