{
    "title": "Pemilihan umum Wali Kota Tual 2024",
    "region": "Tual",
    "level": "KOTA",
    "candidates": [
        {
            "name": "Adam Rahayaan",
            "description": "Adam Rahayaan, S.Ag., M.Si., (lahir 29 Juni 1967), adalah seorang politikus Partai Keadilan Sejahtera yang menjabat sebagai Wali Kota Tual sejak 2016. Adam menjabat sebagai wali kota menggantikan Mahmud Muhammad Tamher yang meninggal dunia ketika menjabat.[1] Ia kemudian dilantik kembali sebagai Wali Kota Tual setelah terpilih dalam Pilkada Tual 2018 bersama Usman Tamnge.[2] Sebelum menjabat sebagai kepala daerah, Adam merupakan anggota DPRD Kabupaten Maluku Tenggara yang berhasil terpilih dalam Pemilu 1999 dan Pemilu 2004.[3] Adam merupakan kader Partai Keadilan Sejahtera sejak tahun 1999.[4]\n",
            "profilePic": "https://upload.wikimedia.org/wikipedia/id/e/eb/Adam_Rahayaan.png",
            "sites": {
                "name": "Wikipedia",
                "url": "https://id.wikipedia.org/wiki/Adam_Rahayaan"
            },
            "communityID": "a78ee08e-dc43-42e7-a178-236255cb9525"
        },
        {
            "name": "Jimal Kabaymay",
            "description": "",
            "profilePic": "",
            "sites": {},
            "communityID": "a78ee08e-dc43-42e7-a178-236255cb9525"
        },
        {
            "name": "Usman Tamnge",
            "description": "Usman Tamnge (lahir 08 Februari 1962), adalah politikus yang menjabat sebagai Wakil Wali Kota Tual sejak 31 Oktober 2018.[1] Ia terpilih sebagai Wakil Wali Kota Tual mendampingi Adam Rahayaan dalam Pilkada Tual 2018. Sebelum menjadi wakil wali kota, Usman merupakan pegawai negeri sipil di Provinsi Papua dengan jabatan terakhir sebagai Bendahara pada Sekretariat KORPRI.[2]\n",
            "profilePic": "https://upload.wikimedia.org/wikipedia/id/c/cd/Usman_Tamnge.png",
            "sites": {
                "name": "Wikipedia",
                "url": "https://id.wikipedia.org/wiki/Usman_Tamnge"
            },
            "communityID": "a78ee08e-dc43-42e7-a178-236255cb9525"
        },
        {
            "name": "Yunus Serang",
            "description": "Drs. Yunus Serang, M.Si., (lahir 09 Agustus 1959), adalah politikus Partai Golongan Karya yang menjabat sebagai Wakil Bupati Maluku Tenggara selama dua periode. Ia mendampingi Bupati Anderias Rentanubun pada 2008-2018. Yunus kemudian gagal dalam Pilkada 2018 ketika mencalonkan diri sebagai Wali Kota Tual. Sebelum menjabat sebagai kepala daerah, Yunus merupakan pegawai negeri sipil yang berprofesi sebagai dosen di FKIP Universitas Terbuka sejak tahun 1999.[1]\n",
            "profilePic": "https://upload.wikimedia.org/wikipedia/commons/f/f2/KPU_Yunus_Serang.jpg",
            "sites": {
                "name": "Wikipedia",
                "url": "https://id.wikipedia.org/wiki/Yunus_Serang"
            },
            "communityID": "a78ee08e-dc43-42e7-a178-236255cb9525"
        },
        {
            "name": "Taufiq Hamud",
            "description": "",
            "profilePic": "",
            "sites": {},
            "communityID": "a78ee08e-dc43-42e7-a178-236255cb9525"
        }
    ],
    "path": "kota-tual",
    "source": "https://id.wikipedia.org/wiki/Pemilihan_umum_Wali_Kota_Tual_2024"
}