{
    "title": "Pemilihan umum Wali Kota Bima 2024",
    "region": "Bima",
    "level": "KOTA",
    "candidates": [
        {
            "name": "Muhammad Lutfi (politikus)",
            "description": "H. Muhammad Lutfi SE , (lahir 15 Agustus 1971) adalah Wali Kota Bima periode 2018-2023. Sebelumnya, Ia pernah menjabat sebagai anggota DPR RI dari Fraksi Partai Golkar selama periode 2009 \u2013 2014 mewakili Dapil Nusa Tenggara Barat. Ia terpilih kembali menjadi Anggota DPR-RI periode 2014-2019 dari Partai Golongan Karya setelah memperoleh 59.704 suara.\n",
            "profilePic": "",
            "sites": {
                "name": "Wikipedia",
                "url": "https://id.wikipedia.org/wiki/Muhammad_Lutfi_(politikus)"
            },
            "communityID": "92531884-06c8-4afc-94b9-3912be011b6e"
        },
        {
            "name": "Feri Sofiyan",
            "description": "Feri Sofiyan, SH (lahir 31 Desember 1968) adalah Wakil Walikota Bima periode 2018-sekarang. Sebelumnya ia pernah menjabat sebagai waklil ketua dprd kota bima.\n",
            "profilePic": "",
            "sites": {
                "name": "Wikipedia",
                "url": "https://id.wikipedia.org/wiki/Feri_Sofiyan"
            },
            "communityID": "92531884-06c8-4afc-94b9-3912be011b6e"
        },
        {
            "name": "A. Rahman H. Abidin",
            "description": "",
            "profilePic": "",
            "sites": {},
            "communityID": "92531884-06c8-4afc-94b9-3912be011b6e"
        },
        {
            "name": "Syamsurih",
            "description": "",
            "profilePic": "",
            "sites": {},
            "communityID": "92531884-06c8-4afc-94b9-3912be011b6e"
        },
        {
            "name": "Alfian Indrawirawan",
            "description": "",
            "profilePic": "",
            "sites": {},
            "communityID": "92531884-06c8-4afc-94b9-3912be011b6e"
        },
        {
            "name": "Khalid bin Walid",
            "description": "Penaklukan Islam di Suriah\n",
            "profilePic": "https://upload.wikimedia.org/wikipedia/commons/c/c0/Khalid_Bin_Al-Walid.gif",
            "sites": {
                "name": "Wikipedia",
                "url": "https://id.wikipedia.org/wiki/Khalid_bin_Walid"
            },
            "communityID": "92531884-06c8-4afc-94b9-3912be011b6e"
        },
        {
            "name": "Syamsuddin",
            "description": "",
            "profilePic": "",
            "sites": {},
            "communityID": "92531884-06c8-4afc-94b9-3912be011b6e"
        },
        {
            "name": "Syamsuddin Majid",
            "description": "",
            "profilePic": "",
            "sites": {},
            "communityID": "92531884-06c8-4afc-94b9-3912be011b6e"
        },
        {
            "name": "Syafriansar",
            "description": "",
            "profilePic": "",
            "sites": {},
            "communityID": "92531884-06c8-4afc-94b9-3912be011b6e"
        }
    ],
    "path": "kota-bima",
    "source": "https://id.wikipedia.org/wiki/Pemilihan_umum_Wali_Kota_Bima_2024"
}