{
    "title": "Pemilihan umum Wali Kota Madiun 2024",
    "region": "Madiun",
    "level": "KOTA",
    "candidates": [
        {
            "name": "Maidi",
            "description": "Dr. Drs. H. Maidi, S.H., M.M., M.Pd. (lahir 12 Mei 1961) adalah politikus dan mantan birokrat Indonesia yang pernah menjabat sebagai Wali Kota Madiun periode 2019\u20132024 berpasangan dengan Inda Raya Ayu Miko Saputri. Sebelumnya, ia merupakan Sekretaris Daerah (Sekda) Kota Madiun 2009\u20132018.[1][2]\n",
            "profilePic": "https://upload.wikimedia.org/wikipedia/commons/thumb/b/b1/Wali_Kota_Madiun_Maidi.png/1200px-Wali_Kota_Madiun_Maidi.png",
            "sites": {
                "name": "Wikipedia",
                "url": "https://id.wikipedia.org/wiki/Maidi"
            },
            "communityID": "55389cb5-5f1f-41d9-b150-fcb6a3e7024c"
        },
        {
            "name": "Kiagus Firdaus",
            "description": "",
            "profilePic": "",
            "sites": {},
            "communityID": "55389cb5-5f1f-41d9-b150-fcb6a3e7024c"
        }
    ],
    "source": "https://id.wikipedia.org/wiki/Pemilihan_umum_Wali_Kota_Madiun_2024",
    "path": "kota-madiun"
}