{
    "title": "Pemilihan umum Wali Kota Lhokseumawe 2024",
    "region": "Lhokseumawe",
    "level": "KOTA",
    "candidates": [
        {
            "name": "Dr. Mahfudhdinsyah",
            "description": "",
            "profilePic": "",
            "sites": {},
            "communityID": "3469f212-2f76-441a-839f-6fe13ed35d3f"
        },
        {
            "name": "Daftar Wakil Wali Kota Lhokseumawe",
            "description": "Wakil Wali Kota Lhokseumawe adalah posisi kedua yang memerintah Kota Lhokseumawe di bawah Wali Kota Lhokseumawe. Posisi ini pertama kali dibentuk pada tahun 2007.\n",
            "profilePic": "",
            "sites": {
                "name": "Wikipedia",
                "url": "https://id.wikipedia.org/wiki/Wakil_Wali_Kota_Lhokseumawe"
            },
            "communityID": "3469f212-2f76-441a-839f-6fe13ed35d3f"
        },
        {
            "name": "Mukhtar Hanafiah",
            "description": "",
            "profilePic": "",
            "sites": {},
            "communityID": "3469f212-2f76-441a-839f-6fe13ed35d3f"
        },
        {
            "name": "Akbar Hazzanna",
            "description": "",
            "profilePic": "",
            "sites": {},
            "communityID": "3469f212-2f76-441a-839f-6fe13ed35d3f"
        },
        {
            "name": "Dedi Safrizal",
            "description": "Dedi Safrizal (lahir 25 Mei 1980) adalah tokoh pejuang GAM. Dia pernah menjabat sebagai Anggota DPRA Fraksi Partai Nanggroe Aceh periode 2014\u20142019.[1]\n",
            "profilePic": "",
            "sites": {
                "name": "Wikipedia",
                "url": "https://id.wikipedia.org/wiki/Dedi_Safrizal"
            },
            "communityID": "3469f212-2f76-441a-839f-6fe13ed35d3f"
        },
        {
            "name": "Husaini",
            "description": "",
            "profilePic": "",
            "sites": {},
            "communityID": "3469f212-2f76-441a-839f-6fe13ed35d3f"
        },
        {
            "name": "Said Fachri",
            "description": "",
            "profilePic": "",
            "sites": {},
            "communityID": "3469f212-2f76-441a-839f-6fe13ed35d3f"
        },
        {
            "name": "Yoga Charisma Putra",
            "description": "",
            "profilePic": "",
            "sites": {},
            "communityID": "3469f212-2f76-441a-839f-6fe13ed35d3f"
        },
        {
            "name": "Muhammad Yusuf Sinambela",
            "description": "",
            "profilePic": "",
            "sites": {},
            "communityID": "3469f212-2f76-441a-839f-6fe13ed35d3f"
        }
    ],
    "source": "https://id.wikipedia.org/wiki/Pemilihan_umum_Wali_Kota_Lhokseumawe_2024",
    "path": "kota-lhokseumawe"
}