{
    "title": "Pemilihan umum Wali Kota Langsa 2024",
    "region": "Langsa",
    "level": "KOTA",
    "candidates": [
        {
            "name": "Dr. Mahfudhdinsyah",
            "description": "",
            "profilePic": "",
            "sites": {},
            "communityID": "f991e86e-45b7-43e9-9919-3ec71b0c4b2f"
        },
        {
            "name": "Marzuki Hamid",
            "description": "",
            "profilePic": "",
            "sites": {},
            "communityID": "f991e86e-45b7-43e9-9919-3ec71b0c4b2f"
        },
        {
            "name": "Muhammad Isa",
            "description": "",
            "profilePic": "",
            "sites": {},
            "communityID": "f991e86e-45b7-43e9-9919-3ec71b0c4b2f"
        },
        {
            "name": "Adami",
            "description": "",
            "profilePic": "",
            "sites": {},
            "communityID": "f991e86e-45b7-43e9-9919-3ec71b0c4b2f"
        }
    ],
    "source": "https://id.wikipedia.org/wiki/Pemilihan_umum_Wali_Kota_Langsa_2024",
    "path": "kota-langsa"
}