{
    "title": "Pemilihan umum Wali Kota Binjai 2024",
    "region": "Binjai",
    "level": "KOTA",
    "candidates": [
        {
            "name": "Amir Hamzah (politikus)",
            "description": "Drs. Amir Hamzah, M.A.P (lahir 28 November 1965) adalah seorang mantan birokrat asal Indonesia yang saat ini menjabat sebagai Pelaksana Tugas (Plt) Wali Kota Binjai sejak 5 Maret 2021.[1] Sebelumnya ia adalah Wakil Wali Kota Binjai sejak dilantik pada 26 Februari 2021[2] hingga ditetapkan sebagai Plt Wali Kota pada 5 Maret 2021.[3] Ia bersama pasangannya pada saat itu yakni calon wali kota Juliadi, memenangkan pilkada Kota Binjai 2020.[4] Namun, Juliadi meninggal dunia ketika sebelum menjabat. Ia pun akhirnya menjadi wali kota menggantikan Juliadi yang telah meninggal.[5]\n",
            "profilePic": "https://upload.wikimedia.org/wikipedia/commons/9/9f/Amir_Hamzah_Wakil_Walikota_Binjai_%282021%29.jpg",
            "sites": {
                "name": "Wikipedia",
                "url": "https://id.wikipedia.org/wiki/Amir_Hamzah_(politikus)"
            },
            "communityID": "c6ed74a9-a541-4fdf-8291-bf83aba9240b"
        },
        {
            "name": "Rizky Yunanda Sitepu",
            "description": "H. Rizky Yunanda Sitepu, S.TP., M.P. (lahir 1 Januari 1992) adalah Wakil Wali Kota Binjai periode 2021\u20142024.[2][3] Sebelum menjabat sebagai Wakil Wali Kota Binjai, ia  juga sempat menjabat sebagai Anggota DPRD Sumut dari Partai Golkar yang terpilih dalam Pemilihan Legislatif Tahun 2019. Ia juga merupakan putra Ngogesa Sitepu, Bupati Langkat periode 2009-2019.\n",
            "profilePic": "https://upload.wikimedia.org/wikipedia/commons/8/83/Wakil_Walikota_Binjai_Rizky_Yunanda_Sitepu.jpg",
            "sites": {
                "name": "Wikipedia",
                "url": "https://id.wikipedia.org/wiki/Rizky_Yunanda_Sitepu"
            },
            "communityID": "c6ed74a9-a541-4fdf-8291-bf83aba9240b"
        },
        {
            "name": "Edi Wijaya Karo-Karo",
            "description": "",
            "profilePic": "",
            "sites": {},
            "communityID": "c6ed74a9-a541-4fdf-8291-bf83aba9240b"
        },
        {
            "name": "Timbas Tarigan",
            "description": "H. Timbas Tarigan, S.E. (lahir 11 Oktober 1972) adalah Wakil Wali Kota Binjai 2 periode yakni 2010\u20142015 dan 2016\u20142021. Ia adalah wakil dari Wali Kota Binjai, Muhammad Idaham.\n",
            "profilePic": "https://upload.wikimedia.org/wikipedia/commons/a/a6/KPU_Timbas_Tarigan.jpg",
            "sites": {
                "name": "Wikipedia",
                "url": "https://id.wikipedia.org/wiki/Timbas_Tarigan"
            },
            "communityID": "c6ed74a9-a541-4fdf-8291-bf83aba9240b"
        },
        {
            "name": "Pemilihan umum Wali Kota Binjai 2020",
            "description": "Partai Golongan Karya\n",
            "profilePic": "https://upload.wikimedia.org/wikipedia/commons/thumb/9/9b/Lokasi_Sumatra_Utara_Kota_Binjai.svg/1200px-Lokasi_Sumatra_Utara_Kota_Binjai.svg.png",
            "sites": {
                "name": "Wikipedia",
                "url": "https://id.wikipedia.org/wiki/Lisa_Andriani_Lubis"
            },
            "communityID": "c6ed74a9-a541-4fdf-8291-bf83aba9240b"
        },
        {
            "name": "Mak Beti",
            "description": "\n",
            "profilePic": "",
            "sites": {
                "name": "Wikipedia",
                "url": "https://id.wikipedia.org/wiki/Mak_Beti"
            },
            "communityID": "c6ed74a9-a541-4fdf-8291-bf83aba9240b"
        },
        {
            "name": "Noor Sri Alamsyah Putra",
            "description": "",
            "profilePic": "",
            "sites": {},
            "communityID": "c6ed74a9-a541-4fdf-8291-bf83aba9240b"
        },
        {
            "name": "Muhammad Andri Alfisah",
            "description": "",
            "profilePic": "",
            "sites": {},
            "communityID": "c6ed74a9-a541-4fdf-8291-bf83aba9240b"
        },
        {
            "name": "Zainuddin Purba",
            "description": "",
            "profilePic": "",
            "sites": {},
            "communityID": "c6ed74a9-a541-4fdf-8291-bf83aba9240b"
        },
        {
            "name": "Iqbal Iskandar Muda",
            "description": "",
            "profilePic": "",
            "sites": {},
            "communityID": "c6ed74a9-a541-4fdf-8291-bf83aba9240b"
        }
    ],
    "source": "https://id.wikipedia.org/wiki/Pemilihan_umum_Wali_Kota_Binjai_2024",
    "path": "kota-binjai"
}