{
    "title": "Pemilihan umum Wali Kota Palopo 2024",
    "region": "Palopo",
    "level": "KOTA",
    "candidates": [
        {
            "name": "Akhmad Syarifuddin",
            "description": "Dr. Akhmad Syarifuddin, S.E., M.Si. (lahir 11 Januari 1979) yang akrab disapa Ome adalah Wakil Walikota periode 2013 - 2018 [1][2] Kota Palopo, menjabat sejak 6 Juli 2013[3] berpasangan dengan Drs. H.M. Judas Amir, M.H. Masa jabatan sebagai Wakil Walikota berakhir pada tanggal 6 Juli 2018. (Daftar Wakil Wali Kota Palopo).\n",
            "profilePic": "https://upload.wikimedia.org/wikipedia/commons/a/ab/Akhmad_Syarifuddin%2C_Wakil_Wali_Kota_Palopo.jpg",
            "sites": {
                "name": "Wikipedia",
                "url": "https://id.wikipedia.org/wiki/Akhmad_Syarifuddin"
            },
            "communityID": "d039f232-5f0f-49d1-8bfc-6e06200f5268"
        },
        {
            "name": "Rahmat Masri Bandaso",
            "description": "Dr. Ir. H. Rahmat Masri Bandaso, M.Si. (lahir 1 Mei 1965), atau disapa RMB adalah Wakil Wali Kota Palopo dua periode yang menjabat dari 6 Juli 2008 hingga 6 Juli 2013 dan 26 September 2018 berpasangan dengan Judas Amir. Masa jabatan sebagai Wakil Wali Kota berakhir pada tanggal 26 September 2023.\n",
            "profilePic": "https://upload.wikimedia.org/wikipedia/commons/4/44/Wakil_Wali_Kota_Palopo%2C_Judas_Amir_Rahmat_Basri_Bandaso.jpg",
            "sites": {
                "name": "Wikipedia",
                "url": "https://id.wikipedia.org/wiki/Rahmat_Masri_Bandaso"
            },
            "communityID": "d039f232-5f0f-49d1-8bfc-6e06200f5268"
        },
        {
            "name": "Budi Sada ",
            "description": "",
            "profilePic": "",
            "sites": {},
            "communityID": "d039f232-5f0f-49d1-8bfc-6e06200f5268"
        },
        {
            "name": "dr. Nasaruddin Nawir",
            "description": "",
            "profilePic": "",
            "sites": {},
            "communityID": "d039f232-5f0f-49d1-8bfc-6e06200f5268"
        },
        {
            "name": "Farid Kasim Judas ",
            "description": "",
            "profilePic": "",
            "sites": {},
            "communityID": "d039f232-5f0f-49d1-8bfc-6e06200f5268"
        },
        {
            "name": "Rahmat Al Kafi",
            "description": "",
            "profilePic": "",
            "sites": {},
            "communityID": "d039f232-5f0f-49d1-8bfc-6e06200f5268"
        },
        {
            "name": "Muhamad kamal dakka",
            "description": "",
            "profilePic": "",
            "sites": {},
            "communityID": "d039f232-5f0f-49d1-8bfc-6e06200f5268"
        }
    ],
    "path": "kota-palopo",
    "source": "https://id.wikipedia.org/wiki/Pemilihan_umum_Wali_Kota_Palopo_2024"
}