{
    "title": "Pemilihan umum Wali Kota Tebing Tinggi 2024",
    "region": "Tebing Tinggi",
    "level": "KOTA",
    "candidates": [
        {
            "name": "Chairil Mukmin Tambunan",
            "description": "",
            "profilePic": "",
            "sites": {},
            "communityID": "a98ca4f3-6004-4b9a-8ce6-27ae2479db24"
        },
        {
            "name": "Iman Irdian Saragih",
            "description": "",
            "profilePic": "",
            "sites": {},
            "communityID": "a98ca4f3-6004-4b9a-8ce6-27ae2479db24"
        }
    ],
    "source": "https://id.wikipedia.org/wiki/Pemilihan_umum_Wali_Kota_Tebing_Tinggi_2024",
    "path": "kota-tebing-tinggi"
}