{
    "title": "Pemilihan umum Wali Kota Magelang 2024",
    "region": "Magelang",
    "level": "KOTA",
    "candidates": [
        {
            "name": "Muchamad Nur Aziz",
            "description": "dr. H. Muchamad Nur Aziz, Sp.PD. (lahir 24 November 1971) adalah dokter asal Jawa Tengah yang menjabat sebagai Wali Kota Magelang periode 2021-2024. Pada Pilkada Kota Magelang 2020 Ia Bersama M.Mansyur Mencalonkan diri Sebagai Calon Walikota dan Wakil Walikota Magelang tahun 2020 yang di usung oleh Partai Demokrat Golkar PKS dan PKB. Kemudian ia Menang dengan total suara 41.170 suara atau 60,02%\n",
            "profilePic": "https://upload.wikimedia.org/wikipedia/commons/4/4a/Wali_Kota_Magelang_Muchamad_Nur_Aziz.png",
            "sites": {
                "name": "Wikipedia",
                "url": "https://id.wikipedia.org/wiki/Muchamad_Nur_Aziz"
            },
            "communityID": "fc76ad5b-9737-494e-9e5f-64692915bd6e"
        }
    ],
    "path": "kota-magelang",
    "source": "https://id.wikipedia.org/wiki/Pemilihan_umum_Wali_Kota_Magelang_2024"
}