{
    "title": "Pemilihan umum Wali Kota Cimahi 2024",
    "region": "Cimahi",
    "level": "KOTA",
    "candidates": [
        {
            "name": "Ali Hasan",
            "description": "",
            "profilePic": "",
            "sites": {},
            "communityID": "bf525cc3-8e61-4346-89e9-ea18897bce5a"
        },
        {
            "name": "M. Firaldi Akbar Zulkarnain",
            "description": "",
            "profilePic": "",
            "sites": {},
            "communityID": "bf525cc3-8e61-4346-89e9-ea18897bce5a"
        },
        {
            "name": "Faisal Harris",
            "description": "",
            "profilePic": "",
            "sites": {},
            "communityID": "bf525cc3-8e61-4346-89e9-ea18897bce5a"
        },
        {
            "name": "Enang Sahri Lukmansyah",
            "description": "",
            "profilePic": "",
            "sites": {},
            "communityID": "bf525cc3-8e61-4346-89e9-ea18897bce5a"
        }
    ],
    "path": "kota-cimahi",
    "source": "https://id.wikipedia.org/wiki/Pemilihan_umum_Wali_Kota_Cimahi_2024"
}