{
    "title": "Pemilihan umum Wali Kota Kediri 2024",
    "region": "Kediri",
    "level": "KOTA",
    "candidates": [
        {
            "name": "Arif Wijaya",
            "description": "",
            "profilePic": "",
            "sites": {},
            "communityID": "0cfb6854-4d6b-4d8d-b1ff-8632a147bbd9"
        },
        {
            "name": "Ronny Siswanto",
            "description": "",
            "profilePic": "",
            "sites": {},
            "communityID": "0cfb6854-4d6b-4d8d-b1ff-8632a147bbd9"
        },
        {
            "name": "Reza Darmawan",
            "description": "",
            "profilePic": "",
            "sites": {},
            "communityID": "0cfb6854-4d6b-4d8d-b1ff-8632a147bbd9"
        },
        {
            "name": "Ferry Silviana Feronica",
            "description": "",
            "profilePic": "",
            "sites": {},
            "communityID": "0cfb6854-4d6b-4d8d-b1ff-8632a147bbd9"
        },
        {
            "name": "Abdul Hakim Bafagih",
            "description": "Abdul Hakim Bafagih (lahir 23 September 1992) adalah politikus Indonesia yang menjabat sebagai anggota DPR-RI periode 2019\u20132024. Ia mewakili daerah pemilihan Jawa Timur VIII, yang meliputi Jombang, Madiun, Mojokerto, Nganjuk, Kota Madiun, dan Kota Mojokerto. Hakim merupakan kader Partai Amanat Nasional, ia bertugas di Komisi VI.\n",
            "profilePic": "https://upload.wikimedia.org/wikipedia/commons/b/b2/Anggota_DPR_Abdul_Hakim_Bafagih.jpg",
            "sites": {
                "name": "Wikipedia",
                "url": "https://id.wikipedia.org/wiki/Abdul_Hakim_Bafagih"
            },
            "communityID": "0cfb6854-4d6b-4d8d-b1ff-8632a147bbd9"
        },
        {
            "name": "Gusseto Ajie Bimo Pramana",
            "description": "",
            "profilePic": "",
            "sites": {},
            "communityID": "0cfb6854-4d6b-4d8d-b1ff-8632a147bbd9"
        },
        {
            "name": "Abu Bakar Abdul Jalil",
            "description": "",
            "profilePic": "",
            "sites": {},
            "communityID": "0cfb6854-4d6b-4d8d-b1ff-8632a147bbd9"
        },
        {
            "name": "Firdaus",
            "description": "",
            "profilePic": "",
            "sites": {},
            "communityID": "0cfb6854-4d6b-4d8d-b1ff-8632a147bbd9"
        },
        {
            "name": "Katino",
            "description": "",
            "profilePic": "",
            "sites": {},
            "communityID": "0cfb6854-4d6b-4d8d-b1ff-8632a147bbd9"
        },
        {
            "name": "Gus Sunoto",
            "description": "",
            "profilePic": "",
            "sites": {},
            "communityID": "0cfb6854-4d6b-4d8d-b1ff-8632a147bbd9"
        },
        {
            "name": "Heri Susanto",
            "description": "",
            "profilePic": "",
            "sites": {},
            "communityID": "0cfb6854-4d6b-4d8d-b1ff-8632a147bbd9"
        },
        {
            "name": "Adi Suwono",
            "description": "",
            "profilePic": "",
            "sites": {},
            "communityID": "0cfb6854-4d6b-4d8d-b1ff-8632a147bbd9"
        }
    ],
    "path": "kota-kediri",
    "source": "https://id.wikipedia.org/wiki/Pemilihan_umum_Wali_Kota_Kediri_2024"
}