{
    "title": "Pemilihan umum Wali Kota Makassar 2024",
    "region": "Makassar",
    "level": "KOTA",
    "candidates": [
        {
            "name": "Syamsu Rizal",
            "description": "Dr. H. Syamsu Rizal Marzuki Ibrahim, S.Sos., M.Si. atau yang biasa akrab disapa dengan Deng Ical (lahir 30 Juni 1973) adalah wakil wali kota Makassar sejak 8 Mei 2014 bersama dengan Danny Pomanto. Pria kelahiran Selayar ini keluar sebagai pemenang Pemilihan umum Wali Kota Makassar 2013 diusung oleh (Partai Demokrat dan PBB) setelah menungguli 9 kandidat lainnya dengan persentase perolehan suara 31,18% atau sebesar 182.484 suara.\n",
            "profilePic": "https://upload.wikimedia.org/wikipedia/commons/a/ad/KPU_Syamsu_Rizal.png",
            "sites": {
                "name": "Wikipedia",
                "url": "https://id.wikipedia.org/wiki/Syamsu_Rizal"
            },
            "communityID": "d24329e8-f861-43b0-bd1b-fd128ff20b6a"
        },
        {
            "name": "Fatmawati Rusdi",
            "description": "Hj. Fatmawati Rusdi, S.E., M.M. (lahir 9 Mei 1980) adalah Wakil Wali Kota Makassar pada periode 2021-2024 mendampingi Danny Pomanto.[1]\n",
            "profilePic": "https://upload.wikimedia.org/wikipedia/commons/6/6a/Wakil_Wali_Kota_Makassar%2C_Fatmawati_Rusdi.png",
            "sites": {
                "name": "Wikipedia",
                "url": "https://id.wikipedia.org/wiki/Fatmawati_Rusdi"
            },
            "communityID": "d24329e8-f861-43b0-bd1b-fd128ff20b6a"
        },
        {
            "name": "Ahmad Susanto",
            "description": "",
            "profilePic": "",
            "sites": {},
            "communityID": "d24329e8-f861-43b0-bd1b-fd128ff20b6a"
        },
        {
            "name": "Tamsil Linrung",
            "description": "Drs. H. Tamsil Linrung (lahir 17 September 1961) adalah seorang politikus Indonesia yang saat ini menjabat sebagaianggota DPD-RI sejak 2019 mewakili Sulawesi Selatan. Sebelumnya, Tamsil adalah anggota DPR-RI tiga periode sejak 2004 hingga 2019 dari Fraksi Partai Keadilan Sejahtera (PKS).[1] Tamsil berasal dari daerah pemilihan Sulawesi Selatan II. Di DPR-RI sendiri, ia menjadi wakil ketua Badan Anggaran DPR-RI.\nIa pernah dicalonkan oleh Partai Keadilan Sejahtera, Partai Hanura dan Partai Bintang Reformasi untuk menjadi Calon Wali Kota Makassar periode 2013-2018.[2]\n",
            "profilePic": "https://upload.wikimedia.org/wikipedia/commons/d/d8/Senator_Tamsil_Linrung.jpg",
            "sites": {
                "name": "Wikipedia",
                "url": "https://id.wikipedia.org/wiki/Tamsil_Linrung"
            },
            "communityID": "d24329e8-f861-43b0-bd1b-fd128ff20b6a"
        },
        {
            "name": "Aliyah Mustika Ilham",
            "description": "Aliyah Mustika Ilham, S.E. (lahir 30 Maret 1969) adalah seorang politikus Indonesia yang saat ini menjabat sebagai Anggota DPR-RI sejak 2014. Ia mewakili daerah pemilihan Sulawesi Selatan I. Aliyah merupakan kader Partai Demokrat dan duduk di Komisi IX.[1][2]\n",
            "profilePic": "https://upload.wikimedia.org/wikipedia/commons/6/63/Aliyah_Mustika_Ilham.jpg",
            "sites": {
                "name": "Wikipedia",
                "url": "https://id.wikipedia.org/wiki/Aliyah_Mustika_Ilham"
            },
            "communityID": "d24329e8-f861-43b0-bd1b-fd128ff20b6a"
        },
        {
            "name": "Andi Seto Gadhista Asapa",
            "description": "Andi Seto Gadhista Asapa, S.H., LL.M. (lahir 20 November 1983) di Kotamadya Ujung Pandang, Sulawesi Selatan, Indonesia adalah Bupati Kabupaten Sinjai periode 2018-2023.\n",
            "profilePic": "https://upload.wikimedia.org/wikipedia/commons/7/7f/Andi_Seto_Gadhista_Asapa_Bupati_Sinjai.jpg",
            "sites": {
                "name": "Wikipedia",
                "url": "https://id.wikipedia.org/wiki/Andi_Seto_Gadhista_Asapa"
            },
            "communityID": "d24329e8-f861-43b0-bd1b-fd128ff20b6a"
        },
        {
            "name": "Dewan Perwakilan Rakyat Daerah Kota Makassar",
            "description": "Dewan Perwakilan Rakyat Daerah Kota Makassar  (disingkat DPRD Kota Makassar) (Makassar: \u1a09\u1a19\u1a13 \u1a04\u1a19\u1a13\u1a00\u1a17\u1a12 \u1a11\u1a10 \u1a09\u1a15\u1a19\u1a11 \u1a00\u1a1a\u1a08 \u1a06\u1a00\u1a14\u1a11) adalah lembaga legislatif unikameral yang berkedudukan di Kota Makassar, Sulawesi Selatan dan mitra Pemerintah Kota Makassar. DPRD Kota Makassar memiliki 50 anggota yang terbagi dalam 12 partai politik , dengan perolehan suara mayoritas diraih oleh Partai Demokrasi Indonesia Perjuangan, Partai NasDem dan Partai Demokrat\n",
            "profilePic": "https://upload.wikimedia.org/wikipedia/commons/thumb/7/7b/DPRD_Kota_Makassar_2019.svg/1200px-DPRD_Kota_Makassar_2019.svg.png",
            "sites": {
                "name": "Wikipedia",
                "url": "https://id.wikipedia.org/wiki/Dewan_Perwakilan_Rakyat_Daerah_Kota_Makassar"
            },
            "communityID": "d24329e8-f861-43b0-bd1b-fd128ff20b6a"
        },
        {
            "name": "Abdul Rahman Bando",
            "description": "",
            "profilePic": "",
            "sites": {},
            "communityID": "d24329e8-f861-43b0-bd1b-fd128ff20b6a"
        },
        {
            "name": "Rusdin Abdullah",
            "description": "",
            "profilePic": "",
            "sites": {},
            "communityID": "d24329e8-f861-43b0-bd1b-fd128ff20b6a"
        },
        {
            "name": "Indira Yusuf Ismail",
            "description": "",
            "profilePic": "",
            "sites": {},
            "communityID": "d24329e8-f861-43b0-bd1b-fd128ff20b6a"
        },
        {
            "name": "A. Rachmatika Dewi Yustitia Iqbal",
            "description": "",
            "profilePic": "",
            "sites": {},
            "communityID": "d24329e8-f861-43b0-bd1b-fd128ff20b6a"
        },
        {
            "name": "Imam Fauzan Uskara",
            "description": "",
            "profilePic": "",
            "sites": {},
            "communityID": "d24329e8-f861-43b0-bd1b-fd128ff20b6a"
        },
        {
            "name": "Dewan Perwakilan Rakyat Daerah Kota Makassar",
            "description": "Dewan Perwakilan Rakyat Daerah Kota Makassar  (disingkat DPRD Kota Makassar) (Makassar: \u1a09\u1a19\u1a13 \u1a04\u1a19\u1a13\u1a00\u1a17\u1a12 \u1a11\u1a10 \u1a09\u1a15\u1a19\u1a11 \u1a00\u1a1a\u1a08 \u1a06\u1a00\u1a14\u1a11) adalah lembaga legislatif unikameral yang berkedudukan di Kota Makassar, Sulawesi Selatan dan mitra Pemerintah Kota Makassar. DPRD Kota Makassar memiliki 50 anggota yang terbagi dalam 12 partai politik , dengan perolehan suara mayoritas diraih oleh Partai Demokrasi Indonesia Perjuangan, Partai NasDem dan Partai Demokrat\n",
            "profilePic": "https://upload.wikimedia.org/wikipedia/commons/thumb/7/7b/DPRD_Kota_Makassar_2019.svg/1200px-DPRD_Kota_Makassar_2019.svg.png",
            "sites": {
                "name": "Wikipedia",
                "url": "https://id.wikipedia.org/wiki/Dewan_Perwakilan_Rakyat_Daerah_Kota_Makassar"
            },
            "communityID": "d24329e8-f861-43b0-bd1b-fd128ff20b6a"
        },
        {
            "name": "Nelson Marnanse Kamisi",
            "description": "",
            "profilePic": "",
            "sites": {},
            "communityID": "d24329e8-f861-43b0-bd1b-fd128ff20b6a"
        },
        {
            "name": "M. Amri Arsyid",
            "description": "",
            "profilePic": "",
            "sites": {},
            "communityID": "d24329e8-f861-43b0-bd1b-fd128ff20b6a"
        },
        {
            "name": "Irwan Adnan",
            "description": "",
            "profilePic": "",
            "sites": {},
            "communityID": "d24329e8-f861-43b0-bd1b-fd128ff20b6a"
        }
    ],
    "source": "https://id.wikipedia.org/wiki/Pemilihan_umum_Wali_Kota_Makassar_2024",
    "path": "kota-makassar"
}