{
    "title": "Pemilihan umum Wali Kota Probolinggo 2024",
    "region": "Probolinggo",
    "level": "KOTA",
    "candidates": [
        {
            "name": "Hadi Zainal Abidin",
            "description": "Habib. Dr. Hadi Zainal Abidin, S.Pd., M.M., M.HP. (lahir 15 Mei 1979) adalah politisi PKB yang menjabat sebagai Wali Kota Probolinggo periode 2019-2024.\n",
            "profilePic": "https://upload.wikimedia.org/wikipedia/commons/e/eb/Official_Portrait_of_Habib_Hadi_Zainal_Abidin%2C_Mayor_of_Probolinggo.png",
            "sites": {
                "name": "Wikipedia",
                "url": "https://id.wikipedia.org/wiki/Hadi_Zainal_Abidin"
            },
            "communityID": "3803e55c-0cc0-48ca-a05d-7c36d9a91981"
        },
        {
            "name": "Rukmini Buchori",
            "description": "Hj. Rukmini Buchori, S.H, M.Si (lahir 13 Januari 1957) adalah Wali Kota Probolinggo yang menjabat sejak 28 Januari 2014. Ia merupakan istri dari wali kota Probolinggo periode 2004-2009 dan 2009-2014, M Buchori. Sebelum menjadi wali kota, Rukmini adalah anggota DPR RI periode 2009-2014 dari PDI Perjuangan mewakili Jawa Timur. Ia pernah ditempatkan di Komisi VIII yang menangani Departemen Agama, Departemen Sosial, Kementerian Pemberdayaan Perempuan dan Perlindungan Anak Indonesia dan Zakat. Rukmini Buchori merupakan alumni Universitas Pancamarga Probolinggo. Saat ini ia juga menjabat sebagai Komisaris PT Bromo View Probolinggo. Pasangan Rukmini Buchori dan Suhadak berhasil memenangkan pilkada Probolinggo 2013 dengan perolehan mencapai 38,6% suara.[1]\n",
            "profilePic": "https://upload.wikimedia.org/wikipedia/commons/6/60/Wali_Kota_Probolinggo_Rukmini_Buchori.jpg",
            "sites": {
                "name": "Wikipedia",
                "url": "https://id.wikipedia.org/wiki/Rukmini_Buchori"
            },
            "communityID": "3803e55c-0cc0-48ca-a05d-7c36d9a91981"
        },
        {
            "name": "Aminuddin",
            "description": "",
            "profilePic": "",
            "sites": {},
            "communityID": "3803e55c-0cc0-48ca-a05d-7c36d9a91981"
        },
        {
            "name": "Fernanda Zulkarnain",
            "description": "",
            "profilePic": "",
            "sites": {},
            "communityID": "3803e55c-0cc0-48ca-a05d-7c36d9a91981"
        },
        {
            "name": "Virli Bramanto",
            "description": "",
            "profilePic": "",
            "sites": {},
            "communityID": "3803e55c-0cc0-48ca-a05d-7c36d9a91981"
        }
    ],
    "path": "kota-probolinggo",
    "source": "https://id.wikipedia.org/wiki/Pemilihan_umum_Wali_Kota_Probolinggo_2024"
}