{
    "title": "Pemilihan umum Wali Kota Tarakan 2024",
    "region": "Tarakan",
    "level": "KOTA",
    "candidates": [
        {
            "name": "Khairul",
            "description": "dr. Khairul, M.Kes. (lahir 3 Juni 1964) adalah Wali Kota Tarakan periode 2019-2024. Ia dilantik oleh Gubernur Kalimantan Utara, Irianto Lambrie, pada 1 Maret 2019. Sebelumnya, ia merupakan pegawai negeri sipil dengan jabatan terakhir sebagai Staf Ahli Wali Kota Tarakan Bidang Administrasi Umum dan Pelayanan Publik yang diembannya sejak 2017. Ia pernah menjabat sebagai Sekretaris Daerah Kota Tarakan dan juga Kepala Dinas Kesehatan Kota Tarakan.[1]\n",
            "profilePic": "https://upload.wikimedia.org/wikipedia/commons/3/36/Khairul_Wali_Kota_Tarakan.jpg",
            "sites": {
                "name": "Wikipedia",
                "url": "https://id.wikipedia.org/wiki/Khairul"
            },
            "communityID": "9b274664-4ae3-49d2-9598-c87e2f94318c"
        },
        {
            "name": "Effendi Djuprianto",
            "description": "",
            "profilePic": "",
            "sites": {},
            "communityID": "9b274664-4ae3-49d2-9598-c87e2f94318c"
        },
        {
            "name": "Umi Suhartini",
            "description": "",
            "profilePic": "",
            "sites": {},
            "communityID": "9b274664-4ae3-49d2-9598-c87e2f94318c"
        },
        {
            "name": "Sofian Raga",
            "description": "Ir. Sofian Raga, M.Si. (lahir 10 Januari 1963) adalah pegawai negeri sipil berkebangsaan Indonesia. Ia menjabat sebagai Walikota Tarakan sejak 2014\u20132019. Sebelumya ia menjabat sebagai Kepala Bappeda Kota Tarakan.\n",
            "profilePic": "https://upload.wikimedia.org/wikipedia/commons/f/f8/Wali_Kota_Tarakan_Sofian_Raga.jpg",
            "sites": {
                "name": "Wikipedia",
                "url": "https://id.wikipedia.org/wiki/Sofian_Raga"
            },
            "communityID": "9b274664-4ae3-49d2-9598-c87e2f94318c"
        },
        {
            "name": "Ince A. Rifai",
            "description": "",
            "profilePic": "",
            "sites": {},
            "communityID": "9b274664-4ae3-49d2-9598-c87e2f94318c"
        },
        {
            "name": "Yusuf Ramlan",
            "description": "",
            "profilePic": "",
            "sites": {},
            "communityID": "9b274664-4ae3-49d2-9598-c87e2f94318c"
        },
        {
            "name": "Khaeruddin Arief Hidayat",
            "description": "",
            "profilePic": "",
            "sites": {},
            "communityID": "9b274664-4ae3-49d2-9598-c87e2f94318c"
        },
        {
            "name": "Jufri Budiman",
            "description": "",
            "profilePic": "",
            "sites": {},
            "communityID": "9b274664-4ae3-49d2-9598-c87e2f94318c"
        },
        {
            "name": "Yancong",
            "description": "Yancong (lahir 17 Juli 1969) adalah seorang politikus Indonesia kelahiran Makassar. Pada pemilihan umum legislatif Indonesia 2019, ia maju pada daerah pemilihan (dapil) Kalimantan Utara I dan terpilih menjadi anggota DPRD Kalimantan Utara.[1] Ia berencana maju pada pemilihan umum Wali Kota Tarakan 2024.[2]\n",
            "profilePic": "https://upload.wikimedia.org/wikipedia/commons/thumb/b/b5/Anggota_DPRD_Kalimantan_Utara_Yancong.jpg/1200px-Anggota_DPRD_Kalimantan_Utara_Yancong.jpg",
            "sites": {
                "name": "Wikipedia",
                "url": "https://id.wikipedia.org/wiki/Yancong"
            },
            "communityID": "9b274664-4ae3-49d2-9598-c87e2f94318c"
        },
        {
            "name": "Syamsuddin Arfah",
            "description": "",
            "profilePic": "",
            "sites": {},
            "communityID": "9b274664-4ae3-49d2-9598-c87e2f94318c"
        },
        {
            "name": "Siti Laela",
            "description": "Hj. Siti Laela Alhafidzoh, S.Pd. (lahir 5 Juni 1963) adalah politikus Partai Golongan Karya. Ia menjabat Anggota DPRD Kalimantan Utara 2 periode yakni 2014\u20142019 dan 2019\u20142024.[1] Sebelumnya ia menjabat sebagai Anggota DPRD Kalimantan Timur periode 1 September\u201430 Desember 2014.[2]\n",
            "profilePic": "https://upload.wikimedia.org/wikipedia/commons/thumb/d/d8/Anggota_DPRD_Kalimantan_Utara_Siti_Laela.jpg/1200px-Anggota_DPRD_Kalimantan_Utara_Siti_Laela.jpg",
            "sites": {
                "name": "Wikipedia",
                "url": "https://id.wikipedia.org/wiki/Siti_Laela"
            },
            "communityID": "9b274664-4ae3-49d2-9598-c87e2f94318c"
        },
        {
            "name": "Muddain",
            "description": "Muddain (lahir 12 Juli 1976) adalah seorang politikus Indonesia kelahiran Mangkupadi. Ia tergabung dalam Partai Demokrat. Pada pemilihan umum legislatif Indonesia 2019, ia maju pada daerah pemilihan Kalimantan Utara I (Kota Tarakan).[1] Ia menjabat selaku Ketua Badan Anggaran (Banggar) DPRD Kaltara.[2]\n",
            "profilePic": "https://upload.wikimedia.org/wikipedia/commons/thumb/4/46/Anggota_DPRD_Kalimantan_Utara_Muddain.jpg/1200px-Anggota_DPRD_Kalimantan_Utara_Muddain.jpg",
            "sites": {
                "name": "Wikipedia",
                "url": "https://id.wikipedia.org/wiki/Muddain"
            },
            "communityID": "9b274664-4ae3-49d2-9598-c87e2f94318c"
        },
        {
            "name": "Ari Yusnita",
            "description": "",
            "profilePic": "",
            "sites": {},
            "communityID": "9b274664-4ae3-49d2-9598-c87e2f94318c"
        },
        {
            "name": "Sofyan Udin Hiangio",
            "description": "",
            "profilePic": "",
            "sites": {},
            "communityID": "9b274664-4ae3-49d2-9598-c87e2f94318c"
        },
        {
            "name": "Al Rhazali",
            "description": "",
            "profilePic": "",
            "sites": {},
            "communityID": "9b274664-4ae3-49d2-9598-c87e2f94318c"
        },
        {
            "name": "Abdul Haris.",
            "description": "",
            "profilePic": "",
            "sites": {},
            "communityID": "9b274664-4ae3-49d2-9598-c87e2f94318c"
        },
        {
            "name": "Syamsi Sarman",
            "description": "",
            "profilePic": "",
            "sites": {},
            "communityID": "9b274664-4ae3-49d2-9598-c87e2f94318c"
        },
        {
            "name": "Achmad Usman",
            "description": "",
            "profilePic": "",
            "sites": {},
            "communityID": "9b274664-4ae3-49d2-9598-c87e2f94318c"
        },
        {
            "name": "IBNU AZHAR ANGGOTA DEWAN DPRD KOTA TARAKAN",
            "description": "",
            "profilePic": "",
            "sites": {},
            "communityID": "9b274664-4ae3-49d2-9598-c87e2f94318c"
        },
        {
            "name": "Rino Al-Kutai",
            "description": "",
            "profilePic": "",
            "sites": {},
            "communityID": "9b274664-4ae3-49d2-9598-c87e2f94318c"
        }
    ],
    "source": "https://id.wikipedia.org/wiki/Pemilihan_umum_Wali_Kota_Tarakan_2024",
    "path": "kota-tarakan"
}