{
    "title": "Pemilihan umum Wali Kota Samarinda 2024",
    "region": "Samarinda",
    "level": "KOTA",
    "candidates": [
        {
            "name": "Andi Harun",
            "description": "Dr. H. Andi Harun, S.T., S.H., M.Si. (lahir 12 Desember 1972) adalah politikus Indonesia. Ia adalah Wali Kota Samarinda periode 2021\u20132024. Bersama wakilnya, Rusmadi Wongso, mereka berhasil memenangkan pemilihan umum Wali Kota Samarinda 2020.[1] Ia pernah menjabat sebagai Anggota DPRD Provinsi Kalimantan Timur 3 periode yakni 1999\u20132004, 2004\u20132009 dan 2009\u20132014.\n",
            "profilePic": "https://upload.wikimedia.org/wikipedia/commons/thumb/8/82/Wali_Kota_Samarinda_Andi_Harun.png/1200px-Wali_Kota_Samarinda_Andi_Harun.png",
            "sites": {
                "name": "Wikipedia",
                "url": "https://id.wikipedia.org/wiki/Andi_Harun"
            },
            "communityID": "bb3a1057-cb37-484e-a2fc-fb07fcf6ddbf"
        },
        {
            "name": "Rusmadi Wongso",
            "description": "Ir. H. Rusmadi Wongso, M.S., Ph.D. (lahir 30 Oktober 1962[1]) adalah Wakil Wali Kota Samarinda periode 2021\u20142024. Ia adalah wakil dari Wali Kota Samarinda, Andi Harun.\n",
            "profilePic": "https://upload.wikimedia.org/wikipedia/commons/thumb/0/02/Wakil_Wali_Kota_Samarinda_Rusmadi_Wongso.png/1200px-Wakil_Wali_Kota_Samarinda_Rusmadi_Wongso.png",
            "sites": {
                "name": "Wikipedia",
                "url": "https://id.wikipedia.org/wiki/Rusmadi_Wongso"
            },
            "communityID": "bb3a1057-cb37-484e-a2fc-fb07fcf6ddbf"
        },
        {
            "name": "Zairin Zain",
            "description": "\n",
            "profilePic": "https://upload.wikimedia.org/wikipedia/commons/thumb/0/0f/Zairin_Zain%2C_Dubes_RI_untuk_Amerika_Serikat.jpg/1200px-Zairin_Zain%2C_Dubes_RI_untuk_Amerika_Serikat.jpg",
            "sites": {
                "name": "Wikipedia",
                "url": "https://id.wikipedia.org/wiki/Zairin_Zain"
            },
            "communityID": "bb3a1057-cb37-484e-a2fc-fb07fcf6ddbf"
        },
        {
            "name": "Dimyati Mustofa",
            "description": "",
            "profilePic": "",
            "sites": {},
            "communityID": "bb3a1057-cb37-484e-a2fc-fb07fcf6ddbf"
        },
        {
            "name": "Sarwono",
            "description": "",
            "profilePic": "",
            "sites": {},
            "communityID": "bb3a1057-cb37-484e-a2fc-fb07fcf6ddbf"
        },
        {
            "name": "Puji Setyowati",
            "description": "",
            "profilePic": "",
            "sites": {},
            "communityID": "bb3a1057-cb37-484e-a2fc-fb07fcf6ddbf"
        },
        {
            "name": "Masykur Sarmian",
            "description": "",
            "profilePic": "",
            "sites": {},
            "communityID": "bb3a1057-cb37-484e-a2fc-fb07fcf6ddbf"
        },
        {
            "name": "Hadi Mulyadi",
            "description": "H. Hadi Mulyadi, S.Si., M.Si.[2] (lahir 9 Mei 1968) adalah seorang politikus, pendakwah, dan pengajar Indonesia. Ia menjabat Wakil Gubernur Kalimantan Timur periode 2018\u20132023 bersama Gubernur Isran Noor.\n",
            "profilePic": "https://upload.wikimedia.org/wikipedia/commons/8/81/Wagub_Kaltim_Hadi_Mulyadi.jpg",
            "sites": {
                "name": "Wikipedia",
                "url": "https://id.wikipedia.org/wiki/Hadi_Mulyadi"
            },
            "communityID": "bb3a1057-cb37-484e-a2fc-fb07fcf6ddbf"
        },
        {
            "name": "Ipong Muchlissoni",
            "description": "Drs. H. Ipong Muchlissoni (lahir 29 April 1967) adalah politikus Indonesia. Ia adalah Bupati Ponorogo periode 2016\u20142021. Ia pernah menjabat sebagai Anggota DPRD Kalimantan Timur Fraksi PKB 2 periode yakni 1999\u20142004 dan 2004\u20142009.\n",
            "profilePic": "https://upload.wikimedia.org/wikipedia/commons/9/9e/KPU_Ipong_Muchlissoni.jpg",
            "sites": {
                "name": "Wikipedia",
                "url": "https://id.wikipedia.org/wiki/Ipong_Muchlissoni"
            },
            "communityID": "bb3a1057-cb37-484e-a2fc-fb07fcf6ddbf"
        },
        {
            "name": "Apri Gunawan",
            "description": "",
            "profilePic": "",
            "sites": {},
            "communityID": "bb3a1057-cb37-484e-a2fc-fb07fcf6ddbf"
        },
        {
            "name": "Gerardus Budisatrio Djiwandono",
            "description": "",
            "profilePic": "",
            "sites": {},
            "communityID": "bb3a1057-cb37-484e-a2fc-fb07fcf6ddbf"
        },
        {
            "name": "Emir Moeis",
            "description": "Ir. H. (Izedrik) Emir Moeis MSc (lahir 27 Agustus 1950) adalah politisi Indonesia dari fraksi Partai Demokrasi Indonesia Perjuangan (PDIP). Ia dilahirkan dari pasangan Inche Abdul Moeis dan Hj. Siti Aloeh Aminah. Ayahnya Moeis adalah seorang pejuang perwakilan Kalimantan Timur yang menghadiri Konferensi Meja Bundar di Belanda pada tahun 1948 dan juga Kepala Daerah Tingkat 1 Kaltim (Gubernur) pada tahun 1957.\n",
            "profilePic": "https://upload.wikimedia.org/wikipedia/commons/thumb/3/37/KPU_Emir_Moeis.jpg/1200px-KPU_Emir_Moeis.jpg",
            "sites": {
                "name": "Wikipedia",
                "url": "https://id.wikipedia.org/wiki/Emir_Moeis"
            },
            "communityID": "bb3a1057-cb37-484e-a2fc-fb07fcf6ddbf"
        },
        {
            "name": "Nabil Husein",
            "description": "",
            "profilePic": "",
            "sites": {},
            "communityID": "bb3a1057-cb37-484e-a2fc-fb07fcf6ddbf"
        }
    ],
    "path": "kota-samarinda",
    "source": "https://id.wikipedia.org/wiki/Pemilihan_umum_Wali_Kota_Samarinda_2024"
}