{
    "title": "Pemilihan umum Wali Kota Sabang 2024",
    "region": "Sabang",
    "level": "KOTA",
    "candidates": [
        {
            "name": "Dr. Mahfudhdinsyah",
            "description": "",
            "profilePic": "",
            "sites": {},
            "communityID": "7ccb5ca3-deff-437c-a34b-1ae7a69932c6"
        },
        {
            "name": "Nazaruddin (politikus)",
            "description": "Teungku Nazaruddin, S.I.Kom.,[1] lebih dikenal dengan nama Tgk. Agam (lahir 12 Maret 1972) adalah tokoh pejuang GAM. Dia pernah menjabat sebagai Sekretaris GAM Wilayah Pulo Aceh-Sabang dan Wali Kota Sabang periode 2017\u20142022.\n",
            "profilePic": "https://upload.wikimedia.org/wikipedia/commons/f/f9/KPU_Teungku_Nazaruddin.jpg",
            "sites": {
                "name": "Wikipedia",
                "url": "https://id.wikipedia.org/wiki/Nazaruddin_(politikus)"
            },
            "communityID": "7ccb5ca3-deff-437c-a34b-1ae7a69932c6"
        },
        {
            "name": "Zulkifli H. Adam",
            "description": "Zulkifli H. Adam (lahir 17 September 1975) adalah tokoh pejuang GAM. Dia pernah menjabat sebagai Bendahara GAM Wilayah Pulo Aceh-Sabang dan Wali Kota Sabang periode 2012\u20142017.\n",
            "profilePic": "",
            "sites": {
                "name": "Wikipedia",
                "url": "https://id.wikipedia.org/wiki/Zulkifli_H._Adam"
            },
            "communityID": "7ccb5ca3-deff-437c-a34b-1ae7a69932c6"
        },
        {
            "name": "Muhammad Iqbal",
            "description": "",
            "profilePic": "",
            "sites": {},
            "communityID": "7ccb5ca3-deff-437c-a34b-1ae7a69932c6"
        }
    ],
    "source": "https://id.wikipedia.org/wiki/Pemilihan_umum_Wali_Kota_Sabang_2024",
    "path": "kota-sabang"
}