{
    "title": "Pemilihan umum Wali Kota Batu 2024",
    "region": "Batu",
    "level": "KOTA",
    "candidates": [
        {
            "name": "Ganis Rumpoko",
            "description": "",
            "profilePic": "",
            "sites": {},
            "communityID": "cd83913f-0c3d-442a-bf36-0fb25c5a8c55"
        },
        {
            "name": "Nurochman",
            "description": "",
            "profilePic": "",
            "sites": {},
            "communityID": "cd83913f-0c3d-442a-bf36-0fb25c5a8c55"
        },
        {
            "name": "Heli Suyanto",
            "description": "",
            "profilePic": "",
            "sites": {},
            "communityID": "cd83913f-0c3d-442a-bf36-0fb25c5a8c55"
        },
        {
            "name": "Dewanti Rumpoko",
            "description": "Hj. Dra. Dewanti Rumpoko, M.Si. [1] (lahir 13 Desember 1962) adalah Wali Kota Batu periode 2017-2022. Ia menjabat sejak 27 Desember 2017 setelah dilantik Gubernur Jawa Timur, H. Soekarwo di Gedung Grahadi, Kota Surabaya. Ia mencatatkan diri sebagai wali kota perempuan pertama di Kota Batu. Pasangan Dewanti-Punjul Santoso ditetapkan sebagai pemenang Pemilihan umum Wali Kota Batu 2017 oleh KPU Kota Batu.\n",
            "profilePic": "",
            "sites": {
                "name": "Wikipedia",
                "url": "https://id.wikipedia.org/wiki/Dewanti_Rumpoko"
            },
            "communityID": "cd83913f-0c3d-442a-bf36-0fb25c5a8c55"
        },
        {
            "name": "Punjul Santoso",
            "description": "Ir. H. Punjul Santoso, S.H., M.M.[1] (lahir 21 Juli 1962) adalah Wakil Wali Kota Batu yang menjabat sejak tahun 2012 hingga sekarang. Beliau juga sempat menjabat sebagai Pelaksana Tugas Wali Kota Batu sejak September hingga Desember 2017 sebelum dilantik kembali sebagai Wakil Wali Kota Batu periode kedua (masa bakti 2017-2022).\n",
            "profilePic": "https://upload.wikimedia.org/wikipedia/commons/f/f6/KPU_Punjul_Santoso.jpg",
            "sites": {
                "name": "Wikipedia",
                "url": "https://id.wikipedia.org/wiki/Punjul_Santoso"
            },
            "communityID": "cd83913f-0c3d-442a-bf36-0fb25c5a8c55"
        },
        {
            "name": "Budiono Batu",
            "description": "",
            "profilePic": "",
            "sites": {},
            "communityID": "cd83913f-0c3d-442a-bf36-0fb25c5a8c55"
        },
        {
            "name": "Krisdayanti",
            "description": "",
            "profilePic": "https://upload.wikimedia.org/wikipedia/commons/6/64/Krisdayanti_DPR_Profile.jpg",
            "sites": {
                "name": "Wikipedia",
                "url": "https://id.wikipedia.org/wiki/Krisdayanti"
            },
            "communityID": "cd83913f-0c3d-442a-bf36-0fb25c5a8c55"
        },
        {
            "name": "Didik Mahmud",
            "description": "",
            "profilePic": "",
            "sites": {},
            "communityID": "cd83913f-0c3d-442a-bf36-0fb25c5a8c55"
        },
        {
            "name": "Noval Akbar",
            "description": "",
            "profilePic": "",
            "sites": {},
            "communityID": "cd83913f-0c3d-442a-bf36-0fb25c5a8c55"
        }
    ],
    "source": "https://id.wikipedia.org/wiki/Pemilihan_umum_Wali_Kota_Batu_2024",
    "path": "kota-batu"
}