{
    "title": "Pemilihan umum Wali Kota Parepare 2024",
    "region": "Parepare",
    "level": "KOTA",
    "candidates": [
        {
            "name": "Faisal Andi Sapada",
            "description": "Dr. Ir. H. Faisal Andi Sapada Mappangile, S.E., M.M. (2 Juli 1957\u00a0\u2013\u00a05 Juni 2024) adalah mantan birokrat dan politisi berkebangsaan Indonesia. Ia pernah menjabat sebagai Wakil Wali kota Parepare periode 2013-2018 dengan pasangan Wali Kota Taufan Pawe.[1] Setelah menuntaskan periodenya sebagai wakil wali kota, Faisal Andi Sapada dikukuhkan menjadi Addatuang Sidenreng pada Februari 2020 hingga akhir hayatnya pada Juni 2024\n",
            "profilePic": "https://upload.wikimedia.org/wikipedia/commons/4/4b/Faisal_Andi_Sapada.jpg",
            "sites": {
                "name": "Wikipedia",
                "url": "https://id.wikipedia.org/wiki/Faisal_Andi_Sapada"
            },
            "communityID": "5dd859fd-8020-44ba-b14c-3973058525ae"
        },
        {
            "name": "Erna Rasyid Taufan",
            "description": "",
            "profilePic": "",
            "sites": {},
            "communityID": "5dd859fd-8020-44ba-b14c-3973058525ae"
        },
        {
            "name": "Taqyuddin Djabbar",
            "description": "",
            "profilePic": "",
            "sites": {},
            "communityID": "5dd859fd-8020-44ba-b14c-3973058525ae"
        },
        {
            "name": "Surianto",
            "description": "",
            "profilePic": "",
            "sites": {},
            "communityID": "5dd859fd-8020-44ba-b14c-3973058525ae"
        },
        {
            "name": "Shafwan MR",
            "description": "",
            "profilePic": "",
            "sites": {},
            "communityID": "5dd859fd-8020-44ba-b14c-3973058525ae"
        },
        {
            "name": "Kaharuddin Kadir",
            "description": "",
            "profilePic": "",
            "sites": {},
            "communityID": "5dd859fd-8020-44ba-b14c-3973058525ae"
        },
        {
            "name": "Tasming Hamid",
            "description": "",
            "profilePic": "",
            "sites": {},
            "communityID": "5dd859fd-8020-44ba-b14c-3973058525ae"
        },
        {
            "name": "Rahmat Sjamsu Alam",
            "description": "",
            "profilePic": "",
            "sites": {},
            "communityID": "5dd859fd-8020-44ba-b14c-3973058525ae"
        },
        {
            "name": "Yasser Latif",
            "description": "",
            "profilePic": "",
            "sites": {},
            "communityID": "5dd859fd-8020-44ba-b14c-3973058525ae"
        },
        {
            "name": "Muhammad Zaini",
            "description": "",
            "profilePic": "",
            "sites": {},
            "communityID": "5dd859fd-8020-44ba-b14c-3973058525ae"
        },
        {
            "name": "Asy'ari Abdullah",
            "description": "",
            "profilePic": "",
            "sites": {},
            "communityID": "5dd859fd-8020-44ba-b14c-3973058525ae"
        }
    ],
    "source": "https://id.wikipedia.org/wiki/Pemilihan_umum_Wali_Kota_Parepare_2024",
    "path": "kota-parepare"
}