{
    "title": "Pemilihan umum Wali Kota Pekalongan 2024",
    "region": "Pekalongan",
    "level": "KOTA",
    "candidates": [
        {
            "name": "Achmad Afzan Arslan Djunaid",
            "description": "H. Achmad Afzan Arslan Djunaid, S.E. (lahir 20 September 1979) adalah Wali Kota Pekalongan yang menjabat periode 2021\u20132024 dan Wakil Wali Kota Pekalongan periode 2019\u20132021.\n",
            "profilePic": "https://upload.wikimedia.org/wikipedia/commons/6/63/Achmad_Afzan_Arslan_Djunaid.jpg",
            "sites": {
                "name": "Wikipedia",
                "url": "https://id.wikipedia.org/wiki/Achmad_Afzan_Arslan_Djunaid"
            },
            "communityID": "d39405b0-a8a5-455e-a508-849d13bdfc32"
        }
    ],
    "path": "kota-pekalongan",
    "source": "https://id.wikipedia.org/wiki/Pemilihan_umum_Wali_Kota_Pekalongan_2024"
}