{
    "title": "Pemilihan umum Wali Kota Semarang 2024",
    "region": "Semarang",
    "level": "KOTA",
    "candidates": [
        {
            "name": "Hevearita Gunaryanti Rahayu",
            "description": "Dr. Ir. Hj. Hevearita Gunaryanti Rahayu, M.Sos. (lahir 4 Mei 1966), dikenal dengan sapaan Mbak Ita, adalah seorang politikus Indonesia dari Partai Demokrasi Indonesia Perjuangan (PDIP) yang menjabat sebagai Wali Kota Semarang sejak 30 Januari 2023. Ia dua periode menjabat Wakil Wali Kota Semarang di bawah Wali Kota Hendrar Prihadi.[1]\n",
            "profilePic": "https://upload.wikimedia.org/wikipedia/commons/6/6c/Wakil_Wali_Kota_Semarang_Hevearita_Gunaryanti_Rahayu.png",
            "sites": {
                "name": "Wikipedia",
                "url": "https://id.wikipedia.org/wiki/Hevearita_Gunaryanti_Rahayu"
            },
            "communityID": "89d72f3d-423d-4f5a-9186-9e80a1a1a5a9"
        },
        {
            "name": "Yoyok Sukawi",
            "description": "Alamsyah Satyanegara Sukawijaya, S.E., M.M. (lahir 1 Maret 1978), dikenal dengan sapaan Yoyok Sukawi, adalah CEO klub sepak bola PSIS Semarang dan anggota Komisi X DPR RI fraksi Partai Demokrat periode 2019\u20132024 dan 2024\u20132029 dari daerah pemilihan Jawa Tengah I. Ia adalah putra Wali Kota Semarang ke-12, Sukawi Sutarip.[1]\n",
            "profilePic": "https://upload.wikimedia.org/wikipedia/commons/f/f5/KPU_Yoyok_Sukawi.jpg",
            "sites": {
                "name": "Wikipedia",
                "url": "https://id.wikipedia.org/wiki/Yoyok_Sukawi"
            },
            "communityID": "89d72f3d-423d-4f5a-9186-9e80a1a1a5a9"
        },
        {
            "name": "Ade Bhakti Ariawan",
            "description": "",
            "profilePic": "",
            "sites": {},
            "communityID": "89d72f3d-423d-4f5a-9186-9e80a1a1a5a9"
        }
    ],
    "path": "kota-semarang",
    "source": "https://id.wikipedia.org/wiki/Pemilihan_umum_Wali_Kota_Semarang_2024"
}