{
    "title": "Pemilihan umum Wali Kota Pariaman 2024",
    "region": "Pariaman",
    "level": "KOTA",
    "candidates": [
        {
            "name": ":",
            "description": "",
            "profilePic": "",
            "sites": {},
            "communityID": "7bce3b8b-c6ca-4e48-8150-2a7787be1c8c"
        },
        {
            "name": ":",
            "description": "",
            "profilePic": "",
            "sites": {},
            "communityID": "7bce3b8b-c6ca-4e48-8150-2a7787be1c8c"
        },
        {
            "name": ":",
            "description": "",
            "profilePic": "",
            "sites": {},
            "communityID": "7bce3b8b-c6ca-4e48-8150-2a7787be1c8c"
        },
        {
            "name": ":",
            "description": "",
            "profilePic": "",
            "sites": {},
            "communityID": "7bce3b8b-c6ca-4e48-8150-2a7787be1c8c"
        },
        {
            "name": ":",
            "description": "",
            "profilePic": "",
            "sites": {},
            "communityID": "7bce3b8b-c6ca-4e48-8150-2a7787be1c8c"
        },
        {
            "name": ": Pengusaha",
            "description": "",
            "profilePic": "",
            "sites": {},
            "communityID": "7bce3b8b-c6ca-4e48-8150-2a7787be1c8c"
        },
        {
            "name": ": Pengusaha properti",
            "description": "",
            "profilePic": "",
            "sites": {},
            "communityID": "7bce3b8b-c6ca-4e48-8150-2a7787be1c8c"
        },
        {
            "name": ": Sekretaris Daerah Kota Pariaman",
            "description": "",
            "profilePic": "",
            "sites": {},
            "communityID": "7bce3b8b-c6ca-4e48-8150-2a7787be1c8c"
        },
        {
            "name": ": Kepala Badan Pengelolaan Keuangan Daerah Kota Pariaman",
            "description": "",
            "profilePic": "",
            "sites": {},
            "communityID": "7bce3b8b-c6ca-4e48-8150-2a7787be1c8c"
        }
    ],
    "path": "kota-pariaman",
    "source": "https://id.wikipedia.org/wiki/Pemilihan_umum_Wali_Kota_Pariaman_2024"
}