{
    "title": "Pemilihan umum Wali Kota Pekanbaru 2024",
    "region": "Pekanbaru",
    "level": "KOTA",
    "candidates": [
        {
            "name": "Parisman Ihwan",
            "description": "",
            "profilePic": "",
            "sites": {},
            "communityID": "b7feb5be-3e45-406e-a8ed-0bc6a12f51ba"
        },
        {
            "name": "H.Agung Nugroho S.E",
            "description": "",
            "profilePic": "",
            "sites": {},
            "communityID": "b7feb5be-3e45-406e-a8ed-0bc6a12f51ba"
        },
        {
            "name": "Muflihun",
            "description": "Muflihun, S.STP., M.AP. (lahir di Pekanbaru, Riau, (1978-02-22)22 Februari 1978) adalah birokrat Indonesia yang menjadi Penjabat Wali Kota Pekanbaru sejak 2022 hingga diperpanjang kembali jabatannya mulai tanggal 23 Mei 2023 hingga akhir masa jabatan.[1][2]Ia adalah mantan Sekretaris Dewan Perwakilan Rakyat Daerah Provinsi Riau pada 2020-2022[3]. Ia diangkat menjadi Penjabat Wali Kota Pekanbaru melalui Surat Keputusan dari Menteri Dalam Negeri (Mendagri), Tito Karnavian tanggal 13 Mei 2022 dan dilantik oleh Gubernur Riau, Syamsuar pada 23 Mei 2022 di Pekanbaru. Muflihun dikenal dengan Pj. Wali Kota Pekanbaru yang peduli dengan kebersihan dan lingkungan.[4]\n",
            "profilePic": "https://upload.wikimedia.org/wikipedia/commons/8/84/MUFLIHUN.jpg",
            "sites": {
                "name": "Wikipedia",
                "url": "https://id.wikipedia.org/wiki/Muflihun"
            },
            "communityID": "b7feb5be-3e45-406e-a8ed-0bc6a12f51ba"
        },
        {
            "name": "Berkas:Misharti, Anggota DPD RI 2019-2024.jpg",
            "description": "Perbuatan yang tidak dianggap sebagai pelanggaran Hak Cipta meliputi:\n",
            "profilePic": "https://upload.wikimedia.org/wikipedia/commons/b/b8/Misharti%2C_Anggota_DPD_RI_2019-2024.jpg",
            "sites": {
                "name": "Wikipedia",
                "url": "https://id.wikipedia.org/wiki/Berkas:Misharti,_Anggota_DPD_RI_2019-2024.jpg"
            },
            "communityID": "b7feb5be-3e45-406e-a8ed-0bc6a12f51ba"
        },
        {
            "name": "Ida Yulita Susanti",
            "description": "",
            "profilePic": "",
            "sites": {},
            "communityID": "b7feb5be-3e45-406e-a8ed-0bc6a12f51ba"
        },
        {
            "name": "Aidil Amri",
            "description": "",
            "profilePic": "",
            "sites": {},
            "communityID": "b7feb5be-3e45-406e-a8ed-0bc6a12f51ba"
        },
        {
            "name": "Nofrizal",
            "description": "",
            "profilePic": "",
            "sites": {},
            "communityID": "b7feb5be-3e45-406e-a8ed-0bc6a12f51ba"
        },
        {
            "name": "Muhammad Aulia",
            "description": "Muhammad Aulia atau yang disapa akrab Olly (lahir 30 November 1993) adalah anggota DPRD Provinsi Riau termuda periode 2019-2024. Dalam bisnis sehari-hari juga menjabat sebagai Chief Operational Officer, dimana bertanggung jawab atas setiap aktivitas, mulai dari perencanaan hingga pelaksanaan di Aulia Hospital. \n",
            "profilePic": "https://upload.wikimedia.org/wikipedia/commons/thumb/f/fa/HSYM62711.jpg/1200px-HSYM62711.jpg",
            "sites": {
                "name": "Wikipedia",
                "url": "https://id.wikipedia.org/wiki/Muhammad_Aulia"
            },
            "communityID": "b7feb5be-3e45-406e-a8ed-0bc6a12f51ba"
        },
        {
            "name": "Sofyan Siroj Abdul Wahab",
            "description": "",
            "profilePic": "",
            "sites": {},
            "communityID": "b7feb5be-3e45-406e-a8ed-0bc6a12f51ba"
        },
        {
            "name": "Ade Hartati Rahmat",
            "description": "",
            "profilePic": "",
            "sites": {},
            "communityID": "b7feb5be-3e45-406e-a8ed-0bc6a12f51ba"
        },
        {
            "name": "Zulfan Hafiz",
            "description": "",
            "profilePic": "",
            "sites": {},
            "communityID": "b7feb5be-3e45-406e-a8ed-0bc6a12f51ba"
        }
    ],
    "path": "kota-pekanbaru",
    "source": "https://id.wikipedia.org/wiki/Pemilihan_umum_Wali_Kota_Pekanbaru_2024"
}