{
    "title": "Pemilihan umum Wali Kota Kendari 2024",
    "region": "Kendari",
    "level": "KOTA",
    "candidates": [
        {
            "name": "Siska Karina Imran",
            "description": "dr. Hj. Siska Karina Imran, S.K.M. (lahir 22 Desember 1988) adalah seorang politikus Indonesia yang pernah menjabat Wakil Walikota Kendari sisa masa jabatan 2017\u20132022. Ia dilantik oleh Gubernur Sulawesi Tenggara Ali Mazi pada Rabu 6 Mei 2020.[1][2]\n",
            "profilePic": "https://upload.wikimedia.org/wikipedia/commons/d/db/Karina_Siska.jpg",
            "sites": {
                "name": "Wikipedia",
                "url": "https://id.wikipedia.org/wiki/Siska_Karina_Imran"
            },
            "communityID": "f8bca46b-a42d-4b6b-a087-042ec2e57781"
        },
        {
            "name": "Asmawa Tosepu",
            "description": "Asmawa Tosepu, A.P., M.Si , (lahir 15 Oktober 1974) merupakan Birokrat lulusan Institut Pemerintahan Dalam Negeri (IPDN) tahun 1997 yang saat ini menjabat sebagai Kepala Biro Umum Kementerian Dalam Negeri (Kemendagri). Dan Penjabat Bupati Bogor \n",
            "profilePic": "https://upload.wikimedia.org/wikipedia/commons/5/5b/Asmawa_Tosepu.png",
            "sites": {
                "name": "Wikipedia",
                "url": "https://id.wikipedia.org/wiki/Asmawa_Tosepu"
            },
            "communityID": "f8bca46b-a42d-4b6b-a087-042ec2e57781"
        },
        {
            "name": "Musadar Mappasomba",
            "description": "Musadar Mappasomba, S.P., M.P. Limbung,Gowa 14 Desember 1970 (umur\u00a053) adalah seorang wakil wali kota Kota Kendari periode 2007-2012 sejak 13 Agustus 2007, berpasangan dengan Asrun. Pada Pilkada Kendari 2012, Ia kembali maju menjadi wakil wali kota bersama Asrun untuk periode 2012-2017. Pasangan ini kembali terpilih dan dilantik oleh Gubernur Sulawesi Tenggara, Nur Alam pada 8 Oktober 2012[1]\n",
            "profilePic": "",
            "sites": {
                "name": "Wikipedia",
                "url": "https://id.wikipedia.org/wiki/Musadar_Mappasomba"
            },
            "communityID": "f8bca46b-a42d-4b6b-a087-042ec2e57781"
        },
        {
            "name": "Dewan Perwakilan Rakyat Daerah Provinsi Sulawesi Tenggara",
            "description": "Oposisi (9)\n",
            "profilePic": "https://upload.wikimedia.org/wikipedia/commons/thumb/d/d7/DPRD_Provinsi_Sulawesi_Tenggara_2019.svg/1200px-DPRD_Provinsi_Sulawesi_Tenggara_2019.svg.png",
            "sites": {
                "name": "Wikipedia",
                "url": "https://id.wikipedia.org/wiki/Dewan_Perwakilan_Rakyat_Daerah_Provinsi_Sulawesi_Tenggara"
            },
            "communityID": "f8bca46b-a42d-4b6b-a087-042ec2e57781"
        },
        {
            "name": "Dewan Perwakilan Rakyat Daerah Provinsi Sulawesi Tenggara",
            "description": "Oposisi (9)\n",
            "profilePic": "https://upload.wikimedia.org/wikipedia/commons/thumb/d/d7/DPRD_Provinsi_Sulawesi_Tenggara_2019.svg/1200px-DPRD_Provinsi_Sulawesi_Tenggara_2019.svg.png",
            "sites": {
                "name": "Wikipedia",
                "url": "https://id.wikipedia.org/wiki/Dewan_Perwakilan_Rakyat_Daerah_Provinsi_Sulawesi_Tenggara"
            },
            "communityID": "f8bca46b-a42d-4b6b-a087-042ec2e57781"
        },
        {
            "name": "Dewan Perwakilan Rakyat Daerah Provinsi Sulawesi Tenggara",
            "description": "Oposisi (9)\n",
            "profilePic": "https://upload.wikimedia.org/wikipedia/commons/thumb/d/d7/DPRD_Provinsi_Sulawesi_Tenggara_2019.svg/1200px-DPRD_Provinsi_Sulawesi_Tenggara_2019.svg.png",
            "sites": {
                "name": "Wikipedia",
                "url": "https://id.wikipedia.org/wiki/Dewan_Perwakilan_Rakyat_Daerah_Provinsi_Sulawesi_Tenggara"
            },
            "communityID": "f8bca46b-a42d-4b6b-a087-042ec2e57781"
        },
        {
            "name": "Dewan Perwakilan Rakyat Daerah Provinsi Sulawesi Tenggara",
            "description": "Oposisi (9)\n",
            "profilePic": "https://upload.wikimedia.org/wikipedia/commons/thumb/d/d7/DPRD_Provinsi_Sulawesi_Tenggara_2019.svg/1200px-DPRD_Provinsi_Sulawesi_Tenggara_2019.svg.png",
            "sites": {
                "name": "Wikipedia",
                "url": "https://id.wikipedia.org/wiki/Dewan_Perwakilan_Rakyat_Daerah_Provinsi_Sulawesi_Tenggara"
            },
            "communityID": "f8bca46b-a42d-4b6b-a087-042ec2e57781"
        },
        {
            "name": "Dewan Perwakilan Rakyat Daerah Kota Kendari",
            "description": "Dewan Perwakilan Rakyat Daerah Kota Kendari (disingkat DPRD Kendari) adalah lembaga perwakilan rakyat daerah tingkat kota yang ada di Kota Kendari, Sulawesi Tenggara. DPRD Kendari memiliki 35 anggota yang tersebar di 9 partai politik, dengan perolehan suara mayoritas diraih oleh Partai Keadilan Sejahtera.\n",
            "profilePic": "https://upload.wikimedia.org/wikipedia/id/9/90/Lambang_DPRD_Kota_Kendari.jpg",
            "sites": {
                "name": "Wikipedia",
                "url": "https://id.wikipedia.org/wiki/Dewan_Perwakilan_Rakyat_Daerah_Kota_Kendari"
            },
            "communityID": "f8bca46b-a42d-4b6b-a087-042ec2e57781"
        },
        {
            "name": "Dewan Perwakilan Rakyat Daerah Kota Kendari",
            "description": "Dewan Perwakilan Rakyat Daerah Kota Kendari (disingkat DPRD Kendari) adalah lembaga perwakilan rakyat daerah tingkat kota yang ada di Kota Kendari, Sulawesi Tenggara. DPRD Kendari memiliki 35 anggota yang tersebar di 9 partai politik, dengan perolehan suara mayoritas diraih oleh Partai Keadilan Sejahtera.\n",
            "profilePic": "https://upload.wikimedia.org/wikipedia/id/9/90/Lambang_DPRD_Kota_Kendari.jpg",
            "sites": {
                "name": "Wikipedia",
                "url": "https://id.wikipedia.org/wiki/Dewan_Perwakilan_Rakyat_Daerah_Kota_Kendari"
            },
            "communityID": "f8bca46b-a42d-4b6b-a087-042ec2e57781"
        },
        {
            "name": "Dewan Perwakilan Rakyat Daerah Kota Kendari",
            "description": "Dewan Perwakilan Rakyat Daerah Kota Kendari (disingkat DPRD Kendari) adalah lembaga perwakilan rakyat daerah tingkat kota yang ada di Kota Kendari, Sulawesi Tenggara. DPRD Kendari memiliki 35 anggota yang tersebar di 9 partai politik, dengan perolehan suara mayoritas diraih oleh Partai Keadilan Sejahtera.\n",
            "profilePic": "https://upload.wikimedia.org/wikipedia/id/9/90/Lambang_DPRD_Kota_Kendari.jpg",
            "sites": {
                "name": "Wikipedia",
                "url": "https://id.wikipedia.org/wiki/Dewan_Perwakilan_Rakyat_Daerah_Kota_Kendari"
            },
            "communityID": "f8bca46b-a42d-4b6b-a087-042ec2e57781"
        },
        {
            "name": "Sitya Giona Nur Alam",
            "description": "",
            "profilePic": "",
            "sites": {},
            "communityID": "f8bca46b-a42d-4b6b-a087-042ec2e57781"
        },
        {
            "name": "Abdul Rahman",
            "description": "",
            "profilePic": "",
            "sites": {},
            "communityID": "f8bca46b-a42d-4b6b-a087-042ec2e57781"
        },
        {
            "name": "Dewan Perwakilan Rakyat Daerah Kota Kendari",
            "description": "Dewan Perwakilan Rakyat Daerah Kota Kendari (disingkat DPRD Kendari) adalah lembaga perwakilan rakyat daerah tingkat kota yang ada di Kota Kendari, Sulawesi Tenggara. DPRD Kendari memiliki 35 anggota yang tersebar di 9 partai politik, dengan perolehan suara mayoritas diraih oleh Partai Keadilan Sejahtera.\n",
            "profilePic": "https://upload.wikimedia.org/wikipedia/id/9/90/Lambang_DPRD_Kota_Kendari.jpg",
            "sites": {
                "name": "Wikipedia",
                "url": "https://id.wikipedia.org/wiki/Dewan_Perwakilan_Rakyat_Daerah_Kota_Kendari"
            },
            "communityID": "f8bca46b-a42d-4b6b-a087-042ec2e57781"
        }
    ],
    "source": "https://id.wikipedia.org/wiki/Pemilihan_umum_Wali_Kota_Kendari_2024",
    "path": "kota-kendari"
}