{
    "title": "Pemilihan umum Wali Kota Bandar Lampung 2024",
    "region": "Bandar Lampung",
    "level": "KOTA",
    "candidates": [
        {
            "name": "Eva Dwiana",
            "description": "Hj. Eva Dwiana, S.E atau yang lebih dikenal sebagai Bunda Eva (lahir 25 April 1970) adalah politikus Partai Demokrasi Indonesia Perjuangan yang menjabat Wali Kota Bandar Lampung periode 2021\u20132024. Ia merupakan istri dari Wali Kota Bandar Lampung periode 2010\u20132015 dan 2016\u20132021 Herman HN. Sebelumnya, ia berkursi sebagai anggota DPRD Provinsi Lampung periode 2014\u20132019 dan 2019\u20132024.\n",
            "profilePic": "https://upload.wikimedia.org/wikipedia/commons/8/82/Eva_dwiyana_mayor.png",
            "sites": {
                "name": "Wikipedia",
                "url": "https://id.wikipedia.org/wiki/Eva_Dwiana"
            },
            "communityID": "cb71b7bc-5b59-4529-a847-d4832ac00929"
        },
        {
            "name": "Rycko Menoza",
            "description": "Rycko Menoza Sjachroedin Zainal Pagaralam atau biasa dikenal Rycko Menoza SZP (lahir 30 Agustus 1971) adalah Bupati Kabupaten Lampung Selatan yang menjabat sejak tahun 2010.[2] Ia juga merupakan putra dari mantan Gubernur Lampung, Sjachroedin ZP\n",
            "profilePic": "https://upload.wikimedia.org/wikipedia/commons/3/3a/KPU_Rycko_Menoza.jpg",
            "sites": {
                "name": "Wikipedia",
                "url": "https://id.wikipedia.org/wiki/Rycko_Menoza"
            },
            "communityID": "cb71b7bc-5b59-4529-a847-d4832ac00929"
        },
        {
            "name": "Handitya Narapati",
            "description": "Handitya Narapati Sjachroedin Zainal Abidin Pagaralam (lahir 09 September 1979) merupakan mantan Wakil Bupati Pringsewu periode 2011-2016. Ia adalah anak dari mantan Gubernur Lampung Sjachroedin ZP dan cucu dari Zainal Abidin Pagaralam sekaligus saudara kandung mantan Bupati Lampung Selatan periode 2011-2016, Rycko Menoza.[1] Ia merupakan ketua Ikatan Motor Indonesia Provinsi Lampung.[2][3]\n",
            "profilePic": "https://upload.wikimedia.org/wikipedia/commons/4/4a/KPU_Handitya_Narapati.jpg",
            "sites": {
                "name": "Wikipedia",
                "url": "https://id.wikipedia.org/wiki/Handitya_Narapati"
            },
            "communityID": "cb71b7bc-5b59-4529-a847-d4832ac00929"
        },
        {
            "name": "Febrina Lesisie Tantina",
            "description": "",
            "profilePic": "",
            "sites": {},
            "communityID": "cb71b7bc-5b59-4529-a847-d4832ac00929"
        },
        {
            "name": "Rahmat Mirzani Djausal",
            "description": "",
            "profilePic": "",
            "sites": {},
            "communityID": "cb71b7bc-5b59-4529-a847-d4832ac00929"
        },
        {
            "name": "Iqbal Ardiansyah",
            "description": "",
            "profilePic": "",
            "sites": {},
            "communityID": "cb71b7bc-5b59-4529-a847-d4832ac00929"
        }
    ],
    "path": "kota-bandar-lampung",
    "source": "https://id.wikipedia.org/wiki/Pemilihan_umum_Wali_Kota_Bandar_Lampung_2024"
}