{
    "title": "Pemilihan umum Wali Kota Blitar 2024",
    "region": "Blitar",
    "level": "KOTA",
    "candidates": [
        {
            "name": "Santoso (politikus Blitar)",
            "description": "Drs. H. Santoso, M.Pd.[1] (lahir 15 Januari 1961) adalah politikus Indonesia yang menjabat Wali Kota Blitar sejak 2021. Sebelumnya ia menjabat Wakil Wali Kota Blitar antara 2016 hingga 2019 dan Pelaksana Tugas Wali Kota Blitar (2019\u20132020) sebelum dilantik sebagai Wali Kota definitif sisa masa bakti 2016\u20132021.\n",
            "profilePic": "https://upload.wikimedia.org/wikipedia/commons/thumb/2/23/Wali_Kota_Blitar_Drs._SANTOSO%2C_M.Pd.jpg/1200px-Wali_Kota_Blitar_Drs._SANTOSO%2C_M.Pd.jpg",
            "sites": {
                "name": "Wikipedia",
                "url": "https://id.wikipedia.org/wiki/Santoso_(politikus)"
            },
            "communityID": "2acb799c-0137-4c65-b243-43db0078a166"
        },
        {
            "name": "Syahrul Alim",
            "description": "",
            "profilePic": "",
            "sites": {},
            "communityID": "2acb799c-0137-4c65-b243-43db0078a166"
        }
    ],
    "path": "kota-blitar",
    "source": "https://id.wikipedia.org/wiki/Pemilihan_umum_Wali_Kota_Blitar_2024"
}