{
    "title": "Pemilihan umum Wali Kota Yogyakarta 2024",
    "region": "Yogyakarta",
    "level": "KOTA",
    "candidates": [
        {
            "name": "Heroe Poerwadi",
            "description": "Drs. Heroe Poerwadi, MA (lahir 17 Januari 1966) adalah Wakil Wali Kota Yogyakarta yang menjabat sejak 22 Mei 2017.\n",
            "profilePic": "https://upload.wikimedia.org/wikipedia/commons/thumb/b/be/Wakil_Wali_Kota_Heroe_Poerwadi-_M9A5119.jpg/1200px-Wakil_Wali_Kota_Heroe_Poerwadi-_M9A5119.jpg",
            "sites": {
                "name": "Wikipedia",
                "url": "https://id.wikipedia.org/wiki/Heroe_Poerwadi"
            },
            "communityID": "a3639632-f72c-456e-b978-8c104a2aadb7"
        },
        {
            "name": "Prabukusuma",
            "description": "Sri Sultan Hamengkubawana XGKR Hemas\n",
            "profilePic": "https://upload.wikimedia.org/wikipedia/commons/thumb/8/83/Yogyakarta_Sultanate_Hamengkubhuwono_X_Emblem.svg/1200px-Yogyakarta_Sultanate_Hamengkubhuwono_X_Emblem.svg.png",
            "sites": {
                "name": "Wikipedia",
                "url": "https://id.wikipedia.org/wiki/Prabukusuma"
            },
            "communityID": "a3639632-f72c-456e-b978-8c104a2aadb7"
        },
        {
            "name": "Imam Priyono (politikus)",
            "description": "Imam Priyono Dwi Putranto, S.E., M.Si. ( Aksara Jawa = \ua986\ua9a9\ua9a9\ua9c0\ua9a5\ua9bf\ua9b6\ua9aa\ua9ba\ua9b4\ua9a4\ua9ba\ua9b4\ua9a2\ua9c0\ua9ae\ua9b6\ua9a5\ua9b8\ua9a0\ua9bf\ua9a4\ua9c0\ua9a0\ua9ba\ua9b4, lahir 4 September 1964)[1] merupakan seorang wakil wali kota Yogyakarta periode 2011-2016. Pada pemilihan umum Wali Kota Yogyakarta 2017, ia mendaftarkan diri sebagai bakal calon wali kota Yogyakarta di Komisi Pemilihan Umum (KPU) Kota Yogyakarta berpasangan dengan Achmad Fadli dengan diusung partai PDIP, PKB dan Nasdem.[2]\n",
            "profilePic": "https://upload.wikimedia.org/wikipedia/commons/e/e8/KPU_Imam_Priyono_Dwi_Putranto.jpg",
            "sites": {
                "name": "Wikipedia",
                "url": "https://id.wikipedia.org/wiki/Imam_Priyono_(politikus)"
            },
            "communityID": "a3639632-f72c-456e-b978-8c104a2aadb7"
        },
        {
            "name": "Yudhaningrat",
            "description": "Sri Sultan Hamengkubawana XGKR Hemas\n",
            "profilePic": "https://upload.wikimedia.org/wikipedia/commons/thumb/8/82/Yudhaningrat_as_a_Commander_of_Royal_Troops_of_Yogyakarta.jpg/1200px-Yudhaningrat_as_a_Commander_of_Royal_Troops_of_Yogyakarta.jpg",
            "sites": {
                "name": "Wikipedia",
                "url": "https://id.wikipedia.org/wiki/Yudhaningrat"
            },
            "communityID": "a3639632-f72c-456e-b978-8c104a2aadb7"
        },
        {
            "name": "Muhammad Afnan Hadikusumo",
            "description": "Muhammad Afnan Hadikusumo (lahir 6 Februari 1967) adalah seorang politikus Indonesia.\u00a0Ia merupakan putera keempat dari tujuh bersaudara dari pasangan Hibrizie Hadikusumo dengan Siti Maryam.\n",
            "profilePic": "https://upload.wikimedia.org/wikipedia/commons/3/33/Senator_Muhammad_Afnan_Hadikusumo.jpg",
            "sites": {
                "name": "Wikipedia",
                "url": "https://id.wikipedia.org/wiki/Muhammad_Afnan_Hadikusumo"
            },
            "communityID": "a3639632-f72c-456e-b978-8c104a2aadb7"
        },
        {
            "name": "Bambang Atmanto Wiyogo",
            "description": "Bambang Atmanto Wiyogo, S.E.  (lahir 30 Januari 1958) adalah seorang politikus Indonesia. Ia menjabat sebagai Anggota DPR-RI dari 2014 hingga 2019 mewakili daerah pemilihan DKI Jakarta I.[1] Ia merupakan anak kandung dari mantan Gubernur DKI Jakarta, Wiyogo Atmodarminto.\n",
            "profilePic": "",
            "sites": {
                "name": "Wikipedia",
                "url": "https://id.wikipedia.org/wiki/Bambang_Atmanto_Wiyogo"
            },
            "communityID": "a3639632-f72c-456e-b978-8c104a2aadb7"
        },
        {
            "name": "Tri Kirana Muslidatun",
            "description": "",
            "profilePic": "",
            "sites": {},
            "communityID": "a3639632-f72c-456e-b978-8c104a2aadb7"
        },
        {
            "name": "M. Busyro Muqoddas",
            "description": "Dr. H. M. Busyro Muqoddas, S.H., M.Hum. (lahir 17 Juli 1952) adalah wakil ketua Komisi Pemberantasan Korupsi Indonesia yang pernah menjabat sebagai ketua Komisi Pemberantasan Korupsi Indonesia Menggantikan Ketua KPK Antasari Azhar, Busyro dilantik dan diambil sumpah oleh Presiden RI pada 20 Desember 2010. Sebelumnya, Busyro merupakan ketua merangkap anggota Komisi Yudisial RI periode 2005-2010.\n",
            "profilePic": "https://upload.wikimedia.org/wikipedia/commons/c/c4/Busyro_Muqoddas_KPK_2011-2015.jpg",
            "sites": {
                "name": "Wikipedia",
                "url": "https://id.wikipedia.org/wiki/M._Busyro_Muqoddas"
            },
            "communityID": "a3639632-f72c-456e-b978-8c104a2aadb7"
        },
        {
            "name": "Eko Suwanto (Politikus PDI Perjuangan",
            "description": "",
            "profilePic": "",
            "sites": {},
            "communityID": "a3639632-f72c-456e-b978-8c104a2aadb7"
        },
        {
            "name": "Danang Rudiyatmoko (Politikus PDI Perjuangan",
            "description": "",
            "profilePic": "",
            "sites": {},
            "communityID": "a3639632-f72c-456e-b978-8c104a2aadb7"
        },
        {
            "name": "RM Sinarbiyat Nujanat (Politikus Partai Gerindra",
            "description": "",
            "profilePic": "",
            "sites": {},
            "communityID": "a3639632-f72c-456e-b978-8c104a2aadb7"
        },
        {
            "name": "Muhammad Zuhrif Hudaya (Politikus Partai Gelora)",
            "description": "",
            "profilePic": "",
            "sites": {},
            "communityID": "a3639632-f72c-456e-b978-8c104a2aadb7"
        },
        {
            "name": "Wiendu Nuryanti",
            "description": "Prof. Dr. Ir. Wiendu Nuryanti, M.Arch., Ph.D. (lahir 15 Mei 1959) adalah akademisi yang menjabat Wakil Menteri Pendidikan dan Kebudayaan Indonesia bidang kebudayaan periode 2011\u20132014. Dengan latar belakang profesional dalam arsitektur dan perencanaan kota, Prof. Dr. Wiendu Nuryanti diakui sebagai ahli terkemuka pada isu-isu budaya, pariwisata dan pembangunan berada di Indonesia. Beliau adalah Profesor penuh Arsitektur dan Pariwisata Perencanaan di Departemen Teknik Arsitektur dan Perencanaan, Fakultas Teknik Universitas Gadjah Mada Yogyakarta, Indonesia.\n",
            "profilePic": "https://upload.wikimedia.org/wikipedia/commons/thumb/b/bc/Wiendu_Nuryanti.jpg/971px-Wiendu_Nuryanti.jpg",
            "sites": {
                "name": "Wikipedia",
                "url": "https://id.wikipedia.org/wiki/Wiendu_Nuryanti"
            },
            "communityID": "a3639632-f72c-456e-b978-8c104a2aadb7"
        },
        {
            "name": "Alwin Basri",
            "description": "",
            "profilePic": "",
            "sites": {},
            "communityID": "a3639632-f72c-456e-b978-8c104a2aadb7"
        }
    ],
    "path": "kota-yogyakarta",
    "source": "https://id.wikipedia.org/wiki/Pemilihan_umum_Wali_Kota_Yogyakarta_2024"
}