{
    "title": "Pemilihan umum Gubernur Jawa Tengah 2024",
    "region": "Jawa Tengah",
    "level": "PROVINSI",
    "candidates": [
        {
            "name": "Taj Yasin Maimoen",
            "description": "K.H. Taj Yasin Maimoen (lahir 2 Juli 1983), dikenal dengan sapaan Gus Yasin, merupakan Wakil Gubernur Jawa Tengah periode 2018\u20132023. Ia adalah wakil dari Gubernur Jawa Tengah, Ganjar Pranowo.\n",
            "profilePic": "https://upload.wikimedia.org/wikipedia/commons/3/32/Taj_Yasin_Maimoen%2C_Wagub_Jateng.jpg",
            "sites": {
                "name": "Wikipedia",
                "url": "https://id.wikipedia.org/wiki/Taj_Yasin_Maimoen"
            },
            "communityID": "52e3b3b8-3f28-44ec-9017-8c57cc43bdf5"
        },
        {
            "name": "Hendrar Prihadi",
            "description": "Dr. Hendrar Prihadi, S.E., M.M. (lahir 30 Maret 1971), dikenal dengan sapaan Hendi, adalah Kepala Lembaga Kebijakan Pengadaan Barang/Jasa Pemerintah yang menjabat sejak tanggal 10 Oktober 2022. Sebelumnya, ia pernah menjabat sebagai Wali Kota Semarang selama dua periode dan Wakil Wali Kota Semarang.\n",
            "profilePic": "https://upload.wikimedia.org/wikipedia/commons/thumb/f/fa/Ketua_LKPP_Hendrar_Prihadi.jpg/1200px-Ketua_LKPP_Hendrar_Prihadi.jpg",
            "sites": {
                "name": "Wikipedia",
                "url": "https://id.wikipedia.org/wiki/Hendrar_Prihadi"
            },
            "communityID": "52e3b3b8-3f28-44ec-9017-8c57cc43bdf5"
        },
        {
            "name": "Sudaryono",
            "description": "",
            "profilePic": "",
            "sites": {},
            "communityID": "52e3b3b8-3f28-44ec-9017-8c57cc43bdf5"
        },
        {
            "name": "Dico Ganinduto",
            "description": "Dico M. Ganinduto, B.Sc. (lahir 19 Februari 1990) adalah seorang politikus Indonesia dari Partai Golkar yang menjabat sebagai Bupati Kendal sejak 26 Februari 2021. Sebelumnya, ia adalah seorang pengusaha yang mencalonkan diri dalam pemilihan calon legislatif DPR RI Dapil 1 Jawa Tengah pada tahun 2018. Dico juga menjabat sebagai Presiden PERMIAS (Persatuan Mahasiswa Indonesia - AS) University of Tulsa pada tahun 2011-2012.\n",
            "profilePic": "https://upload.wikimedia.org/wikipedia/commons/6/6d/Dico_M_Ganinduto.jpg",
            "sites": {
                "name": "Wikipedia",
                "url": "https://id.wikipedia.org/wiki/Dico_Ganinduto"
            },
            "communityID": "52e3b3b8-3f28-44ec-9017-8c57cc43bdf5"
        },
        {
            "name": "Bambang Wuryanto",
            "description": "Ir. Bambang Wuryanto, MBA (lahir 17 Juli 1956),[1] yang dikenal dengan nama Bambang Pacul1 adalah seorang politikus berkebangsaan Indonesia yang menjabat sebagai anggota Dewan Perwakilan Rakyat untuk daerah pemilihan Jawa Tengah IV sejak tahun 2004. Ia mengawali kiprah politiknya saat bergabung dengan Partai Demokrasi Indonesia Perjuangan (PDI-P) pada 2000.\n",
            "profilePic": "https://upload.wikimedia.org/wikipedia/commons/thumb/5/54/Anggota_DPR_Bambang_Wuryanto.jpg/1200px-Anggota_DPR_Bambang_Wuryanto.jpg",
            "sites": {
                "name": "Wikipedia",
                "url": "https://id.wikipedia.org/wiki/Bambang_Wuryanto"
            },
            "communityID": "52e3b3b8-3f28-44ec-9017-8c57cc43bdf5"
        },
        {
            "name": "Muhammad Yusuf Chudlori",
            "description": "K.H. Muhammad Yusuf Chudlori atau lebih dikenal dengan sebutan Gus Yusuf (lahir 9 Juli 1973) adalah budayawan dan ulama berkebangsaan Indonesia.\n\n",
            "profilePic": "",
            "sites": {
                "name": "Wikipedia",
                "url": "https://id.wikipedia.org/wiki/Muhammad_Yusuf_Chudlori"
            },
            "communityID": "52e3b3b8-3f28-44ec-9017-8c57cc43bdf5"
        },
        {
            "name": "Ahmad Luthfi",
            "description": "Irjen. Pol. Drs. Ahmad Luthfi, S.H., S.St.M.K. (lahir 22 November 1966) adalah seorang perwira tinggi Polri yang sejak 1 Mei 2020 menjabat sebagai Kepala Kepolisian Daerah Jawa Tengah.[1]\n",
            "profilePic": "https://upload.wikimedia.org/wikipedia/id/d/d5/Irjen_Pol_Ahmad_Luthfi.jpg",
            "sites": {
                "name": "Wikipedia",
                "url": "https://id.wikipedia.org/wiki/Ahmad_Luthfi"
            },
            "communityID": "52e3b3b8-3f28-44ec-9017-8c57cc43bdf5"
        }
    ],
    "path": "provinsi-jawa-tengah",
    "source": "https://id.wikipedia.org/wiki/Pemilihan_umum_Gubernur_Jawa_Tengah_2024"
}