{
    "title": "Pemilihan umum Gubernur Bengkulu 2024",
    "region": "Bengkulu",
    "level": "PROVINSI",
    "candidates": [
        {
            "name": "Rohidin Mersyah",
            "description": "Prof. Dr. drh. H. Rohidin Mersyah, MMA. gelar Rajo Agung II[1] (lahir 9 Januari 1970) adalah Gubernur Bengkulu dua periode 2018\u20132021 dan 2021\u20132024. Sebelumnya, Ia pernah menjabat sebagai Wakil Gubernur Bengkulu periode 2016\u20132017 dan Wakil Bupati Bengkulu Selatan periode 2010\u20132015.\n",
            "profilePic": "https://upload.wikimedia.org/wikipedia/commons/6/68/Gubernur_Bengkulu_Rohidin_Mersyah_%28Periode_II%29.jpg",
            "sites": {
                "name": "Wikipedia",
                "url": "https://id.wikipedia.org/wiki/Rohidin_Mersyah"
            },
            "communityID": "d9779c62-5f21-4899-880a-fd5e77203ceb"
        },
        {
            "name": "Rosjonsyah Syahili",
            "description": "Dr. H. Rosjonsyah Syahili Sibarani, S.I.P., M.Si.[1] (lahir 18 Februari 1964) adalah Wakil Gubernur Bengkulu periode 2021\u20132024\n",
            "profilePic": "https://upload.wikimedia.org/wikipedia/commons/b/b6/Wakil_Gubernur_Bengkulu_Rosjonsyah.jpg",
            "sites": {
                "name": "Wikipedia",
                "url": "https://id.wikipedia.org/wiki/Rosjonsyah_Syahili"
            },
            "communityID": "d9779c62-5f21-4899-880a-fd5e77203ceb"
        },
        {
            "name": "Sultan Bachtiar Najamudin",
            "description": "H. Sultan Baktiar Najamudin, S.Sos., M.Si. (lahir 11 Mei 1979) adalah Wakil Ketua III DPD RI Periode 2019-2024 yang berasal dari daerah pemilihan Bengkulu dengan perolehan suara 191.499. Ia sebelumnya adalah wakil Gubernur Bengkulu yang menggantikan Junaidi Hamsyah.\n",
            "profilePic": "https://upload.wikimedia.org/wikipedia/commons/0/08/Wakil_Ketua_DPD_RI_Sultan_Bachtiar_Najamudin.jpg",
            "sites": {
                "name": "Wikipedia",
                "url": "https://id.wikipedia.org/wiki/Sultan_Bachtiar_Najamudin"
            },
            "communityID": "d9779c62-5f21-4899-880a-fd5e77203ceb"
        },
        {
            "name": "Helmi Hasan",
            "description": "H. Helmi Hasan, S.E. (lahir 29 November 1979) adalah politisi Indonesia dari Partai Amanat Nasional. Ia adalah Wali Kota Bengkulu periode 2013\u20142018 dan 2018\u20142023. Helmi merupakan adik Wakil Ketua Majelis Permusyawaratan Rakyat Republik Indonesia Zulkifli Hasan.\n",
            "profilePic": "https://upload.wikimedia.org/wikipedia/commons/e/e6/Helmi_Hasan_Wali_Kota.png",
            "sites": {
                "name": "Wikipedia",
                "url": "https://id.wikipedia.org/wiki/Helmi_Hasan"
            },
            "communityID": "d9779c62-5f21-4899-880a-fd5e77203ceb"
        },
        {
            "name": "Estu Eren, S.Kom",
            "description": "",
            "profilePic": "",
            "sites": {},
            "communityID": "d9779c62-5f21-4899-880a-fd5e77203ceb"
        },
        {
            "name": "Hidayattullah Sjahid",
            "description": "Hidayattullah Sjahid (lahir 26 Juli 1957) adalah bupati kedua Kabupaten Kepahiang yang sebelumnya dipercaya sebagai Penjabat Bupati pertama Kabupaten tersebut dalam masa jabatan 14 Januari 2004 hingga 1 April 2005. Dalam pemilihan kepala daerah langsung pada tahun 2005, ia gagal meraih jabatannya sebagai Bupati Kepahiang. Kemudian, ia bersama Netti Herawati yang dipercayanya sebagai wakil bupati untuk mendampinginya berhasil memenangkan pemilihan kepala daerah Kabupaten Kepahiang yang diadakan pada 9 Desember 2015. Pada pilkada Kabupaten Kepahiang tahun 2020, ia kembali mencalonkan diri dan terpilih kembali, berpasangan dengan H. Zurdi Nata, S.IP.\n",
            "profilePic": "https://upload.wikimedia.org/wikipedia/commons/thumb/3/36/Hidayattullah_Sjahid.jpg/1200px-Hidayattullah_Sjahid.jpg",
            "sites": {
                "name": "Wikipedia",
                "url": "https://id.wikipedia.org/wiki/Hidayatullah_Sjahid"
            },
            "communityID": "d9779c62-5f21-4899-880a-fd5e77203ceb"
        },
        {
            "name": "Mian",
            "description": "Ir. H. Mian (lahir 8 April 1964) adalah Bupati Bengkulu Utara 2 periode yakni 2016\u20142021 dan 2021\u20142024.\n",
            "profilePic": "https://upload.wikimedia.org/wikipedia/id/d/d1/Mian-RegentofNorthBengkulu.JPG",
            "sites": {
                "name": "Wikipedia",
                "url": "https://id.wikipedia.org/wiki/Mian"
            },
            "communityID": "d9779c62-5f21-4899-880a-fd5e77203ceb"
        },
        {
            "name": "Gusnan Mulyadi",
            "description": "Gusnan Mulyadi, S.E., M.M. (lahir 28 Agustus 1968) adalah Bupati Bengkulu Selatan periode 2019\u20142021.[1]\n",
            "profilePic": "https://upload.wikimedia.org/wikipedia/commons/0/0b/Gusnan_Mulyadi.jpg",
            "sites": {
                "name": "Wikipedia",
                "url": "https://id.wikipedia.org/wiki/Gusnan_Mulyadi"
            },
            "communityID": "d9779c62-5f21-4899-880a-fd5e77203ceb"
        },
        {
            "name": "Ferry Ramli",
            "description": "Dr. H. Ferry Ramli, S.H., M.H. (lahir 28 Oktober 1964) adalah Bupati Bengkulu Tengah 2 periode yakni 2012\u20132017 dan 2017\u20132022.[1]\n",
            "profilePic": "https://upload.wikimedia.org/wikipedia/commons/f/fe/Bupati_Bengkulu_Tengah_Ferry_Ramli.jpg",
            "sites": {
                "name": "Wikipedia",
                "url": "https://id.wikipedia.org/wiki/Ferry_Ramli"
            },
            "communityID": "d9779c62-5f21-4899-880a-fd5e77203ceb"
        },
        {
            "name": "Ahmad Kanedi",
            "description": "H. Ahmad Kanedi, S.H., M.H. gelar Datuk Rangkayo Batuah (lahir 24 Desember 1961) adalah Anggota DPD RI dua periode yakni 2014\u20132019 dan 2019\u20132024. Sebelumnya, ia menjabat sebagai Wali Kota Bengkulu periode 2007\u20132012.\n",
            "profilePic": "https://upload.wikimedia.org/wikipedia/commons/3/37/Senator_Ahmad_Kanedi.jpg",
            "sites": {
                "name": "Wikipedia",
                "url": "https://id.wikipedia.org/wiki/Ahmad_Kanedi"
            },
            "communityID": "d9779c62-5f21-4899-880a-fd5e77203ceb"
        },
        {
            "name": "Dewi Coryati",
            "description": "Dewi Coryati (lahir 9 Agustus 1964) adalah politikus Indonesia yang menjabat sebagai anggota DPR-RI selama tiga periode (2009\u20132014, 2014\u20132019, dan 2019\u20132024). Ia mewakili daerah pemilihan Bengkulu. Dewi merupakan kader Partai Amanat Nasional. Saat ini, ia duduk di Komisi X.[1]\n",
            "profilePic": "https://upload.wikimedia.org/wikipedia/commons/thumb/2/29/Anggota_DPR_Dewi_Coryati.jpg/1200px-Anggota_DPR_Dewi_Coryati.jpg",
            "sites": {
                "name": "Wikipedia",
                "url": "https://id.wikipedia.org/wiki/Dewi_Coryati"
            },
            "communityID": "d9779c62-5f21-4899-880a-fd5e77203ceb"
        },
        {
            "name": "Supratman",
            "description": "Irjen. Pol. (Purn.) Drs. Supratman (lahir 29 Juni 1962) adalah seorang Purnawirawan Polri yang terakhir menjabat sebagai Analis Kebijakan Utama Bidang Sespim Lemdiklat Polri.[1]\n",
            "profilePic": "",
            "sites": {
                "name": "Wikipedia",
                "url": "https://id.wikipedia.org/wiki/Supratman"
            },
            "communityID": "d9779c62-5f21-4899-880a-fd5e77203ceb"
        },
        {
            "name": "Sulaiman Kohar",
            "description": "H. Sulaiman Kohar, S.H., M.H.[1] (lahir 22 Februari 1955) adalah birokrat dan politikus Indonesia yang menjabat sebagai Wakil Wali Kota Lubuklinggau 2 periode yakni 2013\u20142018 dan 2018\u20142023. Ia adalah wakil dari Wali Kota Lubuklinggau, SN Prana Putra Sohe.\n",
            "profilePic": "",
            "sites": {
                "name": "Wikipedia",
                "url": "https://id.wikipedia.org/wiki/Sulaiman_Kohar"
            },
            "communityID": "d9779c62-5f21-4899-880a-fd5e77203ceb"
        },
        {
            "name": "Patrice Rio Capella",
            "description": "Patrice Rio Capella, S.H. (lahir 16 April 1969) saat ini adalah Sekretaris Jenderal Partai NasDem yang sebelumnya menjadi Ketua Umum Partai NasDem.[2] Ia juga pernah menjabat sebagai Ketua DPW PAN Provinsi Bengkulu. Selain itu, Ia juga pernah menjadi Wakil Ketua DPRD Provinsi Bengkulu periode 2004-2009.[3]\n",
            "profilePic": "https://upload.wikimedia.org/wikipedia/commons/thumb/9/9d/KPU_Patrice_Rio_Capella.jpg/1200px-KPU_Patrice_Rio_Capella.jpg",
            "sites": {
                "name": "Wikipedia",
                "url": "https://id.wikipedia.org/wiki/Patrice_Rio_Capella"
            },
            "communityID": "d9779c62-5f21-4899-880a-fd5e77203ceb"
        }
    ],
    "path": "provinsi-bengkulu",
    "source": "https://id.wikipedia.org/wiki/Pemilihan_umum_Gubernur_Bengkulu_2024"
}