{
    "title": "Pemilihan umum Gubernur Maluku 2024",
    "region": "Maluku",
    "level": "PROVINSI",
    "candidates": [
        {
            "name": "Tuasikal Abua",
            "description": "Tuasikal Abua adalah seorang politikus asal Indonesia. Ia pernah menjabat sebagai Bupati Maluku Tengah selama dua periode, yakni periode 2012\u20132017 dan periode 2017\u20132022.\n",
            "profilePic": "",
            "sites": {
                "name": "Wikipedia",
                "url": "https://id.wikipedia.org/wiki/Tuasikal_Abua"
            },
            "communityID": "c968b6ac-6876-40b3-86af-0e4ec38d22b4"
        },
        {
            "name": "Abdullah Vanath",
            "description": "",
            "profilePic": "",
            "sites": {},
            "communityID": "c968b6ac-6876-40b3-86af-0e4ec38d22b4"
        },
        {
            "name": "Barnabas Orno",
            "description": "",
            "profilePic": "",
            "sites": {},
            "communityID": "c968b6ac-6876-40b3-86af-0e4ec38d22b4"
        },
        {
            "name": "Febry Tetelepta",
            "description": "Febry Calvin Tetelepta, S.Fil., M.H. atau yang lebih disingkat dengan sebagai (FCT). (Lahir di Ambon, 14 Februari 1969).[1] Adalah Deputi I Kantor Staf Presiden Republik Indonesia. Dalam bidang infrastruktur, energi, dan investasi.[2] \n",
            "profilePic": "https://upload.wikimedia.org/wikipedia/commons/c/c4/Febry_Calvin_Tetelepta.png",
            "sites": {
                "name": "Wikipedia",
                "url": "https://id.wikipedia.org/wiki/Febry_Tetelepta"
            },
            "communityID": "c968b6ac-6876-40b3-86af-0e4ec38d22b4"
        },
        {
            "name": "Hendrik Lewerissa",
            "description": "Hendrik Lewerissa (lahir 2 Maret 1968) adalah seorang politikus Indonesia yang menjabat sebagai anggota DPR-RI periode 2019\u20132024. Ia mewakili daerah pemilihan Maluku. Hendrik merupakan kader Partai Gerakan Indonesia Raya, ia bertugas di Komisi VI.[1]\n",
            "profilePic": "https://upload.wikimedia.org/wikipedia/commons/thumb/6/63/Hendrick_lewerissa.jpg/1200px-Hendrick_lewerissa.jpg",
            "sites": {
                "name": "Wikipedia",
                "url": "https://id.wikipedia.org/wiki/Hendrik_Lewerissa"
            },
            "communityID": "c968b6ac-6876-40b3-86af-0e4ec38d22b4"
        },
        {
            "name": "Jeffry Apoly Rahawarin",
            "description": "Letnan Jenderal TNI (Purn.) Jeffry Apoly Rahawarin, S.I.P. (lahir 21 Januari 1964) merupakan seorang purnawirawan TNI-AD. Ia menjabat sebagai Deputi Bidang Pengelolaan Infrastruktur Kawasan Perbatasan BNPP sejak 8 Juni 2022.\n",
            "profilePic": "https://upload.wikimedia.org/wikipedia/commons/thumb/6/67/Letjen_TNI_Jeffry_Apoly_Rahawarin.jpg/1200px-Letjen_TNI_Jeffry_Apoly_Rahawarin.jpg",
            "sites": {
                "name": "Wikipedia",
                "url": "https://id.wikipedia.org/wiki/Jeffry_Apoly_Rahawarin"
            },
            "communityID": "c968b6ac-6876-40b3-86af-0e4ec38d22b4"
        },
        {
            "name": "Michael Wattimena",
            "description": "Michael Wattimena (lahir 12 Januari 1969) adalah seorang politikus Indonesia. Ia menjabat sebagai Anggota DPR-RI dari 2009 hingga 2019 mewakili daerah pemilihan Papua Barat.[1] Michael merupakan kader Partai Demokrat dan duduk di Komisi IV sebagai wakil ketua.[2]\n",
            "profilePic": "https://upload.wikimedia.org/wikipedia/commons/1/17/KPU_Michael_Wattimena.jpg",
            "sites": {
                "name": "Wikipedia",
                "url": "https://id.wikipedia.org/wiki/Michael_Wattimena"
            },
            "communityID": "c968b6ac-6876-40b3-86af-0e4ec38d22b4"
        },
        {
            "name": "Murad Ismail",
            "description": "Irjen. Pol. (Purn.) Drs. Murad Ismail, S.H., M.H. (lahir 11 September 1961) adalah Gubernur Maluku yang menjabat sejak tahun 2019.[1] Ia merupakan purnawirawan perwira tinggi Polri yang memiliki jabatan terakhir sebagai Analis Kebijakan Utama Bidang Brigade Mobil Korps Brimob Polri.\n",
            "profilePic": "https://upload.wikimedia.org/wikipedia/commons/thumb/a/aa/Murad_Ismail%2C_Gubernur_Maluku.jpg/1200px-Murad_Ismail%2C_Gubernur_Maluku.jpg",
            "sites": {
                "name": "Wikipedia",
                "url": "https://id.wikipedia.org/wiki/Murad_Ismail"
            },
            "communityID": "c968b6ac-6876-40b3-86af-0e4ec38d22b4"
        },
        {
            "name": "Saadiah Uluputty",
            "description": "Saadiah Uluputty, S.T. (lahir 7 April 1973) adalah seorang politikus Indonesia dari Partai Keadilan Sejahtera yang menjabat Anggota Dewan Perwakilan Rakyat Republik Indonesia sejak 2019 dari Provinsi Maluku. Sebelumnya, ia berkursi sebagai Anggota Dewan Perwakilan Rakyat Daerah (DPRD) Provinsi Maluku dua periode sejak 2009 hingga 2019. Ia lahir di Desa Negeri Lima, Kabupaten Maluku Tengah.  Beberapa aktivitas yang langsung maupun tidak langsung di luar tugas utamanya sebagai legislator, menjadi keunggulan tersendiri bagi Saadiah Uluputty. Dia konsen di bidang pendidikan dan masih intens mengurus berbagai hal berkaitan dengan penguatan kapasitas dan profesionalitas guru di Maluku.\n",
            "profilePic": "https://upload.wikimedia.org/wikipedia/commons/c/cb/Saadiah_Uluputty_DPR.jpg",
            "sites": {
                "name": "Wikipedia",
                "url": "https://id.wikipedia.org/wiki/Sa%27adiah_Uluputty"
            },
            "communityID": "c968b6ac-6876-40b3-86af-0e4ec38d22b4"
        },
        {
            "name": "Said Latuconsina",
            "description": "Brigadir Jenderal TNI (Mar) Said Latuconsina, S.E., M.M., M.T.  (lahir 13 Agustus 1970) adalah seorang perwira tinggi TNI-AL yang sejak 2 Agustus 2021 mengemban amanat sebagai Komandan Lantamal IX Ambon.[1]\n",
            "profilePic": "https://upload.wikimedia.org/wikipedia/commons/thumb/d/d2/Komandan_Lantamal_IX_Said_Latuconsina.jpg/1200px-Komandan_Lantamal_IX_Said_Latuconsina.jpg",
            "sites": {
                "name": "Wikipedia",
                "url": "https://id.wikipedia.org/wiki/Said_Latuconsina"
            },
            "communityID": "c968b6ac-6876-40b3-86af-0e4ec38d22b4"
        }
    ],
    "source": "https://id.wikipedia.org/wiki/Pemilihan_umum_Gubernur_Maluku_2024",
    "path": "provinsi-maluku"
}