{
    "title": "Pemilihan umum Gubernur Nusa Tenggara Timur 2024",
    "region": "Nusa Tenggara Timur",
    "level": "PROVINSI",
    "candidates": [
        {
            "name": "Yohanis Fransiskus Lema",
            "description": "Yohanis Fransiskus Lema, S.IP, M.Si. atau Ansy Lema (lahir 27 Maret 1976) adalah politikus Indonesia yang menjabat sebagai anggota DPR-RI periode 2019\u20132024. Ia mewakili daerah pemilihan Nusa Tenggara Timur II, yang meliputi Kabupaten Sumba Timur, Kabupaten Sumba Barat, Kabupaten Sumba Tengah, Kabupaten Sumba Barat Daya, Kabupaten Sabu Raijua, Kabupaten Timor Tengah Selatan, Kabupaten Timor Tengah Utara, Kabupaten Belu, Kabupaten Malaka, Kabupaten Kupang, Kabupaten Rote Ndao, dan Kota Kupang. Yohanis merupakan kader Partai Demokrasi Indonesia Perjuangan, ia duduk di Komisi IV.[1]\n",
            "profilePic": "https://upload.wikimedia.org/wikipedia/commons/thumb/6/60/Ansy-Lema-Banteng.jpg/1200px-Ansy-Lema-Banteng.jpg",
            "sites": {
                "name": "Wikipedia",
                "url": "https://id.wikipedia.org/wiki/Yohanis_Fransiskus_Lema"
            },
            "communityID": "c0d47e64-883c-4f66-839b-372f3e50373b"
        },
        {
            "name": "Julie Sutrisno",
            "description": "Julie Sutrisno, B.B.A. (lahir 17 Juni 1972) adalah politikus Partai NasDem yang menjabat sebagai anggota DPR-RI sejak 27 Februari 2020 menggantikan Johnny Gerard Plate yang telah dilantik sebagai Menteri Komunikasi dan Informatika Kabinet Indonesia Maju pada 23 Oktober 2019.[1] Ia mewakili daerah pemilihan Nusa Tenggara Timur I, yang meliputi Kabupaten Alor, Kabupaten Lembata, Kabupaten Flores Timur, Kabupaten Sikka, Kabupaten Ende, Kabupaten Ngada, Kabupaten Manggarai, Kabupaten Manggarai Timur, Kabupaten Manggarai Barat, dan Kabupaten Nagekeo. Saat ini, ia duduk di Komisi IV.\nSebelumnya, Beliau mengawali karir dengan mengikuti ajang Puteri Indonesia 1994 mewakili provinsi Nusa Tenggara Timur\n",
            "profilePic": "https://upload.wikimedia.org/wikipedia/commons/thumb/6/62/DPR_Julie_Sutrisno_Laiskodat.jpg/1200px-DPR_Julie_Sutrisno_Laiskodat.jpg",
            "sites": {
                "name": "Wikipedia",
                "url": "https://id.wikipedia.org/wiki/Julie_Sutrisno"
            },
            "communityID": "c0d47e64-883c-4f66-839b-372f3e50373b"
        },
        {
            "name": "Josef Nae Soi",
            "description": "Drs. Josef Nae Soi, M.M.[1] (lahir 22 September 1953) adalah Wakil Gubernur Nusa Tenggara Timur periode 2018\u20142023 mendampingi Gubernur Nusa Tenggara Timur Viktor Laiskodat.\n",
            "profilePic": "",
            "sites": {
                "name": "Wikipedia",
                "url": "https://id.wikipedia.org/wiki/Josef_Nae_Soi"
            },
            "communityID": "c0d47e64-883c-4f66-839b-372f3e50373b"
        },
        {
            "name": "Ayub Titu Eki",
            "description": "Drs. Ayub Titu Eki, M.S., Ph.D.[1] (lahir 5 Desember 1956) adalah seorang politikus Indonesia yang pernah menjabat sebagai Bupati Kupang 2 periode yakni 2009\u20132014 dan 2014\u20132018.\n",
            "profilePic": "https://upload.wikimedia.org/wikipedia/commons/thumb/0/06/KPU_Ayub_Titu_Eki.jpg/1200px-KPU_Ayub_Titu_Eki.jpg",
            "sites": {
                "name": "Wikipedia",
                "url": "https://id.wikipedia.org/wiki/Ayub_Titu_Eki"
            },
            "communityID": "c0d47e64-883c-4f66-839b-372f3e50373b"
        },
        {
            "name": "Jefirstson Richset Riwu Kore",
            "description": "Dr. Jefirstson Richset Riwu Kore, MM., MH[1] atau lebih dikenal dengan Jefri Riwu Kore (lahir 13 Januari 1960) adalah Wali Kota Kupang periode 2017-2022.\n",
            "profilePic": "https://upload.wikimedia.org/wikipedia/commons/9/9c/Wali_Kota_Kupang_Jefirstson_R._Riwu_Kore.jpg",
            "sites": {
                "name": "Wikipedia",
                "url": "https://id.wikipedia.org/wiki/Jefirstson_Richset_Riwu_Kore"
            },
            "communityID": "c0d47e64-883c-4f66-839b-372f3e50373b"
        },
        {
            "name": "Raymundus Sau Fernandes",
            "description": "Raymundus Sau Fernandes, S.Pt (lahir 31 Agustus 1972) adalah politikus Indonesia yang pernah menjabat sebagai Bupati Timor Tengah Utara pada masa jabatan periode 2010-2015 dan perode 2016-2021.[1]\n",
            "profilePic": "https://upload.wikimedia.org/wikipedia/commons/thumb/e/e1/KPU_Raymundus_Sau_Fernandes.jpg/1200px-KPU_Raymundus_Sau_Fernandes.jpg",
            "sites": {
                "name": "Wikipedia",
                "url": "https://id.wikipedia.org/wiki/Raymundus_Sau_Fernandes"
            },
            "communityID": "c0d47e64-883c-4f66-839b-372f3e50373b"
        },
        {
            "name": "Emanuel Melkiades Laka Lena",
            "description": "Apt. Emanuel Melkiades Laka Lena, S.Farm.  (lahir 10 Desember 1976) adalah politikus Indonesia yang menjabat sebagai anggota DPR-RI periode 2019\u20132024. Ia mewakili daerah pemilihan Nusa Tenggara Timur II, yang meliputi Kabupaten Sumba Timur, Kabupaten Sumba Barat, Kabupaten Sumba Tengah, Kabupaten Sumba Barat Daya, Kabupaten Sabu Raijua, Kabupaten Timor Tengah Selatan, Kabupaten Timor Tengah Utara, Kabupaten Belu, Kabupaten Malaka, Kabupaten Kupang, Kabupaten Rote Ndao, dan Kota Kupang. Emanuel merupakan kader Partai Golongan Karya, ia duduk di Komisi IX dan dipercaya sebagai Wakil Ketua Komisi IX.[1]\n",
            "profilePic": "https://upload.wikimedia.org/wikipedia/commons/b/b7/Anggota_DPR_Emanuel_Melkiades_Laka_Lena.jpg",
            "sites": {
                "name": "Wikipedia",
                "url": "https://id.wikipedia.org/wiki/Emanuel_Melkiades_Laka_Lena"
            },
            "communityID": "c0d47e64-883c-4f66-839b-372f3e50373b"
        },
        {
            "name": "Emelia Julia Nomleni",
            "description": "Ir. Emelia Julia Nomleni (lahir 19 September 1966) adalah seorang politisi Indonesia yang merupakan politisi senior Partai Demokrasi Indonesia Perjuangan yang menjabat sebagai Ketua DPRD Nusa Tenggara Timur sejak 4 Oktober 2019.[1] Nomleni merupakan anggota DPRD Nusa Tenggara Timur mewakili daerah pemilihan Nusa Tenggara Timur 8 yang meliputi Kabupaten Timor Tengah Selatan.\n",
            "profilePic": "https://upload.wikimedia.org/wikipedia/commons/c/c1/KPU_Emelia_Julia_Nomleni.jpg",
            "sites": {
                "name": "Wikipedia",
                "url": "https://id.wikipedia.org/wiki/Emelia_Julia_Nomleni"
            },
            "communityID": "c0d47e64-883c-4f66-839b-372f3e50373b"
        },
        {
            "name": "Johanis Asadoma",
            "description": "Irjen. Pol. (Purn.) Drs. Johanis Asadoma, S.I.K., M.Hum. (lahir 8 Januari 1966) adalah seorang purnawirawan Polri yang jabatan terakhirnya adalah Analis Kebijakan Utama Bidang Misinter Divhubinter Polri.\n",
            "profilePic": "https://upload.wikimedia.org/wikipedia/commons/5/5d/Irjen_Johni_Asadoma.jpg",
            "sites": {
                "name": "Wikipedia",
                "url": "https://id.wikipedia.org/wiki/Johanis_Asadoma"
            },
            "communityID": "c0d47e64-883c-4f66-839b-372f3e50373b"
        },
        {
            "name": "Benny K. Harman",
            "description": "Dr. Harman Benediktus Kabur, S.H., M.H. (lahir 19 September 1962) atau lebih dikenal dengan nama Benny Kabur Harman merupakan seorang politikus Partai Demokrat yang menjabat sebagai Dewan Perwakilan Rakyat empat periode sejak 2004. Benny tercatat pernah mengikuti Pemilihan umum Gubernur Nusa Tenggara Timur sebanyak dua kali yaitu 2013 dan 2018.[4]\n",
            "profilePic": "https://upload.wikimedia.org/wikipedia/commons/thumb/b/b0/KPU_Benny_Kabur_Harman.jpg/1200px-KPU_Benny_Kabur_Harman.jpg",
            "sites": {
                "name": "Wikipedia",
                "url": "https://id.wikipedia.org/wiki/Benny_K._Harman"
            },
            "communityID": "c0d47e64-883c-4f66-839b-372f3e50373b"
        },
        {
            "name": "Joachim Lopez",
            "description": "",
            "profilePic": "",
            "sites": {},
            "communityID": "c0d47e64-883c-4f66-839b-372f3e50373b"
        },
        {
            "name": "Titus Emanuel Adopehan Hery Dosinaen",
            "description": "",
            "profilePic": "",
            "sites": {},
            "communityID": "c0d47e64-883c-4f66-839b-372f3e50373b"
        }
    ],
    "source": "https://id.wikipedia.org/wiki/Pemilihan_umum_Gubernur_Nusa_Tenggara_Timur_2024",
    "path": "provinsi-nusa-tenggara-timur"
}