{
    "title": "Pemilihan umum Gubernur Kalimantan Barat 2024",
    "region": "Kalimantan Barat",
    "level": "PROVINSI",
    "candidates": [
        {
            "name": "Sutarmidji",
            "description": "H. Sutarmidji, S.H., M.Hum. (lahir 29 November 1962) adalah Gubernur Kalimantan barat periode 2018-2023 yang sebelumnya menjabat Wali Kota Pontianak. Di bawah kepemimpinannya sebagai Wali kota, dia berhasil membuat banyak kemajuan pembangunan kota, terutama di bidang infrastruktur.\n",
            "profilePic": "https://upload.wikimedia.org/wikipedia/commons/8/87/Gubernur_Kalimantan_Barat_Sutarmidji.jpg",
            "sites": {
                "name": "Wikipedia",
                "url": "https://id.wikipedia.org/wiki/Sutarmidji"
            },
            "communityID": "f6ff58fd-4335-41b2-9873-860b53b4ce6d"
        },
        {
            "name": "Lasarus",
            "description": "Lasarus, S.Sos., M.Si. (lahir 15 Juni 1970) adalah seorang politikus Indonesia. Saat ini ia menjabat sebagai Anggota DPR-RI sejak 2009 mewakili daerah pemilihan Kalimantan Barat II. Lasarus merupakan kader Partai Demokrasi Indonesia Perjuangan dan duduk di Komisi V sebagai ketua komisi.[1]\n",
            "profilePic": "https://upload.wikimedia.org/wikipedia/commons/0/01/Anggota_DPR_Lasarus.jpg",
            "sites": {
                "name": "Wikipedia",
                "url": "https://id.wikipedia.org/wiki/Lasarus"
            },
            "communityID": "f6ff58fd-4335-41b2-9873-860b53b4ce6d"
        },
        {
            "name": "Sujiwo",
            "description": "Sujiwo, S.E., M.Sos., (lahir 5 September 1969) adalah Wakil Bupati Kubu Raya periode 2019\u20132024,[1] ia berpasangan dengan Muda Mahendrawan pada Pilkada 2018, ia menduduki kursi legislator di tingkat Kabupaten (DPRD) selama empat periode berturut-turut.\n",
            "profilePic": "https://upload.wikimedia.org/wikipedia/commons/d/d4/Wakil_Bupati_Kubu_Raya_Sujiwo.jpg",
            "sites": {
                "name": "Wikipedia",
                "url": "https://id.wikipedia.org/wiki/Sujiwo"
            },
            "communityID": "f6ff58fd-4335-41b2-9873-860b53b4ce6d"
        },
        {
            "name": "Ria Norsan",
            "description": "Drs. H. Ria Norsan, M.M., M.H. (lahir 17 Desember 1967) adalah Wakil Gubernur Kalimantan Barat yang menjabat sejak 5 September 2018.\n",
            "profilePic": "https://upload.wikimedia.org/wikipedia/commons/c/cd/Ria_Norsan%2C_Wakil_Gubernur_Kalimantan_Barat_%28potret_2%29.jpg",
            "sites": {
                "name": "Wikipedia",
                "url": "https://id.wikipedia.org/wiki/Ria_Norsan"
            },
            "communityID": "f6ff58fd-4335-41b2-9873-860b53b4ce6d"
        },
        {
            "name": "Karolin Margret Natasa",
            "description": "dr. Karolin Margret Natasa (lahir 12 Maret 1982) adalah politikus Partai Demokrasi Indonesia Perjuangan, mantan anggota DPR RI periode 2009\u20132014 dan 2014\u20132019 dari daerah pemilihan Kalimantan Barat, mantan Bupati kabupaten Landak periode 2017\u20132022.[2][3] Dia menjadi perempuan pertama yang menjabat sebagai Ketua Umum dalam organisasi Orang Muda Katolik.\n",
            "profilePic": "https://upload.wikimedia.org/wikipedia/commons/6/6d/Karolin_Margret_Natasa_bupati_landak.jpg",
            "sites": {
                "name": "Wikipedia",
                "url": "https://id.wikipedia.org/wiki/Karolin_Margret_Natasa"
            },
            "communityID": "f6ff58fd-4335-41b2-9873-860b53b4ce6d"
        },
        {
            "name": "Daud Yordan",
            "description": "Daud \"Cino\" Yordan  (lahir 10 Juni 1987) adalah petinju profesional asal Indonesia yang menjadi juara dunia dua kali versi badan tinju IBO, ia juara pada kelas featherweight dan lightweight pada masa yang berbeda. Cino adalah nama julukan pemberian yang diberikan oleh mantan pelatihnya semasa amatir, Carlos Jesus Renate Tores, asal Kuba, merujuk pada kata Chino dalam bahasa Spanyol yang berarti 'Cina', karena wajahnya yang sangat kental khas oriental (Cina). Daud Yordan sendiri dan ayahnya, Hermanus Lay Tjun adalah orang Tionghoa-Indonesia, dan ibunya adalah orang Dayak, Nathalia.\n",
            "profilePic": "https://upload.wikimedia.org/wikipedia/commons/thumb/1/1d/KPU_Daud_Yordan.jpg/1200px-KPU_Daud_Yordan.jpg",
            "sites": {
                "name": "Wikipedia",
                "url": "https://id.wikipedia.org/wiki/Daud_Yordan"
            },
            "communityID": "f6ff58fd-4335-41b2-9873-860b53b4ce6d"
        },
        {
            "name": "Milton Crosby",
            "description": "Drs. Milton Crosby, M.Si. (lahir 18 Juni 1959) adalah Bupati Sintang, Kalimantan Barat, yang menjabat selama dua periode, yakni 2005\u20132010 dan 2010\u20132015.[2]\n",
            "profilePic": "",
            "sites": {
                "name": "Wikipedia",
                "url": "https://id.wikipedia.org/wiki/Milton_Crosby"
            },
            "communityID": "f6ff58fd-4335-41b2-9873-860b53b4ce6d"
        },
        {
            "name": "Suryadman Gidot",
            "description": "Suryadman Gidot, S.Pd.[1] (lahir 15 Mei 1971) adalah bupati Bengkayang yang menjabat dua periode yakni 2010-2015 dan 2016-2021. Ia dan pasangannya Agustinus Naon berhasil memenangkan Pilkada Bengkayang 2015 dengan perolehan 55.200 suara (50,53%). Sebelumnya ia menjabat sebagai wakil ketua DPRD Bengkayang dan wakil bupati periode 2005-2010.\n",
            "profilePic": "https://upload.wikimedia.org/wikipedia/commons/1/16/Bupati_Bengkayang_Suryadman_Gidot.jpg",
            "sites": {
                "name": "Wikipedia",
                "url": "https://id.wikipedia.org/wiki/Suryadman_Gidot"
            },
            "communityID": "f6ff58fd-4335-41b2-9873-860b53b4ce6d"
        },
        {
            "name": "Adrianus Asia Sidot",
            "description": "Dr. Drs.  Adrianus Asia Sidot, M.Si. (lahir 02 Februari 1961) adalah seorang politikus Indonesia. Saat ini ia menjabat sebagai Anggota DPR-RI sejak 2019 mewakili daerah pemilihan Kalimantan Barat II. Sebelumnya, ia pernah menjabat sebagai Bupati Landak dari 2008 hingga 2016[1] dan Kepala Dinas Pendidikan Kabupaten Landak.\n",
            "profilePic": "https://upload.wikimedia.org/wikipedia/commons/thumb/5/5b/Anggota_DPR_Adrianus_Asia_Sidot.jpg/1200px-Anggota_DPR_Adrianus_Asia_Sidot.jpg",
            "sites": {
                "name": "Wikipedia",
                "url": "https://id.wikipedia.org/wiki/Adrianus_Asia_Sidot"
            },
            "communityID": "f6ff58fd-4335-41b2-9873-860b53b4ce6d"
        },
        {
            "name": "Jarot Winarno",
            "description": "dr. H. Jarot Winarno, M.Med.Ph (lahir 22 Januari 1960) adalah politikus Indonesia yang saat ini menjabat sebagai Bupati Sintang periode kedua sejak 26 Februari 2021 dan sebelumnya pada periode pertama (2016\u20132021). Ia pernah menjabat wakil Bupati Sintang periode 2005-2010 mendampingi Milton Crosby. Kemudian, Ia mencalonkan diri sebagai calon Bupati 2010-2015 berpasangan dengan Kartius, tetapi gagal tampil sebagai pemenang. Pada 2015, ia berpasangan dengan Askiman dan berhasil memenangkan Pilkada Sintang 2015 dengan 93.778 suara (41,70%).[1][2][3][4] Ia kembali terpilih sebagai bupati Sintang, bersama wakilnya Yoseph Sudiyanto pada pemilihan bupati yang dilaksanakan 9 Desember 2020.[2]\n",
            "profilePic": "https://upload.wikimedia.org/wikipedia/commons/thumb/6/67/JAROT_WINARNO_2020.jpg/1200px-JAROT_WINARNO_2020.jpg",
            "sites": {
                "name": "Wikipedia",
                "url": "https://id.wikipedia.org/wiki/Jarot_Winarno"
            },
            "communityID": "f6ff58fd-4335-41b2-9873-860b53b4ce6d"
        },
        {
            "name": "Muda Mahendrawan",
            "description": "Muda Mahendrawan (lahir 17 Agustus 1970) adalah bupati Kabupaten Kubu Raya, Kalimantan Barat.\n",
            "profilePic": "https://upload.wikimedia.org/wikipedia/commons/2/27/Bupati_Kubu_Raya_Muda_Mahendrawan.jpg",
            "sites": {
                "name": "Wikipedia",
                "url": "https://id.wikipedia.org/wiki/Muda_Mahendrawan"
            },
            "communityID": "f6ff58fd-4335-41b2-9873-860b53b4ce6d"
        },
        {
            "name": "Martin Rantan",
            "description": "Martin Rantan, S.H. (lahir 28 Maret 1968) adalah bupati Ketapang yang menjabat pada periode 2016-2021. Ia dan pasangannya Suprapto S berhasil memenangkan pilkada Ketapang 2015 dengan perolehan 62.332 suara atau 30,04 persen.[1]\n",
            "profilePic": "https://upload.wikimedia.org/wikipedia/commons/b/bd/MARTIN_RANTAN_2020.jpg",
            "sites": {
                "name": "Wikipedia",
                "url": "https://id.wikipedia.org/wiki/Martin_Rantan"
            },
            "communityID": "f6ff58fd-4335-41b2-9873-860b53b4ce6d"
        },
        {
            "name": "Paolus Hadi",
            "description": "Paolus Hadi, S.IP, M.Si (lahir 25 Januari 1970) adalah bupati Sanggau selama 2 periode yang menjabat pada periode 2014\u20132019 dan 2019-2024 (Petahana, dimana pada periode 2009-2014 ia menjabat Wakil Bupati). Ia dan pasangannya Yohanes Ontot berhasil memenangkan pilkada Sanggau 2013 dengan 127.333 suara (54,55%)[1]\n",
            "profilePic": "https://upload.wikimedia.org/wikipedia/commons/a/a2/KPU_Paolus_Hadi.jpg",
            "sites": {
                "name": "Wikipedia",
                "url": "https://id.wikipedia.org/wiki/Paolus_Hadi"
            },
            "communityID": "f6ff58fd-4335-41b2-9873-860b53b4ce6d"
        },
        {
            "name": "Edi Rusdi Kamtono",
            "description": "Ir. H. Edi Rusdi Kamtono, M.M., M.T. (lahir 17 Oktober 1963) adalah Wali Kota Pontianak masa jabatan 2018-2023 menggantikan Sutarmidji. Ia memenangkan Pilwako Pontianak 2018 bersama dengan wakilnya, Bahasan dengan perolehan 63,92% suara. Sebelumnya, Bang Edi (sapaan akrabnya) menjabat sebagai Kepala Dinas Pekerjaan Umum Kota Pontianak dan Wakil Wali Kota Pontianak.\n",
            "profilePic": "https://upload.wikimedia.org/wikipedia/commons/thumb/5/5f/Edi_Rusdi_Kamtono%2C_Wali_Kota_Pontianak.jpg/1200px-Edi_Rusdi_Kamtono%2C_Wali_Kota_Pontianak.jpg",
            "sites": {
                "name": "Wikipedia",
                "url": "https://id.wikipedia.org/wiki/Edi_Rusdi_Kamtono"
            },
            "communityID": "f6ff58fd-4335-41b2-9873-860b53b4ce6d"
        },
        {
            "name": "Maman Abdurrahman (politikus)",
            "description": "Maman Abdurrahman, S.T. (lahir 10 September 1980) adalah politikus Indonesia yang menjabat sebagai anggota DPR-RI selama dua periode (2018\u20132019 dan 2019\u20132024). Ia mewakili daerah pemilihan Kalimantan Barat I, yang meliputi Kabupaten Sambas, Kabupaten Bengkayang, Kota Singkawang, Kabupaten Landak, Kabupaten Kayong Utara, Kabupaten Ketapang, Kota Pontianak, Kabupaten Mempawah, dan Kabupaten Kubu Raya. Maman merupakan kader Partai Golongan Karya, ia bertugas di Komisi VII dan dipercaya menjabat sebagai Wakil Ketua Komisi VII.[1][2]\n",
            "profilePic": "https://upload.wikimedia.org/wikipedia/commons/thumb/c/c4/Anggota_DPR_Maman_Abdurrahman.jpg/1200px-Anggota_DPR_Maman_Abdurrahman.jpg",
            "sites": {
                "name": "Wikipedia",
                "url": "https://id.wikipedia.org/wiki/Maman_Abdurrahman_(politikus)"
            },
            "communityID": "f6ff58fd-4335-41b2-9873-860b53b4ce6d"
        },
        {
            "name": "Christiandy Sanjaya",
            "description": "Drs. Christiandy Sanjaya, S.E., M.M. (lahir 29 Maret 1964) adalah Anggota DPD RI periode 2019\u20142024. Ia pernah menjabat sebagai Wakil Gubernur Kalimantan Barat 2 periode yakni 2008\u20142013 dan 2013\u20142018.\n",
            "profilePic": "https://upload.wikimedia.org/wikipedia/commons/9/9a/Senator_Christiandy_Sanjaya.jpg",
            "sites": {
                "name": "Wikipedia",
                "url": "https://id.wikipedia.org/wiki/Christiandy_Sanjaya"
            },
            "communityID": "f6ff58fd-4335-41b2-9873-860b53b4ce6d"
        },
        {
            "name": "Syarief Abdullah Alkadrie",
            "description": "Syarief Abdullah Alkadrie, S.H., M.H. (lahir 14 Juni 1966) adalah politikus Indonesia yang menjabat sebagai anggota DPR-RI selama dua periode (2014\u20132019 dan 2019\u20132024). Ia mewakili daerah pemilihan Kalimantan Barat I, yang meliputi Kabupaten Sambas, Kabupaten Bengkayang, Kota Singkawang, Kabupaten Landak, Kabupaten Kayong Utara, Kabupaten Ketapang, Kota Pontianak, Kabupaten Mempawah, dan Kabupaten Kubu Raya. Syarief merupakan kader Partai NasDem, ia duduk di Komisi V sebagai Wakil Ketua di komisi tersebut.[1]\n",
            "profilePic": "https://upload.wikimedia.org/wikipedia/commons/5/53/Syarief_Abdullah_Alkadrie.jpg",
            "sites": {
                "name": "Wikipedia",
                "url": "https://id.wikipedia.org/wiki/Syarief_Abdullah_Alkadrie"
            },
            "communityID": "f6ff58fd-4335-41b2-9873-860b53b4ce6d"
        },
        {
            "name": "Sunarna",
            "description": "Sunarna (lahir 24 September 1973) adalah seorang politisi Indonesia yang saat ini menjabat sebagai Anggota Dewan Perwakilan Rakyat mewakili daerah pemilihan Jawa Tengah VIII. Beliau pernah menjabat sebagai Bupati Klaten selama dua periode yakni 2005\u20142010 dan 2010\u20142015. Pada pilkada Klaten 2005 ia berhasil memperoleh 221.262 suara bersama wakilnya Samiadji.[1] Sedangkan pada pilkada Klaten 2010, dengan pasangannya Sri Hartini ia berhasil memperoleh suara sebesar lebih dari 65 persen.[2] Ia menjadi bupati yang menangani Klaten saat terkena dampak dari Gempa Bumi Yogyakarta 2006 dan erupsi Gunung Merapi 2010.\n",
            "profilePic": "https://upload.wikimedia.org/wikipedia/commons/5/54/DPR_Sunarna.jpg",
            "sites": {
                "name": "Wikipedia",
                "url": "https://id.wikipedia.org/wiki/Sunarna"
            },
            "communityID": "f6ff58fd-4335-41b2-9873-860b53b4ce6d"
        },
        {
            "name": "Garuda Wiko",
            "description": "Prof. Dr. Garuda Wiko, S.H., M.Si., (lahir 28 Januari 1965) adalah Rektor Universitas Tanjungpura (Untan) selama dua periode, yaitu tahun 2019 s.d. 2023 dan 2023 s.d. 2027. Prof. Garuda merupakan seorang guru besar bidang Hukum Keperdataan di Fakultas Hukum Untan.[1] Ia dilantik sebagai Rektor Untan di periode pertama oleh Menristekdikti, Prof. H. Mohamad Nasir, Ak, Ph.D, pada Jum'at, 12 April 2019. Selanjutnya, ia kembali dilantik sebagai Rektor Untan di periode kedua oleh Mendikbudristek RI yang diwakili oleh Sekjen Kemdikbudristek, Ir. Suharti, M.A., Ph.D., pada Kamis, 13 April 2023. Pada periode keduanya, Ia membawa visi, \"Memperkuat Ekosistem Inovasi dan Kolaborasi Mewujudkan Untan yang Berdaya Saing Menuju World Class University\".[2][3][4][5][6][7][8]\n",
            "profilePic": "https://upload.wikimedia.org/wikipedia/commons/thumb/5/50/Garuda_Wiko.jpg/1200px-Garuda_Wiko.jpg",
            "sites": {
                "name": "Wikipedia",
                "url": "https://id.wikipedia.org/wiki/Garuda_Wiko"
            },
            "communityID": "f6ff58fd-4335-41b2-9873-860b53b4ce6d"
        },
        {
            "name": "Hasan Karman",
            "description": "Hasan Karman (lahir 6 Agustus 1962)[1] terlahir dengan nama Bong Sau Fam (\u9ec4\u5c11\u51e1) adalah seorang politikus Indonesia yang menjadi Wali Kota Singkawang periode 2007\u20142012. Ia meresmikan kantor sekretariat Forum Kerukunan Antar Umat Beragama (FKUB) kota Singkawang. Pada tahun 2011, ia telah meresmikan gedung dan gereja HKBP Singkawang.\n",
            "profilePic": "https://upload.wikimedia.org/wikipedia/commons/1/11/Wali_Kota_Singkawang_Hasan_Karman.jpg",
            "sites": {
                "name": "Wikipedia",
                "url": "https://id.wikipedia.org/wiki/Hasan_Karman"
            },
            "communityID": "f6ff58fd-4335-41b2-9873-860b53b4ce6d"
        },
        {
            "name": "Tjhai Chui Mie",
            "description": "Tjhai Chui Mie, S.E., M.H. (lahir 27 Februari 1972) adalah politikus Indonesia yang pernah menjabat sebagai Wali Kota Singkawang periode 2017\u20132022.[1] Ia pernah menjabat sebagai Ketua DPRD Kota Singkawang periode 2009\u20132014.[2]\n",
            "profilePic": "https://upload.wikimedia.org/wikipedia/commons/thumb/7/75/Mayor_of_Singkawang_Tjhai_Chui_Mie.jpg/1200px-Mayor_of_Singkawang_Tjhai_Chui_Mie.jpg",
            "sites": {
                "name": "Wikipedia",
                "url": "https://id.wikipedia.org/wiki/Tjhai_Chui_Mie"
            },
            "communityID": "f6ff58fd-4335-41b2-9873-860b53b4ce6d"
        },
        {
            "name": "Mulyadi Tawik",
            "description": "",
            "profilePic": "",
            "sites": {},
            "communityID": "f6ff58fd-4335-41b2-9873-860b53b4ce6d"
        }
    ],
    "source": "https://id.wikipedia.org/wiki/Pemilihan_umum_Gubernur_Kalimantan_Barat_2024",
    "path": "provinsi-kalimantan-barat"
}