{
    "title": "Pemilihan umum Gubernur Papua Barat 2024",
    "region": "Papua Barat",
    "level": "PROVINSI",
    "candidates": [
        {
            "name": "Dominggus Mandacan",
            "description": "Drs. Dominggus Mandacan, M.Si. (lahir 16 Desember 1959) adalah Gubernur Papua Barat periode 2017\u20132022.\n",
            "profilePic": "https://upload.wikimedia.org/wikipedia/commons/0/0d/Gubernur_Papua_Barat_Dominggus_Mandacan.jpg",
            "sites": {
                "name": "Wikipedia",
                "url": "https://id.wikipedia.org/wiki/Dominggus_Mandacan"
            },
            "communityID": "a8d1abf4-8776-44a6-8bc3-4cdc4de89cf1"
        },
        {
            "name": "Paulus Waterpauw",
            "description": "Komisaris Jenderal Polisi (Purn.) Drs. Paulus Waterpauw, M.Si. (lahir 25 Oktober 1963) merupakan seorang perwira tinggi Purnawirawan Polri. Ia menjabat sebagai Deputi Bidang Pengelolaan Potensi Kawasan Perbatasan BNPP sejak 21 Oktober 2021. Dan kini menjabat sebagai Penjabat Gubernur Papua Barat sejak 12 Mei 2022.\n",
            "profilePic": "https://upload.wikimedia.org/wikipedia/commons/0/08/Komjen._Pol._Drs._Paulus_Waterpauw_-_Pj._Gubernur_Papua_Barat.jpg",
            "sites": {
                "name": "Wikipedia",
                "url": "https://id.wikipedia.org/wiki/Paulus_Waterpauw"
            },
            "communityID": "a8d1abf4-8776-44a6-8bc3-4cdc4de89cf1"
        },
        {
            "name": "Mohamad Lakotani",
            "description": "Mohamad Lakotani Sirua, S.H., M.Si. (lahir 13 Maret 1971)[2] adalah Wakil Gubernur Papua Barat yang menjabat sejak 12 Mei 2017 - 12 Mei 2022.\n",
            "profilePic": "https://upload.wikimedia.org/wikipedia/commons/thumb/2/2e/KPU_Mohamad_Lakotani.jpg/1200px-KPU_Mohamad_Lakotani.jpg",
            "sites": {
                "name": "Wikipedia",
                "url": "https://id.wikipedia.org/wiki/Mohamad_Lakotani"
            },
            "communityID": "a8d1abf4-8776-44a6-8bc3-4cdc4de89cf1"
        },
        {
            "name": "George Celcius Auparay",
            "description": "",
            "profilePic": "",
            "sites": {},
            "communityID": "a8d1abf4-8776-44a6-8bc3-4cdc4de89cf1"
        },
        {
            "name": "Hasan Achmad Aituarauw",
            "description": "",
            "profilePic": "",
            "sites": {},
            "communityID": "a8d1abf4-8776-44a6-8bc3-4cdc4de89cf1"
        }
    ],
    "source": "https://id.wikipedia.org/wiki/Pemilihan_umum_Gubernur_Papua_Barat_2024",
    "path": "provinsi-papua-barat"
}