{
    "title": "Pemilihan umum Gubernur Kalimantan Tengah 2024",
    "region": "Kalimantan Tengah",
    "level": "PROVINSI",
    "candidates": [
        {
            "name": "H. Abdul Razak",
            "description": "",
            "profilePic": "",
            "sites": {},
            "communityID": "7c622d77-5aa4-4089-91aa-30b82afe49db"
        },
        {
            "name": "Supian Hadi",
            "description": "H. Supian Hadi, S.Ikom., M.E. (lahir 21 Februari 1976) adalah Bupati Kotawaringin Timur yang menjabat saat ini untuk masa periode 2010\u20132015 berpasangan dengan Wakil Bupati H. M. Taufiq Mukri.[1] Ia kemudian terpilih lagi untuk periode 2016\u20132021.\n",
            "profilePic": "https://upload.wikimedia.org/wikipedia/commons/thumb/7/7f/Bupati_Kotawaringin_Timur.jpg/1200px-Bupati_Kotawaringin_Timur.jpg",
            "sites": {
                "name": "Wikipedia",
                "url": "https://id.wikipedia.org/wiki/Supian_Hadi"
            },
            "communityID": "7c622d77-5aa4-4089-91aa-30b82afe49db"
        },
        {
            "name": "Nadalsyah",
            "description": "H. Nadalsyah (lahir 12 Maret 1965) adalah bupati Barito Utara yang menjabat pada periode 2013\u20132018 dan 2018\u20132023. Ia terpilih sebagai Bupati Barito Utara berpasangan dengan wakil bupati Ompie Herby melalui Pilkada pada 5 Juni 2013 yang pada saat itu diikuti tujuh pasangan calon bupati dan wakil bupati.\n",
            "profilePic": "https://upload.wikimedia.org/wikipedia/commons/1/1c/Bupati_Barito_Utara_Nadalsyah.jpg",
            "sites": {
                "name": "Wikipedia",
                "url": "https://id.wikipedia.org/wiki/Nadalsyah"
            },
            "communityID": "7c622d77-5aa4-4089-91aa-30b82afe49db"
        },
        {
            "name": "Edy Pratowo",
            "description": "H. Edy Pratowo, S.Sos., M.M. (lahir 9 Desember 1969)[1] adalah Wakil Gubernur Kalimantan Tengah periode 2021\u20142024. Sebelumnya ia menjabat sebagai Bupati Pulang Pisau 2 periode yakni 2013\u20142018 dan 2018\u20142021.\n",
            "profilePic": "https://upload.wikimedia.org/wikipedia/commons/9/9c/Edy_Prawoto%2C_Wakil_Gubernur_Kalimantan_Tengah.png",
            "sites": {
                "name": "Wikipedia",
                "url": "https://id.wikipedia.org/wiki/Edy_Pratowo"
            },
            "communityID": "7c622d77-5aa4-4089-91aa-30b82afe49db"
        },
        {
            "name": "Agustiar Sabran",
            "description": "H. Agustiar Sabran, S.Kom. (lahir 17 Agustus 1972) adalah seorang politikus Indonesia. Saat ini ia menjabat sebagai Anggota DPR-RI sejak 2019 mewakili daerah pemilihan Kalimantan Tengah. Agustiar merupakan kader Partai Demokrasi Indonesia Perjuangan dan duduk di Komisi III.[1]\n",
            "profilePic": "https://upload.wikimedia.org/wikipedia/commons/7/74/Anggota_DPR_Agustiar_Sabran.jpg",
            "sites": {
                "name": "Wikipedia",
                "url": "https://id.wikipedia.org/wiki/Agustiar_Sabran"
            },
            "communityID": "7c622d77-5aa4-4089-91aa-30b82afe49db"
        },
        {
            "name": "Andina Theresia Narang",
            "description": "",
            "profilePic": "",
            "sites": {},
            "communityID": "7c622d77-5aa4-4089-91aa-30b82afe49db"
        },
        {
            "name": "Perdie M. Yoseph",
            "description": "Dr. Perdie Midel Yoseph, M.A. (lahir 21 Agustus 1970) adalah bupati Murung Raya yang menjabat untuk masa bakti 2018\u20132023. Sebelumnya ia pernah menjabat sebagai bupati Murung Raya periode pertama tahun 2013\u20132018.[2]\n",
            "profilePic": "https://upload.wikimedia.org/wikipedia/commons/thumb/1/1d/KPU_Perdie_Midel_Yoseph.jpg/1200px-KPU_Perdie_Midel_Yoseph.jpg",
            "sites": {
                "name": "Wikipedia",
                "url": "https://id.wikipedia.org/wiki/Perdie_M._Yoseph"
            },
            "communityID": "7c622d77-5aa4-4089-91aa-30b82afe49db"
        },
        {
            "name": "Rahmat Nasution Hamka",
            "description": "Rahmat Nasution Hamka (lahir 23 Mei 1975) adalah kader Partai Demokrasi Indonesia Perjuangan (PDIP) mewakili Dapil Kalimantan Tengah. Rahmat adalah politisi muda PDIP di Kalimantan Tengah dan Wakil Ketua Dewan Pimpinan Daerah (DPD) PDIP Provinsi Kalimantan Tengah (2010-2015). Rahmat adalah legislator senior pernah menjadi Anggota DPRD Kabupaten Kotawaringin Barat (2004-2009) dan Anggota DPRD Provinsi Kalimantan Tengah (2009-2014).\n",
            "profilePic": "",
            "sites": {
                "name": "Wikipedia",
                "url": "https://id.wikipedia.org/wiki/Rahmat_Nasution_Hamka"
            },
            "communityID": "7c622d77-5aa4-4089-91aa-30b82afe49db"
        },
        {
            "name": "Ismail bin Yahya",
            "description": "Habib Ismail bin Yahya (lahir 4 Desember 1970) adalah Wakil Gubernur Kalimantan Tengah periode 2016\u20142021. Sebelumnya ia menjabat sebagai Anggota DPD RI periode 2014\u20142015.\n",
            "profilePic": "https://upload.wikimedia.org/wikipedia/commons/f/f4/KPU_Ismail_bin_Yahya.jpg",
            "sites": {
                "name": "Wikipedia",
                "url": "https://id.wikipedia.org/wiki/Ismail_bin_Yahya"
            },
            "communityID": "7c622d77-5aa4-4089-91aa-30b82afe49db"
        },
        {
            "name": "Dikki Akhmar, Ketua Umum Asosiasi Pengusaha Cangkang Sawit Indonesia (APCASI)",
            "description": "",
            "profilePic": "",
            "sites": {},
            "communityID": "7c622d77-5aa4-4089-91aa-30b82afe49db"
        }
    ],
    "source": "https://id.wikipedia.org/wiki/Pemilihan_umum_Gubernur_Kalimantan_Tengah_2024",
    "path": "provinsi-kalimantan-tengah"
}