{
    "title": "Pemilihan umum Gubernur Sulawesi Utara 2024",
    "region": "Sulawesi Utara",
    "level": "PROVINSI",
    "candidates": [
        {
            "name": "Steven Kandouw",
            "description": "Drs. Steven Octavianus Estefanus Kandouw (lahir 5 September 1969) adalah Wakil Gubernur Sulawesi Utara sejak 12 Februari 2016. Sebelumnya ia menjabat sebagai Anggota DPRD Sulawesi Utara sejak 2004 sampai 2015.\n",
            "profilePic": "https://upload.wikimedia.org/wikipedia/commons/b/ba/Wagub_Sulawesi_Utara_Steven_Kandouw_%28Periode_II%29.png",
            "sites": {
                "name": "Wikipedia",
                "url": "https://id.wikipedia.org/wiki/Steven_Kandouw"
            },
            "communityID": "e0336c43-d09a-4fb0-a801-9bbfb1eaec92"
        },
        {
            "name": "Elly Engelbert Lasut",
            "description": "Dr. Elly Engelbert Lasut, M.E. (lahir 28 Oktober 1969) adalah  Bupati Kepulauan Talaud 3 periode yakni 2004\u20142009, 2009\u20142010[1] dan 2020\u20142024. Ia pernah menjabat sebagai Ketua DPRD Kepulauan Talaud periode 2003\u20142004.\n",
            "profilePic": "https://upload.wikimedia.org/wikipedia/commons/8/8a/Bupati_Kepulauan_Talaud_Elly_Engelbert_Lasut.png",
            "sites": {
                "name": "Wikipedia",
                "url": "https://id.wikipedia.org/wiki/Elly_Engelbert_Lasut"
            },
            "communityID": "e0336c43-d09a-4fb0-a801-9bbfb1eaec92"
        },
        {
            "name": "Rita Maya Dondokambey Tamuntuan",
            "description": "",
            "profilePic": "",
            "sites": {},
            "communityID": "e0336c43-d09a-4fb0-a801-9bbfb1eaec92"
        },
        {
            "name": "Christiany Eugenia Paruntu",
            "description": "Dr. Christiany Eugenia Tetty Paruntu, S.E., M.A. (lahir 25 September 1967)[1] adalah bupati terpilih di Kabupaten Minahasa Selatan untuk periode 2010-2015. Ia adalah satu dari sedikit pemimpin daerah wanita di wilayah Republik Indonesia. Bersama wakil bupati Sonny Tandaju, ia dilantik sebagai bupati pada 14 Desember 2010 oleh Gubernur Sulawesi Utara S.H. Sarundajang.[2][3]\n",
            "profilePic": "https://upload.wikimedia.org/wikipedia/commons/f/f5/Bupati_Minahasa_Selatan_Christiany_Paruntu.jpg",
            "sites": {
                "name": "Wikipedia",
                "url": "https://id.wikipedia.org/wiki/Christiany_Eugenia_Paruntu"
            },
            "communityID": "e0336c43-d09a-4fb0-a801-9bbfb1eaec92"
        },
        {
            "name": "James Sumendap",
            "description": "James Sumendap (lahir 4 Januari 1969) adalah seorang politisi Indonesia dari Sulawesi Utara. James lahir dan besar di Modoinding,[1] ketika itu masih merupakan wilayah kabupaten Minahasa, dan sekarang merupakan wilayah Kabupaten Minahasa Selatan.\n",
            "profilePic": "https://upload.wikimedia.org/wikipedia/commons/2/2a/KPU_James_Sumendap.jpg",
            "sites": {
                "name": "Wikipedia",
                "url": "https://id.wikipedia.org/wiki/James_Sumendap"
            },
            "communityID": "e0336c43-d09a-4fb0-a801-9bbfb1eaec92"
        },
        {
            "name": "Mayjen Yulius Selvanus Komaling",
            "description": "",
            "profilePic": "",
            "sites": {},
            "communityID": "e0336c43-d09a-4fb0-a801-9bbfb1eaec92"
        },
        {
            "name": "Andrei Angouw",
            "description": "Andrei Angouw (lahir 23 Mei 1971) adalah politikus Sulawesi Utara yang berasal dari PDI Perjuangan. Ia menjabat sebagai Wali Kota Manado sejak 10 Mei 2021. Sebelumnya ia menjabat sebagai Ketua DPRD Sulawesi Utara selama empat tahun.[1] Andrei menjadi Ketua DPRD Sulawesi Utara menggantikan Steven Kandouw yang mengundurkan diri karena mengikuti Pilgub Sulawesi Utara 2015.[2] Ia sebelumnya sudah menjadi Anggota DPRD Sulawesi Utara sejak Pemilu 2009. Ia kembali terpilih dalam Pemilu 2014 dan Pemilu 2019 di Daerah Pemilihan (Dapil) Sulawesi Utara 1 yang meliputi Kota Manado.[3]\n",
            "profilePic": "https://upload.wikimedia.org/wikipedia/commons/thumb/4/42/Wali_Kota_Manado_Andrei_Angouw_%28cropped%29.jpg/1200px-Wali_Kota_Manado_Andrei_Angouw_%28cropped%29.jpg",
            "sites": {
                "name": "Wikipedia",
                "url": "https://id.wikipedia.org/wiki/Andrei_Angouw"
            },
            "communityID": "e0336c43-d09a-4fb0-a801-9bbfb1eaec92"
        },
        {
            "name": "Tatong Bara",
            "description": "Ir. Hj. Tatong Bara (lahir 11 Juli 1967) adalah seorang politikus asal Indonesia. Ia pernah menjabat sebagai Wakil Wali Kota Kotamobagu (2008\u20132013) dan Wali Kota Kotamobagu (2013\u20132023).\n",
            "profilePic": "https://upload.wikimedia.org/wikipedia/commons/5/50/Wali_Kota_Kotamobagu_Tatong-Bara.jpg",
            "sites": {
                "name": "Wikipedia",
                "url": "https://id.wikipedia.org/wiki/Tatong_Bara"
            },
            "communityID": "e0336c43-d09a-4fb0-a801-9bbfb1eaec92"
        },
        {
            "name": "Vicky Lumentut",
            "description": "Dr. Ir. Godbless Sofcar Vicky Lumentut, S.H., M.Si., D.E.A. atau lebih dikenal sebagai Vicky Lumentut (lahir 8 Juni 1959) adalah wali kota Manado Periode 2010-2015. Pada Tanggal 9 Mei 2016 Ia kembali dilantik kembali menjadi Wali kota Manado untuk periode ke-II. Ia merupakan wali kota ke-19 Manado sejak kemerdekaan.\n",
            "profilePic": "https://upload.wikimedia.org/wikipedia/commons/3/36/KPU_Vicky_Lumentut.jpg",
            "sites": {
                "name": "Wikipedia",
                "url": "https://id.wikipedia.org/wiki/Vicky_Lumentut"
            },
            "communityID": "e0336c43-d09a-4fb0-a801-9bbfb1eaec92"
        },
        {
            "name": "Ronny F. Sompie",
            "description": "Irjen. Pol. (Purn.) Dr. Ronny Franky Sompie, S.H., M.H. (lahir 17 September 1961) adalah seorang tokoh polri yang alih status menjadi PNS dan sejak 10 Agustus 2015 sampai 29 Januari 2020 mengemban amanat sebagai Direktur Jenderal Imigrasi Kementerian Hukum dan HAM. Sebelumnya semasa aktif sebagai polisi ia pernah menjabat sebagai Kapolda Bali pengganti Irjen Pol. Benny Mokalu dan Kepala Divisi Humas Mabes Polri. Lulusan Akademi Kepolisian tahun 1984 ini berpengalaman dalam bidang reserse. Ia resmi lolos butuh dengan alih status dari anggota Polri menjadi Pegawai Negeri Sipil (PNS) pada tahun 2015.[1]\nHal tersebut terjadi setelah dia ditunjuk oleh Menteri Hukum dan HAM Yasonna Laoly sebagai Direktur Jenderal Imigrasi Kementerian Hukum dan HAM. Atas jasanya sebagai Direktur Jenderal Imigrasi ini, beliau dianugerahi Bintang Jasa Utama pada 13 Agustus 2019 oleh Presiden Joko Widodo.[2]\n",
            "profilePic": "https://upload.wikimedia.org/wikipedia/commons/c/c7/Ronny_F_Sompie.jpg",
            "sites": {
                "name": "Wikipedia",
                "url": "https://id.wikipedia.org/wiki/Ronny_F._Sompie"
            },
            "communityID": "e0336c43-d09a-4fb0-a801-9bbfb1eaec92"
        },
        {
            "name": "Carlo Brix Tewu",
            "description": "Irjen. Pol. (Purn.) Drs. Carlo Brix Tewu (lahir 13 September 1962) adalah seorang Purnawirawan Polri yang sekarang menjabat sebagai Deputi Bidang Hukum dan Perundang-undangan Kementerian BUMN. Ia pernah menjabat Pelaksana Tugas Gubernur Sulawesi Barat periode 2016\u20132017.\n",
            "profilePic": "https://upload.wikimedia.org/wikipedia/commons/1/13/Carlo_Brix_Tewu%2C_Kementerian_BUMN_%28cropped%29.jpg",
            "sites": {
                "name": "Wikipedia",
                "url": "https://id.wikipedia.org/wiki/Carlo_Brix_Tewu"
            },
            "communityID": "e0336c43-d09a-4fb0-a801-9bbfb1eaec92"
        },
        {
            "name": "Wanti Waranei Franky Mamahit",
            "description": "Mayor Jenderal TNI (Purn.) Wanti Waranei Franky Mamahit (lahir 20 Desember 1963) adalah seorang purnawirawan TNI-AD yang terakhir kali menjabat sebagai Panglima Komando Daerah Militer XIII/Merdeka.[1][2]\n",
            "profilePic": "https://upload.wikimedia.org/wikipedia/commons/thumb/5/57/Commander_of_the_2nd_Kostrad_Infantry_Division_Wanti_Waranei_F._Mamahit.jpg/1200px-Commander_of_the_2nd_Kostrad_Infantry_Division_Wanti_Waranei_F._Mamahit.jpg",
            "sites": {
                "name": "Wikipedia",
                "url": "https://id.wikipedia.org/wiki/Wanti_Waranei_Franky_Mamahit"
            },
            "communityID": "e0336c43-d09a-4fb0-a801-9bbfb1eaec92"
        },
        {
            "name": "Felly Estelita Runtuwene",
            "description": "Felly Estelita Runtuwene, S.E. (lahir 11 Februari 1971) adalah seorang politikus Indonesia. Saat ini ia menjabat sebagai Anggota DPR-RI sejak 2019 mewakili daerah pemilihan Sulawesi Utara. Felly merupakan kader Partai NasDem dan duduk di Komisi IX dan dipercaya sebagai Ketua Komisi IX.[3][4][5]\n",
            "profilePic": "https://upload.wikimedia.org/wikipedia/commons/0/08/DPR_Felly_Estelita_Runtuwene.jpg",
            "sites": {
                "name": "Wikipedia",
                "url": "https://id.wikipedia.org/wiki/Felly_Estelita_Runtuwene"
            },
            "communityID": "e0336c43-d09a-4fb0-a801-9bbfb1eaec92"
        },
        {
            "name": "Maya Rumantir",
            "description": "Maya Olivia Rumantir (lahir 2 April 1964) adalah seorang model, pemeran, penyanyi, politikus dan senator Indonesia keturunan Minahasa, Sulawesi Utara. Sebelum berkarier di dunia politik, ia dikenal sebagai seorang pemeran film dan penyanyi. Aktingnya yang paling populer adalah saat ia berperan sebagai Saskia dalam drama romantis Cinta di Balik Noda (1984), bermain bersama Meriam Bellina dan Sandro Tobing. Film yang ia bintangi tersebut juga meraih banyak apresiasi dan kesuksesan di Festival Film Indonesia tahun 1984. Sebagai penyanyi, ia dikenal sebagai penyanyi lagu-lagu pop dan lagu-lagu rohani. Saat ini, ia menjabat sebagai anggota Dewan Perwakilan Daerah Republik Indonesia yang terpilih dari Provinsi Sulawesi Utara dan telah menjabat selama dua periode sejak 1 Oktober 2014.\n",
            "profilePic": "https://upload.wikimedia.org/wikipedia/commons/b/bb/Maya_Rumantir.jpg",
            "sites": {
                "name": "Wikipedia",
                "url": "https://id.wikipedia.org/wiki/Maya_Rumantir"
            },
            "communityID": "e0336c43-d09a-4fb0-a801-9bbfb1eaec92"
        },
        {
            "name": "Djafar Alkatiri",
            "description": "Ir. H. Djafar Alkatiri, MM., M.Pdi. (lahir 03 Januari 1969) Djafar dikenal sebagai sosok yang kritis dan berani. Djafar banyak berkecimpung dalam berbagai organisasi di Provisi Sulawesi Utara. Sejak menjadi anggota DPRD Provinsi Sulut, Djafar Alkatiri memang sudah dikenal sebagai pribadi yang vokal terutama bila berurusan dengan kepentingan masyarakat. Totalitas pengabdian kepada masyarakat, bangsa dan negara sudah menjadi komitmennya sehingga vokal dalan memperjuangkan kepentingan masyarakat adalah sebuah keharusan. \u201cSaya bisa ada disini karena amanah, karena kepercayaan dari masyarakat bahwa saya mampu. Jadi setelah ada diposisi ini tentu harus bertanggung jawab. Makanya pantang untuk tidak lantang,\u201d\n",
            "profilePic": "https://upload.wikimedia.org/wikipedia/commons/9/93/Senator_Djafar_Alkatiri.jpg",
            "sites": {
                "name": "Wikipedia",
                "url": "https://id.wikipedia.org/wiki/Djafar_Alkatiri"
            },
            "communityID": "e0336c43-d09a-4fb0-a801-9bbfb1eaec92"
        },
        {
            "name": "Wempi Welly Rengkung",
            "description": "Wempi Welly Rengkung, S.E. (lahir 30 April 1950) adalah Wakil Bupati Manokwari Selatan 2 periode yakni 2016\u20142021 dan 2021\u20142024.[1] Ia adalah wakil dari Bupati Manokwari Selatan, Markus Waran.\n",
            "profilePic": "https://upload.wikimedia.org/wikipedia/id/0/05/Wempy_Welly_Rengkung.png",
            "sites": {
                "name": "Wikipedia",
                "url": "https://id.wikipedia.org/wiki/Wempi_Welly_Rengkung"
            },
            "communityID": "e0336c43-d09a-4fb0-a801-9bbfb1eaec92"
        },
        {
            "name": "Careig Naichel Runtu",
            "description": "",
            "profilePic": "",
            "sites": {},
            "communityID": "e0336c43-d09a-4fb0-a801-9bbfb1eaec92"
        },
        {
            "name": "Rocky Gerung",
            "description": "\n",
            "profilePic": "https://upload.wikimedia.org/wikipedia/commons/a/a6/Rocky_Gerung%2C_Sorgemagz.com_-_Rocky_Gerung_%22Perempuan_Punya_Pengetahuan_Riil_Tentang_Keadilan%22.jpg",
            "sites": {
                "name": "Wikipedia",
                "url": "https://id.wikipedia.org/wiki/Rocky_Gerung"
            },
            "communityID": "e0336c43-d09a-4fb0-a801-9bbfb1eaec92"
        },
        {
            "name": "Petrus Reinhard Golose",
            "description": "Komjen. Pol. (Purn.) Prof. Dr. Drs. Petrus Reinhard Golose, M.M.[1][2] (lahir 27 November 1965) adalah seorang purnawirawan Polri yang jabatan terakhirnya adalah Kepala Badan Narkotika Nasional.\n",
            "profilePic": "https://upload.wikimedia.org/wikipedia/commons/7/7c/Ka_BNN_Petrus_Golose.jpg",
            "sites": {
                "name": "Wikipedia",
                "url": "https://id.wikipedia.org/wiki/Petrus_Reinhard_Golose"
            },
            "communityID": "e0336c43-d09a-4fb0-a801-9bbfb1eaec92"
        },
        {
            "name": "Alfred Denny Djoike Tuejeh",
            "description": "Letnan Jenderal TNI (Purn.) Alfret Denny Djoike Tuejeh, S.H., M.Si., \n(lahir 5 Desember 1965) adalah seorang Purnawirawan TNI-AD yang terakhir menjabat Inspektur Jenderal TNI Angkatan Darat.[1]\n",
            "profilePic": "https://upload.wikimedia.org/wikipedia/commons/f/fb/Letjen_TNI_Alfred_Denny_Djoike_Tuejeh.jpg",
            "sites": {
                "name": "Wikipedia",
                "url": "https://id.wikipedia.org/wiki/Alfred_Denny_Djoike_Tuejeh"
            },
            "communityID": "e0336c43-d09a-4fb0-a801-9bbfb1eaec92"
        },
        {
            "name": "Toni Supit",
            "description": "Toni Supit, S.E., M.M. (lahir 18 Oktober 1967) adalah politikus Indonesia yang saat ini menjabat sebagai anggota DPRD Provinsi Sulawesi Utara sejak 9 September 2019.[1] Sebelumnya ia pernah menjabat sebagai Bupati Kepulauan Siau Tagulandang Biaro selama dua periode yakni 2008\u20142013 dan 2013\u20142018.[2]\n",
            "profilePic": "https://upload.wikimedia.org/wikipedia/commons/a/ac/KPU_Toni_Supit.jpg",
            "sites": {
                "name": "Wikipedia",
                "url": "https://id.wikipedia.org/wiki/Toni_Supit"
            },
            "communityID": "e0336c43-d09a-4fb0-a801-9bbfb1eaec92"
        },
        {
            "name": "Hashim Djojohadikusumo",
            "description": "\n",
            "profilePic": "",
            "sites": {
                "name": "Wikipedia",
                "url": "https://id.wikipedia.org/wiki/Hashim_Djojohadikusumo"
            },
            "communityID": "e0336c43-d09a-4fb0-a801-9bbfb1eaec92"
        },
        {
            "name": "Jimmy Rimba Rogi",
            "description": "Jimmy Rimba Rogi, S.Sos (lahir 7 September 1954) adalah Wali Kota Manado periode 2005\u20142008. Imba pernah menjabat sebagai Ketua DPRD Kota Manado periode 2004\u20142005. \n",
            "profilePic": "https://upload.wikimedia.org/wikipedia/commons/8/8d/Jimmy_Rimba_Rogi%2C_Wali_Kota_Manado.jpg",
            "sites": {
                "name": "Wikipedia",
                "url": "https://id.wikipedia.org/wiki/Jimmy_Rimba_Rogi"
            },
            "communityID": "e0336c43-d09a-4fb0-a801-9bbfb1eaec92"
        }
    ],
    "source": "https://id.wikipedia.org/wiki/Pemilihan_umum_Gubernur_Sulawesi_Utara_2024",
    "path": "provinsi-sulawesi-utara"
}