{
    "title": "Pemilihan umum Gubernur Papua Barat Daya 2024",
    "region": "Papua Barat Daya",
    "level": "PROVINSI",
    "candidates": [
        {
            "name": "Letnan Jenderal",
            "description": "Letnan Jenderal (sering disingkat Letjen) adalah pangkat perwira tinggi satu tingkat di bawah Jenderal dan satu tingkat di atas Mayor Jenderal. Istilah letnan jenderal berasal dari Abad pertengahan di mana pangkat Letnan Jenderal merupakan orang kedua yang memegang komando di lapangan tempur, ia berada di bawah Jenderal. Pangkat ini setara dengan Komisaris Jenderal Polisi di Polri.\n",
            "profilePic": "https://upload.wikimedia.org/wikipedia/commons/0/0d/Letjen_pdh_ad.png",
            "sites": {
                "name": "Wikipedia",
                "url": "https://id.wikipedia.org/wiki/Letnan_Jenderal"
            },
            "communityID": "34fc83fd-4244-472f-ba6c-714366f09787"
        },
        {
            "name": "Stepanus Malak",
            "description": "Dr. Stepanus Malak, M.Si. (lahir 26 Desember 1960) adalah Bupati Sorong 2 periode yakni 2007\u20142012 dan 2012\u20142017.\n",
            "profilePic": "https://upload.wikimedia.org/wikipedia/commons/3/3f/Stepanus_Malak%2C_2016.jpg",
            "sites": {
                "name": "Wikipedia",
                "url": "https://id.wikipedia.org/wiki/Stepanus_Malak"
            },
            "communityID": "34fc83fd-4244-472f-ba6c-714366f09787"
        },
        {
            "name": "Abdul Faris Umlati",
            "description": "H. Abdul Faris Umlati, S.E. (lahir 12 Februari 1973) adalah Bupati Raja Ampat 2 periode yakni 2016\u20132021[1] dan 2021\u20132024.[2]\n",
            "profilePic": "",
            "sites": {
                "name": "Wikipedia",
                "url": "https://id.wikipedia.org/wiki/Abdul_Faris_Umlati"
            },
            "communityID": "34fc83fd-4244-472f-ba6c-714366f09787"
        },
        {
            "name": "Lamberthus Jitmau",
            "description": "Drs. Lamberthus Jitmau, M.M. (lahir 18 Oktober 1962) adalah birokrat dan politikus Indonesia yang menjabat Wali Kota Sorong 2 periode yakni 2012\u20142017 dan 2017\u20142022.\n",
            "profilePic": "https://upload.wikimedia.org/wikipedia/commons/b/bc/Walikota_Lambert_jitmau_Kota_Sorong_Papua_Barat_Indonesia.jpg",
            "sites": {
                "name": "Wikipedia",
                "url": "https://id.wikipedia.org/wiki/Lamberthus_Jitmau"
            },
            "communityID": "34fc83fd-4244-472f-ba6c-714366f09787"
        },
        {
            "name": "Menase Robert Kambu",
            "description": "Drs. Menase Robert Kambu, M.Si. (lahir 14 Juni 1948) adalah birokrat dan politikus Indonesia yang menjabat Wali Kota Jayapura 2 periode yakni 2000\u20142005 dan 2005\u20142010.[1] Kambu pernah menjabat sebagai Sekretaris Wilayah Daerah Merauke.\n",
            "profilePic": "https://upload.wikimedia.org/wikipedia/commons/a/af/MR_Kambu.PNG",
            "sites": {
                "name": "Wikipedia",
                "url": "https://id.wikipedia.org/wiki/Menase_Robert_Kambu"
            },
            "communityID": "34fc83fd-4244-472f-ba6c-714366f09787"
        },
        {
            "name": "Gabriel Asem",
            "description": "Gabriel Asem, S.E., M.Si., (lahir 26 Oktober 1963), adalah politikus Partai Golongan Karya yang menjabat sebaga Bupati Tambrauw sejak 22 Mei 2017. Ia terpilih sebagai Bupati Tambrauw dalam dua pilkada, yaitu Pilbup Tambrauw 2011 dan Pilbup Tambrauw 2017. Sebelum menjadi bupati, Bupati Tambrauw pertama yang akrab dipanggil Gebi merupakan pegawai negeri sipil di Pemerintah Kabupaten Tambrauw dengan jabatan terakhir Kepala Dinas Pendapatan, Aset, dan Keuangan Daerah (DPAKD).[1]\n",
            "profilePic": "https://upload.wikimedia.org/wikipedia/id/c/c2/Gabriel-Asem-150x150.jpg",
            "sites": {
                "name": "Wikipedia",
                "url": "https://id.wikipedia.org/wiki/Gabriel_Asem"
            },
            "communityID": "34fc83fd-4244-472f-ba6c-714366f09787"
        },
        {
            "name": "Bernard Sagrim",
            "description": "Drs. Bernard Sagrim, M.M., (lahir 05 Januari 1966), adalah politikus Partai Golongan Karya yang menjabat sebagai Bupati Maybrat sejak 22 Agustus 2017. Ia terpilih sebagai Bupati Maybrat dalam dua pilkada, yaitu Pilbup Maybrat 2011 dan Pilbup Maybrat 2017.[1] Sebelum menjadi bupati, Sagrim merupakan pegawai negeri sipil di Pemerintah Kabupaten Sorong dengan jabatan terakhir Kepala Badan Pengelola Keuangan dan Aset Daerah (BPKAD).[2]\n",
            "profilePic": "https://upload.wikimedia.org/wikipedia/commons/7/78/KPU_Bernard_Sagrim.jpg",
            "sites": {
                "name": "Wikipedia",
                "url": "https://id.wikipedia.org/wiki/Bernard_Sagrim"
            },
            "communityID": "34fc83fd-4244-472f-ba6c-714366f09787"
        },
        {
            "name": "Origenes Nauw",
            "description": "",
            "profilePic": "",
            "sites": {},
            "communityID": "34fc83fd-4244-472f-ba6c-714366f09787"
        }
    ],
    "path": "provinsi-papua-barat-daya",
    "source": "https://id.wikipedia.org/wiki/Pemilihan_umum_Gubernur_Papua_Barat_Daya_2024"
}