{
    "title": "Pemilihan umum Gubernur Nusa Tenggara Barat 2024",
    "region": "Nusa Tenggara Barat",
    "level": "PROVINSI",
    "candidates": [
        {
            "name": "Lalu Muhamad Iqbal",
            "description": "Dr. Lalu Muhamad Iqbal, M.Hub.Int. (lahir 10 Juli 1972) adalah seorang Diplomat berkebangsaan Indonesia yang menjabat sebagai Juru bicara Kementerian Luar Negeri sebelumnya ia merupakan Duta Besar Republik Indonesia untuk Republik Turki, Ia dilantik oleh Presiden Joko Widodo sebagai Duta Besar Luar Biasa dan Berkuasa Penuh pada tanggal 7 Januari 2019 melalui Surat Keputusan Nomor 1/P/2019 tentang pengangkatan Duta Besar Luar Biasa dan Berkuasa Penuh Republik Indonesia.[1]\n",
            "profilePic": "https://upload.wikimedia.org/wikipedia/commons/thumb/1/15/Staf_Khusus_Penguatan_Infrastruktur_Diplomasi_Lalu_Muhamad_Iqbal.jpg/1200px-Staf_Khusus_Penguatan_Infrastruktur_Diplomasi_Lalu_Muhamad_Iqbal.jpg",
            "sites": {
                "name": "Wikipedia",
                "url": "https://id.wikipedia.org/wiki/Lalu_Muhammad_Iqbal"
            },
            "communityID": "0b331e80-0397-4a70-8f12-0aee145b4f94"
        },
        {
            "name": "Zulkieflimansyah",
            "description": "Dr. H. Zulkieflimansyah, S.E., M.Sc.  (lahir 18 Mei 1972) adalah seorang politikus Indonesia. Ia menjabat sebagai Gubernur Nusa Tenggara Barat dari 2018 hingga 2023. Sebelumnya ia menjabat sebagai Anggota DPR-RI dari 2004 hingga 2018 mewakili daerah pemilihan Banten II. Zulkieflimansyah merupakan kader Partai Keadilan Sejahtera.\n",
            "profilePic": "https://upload.wikimedia.org/wikipedia/commons/thumb/7/73/Gubernur_NTB_Zulkieflimansyah.png/1200px-Gubernur_NTB_Zulkieflimansyah.png",
            "sites": {
                "name": "Wikipedia",
                "url": "https://id.wikipedia.org/wiki/Zulkieflimansyah"
            },
            "communityID": "0b331e80-0397-4a70-8f12-0aee145b4f94"
        },
        {
            "name": "Sitti Rohmi Djalilah",
            "description": "Dr. Ir. Hj. Sitti Rohmi Djalilah, M.Pd.[1] (lahir 29 November 1968) adalah akademisi dan politisi Indonesia. Ia menjabat Wakil Gubernur Nusa Tenggara Barat periode 2018\u20132023 mendampingi Zulkieflimansyah setelah memenangkan Pemilihan umum Gubernur Nusa Tenggara Barat 2018. Rohmi merupakan kakak dari mantan Gubernur Nusa Tenggara Barat Muhammad Zainul Majdi. Awal karier politiknya Sitti Rohmi Djalilah menjabat Ketua DPRD Kabupaten Lombok Timur, kemudian mencalonkan diri sebagai Wakil Gubernur mendamping Zulkieflimansyah dan setelah terpilih meninggalkan Partai Demokrat lalu bergabung dengan Partai Nasdem. Tahun 2022 keluar dari Partai Nasdem dan santer terdengar kabar akan mengikuti jejak politik adiknya Muhammad Zainul Majdi bergabung dengan Perindo.\n",
            "profilePic": "https://upload.wikimedia.org/wikipedia/commons/thumb/6/68/Wakil_Gubernur_NTB_Sitti_Rohmi_Djalillah.png/1200px-Wakil_Gubernur_NTB_Sitti_Rohmi_Djalillah.png",
            "sites": {
                "name": "Wikipedia",
                "url": "https://id.wikipedia.org/wiki/Sitti_Rohmi_Djalilah"
            },
            "communityID": "0b331e80-0397-4a70-8f12-0aee145b4f94"
        },
        {
            "name": "Suhaili Fadhil Thohir",
            "description": "H. MOH. SUHAILI FADIL TOHIR, S.H atau Suhaili FT (lahir 31 Desember 1966) adalah mantan Bupati Kabupaten Lombok Tengah dua periode 2010-2015 dan 2016-2021. Moh Suhali FT terpilih mejadi Bupati Lombok Tengah periode pertama tahun 2010 setelah mengalahkan incumben saat itu H. Lalu Wiratmaja kemudian ia terpilih kembali di periode kedua yaitu 2016-2021. Sebelum menjadi bupati, dia adalah Ketua DPRD NTB sejak tahun 2004 hingga 2010.\n",
            "profilePic": "https://upload.wikimedia.org/wikipedia/commons/4/4e/Suhaili_FT.jpg",
            "sites": {
                "name": "Wikipedia",
                "url": "https://id.wikipedia.org/wiki/Suhaili_Fadhil_Thohir"
            },
            "communityID": "0b331e80-0397-4a70-8f12-0aee145b4f94"
        },
        {
            "name": "Fauzan Khalid",
            "description": "Fauzan Khalid (lahir 21 April 1971) adalah Bupati Kabupaten Lombok Barat periode 2014 - 2018. Ia menggantikan Zaini Arony pada tahun 2016 dan terpilih kembali untuk periode kedua pada Pemilihan umum Bupati Lombok Barat 2018. Sebelum menjadi Bupati, Fauzan Khalid terlebih dulu menjabat sebagai Ketua Komisi Pemilihan Umum (KPU) Provinsi Nusa Tenggara Barat periode 2008 \u2013 2013.\n",
            "profilePic": "https://upload.wikimedia.org/wikipedia/commons/5/5a/Bupati_Lombok_Barat_Fauzan_Khalid.jpg",
            "sites": {
                "name": "Wikipedia",
                "url": "https://id.wikipedia.org/wiki/Fauzan_Khalid"
            },
            "communityID": "0b331e80-0397-4a70-8f12-0aee145b4f94"
        },
        {
            "name": "Indah Dhamayanti Putri",
            "description": "Hj. Indah Dhamayanti Putri (lahir 19 November 1981) atau yang dikenal dengan dae Dinda adalah seorang Bupati Kabupaten Bima dua periode yang menjabat sejak tanggal 17 Februari 2016 berpasangan dengan Dahlan M. Noer. Ia menjadi Bupati perempuan pertama di Nusa Tenggara Barat sekaligus merupakan Istri dari (Alm.) H. Ferry Zulkarnain mantan Bupati Bima dua periode (2005-2010) dan (2010-2015) dan Ibu kandung Muhammad Putera Ferryandi Ketua DPRD Kabupaten Bima.[2]\n",
            "profilePic": "https://upload.wikimedia.org/wikipedia/commons/9/9b/Bupati_Bima_Indah_Dhamayanti_Putri.jpg",
            "sites": {
                "name": "Wikipedia",
                "url": "https://id.wikipedia.org/wiki/Indah_Dhamayanti_Putri"
            },
            "communityID": "0b331e80-0397-4a70-8f12-0aee145b4f94"
        },
        {
            "name": "Mohan Roliskana",
            "description": "Dr. H. Mohan Roliskana, S.Sos., M.H. (lahir 16 November 1972) adalah  Wali Kota Mataram periode 2021-Sekarang. Sebelumnya, Mohan menjabat Wakil Walikota Mataram dua periode, yakni periode 2010-2015 dan periode 2016-2020.\n",
            "profilePic": "https://upload.wikimedia.org/wikipedia/commons/thumb/9/98/Walikota_Mataram_Mohan_Roliskana.jpg/1200px-Walikota_Mataram_Mohan_Roliskana.jpg",
            "sites": {
                "name": "Wikipedia",
                "url": "https://id.wikipedia.org/wiki/Mohan_Roliskana"
            },
            "communityID": "0b331e80-0397-4a70-8f12-0aee145b4f94"
        },
        {
            "name": "M. Qurais H. Abidin",
            "description": "M. Qurais H. Abidin (lahir 5 Juli 1962) adalah Wali Kota Bima Ke 2 periode 2010-2018 bersama wakil walikota bima A. Rahman H. Abidin periode 2010-2018.\n",
            "profilePic": "https://upload.wikimedia.org/wikipedia/commons/c/cc/KPU_M._Qurais_H._Abidin.jpg",
            "sites": {
                "name": "Wikipedia",
                "url": "https://id.wikipedia.org/wiki/M._Qurais_H._Abidin"
            },
            "communityID": "0b331e80-0397-4a70-8f12-0aee145b4f94"
        },
        {
            "name": "M. Sukiman Azmy",
            "description": "Kolonel Caj (Purn) Drs. H. M. Sukiman Azmy, M.M. (lahir 30 Mei 1957) adalah Bupati Kabupaten Lombok Timur periode 2008-2013 dan 2018-2023.[1]\n",
            "profilePic": "https://upload.wikimedia.org/wikipedia/commons/9/91/SUKIMAN_AZMY.png",
            "sites": {
                "name": "Wikipedia",
                "url": "https://id.wikipedia.org/wiki/M._Sukiman_Azmy"
            },
            "communityID": "0b331e80-0397-4a70-8f12-0aee145b4f94"
        },
        {
            "name": "Baiq Isvie Rupaeda",
            "description": "Hj. Baiq Isvie Rupaeda, S.H., M.H., (lahir 1 September 1962) adalah politikus perempuan Partai Golongan Karya yang berasal dari Nusa Tenggara Barat. Ia menjabat sebagai Ketua DPRD Provinsi Nusa Tenggara Barat sejak 15 Juli 2016 . Isvie merupakan perempuan pertama yang menduduki posisi tersebut.[1] Sebelum menjadi Ketua dan Anggota DPRD NTB, Isvie pernah menjadi Anggota MPR RI periode 1999-2004.[2]\n",
            "profilePic": "https://upload.wikimedia.org/wikipedia/commons/thumb/b/bf/Anggota_DPRD_Nusa_Tenggara_Barat_Baiq_Isvie_Rupaeda.jpg/1200px-Anggota_DPRD_Nusa_Tenggara_Barat_Baiq_Isvie_Rupaeda.jpg",
            "sites": {
                "name": "Wikipedia",
                "url": "https://id.wikipedia.org/wiki/Baiq_Isvie_Rupaeda"
            },
            "communityID": "0b331e80-0397-4a70-8f12-0aee145b4f94"
        },
        {
            "name": "Muhammad Syafrudin",
            "description": "H. Muhammad Syafrudin, S.T., M.M. (lahir 6 Agustus 1968) adalah politikus Indonesia yang menjabat sebagai anggota DPR-RI selama tiga periode (2009\u20132014, 2014\u20132019, dan 2019\u20132024). Untuk periode ketiga, ia mewakili daerah pemilihan Nusa Tenggara Barat I, yang meliputi Kabupaten Sumbawa Barat, Kabupaten Dompu, Kabupaten Sumbawa, Kabupaten Bima dan Kota Bima. Syafrudin merupakan kader Partai Amanat Nasional. Saat ini, ia bertugas di Komisi IV.[1]\n",
            "profilePic": "https://upload.wikimedia.org/wikipedia/commons/3/33/Anggota_DPR_Muhammad_Syafrudin.jpg",
            "sites": {
                "name": "Wikipedia",
                "url": "https://id.wikipedia.org/wiki/Muhammad_Syafrudin"
            },
            "communityID": "0b331e80-0397-4a70-8f12-0aee145b4f94"
        },
        {
            "name": "Fahri Hamzah",
            "description": "H. Fahri Hamzah, S.E. (lahir 10 November 1971) adalah seorang politikus Indonesia dari Nusa Tenggara Barat yang pernah menjabat sebagai Wakil Ketua Dewan Perwakilan Rakyat periode 2014\u20132019.\n",
            "profilePic": "https://upload.wikimedia.org/wikipedia/commons/b/b5/KPU_Fahri_Hamzah.jpg",
            "sites": {
                "name": "Wikipedia",
                "url": "https://id.wikipedia.org/wiki/Fahri_Hamzah"
            },
            "communityID": "0b331e80-0397-4a70-8f12-0aee145b4f94"
        },
        {
            "name": "Lalu Rudy Irham Srigede",
            "description": "Brigadir Jenderal TNI (Purn.) Lalu Rudy Irham Srigede, S.T., M.Si. (lahir 29 Juni 1964) adalah seorang Purnawirawan TNI-AD yang terakhir menjabat sebagai Komandan Korem 162/Wira Bhakti.\n",
            "profilePic": "https://upload.wikimedia.org/wikipedia/commons/thumb/2/2f/KPU_Lalu_Rudy_Irham_Srigede.jpg/1200px-KPU_Lalu_Rudy_Irham_Srigede.jpg",
            "sites": {
                "name": "Wikipedia",
                "url": "https://id.wikipedia.org/wiki/Lalu_Rudy_Irham_Srigede"
            },
            "communityID": "0b331e80-0397-4a70-8f12-0aee145b4f94"
        },
        {
            "name": "Bambang Hari Kusumo",
            "description": "\nProf. Ir. Bambang Hari Kusumo, SH., M.Agr.Sc., Ph.D. (Lahir di Selong, Lombok Timur, 8 Agustus 1965; umur 56 tahun) adalah Rektor Universitas Mataram periode (2022-2026)[1][2][3].\n",
            "profilePic": "",
            "sites": {
                "name": "Wikipedia",
                "url": "https://id.wikipedia.org/wiki/Bambang_Hari_Kusumo"
            },
            "communityID": "0b331e80-0397-4a70-8f12-0aee145b4f94"
        },
        {
            "name": "Zulkifli Muhadli",
            "description": "Dr. K.H. Zulkifli Muhadli, S.H., M.M. (lahir 14 Mei 1958) adalah seorang Ulama yang juga Bupati Kabupaten Sumbawa Barat dua periode 2005\u20132010 dan 2010\u2013 2015.[1][2]\n",
            "profilePic": "https://upload.wikimedia.org/wikipedia/commons/e/e8/Ambassador_Hosts_Reception_for_Bupati_Going_to_America_for_Leadership_Training_Program_-_8661611205_%28Zulkifli_Muhadli%29.jpg",
            "sites": {
                "name": "Wikipedia",
                "url": "https://id.wikipedia.org/wiki/Zulkifli_Muhadli"
            },
            "communityID": "0b331e80-0397-4a70-8f12-0aee145b4f94"
        },
        {
            "name": "Wartiah",
            "description": "Dra. Hj. Wartiah, M.Pd. (lahir 31 Desember 1968) adalah politikus Indonesia yang menjabat sebagai anggota DPR-RI periode 2019\u20132024. Ia mewakili daerah pemilihan Nusa Tenggara Barat II, yang meliputi Kabupaten Lombok Barat, Kabupaten Lombok Tengah, Kabupaten Lombok Timur, Kabupaten Lombok Utara, dan Kota Mataram. Wartiah merupakan kader Partai Persatuan Pembangunan, ia duduk di Komisi XI.[1]\n",
            "profilePic": "https://upload.wikimedia.org/wikipedia/commons/2/23/Anggota_DPR_Wartiah.jpg",
            "sites": {
                "name": "Wikipedia",
                "url": "https://id.wikipedia.org/wiki/Wartiah"
            },
            "communityID": "0b331e80-0397-4a70-8f12-0aee145b4f94"
        }
    ],
    "path": "provinsi-nusa-tenggara-barat",
    "source": "https://id.wikipedia.org/wiki/Pemilihan_umum_Gubernur_Nusa_Tenggara_Barat_2024"
}