{
    "title": "Pemilihan umum Gubernur Sumatera Barat 2024",
    "region": "Sumatera Barat",
    "level": "PROVINSI",
    "candidates": [
        {
            "name": "Mahyeldi",
            "description": "H. Mahyeldi Ansharullah, S.P. gelar Datuak Marajo atau juga dikenal dengan Buya Mahyeldi (lahir 25 Desember 1966) adalah mubalig dan politikus dari Partai Keadilan Sejahtera (PKS) yang saat ini menjabat sebagai Gubernur Sumatera Barat. Sebelumnya, ia merupakan Wali Kota Padang dua periode hasil pemilihan umum 2013 dan 2018. Selama kepemimpinannya, Padang meraih kemajuan di bidang infrastruktur, pariwisata, dan kebersihan.[2][3] Lewat pendekatan partisipatif, ia memimpin penataan objek wisata dan pasar tradisional yang semrawut pasca-gempa bumi 2009 tanpa menimbulkan gejolak.[4][5][6][7]\n",
            "profilePic": "https://upload.wikimedia.org/wikipedia/commons/7/73/Gubernur_Sumatera_Barat_Mahyeldi.jpg",
            "sites": {
                "name": "Wikipedia",
                "url": "https://id.wikipedia.org/wiki/Mahyeldi"
            },
            "communityID": "0ab290ff-2819-496d-b32f-534837cfbf47"
        },
        {
            "name": "Andre Rosiade",
            "description": "H. Andre Rosiade, S.E. (lahir 7 November 1978) adalah pengusaha manufaktur dan politikus Partai Gerindra yang menjabat anggota DPR-RI sejak 2019.[4] Ia juga menjabat sebagai Ketua DPD Partai Gerindra Sumatera Barat. Pada Pilpres 2024, ia merupakan Ketua Tim Kampanye Daerah (TKD) Prabowo-Gibran Sumatera Barat.[5] Sewaktu kampanye Pilpres 2019, ia merupakan juru bicara Badan Pemenangan Nasional (BPN) Prabowo-Sandi.[6]\n",
            "profilePic": "https://upload.wikimedia.org/wikipedia/commons/a/ab/Andre_Rosiade.jpg",
            "sites": {
                "name": "Wikipedia",
                "url": "https://id.wikipedia.org/wiki/Andre_Rosiade"
            },
            "communityID": "0ab290ff-2819-496d-b32f-534837cfbf47"
        },
        {
            "name": "Ganefri",
            "description": "Prof. Drs. H. Ganefri, M.Pd., Ph.D. gelar Datuak Djunjungan Nan Bagadiang (lahir 17 Desember 1963) adalah seorang dosen, pengajar, dan akademisi teknik Indonesia. Ia merupakan Rektor Universitas Negeri Padang (UNP) dua periode sejak 2016 hingga 2024 dan menjabat Ketua Majelis Rektor Perguruan Tinggi Negeri Indonesia periode 2022\u20132024.[2] Ia tercatat sebagai Ketua Badan Pembina Universitas Bung Hatta.[3]\n",
            "profilePic": "https://upload.wikimedia.org/wikipedia/commons/0/03/Ganefri.jpg",
            "sites": {
                "name": "Wikipedia",
                "url": "https://id.wikipedia.org/wiki/Ganefri"
            },
            "communityID": "0ab290ff-2819-496d-b32f-534837cfbf47"
        },
        {
            "name": "Fadly Amran",
            "description": "H. Fadly Amran, B.B.A gelar Datuak Panduko Malano (lahir 9 Februari 1988) adalah seorang pengusaha dan politikus Indonesia dari Partai NasDem yang menjabat sebagai Wali Kota Padang Panjang sejak 9 Oktober 2018 setelah memenangkan Pemilihan umum Wali Kota Padang Panjang 2018.[2][3]\n",
            "profilePic": "https://upload.wikimedia.org/wikipedia/commons/thumb/f/f8/Wali_Kota_Padang_Panjang_Fadly_Amran.png/1200px-Wali_Kota_Padang_Panjang_Fadly_Amran.png",
            "sites": {
                "name": "Wikipedia",
                "url": "https://id.wikipedia.org/wiki/Fadly_Amran"
            },
            "communityID": "0ab290ff-2819-496d-b32f-534837cfbf47"
        },
        {
            "name": "Epyardi Asda",
            "description": "Capt. H. Epyardi Asda, M.Mar. gelar Datuak Sutan Majo Lelo (lahir 11 Maret 1962) adalah pengusaha dan politikus PAN yang menjabat sebagai Bupati Solok periode 2021\u20132024 dan Anggota DPR-RI Fraksi PPP tiga periode sejak 2004 hingga 2018. Ia merupakan pemilik PT Kaluku Indah Permai yang melakukan reklamasi di Danau Singkarak.[3][4] Pada 2014, ia mencalonkan diri menjadi Ketua Umum Partai Persatuan Pembangunan (PPP), tetapi di tengah pencalonannya, ia mengundurkan diri karena melihat kondisi partai yang terus menerus dirundung konflik.[5]\n",
            "profilePic": "https://upload.wikimedia.org/wikipedia/commons/8/82/Bupati_Solok_Epyardi_Asda.png",
            "sites": {
                "name": "Wikipedia",
                "url": "https://id.wikipedia.org/wiki/Epyardi_Asda"
            },
            "communityID": "0ab290ff-2819-496d-b32f-534837cfbf47"
        },
        {
            "name": "Audy Joinaldy",
            "description": "Dr. Ir. Audy Joinaldy, S.Pt., M.Sc., M.M., IPM, ASEAN.Eng. gelar Datuak Rajo Pasisia Alam (lahir 16 Mei 1983) adalah  pengusaha dan politikus Indonesia yang menjabat Wakil Gubernur Sumatera Barat periode 2021\u20132024 bersama Gubernur Mahyeldi Ansharullah. Semasa pemilihan umum 2020, ia dicalonkan oleh Partai Persatuan Pembangunan.[1] Selain itu, ia merupakan pimpinan dua perusahaan di Sulawesi yakni Perkasa Group yang bergerak di bidang peternakan dan Lintas Agro Group yang bergerak di bidang pertanian.[2]\n",
            "profilePic": "https://upload.wikimedia.org/wikipedia/commons/thumb/6/62/Wakil_Gubernur_Sumatera_Barat_Audy_Joinaldy.jpg/1200px-Wakil_Gubernur_Sumatera_Barat_Audy_Joinaldy.jpg",
            "sites": {
                "name": "Wikipedia",
                "url": "https://id.wikipedia.org/wiki/Audy_Joinaldy"
            },
            "communityID": "0ab290ff-2819-496d-b32f-534837cfbf47"
        },
        {
            "name": "Raihan Ariatama",
            "description": "Raihan Ariatama, S.I.P., M.Ec.Dev. (lahir 25 Desember 1992) adalah aktivis Indonesia yang menjabat Ketua Umum Pengurus Besar Himpunan Mahasiswa Islam/Central Executive of Islamic Association of University Students (PB HMI) periode 2021\u20132023. Ia terpilih dalam Kongres ke-XXXI HMI di Surabaya pada 17-25 Maret 2021.\n",
            "profilePic": "https://upload.wikimedia.org/wikipedia/commons/4/40/Raihan-Ariatama-Y7-Summit-Germany-2022.jpg",
            "sites": {
                "name": "Wikipedia",
                "url": "https://id.wikipedia.org/wiki/Raihan_Ariatama"
            },
            "communityID": "0ab290ff-2819-496d-b32f-534837cfbf47"
        },
        {
            "name": "Vasko Ruseimy",
            "description": "",
            "profilePic": "",
            "sites": {},
            "communityID": "0ab290ff-2819-496d-b32f-534837cfbf47"
        }
    ],
    "path": "provinsi-sumatra-barat",
    "source": "https://id.wikipedia.org/wiki/Pemilihan_umum_Gubernur_Sumatera_Barat_2024"
}