{
    "title": "Pemilihan umum Gubernur Kalimantan Selatan 2024",
    "region": "Kalimantan Selatan",
    "level": "PROVINSI",
    "candidates": [
        {
            "name": "Muhidin",
            "description": "H. Muhidin, S.E., S.H., M.M. (lahir 6 Mei 1958) adalah Wakil Gubernur Kalimantan Selatan periode 2021\u20142024.\n",
            "profilePic": "https://upload.wikimedia.org/wikipedia/commons/thumb/6/69/Muhidin%2CH-vice-goverment-of-south-kalimantan.idn.jpg/1200px-Muhidin%2CH-vice-goverment-of-south-kalimantan.idn.jpg",
            "sites": {
                "name": "Wikipedia",
                "url": "https://id.wikipedia.org/wiki/Muhidin"
            },
            "communityID": "6778e767-61db-4aac-86e4-799a22197dcb"
        },
        {
            "name": "Zairullah Azhar",
            "description": "dr. H. M. Zairullah Azhar, M.Sc. (lahir 2 April 1954) adalah seorang dokter dan politikus Indonesia. Saat ini, ia menjabat sebagai Bupati Tanah Bumbu sejak 2021 dan dari 2005 hingga 2010. Sebelumnya, ia menjabat sebagai Anggota DPR-RI dari 2019 hingga 2020 mewakili daerah pemilihan Kalimantan Selatan II dan digantikan oleh Heru Widodo. Ia juga pernah menjadi Anggota DPR dari 2014 hingga 2015 dan digantikan oleh Abdul Latief Hanafiah, dimana ia mengundurkan diri untuk maju sebagai calon Gubernur Kalimantan Selatan.[1]\n",
            "profilePic": "https://upload.wikimedia.org/wikipedia/commons/thumb/9/9f/Bupati_Tanah_Bumbu_Zairullah_Azhar.jpg/1200px-Bupati_Tanah_Bumbu_Zairullah_Azhar.jpg",
            "sites": {
                "name": "Wikipedia",
                "url": "https://id.wikipedia.org/wiki/Zairullah_Azhar"
            },
            "communityID": "6778e767-61db-4aac-86e4-799a22197dcb"
        },
        {
            "name": "Ibnu Sina (politikus)",
            "description": "H. Ibnu Sina, S.Pi., M.Si. (lahir 4 Januari 1975) adalah wali kota Banjarmasin yang menjabat sejak 2016.[1] Ia menggantikan wali kota sebelumnya, Muhidin, dan penjabat wali kota H.M. Thamrin, setelah terpilih dalam Pilkada Banjarmasin 2015, dan berpasangan dengan wakil wali kota Hermansyah.\n",
            "profilePic": "https://upload.wikimedia.org/wikipedia/commons/thumb/d/d9/Ibnu_Sina_Wali_Kota_Banjarmasin.jpg/1200px-Ibnu_Sina_Wali_Kota_Banjarmasin.jpg",
            "sites": {
                "name": "Wikipedia",
                "url": "https://id.wikipedia.org/wiki/Ibnu_Sina_(politikus)"
            },
            "communityID": "6778e767-61db-4aac-86e4-799a22197dcb"
        },
        {
            "name": "Rudy Resnawan",
            "description": "Drs. H. Rudy Resnawan, M.B.A. (lahir 12 Februari 1961) adalah politisi dan mantan birokrat berkebangsaan Indonesia. Posisi yang terakhir kali ia emban yakni Wakil Gubernur Kalimantan Selatan 2 periode, 2010\u20132015 dan periode 2016\u20132021. Sebelumnya ia pernah menjabat sebagai Wali Kota Banjarbaru selama dua periode antara tahun 2000 hingga 2005 dan 2005 hingga 2010.\n",
            "profilePic": "https://upload.wikimedia.org/wikipedia/commons/f/f1/Rudy_Resnawan%2C_Wakil_Gubernur_Kalimantan_Selatan_%28Periode_II%29.png",
            "sites": {
                "name": "Wikipedia",
                "url": "https://id.wikipedia.org/wiki/Rudy_Resnawan"
            },
            "communityID": "6778e767-61db-4aac-86e4-799a22197dcb"
        },
        {
            "name": "Hasanuddin Murad",
            "description": "Hasanuddin Murad (10 Oktober 1957\u00a0\u2013\u00a018 Mei 2023)[2][3] adalah Bupati Barito Kuala yang menjabat dua periode untuk masa periode 2007\u20132012 dan 2012-2017. Ia menjabat sebagai Bupati Barito Kuala berpasangan dengan Wakil Bupati Makmun Kaderi untuk periode 2012-2017. Pada Pemilihan Umum 2019, Hasanuddin Murad ikut berkompetisi mewakili Partai Golkar, kemudian ia terpilih menjadi anggota DPRD Provinsi Kalimantan Selatan dari daerah pemilihan Kabupaten Barito Kuala untuk masa bakti 2019-2024.\n",
            "profilePic": "",
            "sites": {
                "name": "Wikipedia",
                "url": "https://id.wikipedia.org/wiki/Hasanuddin_Murad"
            },
            "communityID": "6778e767-61db-4aac-86e4-799a22197dcb"
        },
        {
            "name": "Saidi Mansyur",
            "description": "H. Saidi Mansyur, S.I.Kom. (lahir 5 Mei 1987) adalah Bupati Banjar petahana yang menjabat mulai 26 Februari 2021, berpasangan dengan Wakil Bupati Banjar Said Idrus al-Habsyi.\n",
            "profilePic": "https://upload.wikimedia.org/wikipedia/commons/thumb/0/0a/Bupati_Banjar_Saidi_Mansyur.jpg/1200px-Bupati_Banjar_Saidi_Mansyur.jpg",
            "sites": {
                "name": "Wikipedia",
                "url": "https://id.wikipedia.org/wiki/Saidi_Mansyur"
            },
            "communityID": "6778e767-61db-4aac-86e4-799a22197dcb"
        },
        {
            "name": "Anang Syakhfiani",
            "description": "Drs. H. Anang Syakhfiani, M.Si. (lahir 26 Juni 1960) adalah politikus Indonesia yang menjabat sebagai bupati Tabalong periode 2014\u20132019,[1] berpasangan dengan wakil bupati Zony Alfianoor dilantik oleh Gubernur Kalsel Rudy Ariffin pada 17 Maret 2014[2] dan periode kedua (2019-2024) berpasangan dengan Drs. H. Mawardi, M.Si.[3]\n",
            "profilePic": "https://upload.wikimedia.org/wikipedia/commons/thumb/5/50/Anang_Syakhfiani_160212001.JPG/1200px-Anang_Syakhfiani_160212001.JPG",
            "sites": {
                "name": "Wikipedia",
                "url": "https://id.wikipedia.org/wiki/Anang_Syakhfiani"
            },
            "communityID": "6778e767-61db-4aac-86e4-799a22197dcb"
        },
        {
            "name": "Sayed Jafar Al-Idrus",
            "description": "H. Sayed Jafar Al-Idrus, S.H. (lahir 17 Maret 1962) adalah bupati Kotabaru yang menjabat pada periode 2016 hingga tahun 2021. Ia menggantikan bupati sebelumnya, Irhami Ridjani, dan penjabat bupati H. Isra setelah terpilih dalam Pilkada Kotabaru 2015, dan berpasangan dengan wakil bupati Ir. Burhanuddin. Ia kembali menang pada Pilkada Kotabaru 2020 namun kali ini dirinya berpasangan dengan Andi Latif.[1]\n",
            "profilePic": "https://upload.wikimedia.org/wikipedia/commons/a/ad/Bupati_Kotabaru_Sayed_Jafar_Al-Idrus.jpg",
            "sites": {
                "name": "Wikipedia",
                "url": "https://id.wikipedia.org/wiki/Sayed_Jafar_Al-Idrus"
            },
            "communityID": "6778e767-61db-4aac-86e4-799a22197dcb"
        },
        {
            "name": "Aditya Mufti Ariffin",
            "description": "Darmawan Jaya Setiawan (Plt.)\n",
            "profilePic": "https://upload.wikimedia.org/wikipedia/commons/e/e6/Aditya_Mufti_Ariffin.jpg",
            "sites": {
                "name": "Wikipedia",
                "url": "https://id.wikipedia.org/wiki/Aditya_Mufti_Ariffin"
            },
            "communityID": "6778e767-61db-4aac-86e4-799a22197dcb"
        },
        {
            "name": "Supian HK",
            "description": "",
            "profilePic": "",
            "sites": {},
            "communityID": "6778e767-61db-4aac-86e4-799a22197dcb"
        },
        {
            "name": "Syaifullah Tamliha",
            "description": "H. Syaifullah Tamliha, S.Pi., M.S. (lahir 18 Mei 1969) adalah seorang politikus Indonesia. Saat ini ia menjabat sebagai Anggota DPR-RI sejak 2009 mewakili daerah pemilihan Kalimantan Selatan I. Syaifullah merupakan kader Partai Persatuan Pembangunan dan duduk di Komisi I.[1]\n",
            "profilePic": "https://upload.wikimedia.org/wikipedia/commons/a/a5/DPR_Syaifullah_Tamliha.jpg",
            "sites": {
                "name": "Wikipedia",
                "url": "https://id.wikipedia.org/wiki/Syaifullah_Tamliha"
            },
            "communityID": "6778e767-61db-4aac-86e4-799a22197dcb"
        },
        {
            "name": "Gusti Farid Hasan Aman",
            "description": "\n",
            "profilePic": "https://upload.wikimedia.org/wikipedia/commons/1/1a/Senator_Gusti_Farid_Hasan_Aman.jpg",
            "sites": {
                "name": "Wikipedia",
                "url": "https://id.wikipedia.org/wiki/Gusti_Farid_Hasan_Aman"
            },
            "communityID": "6778e767-61db-4aac-86e4-799a22197dcb"
        },
        {
            "name": "Abdurrahman Bahasyim",
            "description": "\n",
            "profilePic": "https://upload.wikimedia.org/wikipedia/commons/5/5c/Senator_Habib_Abdurrahman_Bahasyim.jpg",
            "sites": {
                "name": "Wikipedia",
                "url": "https://id.wikipedia.org/wiki/Abdurrahman_Bahasyim"
            },
            "communityID": "6778e767-61db-4aac-86e4-799a22197dcb"
        },
        {
            "name": "Difriadi Darjat",
            "description": "Difriadi Darjat (lahir 19 Oktober 1961) adalah seorang politisi Indonesia. Saat ini ia menjabat sebagai Anggota Dewan Perwakilan Rakyat mewakili daerah pemilihan Kalimantan Selatan II sejak 14 Juni 2022, menggantikan Muhammad Nur yang meninggal dunia.[1] Sebelumnya, ia pernah menjabat sebagai Wakil Bupati Tanah Bumbu untuk masa periode 2010\u20132015[2] berpasangan dengan Mardani H. Maming.\n",
            "profilePic": "https://upload.wikimedia.org/wikipedia/commons/9/9a/KPU_Difriadi_Darjat.jpg",
            "sites": {
                "name": "Wikipedia",
                "url": "https://id.wikipedia.org/wiki/Difriadi_Darjat"
            },
            "communityID": "6778e767-61db-4aac-86e4-799a22197dcb"
        },
        {
            "name": "Denny Indrayana",
            "description": "Prof. Dr. Denny Indrayana, S.H., LL.M., Ph.D.  (lahir 11 Desember 1972) adalah pakar hukum tata negara, aktivis antikorupsi, dan advokat berizin praktik di Indonesia dan Australia yang pernah menjadi Wakil Menteri Hukum dan Hak Asasi Manusia (2011-2014). Sebelumnya ia adalah Staf Khusus Presiden bidang Hukum (2008-2009), dan bidang Hukum, HAM, dan Pemberantasan KKN (2009-2011). Denny juga pernah menjadi Guru Besar Hukum Tata Negara Universitas Gadjah Mada (2010-2018), serta Profesor tamu di Melbourne University Law School, Australia (2016-2019). Dia juga merupakan salah satu pendiri Indonesian Court Monitoring dan Pusat Kajian Anti Korupsi Fakultas Hukum UGM.\n",
            "profilePic": "https://upload.wikimedia.org/wikipedia/commons/thumb/b/b9/KPU_Denny_Indrayana.jpg/1200px-KPU_Denny_Indrayana.jpg",
            "sites": {
                "name": "Wikipedia",
                "url": "https://id.wikipedia.org/wiki/Denny_Indrayana"
            },
            "communityID": "6778e767-61db-4aac-86e4-799a22197dcb"
        },
        {
            "name": "Rosehan Noor Bahri",
            "description": "Rosehan Noor Bahri, S.H. (lahir 12 April 1968) adalah politikus Kalimantan Selatan yang menjabat sebagai Anggota DPRD Kalimantan Selatan periode 2014\u20132019 dan 2019\u20132024 dari Fraksi PDI Perjuangan.[1] Ia dikenal juga sebagai wakil gubernur Kalimantan Selatan pada periode 2005-2010, berpasangan dengan gubernur Rudy Ariffin.\n",
            "profilePic": "https://upload.wikimedia.org/wikipedia/commons/0/07/KPU_Rosehan_Noor_Bahri.jpg",
            "sites": {
                "name": "Wikipedia",
                "url": "https://id.wikipedia.org/wiki/Rosehan_Noor_Bahri"
            },
            "communityID": "6778e767-61db-4aac-86e4-799a22197dcb"
        },
        {
            "name": "Muhammad Rifqinizamy Karsayuda",
            "description": "Dr. Muhammad Rifqinizamy Karsayuda, S.H., M.H. (lahir 6 November 1982) adalah seorang Politisi-Intelektual Indonesia. Ia adalah Anggota DPR-RI Periode 2024-2029 dari Partai NasDem. Pada Periode 2019-2024, Ia menjadi Anggota DPR RI dari PDI Perjuangan.\nIa merupakan Politisi Asli Banjar Pahuluan, sub etnis Suku Banjar di Kalimantan Selatan. Rifqi adalah Presidium Majelis Nasional Korps Alumni Himpunan Mahasiswa Islam (KAHMI) Periode 2022-2027.\n",
            "profilePic": "https://upload.wikimedia.org/wikipedia/commons/3/39/Anggota_DPR_Muhammad_Rifqinizamy_Karsayuda.jpg",
            "sites": {
                "name": "Wikipedia",
                "url": "https://id.wikipedia.org/wiki/Muhammad_Rifqinizamy_Karsayuda"
            },
            "communityID": "6778e767-61db-4aac-86e4-799a22197dcb"
        },
        {
            "name": "Khairul Saleh",
            "description": "Sultan Haji Khairul Saleh Al-Mu'tashim Billah (sebelumnya bergelar Ir. Haji Gusti Khairul Saleh; lahir 5 Januari 1964) adalah anggota Dewan Perwakilan Rakyat Republik Indonesia sejak 2019 mewakili daerah pemilihan Kalimantan Selatan I. Ia juga dikenal sebagai Sultan Banjar dan Bupati Banjar dari 2005 hingga 2015.[1][2][2]\n",
            "profilePic": "https://upload.wikimedia.org/wikipedia/commons/2/2c/DPR_Pangeran_Khairul_Saleh.jpg",
            "sites": {
                "name": "Wikipedia",
                "url": "https://id.wikipedia.org/wiki/Khairul_Saleh"
            },
            "communityID": "6778e767-61db-4aac-86e4-799a22197dcb"
        },
        {
            "name": "Aboe Bakar Al-Habsyi",
            "description": "Habib Aboe Bakar Al-Habsyi, S.E. (lahir 15 Oktober 1964) adalah seorang politikus Indonesia. Saat ini ia menjabat sebagai Anggota DPR-RI sejak 2004 mewakili daerah pemilihan Kalimantan Selatan I.\n",
            "profilePic": "https://upload.wikimedia.org/wikipedia/commons/6/64/KPU_Habib_Aboe_Bakar_Al-Habsyi.jpg",
            "sites": {
                "name": "Wikipedia",
                "url": "https://id.wikipedia.org/wiki/Aboe_Bakar_Al-Habsyi"
            },
            "communityID": "6778e767-61db-4aac-86e4-799a22197dcb"
        },
        {
            "name": "Hasnuryadi Sulaiman",
            "description": "H.  Hasnuryadi Sulaiman, M.A.B., atau biasa dipanggil Hasnur (lahir 21 Juni 1975) adalah seorang pengusaha dan politikus Indonesia. Saat ini, ia menjabat sebagai Anggota DPR-RI sejak 2014 mewakili daerah pemilihan Kalimantan Selatan II. Hasnur merupakan kader Partai Golongan Karya dan duduk di Komisi VII.[1] Ia merupakan putra dari pengusaha dan pendiri klub sepak bola PS Barito Putera Abdussamad Sulaiman HB.\n",
            "profilePic": "https://upload.wikimedia.org/wikipedia/commons/2/2f/KPU_Hasnuryadi_Sulaiman.jpg",
            "sites": {
                "name": "Wikipedia",
                "url": "https://id.wikipedia.org/wiki/Hasnuryadi_Sulaiman"
            },
            "communityID": "6778e767-61db-4aac-86e4-799a22197dcb"
        },
        {
            "name": "Ahmad Riza Patria",
            "description": "Ir. H. Ahmad Riza Patria, M.B.A. (lahir 17 Desember 1969), lebih dikenal dengan nama Ariza adalah seorang politikus Indonesia yang menjabat sebagai Wakil Gubernur DKI Jakarta sejak 15 April 2020 hingga 16 Oktober 2022.[4] Sebelumnya, ia menjabat sebagai anggota Dewan Perwakilan Rakyat Republik Indonesia Fraksi Partai Gerakan Indonesia Raya selama dua periode yakni 2014\u20132019 dan 2019\u20132024. Pada periode pertama, ia menjabat sebagai Wakil Ketua Komisi II DPR RI.[5] Ia terpilih di daerah pemilihan Jawa Barat V setelah menang dengan perolehan 23.991 suara dalam Pemilu 2014.[6][7]\n",
            "profilePic": "https://upload.wikimedia.org/wikipedia/commons/thumb/c/c2/Wakil_Gubernur_DKI_Jakarta_Ahmad_Riza_Patria.jpg/1200px-Wakil_Gubernur_DKI_Jakarta_Ahmad_Riza_Patria.jpg",
            "sites": {
                "name": "Wikipedia",
                "url": "https://id.wikipedia.org/wiki/Ahmad_Riza_Patria"
            },
            "communityID": "6778e767-61db-4aac-86e4-799a22197dcb"
        },
        {
            "name": "Raudhatul Jannah",
            "description": "",
            "profilePic": "",
            "sites": {},
            "communityID": "6778e767-61db-4aac-86e4-799a22197dcb"
        },
        {
            "name": "Akhmad Rozanie Himawan Nugraha",
            "description": "",
            "profilePic": "",
            "sites": {},
            "communityID": "6778e767-61db-4aac-86e4-799a22197dcb"
        }
    ],
    "source": "https://id.wikipedia.org/wiki/Pemilihan_umum_Gubernur_Kalimantan_Selatan_2024",
    "path": "provinsi-kalimantan-selatan"
}