{
    "title": "Pemilihan umum Gubernur Lampung 2024",
    "region": "Lampung",
    "level": "PROVINSI",
    "candidates": [
        {
            "name": "Arinal Djunaidi",
            "description": "Dr. (H.C.) Ir. H. Arinal Djunaidi[1] gelar Sutan Dalom Pemukamarga[2] (lahir 17 Juni 1956) adalah politikus Indonesia dan mantan pegawai negeri sipil yang sedang menjabat Gubernur Lampung periode 2019\u20132024 bersama Chusnunia Chalim sebagai Wakil Gubernur Lampung. Sebelum menduduki jabatannya sebagai gubernur, Arinal pernah menjabat sebagai Sekretaris Daerah provinsi Lampung periode 2014\u20132016.\n",
            "profilePic": "https://upload.wikimedia.org/wikipedia/commons/9/92/Gubernur_Lampung_Arinal_Djunaidi.jpg",
            "sites": {
                "name": "Wikipedia",
                "url": "https://id.wikipedia.org/wiki/Arinal_Djunaidi"
            },
            "communityID": "f09a6678-d96f-48af-a8ef-b3f96a705773"
        },
        {
            "name": "Muhammad Ridho Ficardo",
            "description": "Muhammad Ridho Ficardo, S.Pi., M.Si. (lahir 20 Juli 1980) adalah Gubernur Lampung yang menjabat pada periode 2014-2019. Ia bersama wakilnya Bachtiar Basri dilantik pada 2 Juni 2014 di gedung DPRD Lampung.[1] Pasangan M. Ridho-Bachtiar berhasil memenangi Pilkada Lampung dengan perolehan suara sebesar 44,78 persen. Pasangan nomor urut satu, Berlian Tihang-Mukhlis Basri memperoleh 14,76 persen suara dan di posisi terakhir ditempati pasangan nomor urut empat, M Alzier Dianis Thabrani-Lukman Hakim (Aman) dengan perolehan suara 7,06 persen.[2] Ia merupakan gubernur termuda saat dilantik yang dipilih oleh rakyat, ia dilantik pada usia 33 tahun.\n",
            "profilePic": "https://upload.wikimedia.org/wikipedia/commons/e/e0/M_Ridho_Ficardo_Lampung_Governor.jpg",
            "sites": {
                "name": "Wikipedia",
                "url": "https://id.wikipedia.org/wiki/Muhammad_Ridho_Ficardo"
            },
            "communityID": "f09a6678-d96f-48af-a8ef-b3f96a705773"
        },
        {
            "name": "Herman HN",
            "description": "Drs. H. Herman Hasanusi, M.M. (lahir 17 Mei 1956) atau yang lebih dikenal sebagai Herman HN adalah Wali Kota Bandar Lampung dua periode yakni 2010\u20142015 dan 2016\u20142021.[1]\n",
            "profilePic": "https://upload.wikimedia.org/wikipedia/commons/9/96/Herman_Hasanusi_Official.jpg",
            "sites": {
                "name": "Wikipedia",
                "url": "https://id.wikipedia.org/wiki/Herman_HN"
            },
            "communityID": "f09a6678-d96f-48af-a8ef-b3f96a705773"
        },
        {
            "name": "Al Muzzammil Yusuf",
            "description": "Drs. H. Al Muzzammil Yusuf, M.Si. (lahir 6 Juni 1965) adalah seorang politisi Indonesia yang menjabat sebagai Anggota Dewan Perwakilan Rakyat Republik Indonesia (DPR RI) dari Fraksi PKS (Partai Keadilan Sejahtera) melalui Daerah Pemilihan Lampung I yang meliputi Kabupaten Lampung Selatan, Kabupaten Lampung Barat, Kabupaten Pesisir Barat, Kabupaten Tanggamus, Kabupaten Pesawaran, Kabupaten Pringsewu, Kota Bandar Lampung, Kota Metro. Ia juga merupakan deklarator dan Ketua Umum pertama Partai Keadilan Sejahtera yang kemudian melebur dengan Partai Keadilan[butuh rujukan]. Setelah peleburan, ia menjabat sebagai Wakil Ketua Umum DPP PKS hingga 2005.\n",
            "profilePic": "https://upload.wikimedia.org/wikipedia/id/5/59/Al_Muzammil_Yusuf.jpg",
            "sites": {
                "name": "Wikipedia",
                "url": "https://id.wikipedia.org/wiki/Al_Muzzammil_Yusuf"
            },
            "communityID": "f09a6678-d96f-48af-a8ef-b3f96a705773"
        },
        {
            "name": "Sujadi Saddat",
            "description": "H. Sujadi Saddat (Aksara Lampung: ;lahir 10 Juni 1960) adalah Bupati Kabupaten Pringsewu saat ini. Ia menjabat sejak tahun 2012 hingga 2022[1][2]\n",
            "profilePic": "https://upload.wikimedia.org/wikipedia/commons/1/17/Bupati_Pringsewu_Sujadi_Saddat.jpg",
            "sites": {
                "name": "Wikipedia",
                "url": "https://id.wikipedia.org/wiki/Sujadi_Saddat"
            },
            "communityID": "f09a6678-d96f-48af-a8ef-b3f96a705773"
        },
        {
            "name": "Umar Ahmad",
            "description": "Umar Ahmad[1] (Aksara Lampung: ; lahir 12 Oktober 1980) adalah Bupati Tulang Bawang Barat 2 periode yakni 2014\u20142017 dan 2017\u20142022. Ia pernah menjabat sebagai Wakil Bupati Tulang Bawang Barat periode 2011\u20142014.\n",
            "profilePic": "https://upload.wikimedia.org/wikipedia/commons/3/32/Umar_Ahmad_Official.jpg",
            "sites": {
                "name": "Wikipedia",
                "url": "https://id.wikipedia.org/wiki/Umar_Ahmad"
            },
            "communityID": "f09a6678-d96f-48af-a8ef-b3f96a705773"
        },
        {
            "name": "Dewan Perwakilan Rakyat Daerah Provinsi Lampung",
            "description": "Oposisi (19)\n",
            "profilePic": "https://upload.wikimedia.org/wikipedia/commons/thumb/4/4a/DPRD_Provinsi_Lampung_2019.svg/1200px-DPRD_Provinsi_Lampung_2019.svg.png",
            "sites": {
                "name": "Wikipedia",
                "url": "https://id.wikipedia.org/wiki/Dewan_Perwakilan_Rakyat_Daerah_Provinsi_Lampung"
            },
            "communityID": "f09a6678-d96f-48af-a8ef-b3f96a705773"
        },
        {
            "name": "Hanan A. Rozak",
            "description": "",
            "profilePic": "",
            "sites": {},
            "communityID": "f09a6678-d96f-48af-a8ef-b3f96a705773"
        },
        {
            "name": "Edward Syah Pernong",
            "description": "Brigadir Jenderal Polisi (Purn.) Drs. Edward Syah Pernong, S.H., M.H. (lahir 27 Januari 1958) adalah sultan Kesultanan Kepaksian Sekala Brak yang bertahta sejak 1989.[4] Sekaligus seorang perwira tinggi Polri yang sejak 31 Desember 2015 dimutasi sebagai Pati Sahli Kapolri (Dalam rangka pensiun).\n",
            "profilePic": "https://upload.wikimedia.org/wikipedia/commons/4/40/Sultan_sekala_brak_308.jpg",
            "sites": {
                "name": "Wikipedia",
                "url": "https://id.wikipedia.org/wiki/Edward_Syah_Pernong"
            },
            "communityID": "f09a6678-d96f-48af-a8ef-b3f96a705773"
        }
    ],
    "source": "https://id.wikipedia.org/wiki/Pemilihan_umum_Gubernur_Lampung_2024",
    "path": "provinsi-lampung"
}